sample	srr	casper_code	collection_date
CA_Riverside_20241223__SRR33037998	SRR33037998	CA_Riverside	2024-12-23
MA_Boston_DITPN_20241119__SRR33037999	SRR33037999	MA_Boston_DITPN	2024-11-19
CHI-D2_20241110__SRR33038000	SRR33038000	CHI-D2	2024-11-10
CHI-D1_20241110__SRR33038001	SRR33038001	CHI-D1	2024-11-10
CHI-B_20241110__SRR33038002	SRR33038002	CHI-B	2024-11-10
MA_Boston_DITPN_20241106__SRR33038003	SRR33038003	MA_Boston_DITPN	2024-11-06
CHI-A_20241110__SRR33038004	SRR33038004	CHI-A	2024-11-10
CHI-D2_20241103__SRR33038005	SRR33038005	CHI-D2	2024-11-03
CHI-B_20241021__SRR33038006	SRR33038006	CHI-B	2024-10-21
CHI-B_20240908__SRR33038007	SRR33038007	CHI-B	2024-09-08
CHI-D1_20241103__SRR33038008	SRR33038008	CHI-D1	2024-11-03
CHI-A_20241021__SRR33038009	SRR33038009	CHI-A	2024-10-21
MA_Boston_DITPS_20241016__SRR33038010	SRR33038010	MA_Boston_DITPS	2024-10-16
MA_Boston_DITPN_20241016__SRR33038011	SRR33038011	MA_Boston_DITPN	2024-10-16
CHI-C_20241014__SRR33038012	SRR33038012	CHI-C	2024-10-14
CHI-D1_20241013__SRR33038013	SRR33038013	CHI-D1	2024-10-13
CHI-B_20241013__SRR33038014	SRR33038014	CHI-B	2024-10-13
CHI-A_20241013__SRR33038015	SRR33038015	CHI-A	2024-10-13
CHI-B_20241103__SRR33038016	SRR33038016	CHI-B	2024-11-03
CA_Riverside_20250303__SRR33038017	SRR33038017	CA_Riverside	2025-03-03
CHI-C_20250303__SRR33038018	SRR33038018	CHI-C	2025-03-03
CHI-B_20250303__SRR33038019	SRR33038019	CHI-B	2025-03-03
CHI-D2_20250302__SRR33038020	SRR33038020	CHI-D2	2025-03-02
CHI-D1_20250302__SRR33038021	SRR33038021	CHI-D1	2025-03-02
CHI-A_20250302__SRR33038022	SRR33038022	CHI-A	2025-03-02
MA_Boston_DITPS_20250226__SRR33038023	SRR33038023	MA_Boston_DITPS	2025-02-26
MA_Boston_DITPN_20250226__SRR33038024	SRR33038024	MA_Boston_DITPN	2025-02-26
CA_Riverside_20250127__SRR33038025	SRR33038025	CA_Riverside	2025-01-27
CHI-D2_20250126__SRR33038026	SRR33038026	CHI-D2	2025-01-26
CHI-D3_20240929__SRR33038027	SRR33038027	CHI-D3	2024-09-29
CHI-B_20250126__SRR33038028	SRR33038028	CHI-B	2025-01-26
MA_Boston_DITPS_20250226__SRR33038029	SRR33038029	MA_Boston_DITPS	2025-02-26
CHI-D1_20250126__SRR33038030	SRR33038030	CHI-D1	2025-01-26
MA_Boston_DITPS_20240923__SRR33038031	SRR33038031	MA_Boston_DITPS	2024-09-23
MA_Boston_DITPN_20250108__SRR33038032	SRR33038032	MA_Boston_DITPN	2025-01-08
CHI-A_20250126__SRR33038033	SRR33038033	CHI-A	2025-01-26
MA_Boston_DITPS_20250122__SRR33038034	SRR33038034	MA_Boston_DITPS	2025-01-22
MA_Boston_DITPN_20250122__SRR33038035	SRR33038035	MA_Boston_DITPN	2025-01-22
CA_Riverside_20250120__SRR33038036	SRR33038036	CA_Riverside	2025-01-20
CHI-D2_20250119__SRR33038037	SRR33038037	CHI-D2	2025-01-19
CHI-D1_20250119__SRR33038038	SRR33038038	CHI-D1	2025-01-19
CHI-B_20250119__SRR33038039	SRR33038039	CHI-B	2025-01-19
CHI-A_20250119__SRR33038040	SRR33038040	CHI-A	2025-01-19
CHI-A_20240929__SRR33038041	SRR33038041	CHI-A	2024-09-29
CHI-B_20250105__SRR33038042	SRR33038042	CHI-B	2025-01-05
MA_Boston_DITPS_20250115__SRR33038043	SRR33038043	MA_Boston_DITPS	2025-01-15
CHI-A_20250105__SRR33038044	SRR33038044	CHI-A	2025-01-05
CHI-B_20250105__SRR33038045	SRR33038045	CHI-B	2025-01-05
CHI-A_20250105__SRR33038046	SRR33038046	CHI-A	2025-01-05
CA_Riverside_20250113__SRR33038047	SRR33038047	CA_Riverside	2025-01-13
CHI-C_20250113__SRR33038048	SRR33038048	CHI-C	2025-01-13
CHI-D2_20250112__SRR33038049	SRR33038049	CHI-D2	2025-01-12
CHI-B_20250112__SRR33038050	SRR33038050	CHI-B	2025-01-12
MA_Boston_DITPN_20250226__SRR33038051	SRR33038051	MA_Boston_DITPN	2025-02-26
CHI-D1_20250112__SRR33038052	SRR33038052	CHI-D1	2025-01-12
CA_Riverside_20241216__SRR33038053	SRR33038053	CA_Riverside	2024-12-16
CA_Riverside_20241216__SRR33038054	SRR33038054	CA_Riverside	2024-12-16
CHI-D1_20240915__SRR33038055	SRR33038055	CHI-D1	2024-09-15
CHI-C_20241216__SRR33038056	SRR33038056	CHI-C	2024-12-16
CHI-B_20241201__SRR33038057	SRR33038057	CHI-B	2024-12-01
CHI-D2_20241215__SRR33038058	SRR33038058	CHI-D2	2024-12-15
CHI-D2_20241215__SRR33038059	SRR33038059	CHI-D2	2024-12-15
CHI-D1_20241215__SRR33038060	SRR33038060	CHI-D1	2024-12-15
CHI-D1_20241215__SRR33038061	SRR33038061	CHI-D1	2024-12-15
CHI-B_20241215__SRR33038062	SRR33038062	CHI-B	2024-12-15
CHI-B_20241215__SRR33038063	SRR33038063	CHI-B	2024-12-15
CHI-A_20241215__SRR33038064	SRR33038064	CHI-A	2024-12-15
CHI-A_20241215__SRR33038065	SRR33038065	CHI-A	2024-12-15
CHI-B_20240915__SRR33038066	SRR33038066	CHI-B	2024-09-15
CHI-B_20241208__SRR33038067	SRR33038067	CHI-B	2024-12-08
CHI-A_20241208__SRR33038068	SRR33038068	CHI-A	2024-12-08
CHI-A_20240915__SRR33038069	SRR33038069	CHI-A	2024-09-15
CHI-D2_20241201__SRR33038070	SRR33038070	CHI-D2	2024-12-01
MA_Boston_DITPS_20241106__SRR33038071	SRR33038071	MA_Boston_DITPS	2024-11-06
CHI-D1_20241201__SRR33038072	SRR33038072	CHI-D1	2024-12-01
CHI-A_20241201__SRR33038073	SRR33038073	CHI-A	2024-12-01
MA_Boston_DITPS_20241127__SRR33038074	SRR33038074	MA_Boston_DITPS	2024-11-27
MA_Boston_DITPN_20241127__SRR33038075	SRR33038075	MA_Boston_DITPN	2024-11-27
CHI-A_20250223__SRR33038076	SRR33038076	CHI-A	2025-02-23
CHI-B_20250309__SRR33038077	SRR33038077	CHI-B	2025-03-09
CHI-A_20250309__SRR33038078	SRR33038078	CHI-A	2025-03-09
CA_Riverside_20250306__SRR33038079	SRR33038079	CA_Riverside	2025-03-06
MA_Boston_DITPS_20250219__SRR33038080	SRR33038080	MA_Boston_DITPS	2025-02-19
MA_Boston_DITPS_20250305__SRR33038081	SRR33038081	MA_Boston_DITPS	2025-03-05
MA_Boston_DITPN_20250305__SRR33038082	SRR33038082	MA_Boston_DITPN	2025-03-05
CHI-D3_20241006__SRR33038083	SRR33038083	CHI-D3	2024-10-06
CHI-A_20240908__SRR33038084	SRR33038084	CHI-A	2024-09-08
MA_Boston_DITPN_20250205__SRR33038085	SRR33038085	MA_Boston_DITPN	2025-02-05
MA_Boston_DITPN_20241002__SRR33038086	SRR33038086	MA_Boston_DITPN	2024-10-02
CA_Riverside_20250203__SRR33038087	SRR33038087	CA_Riverside	2025-02-03
CHI-B_20250202__SRR33038088	SRR33038088	CHI-B	2025-02-02
MA_Boston_DITPN_20250115__SRR33038089	SRR33038089	MA_Boston_DITPN	2025-01-15
CHI-A_20250202__SRR33038090	SRR33038090	CHI-A	2025-02-02
MA_Boston_DITPS_20250129__SRR33038091	SRR33038091	MA_Boston_DITPS	2025-01-29
CHI-D1_20250105__SRR33038092	SRR33038092	CHI-D1	2025-01-05
MA_Boston_DITPN_20250129__SRR33038093	SRR33038093	MA_Boston_DITPN	2025-01-29
MA_Boston_DITPN_20240923__SRR33038094	SRR33038094	MA_Boston_DITPN	2024-09-23
MA_Boston_DITPS_20250102__SRR33038095	SRR33038095	MA_Boston_DITPS	2025-01-02
MA_Boston_DITPS_20250102__SRR33038096	SRR33038096	MA_Boston_DITPS	2025-01-02
CA_Riverside_20241223__SRR33038097	SRR33038097	CA_Riverside	2024-12-23
MA_Boston_DITPN_20241226__SRR33038098	SRR33038098	MA_Boston_DITPN	2024-12-26
MA_Boston_DITPN_20241226__SRR33038099	SRR33038099	MA_Boston_DITPN	2024-12-26
MA_Boston_DITPN_20250219__SRR33038100	SRR33038100	MA_Boston_DITPN	2025-02-19
MA_Boston_DITPS_20241226__SRR33038101	SRR33038101	MA_Boston_DITPS	2024-12-26
CHI-B_20241222__SRR33038102	SRR33038102	CHI-B	2024-12-22
CHI-C_20241216__SRR33038103	SRR33038103	CHI-C	2024-12-16
MA_Boston_DITPS_20241226__SRR33038104	SRR33038104	MA_Boston_DITPS	2024-12-26
CHI-A_20241222__SRR33038105	SRR33038105	CHI-A	2024-12-22
CHI-B_20241222__SRR33038106	SRR33038106	CHI-B	2024-12-22
CHI-A_20241222__SRR33038107	SRR33038107	CHI-A	2024-12-22
MA_Boston_DITPS_20241218__SRR33038108	SRR33038108	MA_Boston_DITPS	2024-12-18
MA_Boston_DITPS_20241218__SRR33038109	SRR33038109	MA_Boston_DITPS	2024-12-18
MA_Boston_DITPN_20241218__SRR33038110	SRR33038110	MA_Boston_DITPN	2024-12-18
MA_Boston_DITPN_20241218__SRR33038111	SRR33038111	MA_Boston_DITPN	2024-12-18
CHI-C_20241118__SRR33038112	SRR33038112	CHI-C	2024-11-18
CHI-D2_20241117__SRR33038113	SRR33038113	CHI-D2	2024-11-17
CHI-D1_20241117__SRR33038114	SRR33038114	CHI-D1	2024-11-17
CHI-B_20241117__SRR33038115	SRR33038115	CHI-B	2024-11-17
CHI-A_20241117__SRR33038116	SRR33038116	CHI-A	2024-11-17
MA_Boston_DITPS_20241113__SRR33038117	SRR33038117	MA_Boston_DITPS	2024-11-13
MA_Boston_DITPN_20241113__SRR33038118	SRR33038118	MA_Boston_DITPN	2024-11-13
MA_Boston_DITPN_20240911__SRR33038119	SRR33038119	MA_Boston_DITPN	2024-09-11
CHI-D3_20240908__SRR33038120	SRR33038120	CHI-D3	2024-09-08
CHI-A_20241103__SRR33038121	SRR33038121	CHI-A	2024-11-03
CHI-D2_20241027__SRR33038124	SRR33038124	CHI-D2	2024-10-27
CHI-D1_20241027__SRR33038125	SRR33038125	CHI-D1	2024-10-27
CHI-A_20241027__SRR33038126	SRR33038126	CHI-A	2024-10-27
CHI-B_20241027__SRR33038127	SRR33038127	CHI-B	2024-10-27
MA_Boston_DITPS_20241022__SRR33038128	SRR33038128	MA_Boston_DITPS	2024-10-22
MA_Boston_DITPN_20241022__SRR33038129	SRR33038129	MA_Boston_DITPN	2024-10-22
CHI-D3_20241021__SRR33038130	SRR33038130	CHI-D3	2024-10-21
CA_Riverside_20250310__SRR33038131	SRR33038131	CA_Riverside	2025-03-10
CHI-C_20250310__SRR33038132	SRR33038132	CHI-C	2025-03-10
CHI-D2_20250309__SRR33038133	SRR33038133	CHI-D2	2025-03-09
CHI-D1_20250309__SRR33038134	SRR33038134	CHI-D1	2025-03-09
MA_Boston_DITPN_20250212__SRR33038136	SRR33038136	MA_Boston_DITPN	2025-02-12
MA_Boston_DITPS_20250312__SRR33038137	SRR33038137	MA_Boston_DITPS	2025-03-12
MA_Boston_DITPN_20250312__SRR33038139	SRR33038139	MA_Boston_DITPN	2025-03-12
CHI-B_20250223__SRR33038141	SRR33038141	CHI-B	2025-02-23
CA_Riverside_20250224__SRR33038142	SRR33038142	CA_Riverside	2025-02-24
CHI-D2_20250223__SRR33038143	SRR33038143	CHI-D2	2025-02-23
CHI-A_20241006__SRR33038144	SRR33038144	CHI-A	2024-10-06
CHI-D1_20250223__SRR33038145	SRR33038145	CHI-D1	2025-02-23
CHI-D2_20250202__SRR33038146	SRR33038146	CHI-D2	2025-02-02
CHI-D1_20250202__SRR33038147	SRR33038147	CHI-D1	2025-02-02
CHI-C_20250202__SRR33038148	SRR33038148	CHI-C	2025-02-02
CHI-C_20250220__SRR33038149	SRR33038149	CHI-C	2025-02-20
MA_Boston_DITPS_20250219__SRR33038150	SRR33038150	MA_Boston_DITPS	2025-02-19
MA_Boston_DITPN_20250219__SRR33038151	SRR33038151	MA_Boston_DITPN	2025-02-19
CA_Riverside_20250217__SRR33038152	SRR33038152	CA_Riverside	2025-02-17
CHI-D1_20250217__SRR33038153	SRR33038153	CHI-D1	2025-02-17
CHI-D2_20250217__SRR33038155	SRR33038155	CHI-D2	2025-02-17
CHI-B_20250217__SRR33038156	SRR33038156	CHI-B	2025-02-17
MA_Boston_DITPS_20241002__SRR33038157	SRR33038157	MA_Boston_DITPS	2024-10-02
CHI-A_20250217__SRR33038158	SRR33038158	CHI-A	2025-02-17
MA_Boston_DITPS_20250212__SRR33038159	SRR33038159	MA_Boston_DITPS	2025-02-12
MA_Boston_DITPN_20250212__SRR33038160	SRR33038160	MA_Boston_DITPN	2025-02-12
CA_Riverside_20250210__SRR33038161	SRR33038161	CA_Riverside	2025-02-10
CHI-C_20250210__SRR33038162	SRR33038162	CHI-C	2025-02-10
CHI-A_20250210__SRR33038163	SRR33038163	CHI-A	2025-02-10
CHI-D2_20250209__SRR33038164	SRR33038164	CHI-D2	2025-02-09
CHI-D1_20250209__SRR33038165	SRR33038165	CHI-D1	2025-02-09
MA_Boston_DITPS_20250205__SRR33038166	SRR33038166	MA_Boston_DITPS	2025-02-05
CHI-A_20250112__SRR33038167	SRR33038167	CHI-A	2025-01-12
MA_Boston_DITPS_20250108__SRR33038168	SRR33038168	MA_Boston_DITPS	2025-01-08
MA_Boston_DITPS_20250108__SRR33038169	SRR33038169	MA_Boston_DITPS	2025-01-08
MA_Boston_DITPN_20250108__SRR33038170	SRR33038170	MA_Boston_DITPN	2025-01-08
CA_Riverside_20250106__SRR33038171	SRR33038171	CA_Riverside	2025-01-06
CA_Riverside_20250106__SRR33038172	SRR33038172	CA_Riverside	2025-01-06
CHI-C_20250106__SRR33038173	SRR33038173	CHI-C	2025-01-06
CHI-C_20250106__SRR33038174	SRR33038174	CHI-C	2025-01-06
CHI-D2_20250105__SRR33038175	SRR33038175	CHI-D2	2025-01-05
CHI-D2_20250105__SRR33038176	SRR33038176	CHI-D2	2025-01-05
CHI-D1_20250105__SRR33038177	SRR33038177	CHI-D1	2025-01-05
MA_Boston_DITPN_20250102__SRR33038178	SRR33038178	MA_Boston_DITPN	2025-01-02
MA_Boston_DITPS_20250212__SRR33038179	SRR33038179	MA_Boston_DITPS	2025-02-12
MA_Boston_DITPN_20250102__SRR33038180	SRR33038180	MA_Boston_DITPN	2025-01-02
CHI-A_20241229__SRR33038181	SRR33038181	CHI-A	2024-12-29
CHI-C_20241230__SRR33038182	SRR33038182	CHI-C	2024-12-30
CHI-D1_20241229__SRR33038183	SRR33038183	CHI-D1	2024-12-29
CHI-B_20241229__SRR33038184	SRR33038184	CHI-B	2024-12-29
CHI-D2_20241229__SRR33038185	SRR33038185	CHI-D2	2024-12-29
CHI-D1_20241229__SRR33038186	SRR33038186	CHI-D1	2024-12-29
CHI-D2_20241229__SRR33038187	SRR33038187	CHI-D2	2024-12-29
CA_Riverside_20241229__SRR33038188	SRR33038188	CA_Riverside	2024-12-29
CA_Riverside_20241229__SRR33038189	SRR33038189	CA_Riverside	2024-12-29
CHI-D3_20240922__SRR33038190	SRR33038190	CHI-D3	2024-09-22
MA_Boston_DITPS_20240320__SRR33038191	SRR33038191	MA_Boston_DITPS	2024-03-20
CHI-C_20241230__SRR33038192	SRR33038192	CHI-C	2024-12-30
CHI-D1_20241222__SRR33038193	SRR33038193	CHI-D1	2024-12-22
CHI-D2_20240915__SRR33038194	SRR33038194	CHI-D2	2024-09-15
CHI-D2_20241222__SRR33038195	SRR33038195	CHI-D2	2024-12-22
CHI-D1_20241222__SRR33038196	SRR33038196	CHI-D1	2024-12-22
CHI-D2_20241222__SRR33038197	SRR33038197	CHI-D2	2024-12-22
CHI-A_20240922__SRR33038198	SRR33038198	CHI-A	2024-09-22
CHI-A_20241229__SRR33038199	SRR33038199	CHI-A	2024-12-29
CHI-B_20241229__SRR33038200	SRR33038200	CHI-B	2024-12-29
MA_Boston_DITPN_20240320__SRR33038201	SRR33038201	MA_Boston_DITPN	2024-03-20
MA_Boston_DITPS_20241119__SRR33038202	SRR33038202	MA_Boston_DITPS	2024-11-19
MA_Boston_DITPS_20241211__SRR33038203	SRR33038203	MA_Boston_DITPS	2024-12-11
MA_Boston_DITPS_20241211__SRR33038204	SRR33038204	MA_Boston_DITPS	2024-12-11
MA_Boston_DITPN_20241211__SRR33038205	SRR33038205	MA_Boston_DITPN	2024-12-11
MA_Boston_DITPN_20241211__SRR33038206	SRR33038206	MA_Boston_DITPN	2024-12-11
CA_Riverside_20241209__SRR33038207	SRR33038207	CA_Riverside	2024-12-09
CHI-C_20241209__SRR33038208	SRR33038208	CHI-C	2024-12-09
CHI-D2_20241208__SRR33038209	SRR33038209	CHI-D2	2024-12-08
CHI-D1_20241208__SRR33038210	SRR33038210	CHI-D1	2024-12-08
CHI-C_20241125__SRR33038211	SRR33038211	CHI-C	2024-11-25
CHI-D2_20241124__SRR33038212	SRR33038212	CHI-D2	2024-11-24
CHI-D1_20241124__SRR33038213	SRR33038213	CHI-D1	2024-11-24
CHI-B_20241124__SRR33038214	SRR33038214	CHI-B	2024-11-24
MA_Boston_DITPS_20240911__SRR33038215	SRR33038215	MA_Boston_DITPS	2024-09-11
CHI-A_20241124__SRR33038216	SRR33038216	CHI-A	2024-11-24
MO_Columbia_20240206__SRR35904030	SRR35904030	MO_Columbia	2024-02-06
MO_Columbia_20240130__SRR35904031	SRR35904031	MO_Columbia	2024-01-30
MO_Columbia_20240123__SRR35904032	SRR35904032	MO_Columbia	2024-01-23
MO_Columbia_20241231__SRR35904033	SRR35904033	MO_Columbia	2024-12-31
MO_Columbia_20240116__SRR35904034	SRR35904034	MO_Columbia	2024-01-16
MO_Columbia_20241224__SRR35904035	SRR35904035	MO_Columbia	2024-12-24
MO_Columbia_20241217__SRR35904036	SRR35904036	MO_Columbia	2024-12-17
MO_Columbia_20241210__SRR35904037	SRR35904037	MO_Columbia	2024-12-10
MO_Columbia_20241203__SRR35904038	SRR35904038	MO_Columbia	2024-12-03
MO_Columbia_20241126__SRR35904039	SRR35904039	MO_Columbia	2024-11-26
MO_Columbia_20241119__SRR35904040	SRR35904040	MO_Columbia	2024-11-19
MO_Columbia_20241112__SRR35904041	SRR35904041	MO_Columbia	2024-11-12
MO_Columbia_20241105__SRR35904042	SRR35904042	MO_Columbia	2024-11-05
MO_Columbia_20241029__SRR35904043	SRR35904043	MO_Columbia	2024-10-29
MO_Columbia_20241022__SRR35904044	SRR35904044	MO_Columbia	2024-10-22
MO_Columbia_20240109__SRR35904045	SRR35904045	MO_Columbia	2024-01-09
MO_Columbia_20241015__SRR35904046	SRR35904046	MO_Columbia	2024-10-15
MO_Columbia_20241008__SRR35904047	SRR35904047	MO_Columbia	2024-10-08
MO_Columbia_20241001__SRR35904048	SRR35904048	MO_Columbia	2024-10-01
MO_Columbia_20240924__SRR35904049	SRR35904049	MO_Columbia	2024-09-24
MO_Columbia_20240917__SRR35904050	SRR35904050	MO_Columbia	2024-09-17
MO_Columbia_20240910__SRR35904051	SRR35904051	MO_Columbia	2024-09-10
MO_Columbia_20240903__SRR35904052	SRR35904052	MO_Columbia	2024-09-03
MO_Columbia_20240827__SRR35904053	SRR35904053	MO_Columbia	2024-08-27
MO_Columbia_20240820__SRR35904054	SRR35904054	MO_Columbia	2024-08-20
MO_Columbia_20240813__SRR35904055	SRR35904055	MO_Columbia	2024-08-13
MO_Columbia_20240109__SRR35904056	SRR35904056	MO_Columbia	2024-01-09
MO_Columbia_20240806__SRR35904057	SRR35904057	MO_Columbia	2024-08-06
MO_Columbia_20240730__SRR35904058	SRR35904058	MO_Columbia	2024-07-30
MO_Columbia_20240723__SRR35904059	SRR35904059	MO_Columbia	2024-07-23
MO_Columbia_20240723__SRR35904060	SRR35904060	MO_Columbia	2024-07-23
MO_Columbia_20240716__SRR35904061	SRR35904061	MO_Columbia	2024-07-16
MO_Columbia_20240709__SRR35904062	SRR35904062	MO_Columbia	2024-07-09
MO_Columbia_20240702__SRR35904063	SRR35904063	MO_Columbia	2024-07-02
MO_Columbia_20240702__SRR35904064	SRR35904064	MO_Columbia	2024-07-02
MO_Columbia_20240625__SRR35904065	SRR35904065	MO_Columbia	2024-06-25
MO_Columbia_20240618__SRR35904066	SRR35904066	MO_Columbia	2024-06-18
MO_Columbia_20240109__SRR35904067	SRR35904067	MO_Columbia	2024-01-09
MO_Columbia_20240611__SRR35904068	SRR35904068	MO_Columbia	2024-06-11
MO_Columbia_20240604__SRR35904069	SRR35904069	MO_Columbia	2024-06-04
MO_Columbia_20240528__SRR35904070	SRR35904070	MO_Columbia	2024-05-28
MO_Columbia_20240521__SRR35904071	SRR35904071	MO_Columbia	2024-05-21
MO_Columbia_20240514__SRR35904072	SRR35904072	MO_Columbia	2024-05-14
MO_Columbia_20240507__SRR35904073	SRR35904073	MO_Columbia	2024-05-07
MO_Columbia_20240430__SRR35904074	SRR35904074	MO_Columbia	2024-04-30
MO_Columbia_20240423__SRR35904075	SRR35904075	MO_Columbia	2024-04-23
MO_Columbia_20240416__SRR35904076	SRR35904076	MO_Columbia	2024-04-16
MO_Columbia_20240416__SRR35904077	SRR35904077	MO_Columbia	2024-04-16
MO_Columbia_20240102__SRR35904078	SRR35904078	MO_Columbia	2024-01-02
MO_Columbia_20240409__SRR35904079	SRR35904079	MO_Columbia	2024-04-09
MO_Columbia_20240402__SRR35904080	SRR35904080	MO_Columbia	2024-04-02
MO_Columbia_20240326__SRR35904081	SRR35904081	MO_Columbia	2024-03-26
MO_Columbia_20240319__SRR35904082	SRR35904082	MO_Columbia	2024-03-19
MO_Columbia_20240312__SRR35904083	SRR35904083	MO_Columbia	2024-03-12
MO_Columbia_20240305__SRR35904084	SRR35904084	MO_Columbia	2024-03-05
MO_Columbia_20240227__SRR35904085	SRR35904085	MO_Columbia	2024-02-27
MO_Columbia_20240220__SRR35904086	SRR35904086	MO_Columbia	2024-02-20
MO_Columbia_20240220__SRR35904087	SRR35904087	MO_Columbia	2024-02-20
MO_Columbia_20240213__SRR35904088	SRR35904088	MO_Columbia	2024-02-13
MO_Columbia_20240102__SRR35904089	SRR35904089	MO_Columbia	2024-01-02
MO_Columbia_20240102__SRR35904090	SRR35904090	MO_Columbia	2024-01-02
MO_Columbia_20250311__SRR35917716	SRR35917716	MO_Columbia	2025-03-11
MO_Columbia_20250304__SRR35917717	SRR35917717	MO_Columbia	2025-03-04
MO_Columbia_20250225__SRR35917718	SRR35917718	MO_Columbia	2025-02-25
MO_Columbia_20250218__SRR35917719	SRR35917719	MO_Columbia	2025-02-18
MO_Columbia_20250211__SRR35917720	SRR35917720	MO_Columbia	2025-02-11
MO_Columbia_20250204__SRR35917721	SRR35917721	MO_Columbia	2025-02-04
MO_Columbia_20250128__SRR35917722	SRR35917722	MO_Columbia	2025-01-28
MO_Columbia_20250624__SRR35917723	SRR35917723	MO_Columbia	2025-06-24
MO_Columbia_20250617__SRR35917724	SRR35917724	MO_Columbia	2025-06-17
MO_Columbia_20250610__SRR35917725	SRR35917725	MO_Columbia	2025-06-10
MO_Columbia_20250603__SRR35917726	SRR35917726	MO_Columbia	2025-06-03
MO_Columbia_20250527__SRR35917727	SRR35917727	MO_Columbia	2025-05-27
MO_Columbia_20250121__SRR35917728	SRR35917728	MO_Columbia	2025-01-21
MO_Columbia_20250520__SRR35917729	SRR35917729	MO_Columbia	2025-05-20
MO_Columbia_20250513__SRR35917730	SRR35917730	MO_Columbia	2025-05-13
MO_Columbia_20250506__SRR35917731	SRR35917731	MO_Columbia	2025-05-06
MO_Columbia_20250429__SRR35917732	SRR35917732	MO_Columbia	2025-04-29
MO_Columbia_20250422__SRR35917733	SRR35917733	MO_Columbia	2025-04-22
MO_Columbia_20250415__SRR35917734	SRR35917734	MO_Columbia	2025-04-15
MO_Columbia_20250408__SRR35917735	SRR35917735	MO_Columbia	2025-04-08
MO_Columbia_20250401__SRR35917736	SRR35917736	MO_Columbia	2025-04-01
MO_Columbia_20250326__SRR35917737	SRR35917737	MO_Columbia	2025-03-26
MO_Columbia_20250318__SRR35917738	SRR35917738	MO_Columbia	2025-03-18
MO_Columbia_20250114__SRR35917739	SRR35917739	MO_Columbia	2025-01-14
MO_Columbia_20250107__SRR35917740	SRR35917740	MO_Columbia	2025-01-07
CA_Riverside_20250929__SRR35931327	SRR35931327	CA_Riverside	2025-09-29
CA_Riverside_20250925__SRR35931328	SRR35931328	CA_Riverside	2025-09-25
CA_Riverside_20250922__SRR35931329	SRR35931329	CA_Riverside	2025-09-22
CA_Riverside_20250918__SRR35931330	SRR35931330	CA_Riverside	2025-09-18
CA_Riverside_20250915__SRR35931331	SRR35931331	CA_Riverside	2025-09-15
CA_Riverside_20250911__SRR35931332	SRR35931332	CA_Riverside	2025-09-11
CA_Riverside_20250331__SRR35931333	SRR35931333	CA_Riverside	2025-03-31
CA_Riverside_20250909__SRR35931334	SRR35931334	CA_Riverside	2025-09-09
CA_Riverside_20250908__SRR35931335	SRR35931335	CA_Riverside	2025-09-08
CA_Riverside_20250901__SRR35931336	SRR35931336	CA_Riverside	2025-09-01
CA_Riverside_20250828__SRR35931337	SRR35931337	CA_Riverside	2025-08-28
CA_Riverside_20250825__SRR35931338	SRR35931338	CA_Riverside	2025-08-25
CA_Riverside_20250821__SRR35931339	SRR35931339	CA_Riverside	2025-08-21
CA_Riverside_20250818__SRR35931340	SRR35931340	CA_Riverside	2025-08-18
CA_Riverside_20250327__SRR35931341	SRR35931341	CA_Riverside	2025-03-27
CA_Riverside_20250414__SRR35931342	SRR35931342	CA_Riverside	2025-04-14
CA_Riverside_20250804__SRR35931343	SRR35931343	CA_Riverside	2025-08-04
CA_Riverside_20250410__SRR35931344	SRR35931344	CA_Riverside	2025-04-10
CA_Riverside_20250731__SRR35931345	SRR35931345	CA_Riverside	2025-07-31
CA_Riverside_20250721__SRR35931346	SRR35931346	CA_Riverside	2025-07-21
CA_Riverside_20250717__SRR35931347	SRR35931347	CA_Riverside	2025-07-17
CA_Riverside_20250714__SRR35931348	SRR35931348	CA_Riverside	2025-07-14
CA_Riverside_20250710__SRR35931349	SRR35931349	CA_Riverside	2025-07-10
CA_Riverside_20250707__SRR35931350	SRR35931350	CA_Riverside	2025-07-07
CA_Riverside_20250703__SRR35931351	SRR35931351	CA_Riverside	2025-07-03
CA_Riverside_20250522__SRR35931352	SRR35931352	CA_Riverside	2025-05-22
CA_Riverside_20250623__SRR35931353	SRR35931353	CA_Riverside	2025-06-23
CA_Riverside_20250324__SRR35931354	SRR35931354	CA_Riverside	2025-03-24
CA_Riverside_20250626__SRR35931355	SRR35931355	CA_Riverside	2025-06-26
CA_Riverside_20250630__SRR35931356	SRR35931356	CA_Riverside	2025-06-30
CA_Riverside_20250317__SRR35931357	SRR35931357	CA_Riverside	2025-03-17
CA_Riverside_20250417__SRR35931358	SRR35931358	CA_Riverside	2025-04-17
CA_Riverside_20250421__SRR35931359	SRR35931359	CA_Riverside	2025-04-21
CA_Riverside_20250428__SRR35931360	SRR35931360	CA_Riverside	2025-04-28
CA_Riverside_20250407__SRR35931361	SRR35931361	CA_Riverside	2025-04-07
CA_Riverside_20250814__SRR35931362	SRR35931362	CA_Riverside	2025-08-14
CA_Riverside_20250811__SRR35931363	SRR35931363	CA_Riverside	2025-08-11
CA_Riverside_20250807__SRR35931364	SRR35931364	CA_Riverside	2025-08-07
CA_Riverside_20250403__SRR35931365	SRR35931365	CA_Riverside	2025-04-03
CA_Riverside_20251009__SRR35931366	SRR35931366	CA_Riverside	2025-10-09
CA_Riverside_20251006__SRR35931367	SRR35931367	CA_Riverside	2025-10-06
CA_Riverside_20251002__SRR35931368	SRR35931368	CA_Riverside	2025-10-02
CA_Riverside_20250526__SRR35931369	SRR35931369	CA_Riverside	2025-05-26
CA_Riverside_20250529__SRR35931370	SRR35931370	CA_Riverside	2025-05-29
CA_Riverside_20250602__SRR35931371	SRR35931371	CA_Riverside	2025-06-02
CA_Riverside_20250605__SRR35931372	SRR35931372	CA_Riverside	2025-06-05
CA_Riverside_20250609__SRR35931373	SRR35931373	CA_Riverside	2025-06-09
CA_Riverside_20250612__SRR35931374	SRR35931374	CA_Riverside	2025-06-12
CA_Riverside_20250616__SRR35931375	SRR35931375	CA_Riverside	2025-06-16
CA_Riverside_20250619__SRR35931376	SRR35931376	CA_Riverside	2025-06-19
CA_Riverside_20250429__SRR35931377	SRR35931377	CA_Riverside	2025-04-29
CA_Riverside_20250501__SRR35931378	SRR35931378	CA_Riverside	2025-05-01
CA_Riverside_20250505__SRR35931379	SRR35931379	CA_Riverside	2025-05-05
CA_Riverside_20250508__SRR35931380	SRR35931380	CA_Riverside	2025-05-08
CA_Riverside_20250512__SRR35931381	SRR35931381	CA_Riverside	2025-05-12
CA_Riverside_20250515__SRR35931382	SRR35931382	CA_Riverside	2025-05-15
CA_Riverside_20250519__SRR35931383	SRR35931383	CA_Riverside	2025-05-19
CA_Riverside_20250320__SRR35931384	SRR35931384	CA_Riverside	2025-03-20
CA_Riverside_20250313__SRR35931385	SRR35931385	CA_Riverside	2025-03-13
MO_Monett_20250811__SRR35939758	SRR35939758	MO_Monett	2025-08-11
MO_Monett_20250804__SRR35939759	SRR35939759	MO_Monett	2025-08-04
MO_Monett_20250728__SRR35939760	SRR35939760	MO_Monett	2025-07-28
MO_Monett_20250721__SRR35939761	SRR35939761	MO_Monett	2025-07-21
MO_Monett_20250714__SRR35939762	SRR35939762	MO_Monett	2025-07-14
MO_Monett_20250707__SRR35939763	SRR35939763	MO_Monett	2025-07-07
MO_Monett_20250630__SRR35939764	SRR35939764	MO_Monett	2025-06-30
MO_Monett_20250623__SRR35939765	SRR35939765	MO_Monett	2025-06-23
MO_Monett_20251013__SRR35939766	SRR35939766	MO_Monett	2025-10-13
MO_Monett_20251006__SRR35939767	SRR35939767	MO_Monett	2025-10-06
MO_Monett_20250929__SRR35939768	SRR35939768	MO_Monett	2025-09-29
MO_Monett_20250922__SRR35939769	SRR35939769	MO_Monett	2025-09-22
MO_Monett_20250915__SRR35939770	SRR35939770	MO_Monett	2025-09-15
MO_Monett_20250908__SRR35939771	SRR35939771	MO_Monett	2025-09-08
MO_Monett_20250902__SRR35939772	SRR35939772	MO_Monett	2025-09-02
MO_Monett_20250825__SRR35939773	SRR35939773	MO_Monett	2025-08-25
MO_Monett_20250818__SRR35939774	SRR35939774	MO_Monett	2025-08-18
MO_Monett_20250616__SRR35939775	SRR35939775	MO_Monett	2025-06-16
MO_Monett_20250610__SRR35939776	SRR35939776	MO_Monett	2025-06-10
IA_Ottumwa_20250814__SRR35946885	SRR35946885	IA_Ottumwa	2025-08-14
IA_Ottumwa_20250820__SRR35946886	SRR35946886	IA_Ottumwa	2025-08-20
IA_Ottumwa_20250827__SRR35946887	SRR35946887	IA_Ottumwa	2025-08-27
IA_Ottumwa_20250903__SRR35946888	SRR35946888	IA_Ottumwa	2025-09-03
IA_Ottumwa_20250910__SRR35946889	SRR35946889	IA_Ottumwa	2025-09-10
IA_Ottumwa_20250917__SRR35946890	SRR35946890	IA_Ottumwa	2025-09-17
IA_Ottumwa_20250924__SRR35946891	SRR35946891	IA_Ottumwa	2025-09-24
IA_Ottumwa_20251001__SRR35946892	SRR35946892	IA_Ottumwa	2025-10-01
IA_Ottumwa_20251008__SRR35946893	SRR35946893	IA_Ottumwa	2025-10-08
IA_Ottumwa_20250319__SRR35946894	SRR35946894	IA_Ottumwa	2025-03-19
IA_Ottumwa_20250326__SRR35946895	SRR35946895	IA_Ottumwa	2025-03-26
IA_Ottumwa_20250402__SRR35946896	SRR35946896	IA_Ottumwa	2025-04-02
IA_Ottumwa_20250409__SRR35946897	SRR35946897	IA_Ottumwa	2025-04-09
IA_Ottumwa_20250416__SRR35946898	SRR35946898	IA_Ottumwa	2025-04-16
IA_Ottumwa_20250425__SRR35946899	SRR35946899	IA_Ottumwa	2025-04-25
IA_Ottumwa_20250730__SRR35946900	SRR35946900	IA_Ottumwa	2025-07-30
IA_Ottumwa_20250709__SRR35946901	SRR35946901	IA_Ottumwa	2025-07-09
IA_Ottumwa_20250806__SRR35946902	SRR35946902	IA_Ottumwa	2025-08-06
IA_Ottumwa_20250716__SRR35946903	SRR35946903	IA_Ottumwa	2025-07-16
IA_Ottumwa_20250723__SRR35946904	SRR35946904	IA_Ottumwa	2025-07-23
IA_Ottumwa_20250312__SRR35946905	SRR35946905	IA_Ottumwa	2025-03-12
IA_Ottumwa_20250305__SRR35946906	SRR35946906	IA_Ottumwa	2025-03-05
IA_Ottumwa_20250702__SRR35946907	SRR35946907	IA_Ottumwa	2025-07-02
IA_Ottumwa_20250625__SRR35946908	SRR35946908	IA_Ottumwa	2025-06-25
IA_Ottumwa_20250618__SRR35946909	SRR35946909	IA_Ottumwa	2025-06-18
IA_Ottumwa_20250611__SRR35946910	SRR35946910	IA_Ottumwa	2025-06-11
IA_Ottumwa_20250604__SRR35946911	SRR35946911	IA_Ottumwa	2025-06-04
IA_Ottumwa_20250528__SRR35946912	SRR35946912	IA_Ottumwa	2025-05-28
IA_Ottumwa_20250521__SRR35946913	SRR35946913	IA_Ottumwa	2025-05-21
IA_Ottumwa_20250514__SRR35946914	SRR35946914	IA_Ottumwa	2025-05-14
IA_Ottumwa_20250507__SRR35946915	SRR35946915	IA_Ottumwa	2025-05-07
IA_Ottumwa_20250430__SRR35946916	SRR35946916	IA_Ottumwa	2025-04-30
IA_Ottumwa_20250226__SRR35946917	SRR35946917	IA_Ottumwa	2025-02-26
IA_Ottumwa_20250219__SRR35946918	SRR35946918	IA_Ottumwa	2025-02-19
MO_Milan_20250612__SRR35971499	SRR35971499	MO_Milan	2025-06-12
MO_Milan_20250522__SRR35971500	SRR35971500	MO_Milan	2025-05-22
MO_Milan_20250507__SRR35971501	SRR35971501	MO_Milan	2025-05-07
MO_Milan_20250501__SRR35971502	SRR35971502	MO_Milan	2025-05-01
MO_Milan_20250424__SRR35971503	SRR35971503	MO_Milan	2025-04-24
MO_Milan_20250409__SRR35971504	SRR35971504	MO_Milan	2025-04-09
MO_Milan_20250402__SRR35971505	SRR35971505	MO_Milan	2025-04-02
MO_Milan_20251008__SRR35971506	SRR35971506	MO_Milan	2025-10-08
MO_Milan_20250327__SRR35971507	SRR35971507	MO_Milan	2025-03-27
MO_Milan_20250924__SRR35971508	SRR35971508	MO_Milan	2025-09-24
MO_Milan_20250917__SRR35971509	SRR35971509	MO_Milan	2025-09-17
MO_Milan_20250910__SRR35971510	SRR35971510	MO_Milan	2025-09-10
MO_Milan_20250827__SRR35971511	SRR35971511	MO_Milan	2025-08-27
MO_Milan_20250813__SRR35971512	SRR35971512	MO_Milan	2025-08-13
MO_Milan_20250729__SRR35971513	SRR35971513	MO_Milan	2025-07-29
MO_Milan_20250724__SRR35971514	SRR35971514	MO_Milan	2025-07-24
MO_Milan_20250709__SRR35971515	SRR35971515	MO_Milan	2025-07-09
MO_Milan_20250626__SRR35971516	SRR35971516	MO_Milan	2025-06-26
MO_Milan_20250617__SRR35971517	SRR35971517	MO_Milan	2025-06-17
MO_Milan_20250320__SRR35971518	SRR35971518	MO_Milan	2025-03-20
MO_Milan_20250312__SRR35971519	SRR35971519	MO_Milan	2025-03-12
CHI-B_20250720__SRR35987545	SRR35987545	CHI-B	2025-07-20
CHI-B_20250713__SRR35987546	SRR35987546	CHI-B	2025-07-13
CHI-B_20250706__SRR35987547	SRR35987547	CHI-B	2025-07-06
CHI-B_20250629__SRR35987548	SRR35987548	CHI-B	2025-06-29
CHI-B_20250622__SRR35987549	SRR35987549	CHI-B	2025-06-22
CHI-C_20250623__SRR35987550	SRR35987550	CHI-C	2025-06-23
CHI-B_20250518__SRR35987551	SRR35987551	CHI-B	2025-05-18
CHI-B_20250511__SRR35987552	SRR35987552	CHI-B	2025-05-11
CHI-B_20250504__SRR35987553	SRR35987553	CHI-B	2025-05-04
CHI-B_20250427__SRR35987554	SRR35987554	CHI-B	2025-04-27
CHI-B_20250420__SRR35987555	SRR35987555	CHI-B	2025-04-20
CHI-B_20250413__SRR35987556	SRR35987556	CHI-B	2025-04-13
CHI-B_20250406__SRR35987557	SRR35987557	CHI-B	2025-04-06
CHI-C_20250714__SRR35987558	SRR35987558	CHI-C	2025-07-14
CHI-B_20250330__SRR35987562	SRR35987562	CHI-B	2025-03-30
CHI-A_20250608__SRR35987567	SRR35987567	CHI-A	2025-06-08
CHI-C_20250630__SRR35987568	SRR35987568	CHI-C	2025-06-30
CHI-D2_20250608__SRR35987569	SRR35987569	CHI-D2	2025-06-08
CHI-D1_20250608__SRR35987570	SRR35987570	CHI-D1	2025-06-08
CHI-C_20250616__SRR35987571	SRR35987571	CHI-C	2025-06-16
CHI-A_20250504__SRR35987575	SRR35987575	CHI-A	2025-05-04
CHI-C_20250609__SRR35987576	SRR35987576	CHI-C	2025-06-09
CHI-A_20250420__SRR35987577	SRR35987577	CHI-A	2025-04-20
CHI-C_20250602__SRR35987579	SRR35987579	CHI-C	2025-06-02
CHI-C_20250519__SRR35987580	SRR35987580	CHI-C	2025-05-19
CHI-C_20250512__SRR35987581	SRR35987581	CHI-C	2025-05-12
CHI-C_20250505__SRR35987582	SRR35987582	CHI-C	2025-05-05
CHI-C_20250428__SRR35987583	SRR35987583	CHI-C	2025-04-28
CHI-B_20250323__SRR35987584	SRR35987584	CHI-B	2025-03-23
CHI-B_20250316__SRR35987585	SRR35987585	CHI-B	2025-03-16
CHI-A_20250330__SRR35987586	SRR35987586	CHI-A	2025-03-30
CHI-A_20250727__SRR35987587	SRR35987587	CHI-A	2025-07-27
CHI-A_20250629__SRR35987588	SRR35987588	CHI-A	2025-06-29
CHI-A_20250622__SRR35987589	SRR35987589	CHI-A	2025-06-22
CHI-D2_20251019__SRR35987590	SRR35987590	CHI-D2	2025-10-19
CHI-A_20250615__SRR35987592	SRR35987592	CHI-A	2025-06-15
CHI-B_20251012__SRR35987593	SRR35987593	CHI-B	2025-10-12
CHI-B_20251019__SRR35987594	SRR35987594	CHI-B	2025-10-19
CHI-C_20250804__SRR35987595	SRR35987595	CHI-C	2025-08-04
CHI-C_20250811__SRR35987596	SRR35987596	CHI-C	2025-08-11
CHI-C_20250818__SRR35987597	SRR35987597	CHI-C	2025-08-18
CHI-C_20250826__SRR35987598	SRR35987598	CHI-C	2025-08-26
CHI-C_20250908__SRR35987599	SRR35987599	CHI-C	2025-09-08
CHI-B_20250817__SRR35987600	SRR35987600	CHI-B	2025-08-17
CHI-B_20250810__SRR35987601	SRR35987601	CHI-B	2025-08-10
CHI-D1_20250629__SRR35987602	SRR35987602	CHI-D1	2025-06-29
CHI-D2_20250622__SRR35987603	SRR35987603	CHI-D2	2025-06-22
CHI-D1_20250622__SRR35987604	SRR35987604	CHI-D1	2025-06-22
CHI-D2_20250615__SRR35987605	SRR35987605	CHI-D2	2025-06-15
CHI-D1_20250615__SRR35987606	SRR35987606	CHI-D1	2025-06-15
CHI-A_20250928__SRR35987607	SRR35987607	CHI-A	2025-09-28
CHI-C_20250421__SRR35987608	SRR35987608	CHI-C	2025-04-21
CHI-C_20250414__SRR35987609	SRR35987609	CHI-C	2025-04-14
CHI-C_20250407__SRR35987610	SRR35987610	CHI-C	2025-04-07
CHI-C_20250331__SRR35987611	SRR35987611	CHI-C	2025-03-31
CHI-C_20250324__SRR35987612	SRR35987612	CHI-C	2025-03-24
CHI-C_20250317__SRR35987613	SRR35987613	CHI-C	2025-03-17
CHI-A_20250413__SRR35987614	SRR35987614	CHI-A	2025-04-13
CHI-B_20250727__SRR35987615	SRR35987615	CHI-B	2025-07-27
CHI-D1_20251019__SRR35987616	SRR35987616	CHI-D1	2025-10-19
CHI-D2_20251012__SRR35987617	SRR35987617	CHI-D2	2025-10-12
CHI-C_20251006__SRR35987618	SRR35987618	CHI-C	2025-10-06
CHI-D1_20251012__SRR35987620	SRR35987620	CHI-D1	2025-10-12
CHI-C_20251013__SRR35987621	SRR35987621	CHI-C	2025-10-13
CHI-C_20251020__SRR35987622	SRR35987622	CHI-C	2025-10-20
CHI-A_20250601__SRR35987624	SRR35987624	CHI-A	2025-06-01
CHI-C_20250915__SRR35987625	SRR35987625	CHI-C	2025-09-15
CHI-C_20250922__SRR35987626	SRR35987626	CHI-C	2025-09-22
CHI-C_20250929__SRR35987627	SRR35987627	CHI-C	2025-09-29
CHI-B_20251005__SRR35987628	SRR35987628	CHI-B	2025-10-05
CHI-B_20250928__SRR35987629	SRR35987629	CHI-B	2025-09-28
CHI-B_20250921__SRR35987630	SRR35987630	CHI-B	2025-09-21
CHI-A_20250525__SRR35987631	SRR35987631	CHI-A	2025-05-25
CHI-A_20250323__SRR35987633	SRR35987633	CHI-A	2025-03-23
CHI-A_20250316__SRR35987634	SRR35987634	CHI-A	2025-03-16
CHI-C_20250728__SRR35987635	SRR35987635	CHI-C	2025-07-28
CHI-A_20250518__SRR35987636	SRR35987636	CHI-A	2025-05-18
CHI-A_20250921__SRR35987637	SRR35987637	CHI-A	2025-09-21
CHI-A_20250914__SRR35987638	SRR35987638	CHI-A	2025-09-14
CHI-A_20250907__SRR35987639	SRR35987639	CHI-A	2025-09-07
CHI-A_20250831__SRR35987640	SRR35987640	CHI-A	2025-08-31
CHI-A_20250826__SRR35987641	SRR35987641	CHI-A	2025-08-26
CHI-A_20250817__SRR35987642	SRR35987642	CHI-A	2025-08-17
CHI-A_20250810__SRR35987646	SRR35987646	CHI-A	2025-08-10
CHI-A_20250427__SRR35987650	SRR35987650	CHI-A	2025-04-27
CHI-A_20250720__SRR35987652	SRR35987652	CHI-A	2025-07-20
CHI-A_20250713__SRR35987653	SRR35987653	CHI-A	2025-07-13
CHI-A_20250706__SRR35987654	SRR35987654	CHI-A	2025-07-06
CHI-B_20250615__SRR35987655	SRR35987655	CHI-B	2025-06-15
CHI-B_20250608__SRR35987656	SRR35987656	CHI-B	2025-06-08
CHI-B_20250601__SRR35987657	SRR35987657	CHI-B	2025-06-01
CHI-B_20250525__SRR35987658	SRR35987658	CHI-B	2025-05-25
CHI-B_20250803__SRR35987659	SRR35987659	CHI-B	2025-08-03
CHI-A_20250406__SRR35987660	SRR35987660	CHI-A	2025-04-06
CHI-A_20251019__SRR35987661	SRR35987661	CHI-A	2025-10-19
CHI-A_20251012__SRR35987662	SRR35987662	CHI-A	2025-10-12
CHI-A_20251005__SRR35987663	SRR35987663	CHI-A	2025-10-05
CHI-B_20250921__SRR35987664	SRR35987664	CHI-B	2025-09-21
CHI-B_20250914__SRR35987665	SRR35987665	CHI-B	2025-09-14
CHI-B_20250831__SRR35987666	SRR35987666	CHI-B	2025-08-31
CHI-D2_20250629__SRR35987667	SRR35987667	CHI-D2	2025-06-29
CHI-A_20250803__SRR35987670	SRR35987670	CHI-A	2025-08-03
CHI-A_20250511__SRR35987673	SRR35987673	CHI-A	2025-05-11
CHI-C_20250721__SRR35987674	SRR35987674	CHI-C	2025-07-21
CA_Ontario_20251105__SRR36790956	SRR36790956	CA_Ontario	2025-11-05
CA_Ontario_20250901__SRR36790957	SRR36790957	CA_Ontario	2025-09-01
CA_Ontario_20251103__SRR36790958	SRR36790958	CA_Ontario	2025-11-03
CA_Ontario_20251029__SRR36790959	SRR36790959	CA_Ontario	2025-10-29
CA_Ontario_20251027__SRR36790960	SRR36790960	CA_Ontario	2025-10-27
CA_Ontario_20251023__SRR36790961	SRR36790961	CA_Ontario	2025-10-23
CA_Ontario_20251019__SRR36790962	SRR36790962	CA_Ontario	2025-10-19
CA_Ontario_20251020__SRR36790963	SRR36790963	CA_Ontario	2025-10-20
CA_Ontario_20251013__SRR36790964	SRR36790964	CA_Ontario	2025-10-13
CA_Ontario_20251008__SRR36790965	SRR36790965	CA_Ontario	2025-10-08
CA_Ontario_20251006__SRR36790966	SRR36790966	CA_Ontario	2025-10-06
CA_Ontario_20250929__SRR36790967	SRR36790967	CA_Ontario	2025-09-29
CA_Ontario_20251001__SRR36790968	SRR36790968	CA_Ontario	2025-10-01
CA_Ontario_20250924__SRR36790969	SRR36790969	CA_Ontario	2025-09-24
CA_Ontario_20250827__SRR36790970	SRR36790970	CA_Ontario	2025-08-27
CA_Ontario_20250922__SRR36790971	SRR36790971	CA_Ontario	2025-09-22
CA_Ontario_20250917__SRR36790972	SRR36790972	CA_Ontario	2025-09-17
CA_Ontario_20250915__SRR36790973	SRR36790973	CA_Ontario	2025-09-15
CA_Ontario_20250910__SRR36790974	SRR36790974	CA_Ontario	2025-09-10
CA_Ontario_20250908__SRR36790975	SRR36790975	CA_Ontario	2025-09-08
CA_Ontario_20250903__SRR36790976	SRR36790976	CA_Ontario	2025-09-03
CA_Ontario_20251208__SRR36790977	SRR36790977	CA_Ontario	2025-12-08
CA_Ontario_20251201__SRR36790978	SRR36790978	CA_Ontario	2025-12-01
CA_Ontario_20251118__SRR36790979	SRR36790979	CA_Ontario	2025-11-18
CA_Ontario_20250825__SRR36790980	SRR36790980	CA_Ontario	2025-08-25
CA_Ontario_20251111__SRR36790981	SRR36790981	CA_Ontario	2025-11-11
CA_Sacramento_20251120__SRR36814880	SRR36814880	CA_Sacramento	2025-11-20
CA_Sacramento_20251112__SRR36814881	SRR36814881	CA_Sacramento	2025-11-12
CA_Sacramento_20251029__SRR36814882	SRR36814882	CA_Sacramento	2025-10-29
CA_Sacramento_20251105__SRR36814883	SRR36814883	CA_Sacramento	2025-11-05
CA_Sacramento_20251023__SRR36814884	SRR36814884	CA_Sacramento	2025-10-23
CA_Sacramento_20251015__SRR36814885	SRR36814885	CA_Sacramento	2025-10-15
CA_Sacramento_20251010__SRR36814886	SRR36814886	CA_Sacramento	2025-10-10
CA_Sacramento_20250909__SRR36814887	SRR36814887	CA_Sacramento	2025-09-09
CA_Sacramento_20251003__SRR36814888	SRR36814888	CA_Sacramento	2025-10-03
CA_Sacramento_20250904__SRR36814889	SRR36814889	CA_Sacramento	2025-09-04
CA_Sacramento_20250828__SRR36814890	SRR36814890	CA_Sacramento	2025-08-28
CA_Sacramento_20251211__SRR36814891	SRR36814891	CA_Sacramento	2025-12-11
CA_Sacramento_20251125__SRR36814892	SRR36814892	CA_Sacramento	2025-11-25
CA_Sacramento_20251203__SRR36814893	SRR36814893	CA_Sacramento	2025-12-03
CA_Sacramento_20250925__SRR36814894	SRR36814894	CA_Sacramento	2025-09-25
CA_Sacramento_20250917__SRR36814895	SRR36814895	CA_Sacramento	2025-09-17
CA_Riverside_20251113__SRR36830259	SRR36830259	CA_Riverside	2025-11-13
CA_Riverside_20251109__SRR36830260	SRR36830260	CA_Riverside	2025-11-09
CA_Riverside_20251105__SRR36830261	SRR36830261	CA_Riverside	2025-11-05
CA_Riverside_20251030__SRR36830262	SRR36830262	CA_Riverside	2025-10-30
CA_Riverside_20251103__SRR36830263	SRR36830263	CA_Riverside	2025-11-03
CA_Riverside_20251027__SRR36830264	SRR36830264	CA_Riverside	2025-10-27
CA_Riverside_20251023__SRR36830265	SRR36830265	CA_Riverside	2025-10-23
CA_Riverside_20251020__SRR36830266	SRR36830266	CA_Riverside	2025-10-20
CA_Riverside_20251204__SRR36830267	SRR36830267	CA_Riverside	2025-12-04
CA_Riverside_20251208__SRR36830268	SRR36830268	CA_Riverside	2025-12-08
CA_Riverside_20251201__SRR36830269	SRR36830269	CA_Riverside	2025-12-01
CA_Riverside_20251127__SRR36830270	SRR36830270	CA_Riverside	2025-11-27
CA_Riverside_20251125__SRR36830271	SRR36830271	CA_Riverside	2025-11-25
CA_Riverside_20251117__SRR36830272	SRR36830272	CA_Riverside	2025-11-17
CA_Riverside_20251120__SRR36830273	SRR36830273	CA_Riverside	2025-11-20
CA_Riverside_20251016__SRR36830274	SRR36830274	CA_Riverside	2025-10-16
CA_Riverside_20251015__SRR36830275	SRR36830275	CA_Riverside	2025-10-15
CHI-D2_20251123__SRR36832670	SRR36832670	CHI-D2	2025-11-23
CHI-D2_20251130__SRR36832671	SRR36832671	CHI-D2	2025-11-30
CHI-A_20251116__SRR36832672	SRR36832672	CHI-A	2025-11-16
CHI-A_20251123__SRR36832673	SRR36832673	CHI-A	2025-11-23
CHI-A_20251130__SRR36832674	SRR36832674	CHI-A	2025-11-30
CHI-B_20251026__SRR36832675	SRR36832675	CHI-B	2025-10-26
CHI-B_20251102__SRR36832676	SRR36832676	CHI-B	2025-11-02
CHI-B_20251109__SRR36832677	SRR36832677	CHI-B	2025-11-09
CHI-B_20251116__SRR36832678	SRR36832678	CHI-B	2025-11-16
CHI-D2_20251026__SRR36832679	SRR36832679	CHI-D2	2025-10-26
CHI-D1_20251130__SRR36832680	SRR36832680	CHI-D1	2025-11-30
CHI-D1_20251123__SRR36832681	SRR36832681	CHI-D1	2025-11-23
CHI-D2_20251102__SRR36832682	SRR36832682	CHI-D2	2025-11-02
CHI-D2_20251109__SRR36832683	SRR36832683	CHI-D2	2025-11-09
CHI-D2_20251116__SRR36832684	SRR36832684	CHI-D2	2025-11-16
CHI-D1_20251116__SRR36832685	SRR36832685	CHI-D1	2025-11-16
CHI-A_20251109__SRR36832686	SRR36832686	CHI-A	2025-11-09
CHI-D1_20251109__SRR36832687	SRR36832687	CHI-D1	2025-11-09
CHI-D1_20251102__SRR36832688	SRR36832688	CHI-D1	2025-11-02
CHI-D1_20251026__SRR36832689	SRR36832689	CHI-D1	2025-10-26
CHI-C_20251201__SRR36832690	SRR36832690	CHI-C	2025-12-01
CHI-C_20251117__SRR36832691	SRR36832691	CHI-C	2025-11-17
CHI-C_20251124__SRR36832692	SRR36832692	CHI-C	2025-11-24
CHI-C_20251110__SRR36832693	SRR36832693	CHI-C	2025-11-10
CHI-C_20251103__SRR36832694	SRR36832694	CHI-C	2025-11-03
CHI-C_20251027__SRR36832695	SRR36832695	CHI-C	2025-10-27
CHI-B_20251123__SRR36832696	SRR36832696	CHI-B	2025-11-23
CHI-B_20251130__SRR36832697	SRR36832697	CHI-B	2025-11-30
CHI-A_20251102__SRR36832698	SRR36832698	CHI-A	2025-11-02
CHI-A_20251026__SRR36832699	SRR36832699	CHI-A	2025-10-26
OK-A_20251021__SRR36861534	SRR36861534	OK-A	2025-10-21
OK-A_20251014__SRR36861535	SRR36861535	OK-A	2025-10-14
OK-A_20251007__SRR36861536	SRR36861536	OK-A	2025-10-07
OK-A_20250923__SRR36861537	SRR36861537	OK-A	2025-09-23
OK-A_20250930__SRR36861538	SRR36861538	OK-A	2025-09-30
OK-A_20250916__SRR36861539	SRR36861539	OK-A	2025-09-16
OK-B_20251209__SRR36861540	SRR36861540	OK-B	2025-12-09
OK-B_20251202__SRR36861541	SRR36861541	OK-B	2025-12-02
OK-B_20251128__SRR36861542	SRR36861542	OK-B	2025-11-28
OK-B_20251118__SRR36861543	SRR36861543	OK-B	2025-11-18
OK-A_20250909__SRR36861544	SRR36861544	OK-A	2025-09-09
OK-B_20251111__SRR36861545	SRR36861545	OK-B	2025-11-11
OK-B_20251104__SRR36861546	SRR36861546	OK-B	2025-11-04
OK-B_20251027__SRR36861547	SRR36861547	OK-B	2025-10-27
OK-B_20251021__SRR36861548	SRR36861548	OK-B	2025-10-21
OK-B_20251014__SRR36861549	SRR36861549	OK-B	2025-10-14
OK-B_20251007__SRR36861550	SRR36861550	OK-B	2025-10-07
OK-B_20250923__SRR36861551	SRR36861551	OK-B	2025-09-23
OK-B_20250930__SRR36861552	SRR36861552	OK-B	2025-09-30
OK-B_20250916__SRR36861553	SRR36861553	OK-B	2025-09-16
OK-B_20250909__SRR36861554	SRR36861554	OK-B	2025-09-09
OK-A_20250901__SRR36861555	SRR36861555	OK-A	2025-09-01
OK-B_20250826__SRR36861556	SRR36861556	OK-B	2025-08-26
OK-B_20250901__SRR36861557	SRR36861557	OK-B	2025-09-01
OK-B_20250818__SRR36861558	SRR36861558	OK-B	2025-08-18
OK-A_20251209__SRR36861559	SRR36861559	OK-A	2025-12-09
OK-A_20251202__SRR36861560	SRR36861560	OK-A	2025-12-02
OK-A_20251118__SRR36861561	SRR36861561	OK-A	2025-11-18
OK-A_20251128__SRR36861562	SRR36861562	OK-A	2025-11-28
OK-A_20251111__SRR36861563	SRR36861563	OK-A	2025-11-11
OK-A_20251104__SRR36861564	SRR36861564	OK-A	2025-11-04
OK-A_20251027__SRR36861565	SRR36861565	OK-A	2025-10-27
OK-A_20250826__SRR36861566	SRR36861566	OK-A	2025-08-26
OK-A_20250818__SRR36861567	SRR36861567	OK-A	2025-08-18
Southern_California_20251123__SRR36876796	SRR36876796	Southern_California	2025-11-23
Southern_California_20251119__SRR36876797	SRR36876797	Southern_California	2025-11-19
Southern_California_20250430__SRR36876798	SRR36876798	Southern_California	2025-04-30
Southern_California_20251105__SRR36876799	SRR36876799	Southern_California	2025-11-05
Southern_California_20251029__SRR36876800	SRR36876800	Southern_California	2025-10-29
Southern_California_20251102__SRR36876801	SRR36876801	Southern_California	2025-11-02
Southern_California_20251026__SRR36876802	SRR36876802	Southern_California	2025-10-26
Southern_California_20251023__SRR36876803	SRR36876803	Southern_California	2025-10-23
Southern_California_20251019__SRR36876804	SRR36876804	Southern_California	2025-10-19
Southern_California_20251016__SRR36876805	SRR36876805	Southern_California	2025-10-16
Southern_California_20250504__SRR36876806	SRR36876806	Southern_California	2025-05-04
Southern_California_20251009__SRR36876807	SRR36876807	Southern_California	2025-10-09
Southern_California_20251001__SRR36876808	SRR36876808	Southern_California	2025-10-01
Southern_California_20251005__SRR36876809	SRR36876809	Southern_California	2025-10-05
Southern_California_20250928__SRR36876810	SRR36876810	Southern_California	2025-09-28
Southern_California_20250924__SRR36876811	SRR36876811	Southern_California	2025-09-24
Southern_California_20250921__SRR36876812	SRR36876812	Southern_California	2025-09-21
Southern_California_20250914__SRR36876813	SRR36876813	Southern_California	2025-09-14
Southern_California_20250917__SRR36876814	SRR36876814	Southern_California	2025-09-17
Southern_California_20250903__SRR36876815	SRR36876815	Southern_California	2025-09-03
Southern_California_20250827__SRR36876816	SRR36876816	Southern_California	2025-08-27
Southern_California_20250824__SRR36876817	SRR36876817	Southern_California	2025-08-24
Southern_California_20250423__SRR36876818	SRR36876818	Southern_California	2025-04-23
Southern_California_20250820__SRR36876819	SRR36876819	Southern_California	2025-08-20
Southern_California_20250625__SRR36876820	SRR36876820	Southern_California	2025-06-25
Southern_California_20250629__SRR36876821	SRR36876821	Southern_California	2025-06-29
Southern_California_20250702__SRR36876822	SRR36876822	Southern_California	2025-07-02
Southern_California_20250706__SRR36876823	SRR36876823	Southern_California	2025-07-06
Southern_California_20250507__SRR36876824	SRR36876824	Southern_California	2025-05-07
Southern_California_20251116__SRR36876825	SRR36876825	Southern_California	2025-11-16
Southern_California_20251112__SRR36876826	SRR36876826	Southern_California	2025-11-12
Southern_California_20251109__SRR36876827	SRR36876827	Southern_California	2025-11-09
Southern_California_20250518__SRR36876828	SRR36876828	Southern_California	2025-05-18
Southern_California_20250511__SRR36876829	SRR36876829	Southern_California	2025-05-11
Southern_California_20250514__SRR36876830	SRR36876830	Southern_California	2025-05-14
Southern_California_20251207__SRR36876831	SRR36876831	Southern_California	2025-12-07
Southern_California_20251203__SRR36876832	SRR36876832	Southern_California	2025-12-03
Southern_California_20251130__SRR36876833	SRR36876833	Southern_California	2025-11-30
Southern_California_20250910__SRR36876834	SRR36876834	Southern_California	2025-09-10
Southern_California_20251126__SRR36876835	SRR36876835	Southern_California	2025-11-26
Southern_California_20250907__SRR36876836	SRR36876836	Southern_California	2025-09-07
Southern_California_20250709__SRR36876837	SRR36876837	Southern_California	2025-07-09
Southern_California_20250713__SRR36876838	SRR36876838	Southern_California	2025-07-13
Southern_California_20250716__SRR36876839	SRR36876839	Southern_California	2025-07-16
Southern_California_20250720__SRR36876840	SRR36876840	Southern_California	2025-07-20
Southern_California_20250723__SRR36876841	SRR36876841	Southern_California	2025-07-23
Southern_California_20250727__SRR36876842	SRR36876842	Southern_California	2025-07-27
Southern_California_20250427__SRR36876843	SRR36876843	Southern_California	2025-04-27
Southern_California_20250730__SRR36876844	SRR36876844	Southern_California	2025-07-30
Southern_California_20250803__SRR36876845	SRR36876845	Southern_California	2025-08-03
Southern_California_20250806__SRR36876846	SRR36876846	Southern_California	2025-08-06
Southern_California_20250810__SRR36876847	SRR36876847	Southern_California	2025-08-10
Southern_California_20250817__SRR36876848	SRR36876848	Southern_California	2025-08-17
Southern_California_20250813__SRR36876849	SRR36876849	Southern_California	2025-08-13
Southern_California_20250601__SRR36876850	SRR36876850	Southern_California	2025-06-01
Southern_California_20250604__SRR36876851	SRR36876851	Southern_California	2025-06-04
Southern_California_20250608__SRR36876852	SRR36876852	Southern_California	2025-06-08
Southern_California_20250615__SRR36876853	SRR36876853	Southern_California	2025-06-15
Southern_California_20250611__SRR36876854	SRR36876854	Southern_California	2025-06-11
Southern_California_20250618__SRR36876855	SRR36876855	Southern_California	2025-06-18
Southern_California_20250622__SRR36876856	SRR36876856	Southern_California	2025-06-22
Southern_California_20250528__SRR36876857	SRR36876857	Southern_California	2025-05-28
Southern_California_20250521__SRR36876858	SRR36876858	Southern_California	2025-05-21
Southern_California_20250525__SRR36876859	SRR36876859	Southern_California	2025-05-25
Southern_California_20250420__SRR36876860	SRR36876860	Southern_California	2025-04-20
Southern_California_20250416__SRR36876861	SRR36876861	Southern_California	2025-04-16
ID_Boise_20251013__SRR36876955	SRR36876955	ID_Boise	2025-10-13
ID_Boise_20251020__SRR36876956	SRR36876956	ID_Boise	2025-10-20
ID_Boise_20251027__SRR36876957	SRR36876957	ID_Boise	2025-10-27
ID_Boise_20251103__SRR36876958	SRR36876958	ID_Boise	2025-11-03
ID_Boise_20251117__SRR36876959	SRR36876959	ID_Boise	2025-11-17
ID_Boise_20251110__SRR36876960	SRR36876960	ID_Boise	2025-11-10
IA_Ottumwa_20251124__SRR36876961	SRR36876961	IA_Ottumwa	2025-11-24
ID_Boise_20251124__SRR36876962	SRR36876962	ID_Boise	2025-11-24
ID_Boise_20251201__SRR36876963	SRR36876963	ID_Boise	2025-12-01
ID_Boise_20251208__SRR36876964	SRR36876964	ID_Boise	2025-12-08
MO_Milan_20250224__SRR36876965	SRR36876965	MO_Milan	2025-02-24
MO_Milan_20250305__SRR36876966	SRR36876966	MO_Milan	2025-03-05
ID_Boise_20250804__SRR36876967	SRR36876967	ID_Boise	2025-08-04
MO_Monett_20251110__SRR36876968	SRR36876968	MO_Monett	2025-11-10
MO_Milan_20251022__SRR36876969	SRR36876969	MO_Milan	2025-10-22
ID_Boise_20250728__SRR36876970	SRR36876970	ID_Boise	2025-07-28
ID_Boise_20250721__SRR36876971	SRR36876971	ID_Boise	2025-07-21
ID_Boise_20250714__SRR36876972	SRR36876972	ID_Boise	2025-07-14
ID_Boise_20250707__SRR36876973	SRR36876973	ID_Boise	2025-07-07
IA_Ottumwa_20251112__SRR36876974	SRR36876974	IA_Ottumwa	2025-11-12
ID_Boise_20250630__SRR36876975	SRR36876975	ID_Boise	2025-06-30
ID_Boise_20250623__SRR36876976	SRR36876976	ID_Boise	2025-06-23
ID_Boise_20250616__SRR36876977	SRR36876977	ID_Boise	2025-06-16
ID_Boise_20250609__SRR36876978	SRR36876978	ID_Boise	2025-06-09
ID_Boise_20250602__SRR36876979	SRR36876979	ID_Boise	2025-06-02
ID_Boise_20250526__SRR36876980	SRR36876980	ID_Boise	2025-05-26
MO_Monett_20251103__SRR36876981	SRR36876981	MO_Monett	2025-11-03
MO_Monett_20251027__SRR36876982	SRR36876982	MO_Monett	2025-10-27
IA_Ottumwa_20251210__SRR36876983	SRR36876983	IA_Ottumwa	2025-12-10
ID_Boise_20241104__SRR36876984	SRR36876984	ID_Boise	2024-11-04
MO_Monett_20251208__SRR36876985	SRR36876985	MO_Monett	2025-12-08
MO_Monett_20251201__SRR36876986	SRR36876986	MO_Monett	2025-12-01
MO_Monett_20251124__SRR36876987	SRR36876987	MO_Monett	2025-11-24
MO_Monett_20251020__SRR36876988	SRR36876988	MO_Monett	2025-10-20
MO_Monett_20251117__SRR36876989	SRR36876989	MO_Monett	2025-11-17
MO_Milan_20251210__SRR36876990	SRR36876990	MO_Milan	2025-12-10
MO_Milan_20251125__SRR36876991	SRR36876991	MO_Milan	2025-11-25
IA_Ottumwa_20251203__SRR36876992	SRR36876992	IA_Ottumwa	2025-12-03
ID_Boise_20250519__SRR36876993	SRR36876993	ID_Boise	2025-05-19
ID_Boise_20251006__SRR36876994	SRR36876994	ID_Boise	2025-10-06
ID_Boise_20250512__SRR36876995	SRR36876995	ID_Boise	2025-05-12
ID_Boise_20250505__SRR36876996	SRR36876996	ID_Boise	2025-05-05
ID_Boise_20250428__SRR36876997	SRR36876997	ID_Boise	2025-04-28
IA_Ottumwa_20251105__SRR36876998	SRR36876998	IA_Ottumwa	2025-11-05
ID_Boise_20250421__SRR36876999	SRR36876999	ID_Boise	2025-04-21
ID_Boise_20250414__SRR36877000	SRR36877000	ID_Boise	2025-04-14
ID_Boise_20250407__SRR36877001	SRR36877001	ID_Boise	2025-04-07
ID_Boise_20250331__SRR36877002	SRR36877002	ID_Boise	2025-03-31
ID_Boise_20250324__SRR36877003	SRR36877003	ID_Boise	2025-03-24
ID_Boise_20250317__SRR36877004	SRR36877004	ID_Boise	2025-03-17
ID_Boise_20250310__SRR36877005	SRR36877005	ID_Boise	2025-03-10
ID_Boise_20250224__SRR36877006	SRR36877006	ID_Boise	2025-02-24
ID_Boise_20250210__SRR36877007	SRR36877007	ID_Boise	2025-02-10
ID_Boise_20250203__SRR36877008	SRR36877008	ID_Boise	2025-02-03
MO_Milan_20251029__SRR36877009	SRR36877009	MO_Milan	2025-10-29
MO_Milan_20251105__SRR36877010	SRR36877010	MO_Milan	2025-11-05
MO_Milan_20251112__SRR36877011	SRR36877011	MO_Milan	2025-11-12
MO_Milan_20251119__SRR36877012	SRR36877012	MO_Milan	2025-11-19
ID_Boise_20250825__SRR36877013	SRR36877013	ID_Boise	2025-08-25
ID_Boise_20250908__SRR36877014	SRR36877014	ID_Boise	2025-09-08
ID_Boise_20250901__SRR36877015	SRR36877015	ID_Boise	2025-09-01
IA_Ottumwa_20251119__SRR36877016	SRR36877016	IA_Ottumwa	2025-11-19
ID_Boise_20250915__SRR36877017	SRR36877017	ID_Boise	2025-09-15
ID_Boise_20250922__SRR36877018	SRR36877018	ID_Boise	2025-09-22
ID_Boise_20250818__SRR36877019	SRR36877019	ID_Boise	2025-08-18
ID_Boise_20250929__SRR36877020	SRR36877020	ID_Boise	2025-09-29
IA_Ottumwa_20251029__SRR36877021	SRR36877021	IA_Ottumwa	2025-10-29
ID_Boise_20250811__SRR36877022	SRR36877022	ID_Boise	2025-08-11
ID_Boise_20250127__SRR36877023	SRR36877023	ID_Boise	2025-01-27
ID_Boise_20250120__SRR36877024	SRR36877024	ID_Boise	2025-01-20
ID_Boise_20250113__SRR36877025	SRR36877025	ID_Boise	2025-01-13
ID_Boise_20250106__SRR36877026	SRR36877026	ID_Boise	2025-01-06
ID_Boise_20241230__SRR36877027	SRR36877027	ID_Boise	2024-12-30
ID_Boise_20241216__SRR36877028	SRR36877028	ID_Boise	2024-12-16
ID_Boise_20241223__SRR36877029	SRR36877029	ID_Boise	2024-12-23
ID_Boise_20241202__SRR36877030	SRR36877030	ID_Boise	2024-12-02
ID_Boise_20241125__SRR36877031	SRR36877031	ID_Boise	2024-11-25
ID_Boise_20241118__SRR36877032	SRR36877032	ID_Boise	2024-11-18
IA_Ottumwa_20251022__SRR36877033	SRR36877033	IA_Ottumwa	2025-10-22
IA_Ottumwa_20251015__SRR36877034	SRR36877034	IA_Ottumwa	2025-10-15
FL_Miami_20250603__SRR36995839	SRR36995839	FL_Miami	2025-06-03
FL_Miami_20250527__SRR36995840	SRR36995840	FL_Miami	2025-05-27
FL_Miami_20250520__SRR36995841	SRR36995841	FL_Miami	2025-05-20
FL_Miami_20250513__SRR36995842	SRR36995842	FL_Miami	2025-05-13
FL_Miami_20250506__SRR36995843	SRR36995843	FL_Miami	2025-05-06
FL_Miami_20250415__SRR36995844	SRR36995844	FL_Miami	2025-04-15
FL_Miami_20250506__SRR36995845	SRR36995845	FL_Miami	2025-05-06
FL_Miami_20250408__SRR36995846	SRR36995846	FL_Miami	2025-04-08
FL_Miami_20250408__SRR36995847	SRR36995847	FL_Miami	2025-04-08
FL_Miami_20250402__SRR36995848	SRR36995848	FL_Miami	2025-04-02
FL_Miami_20250325__SRR36995849	SRR36995849	FL_Miami	2025-03-25
FL_Miami_20250909__SRR36995850	SRR36995850	FL_Miami	2025-09-09
FL_Miami_20250916__SRR36995851	SRR36995851	FL_Miami	2025-09-16
FL_Miami_20250923__SRR36995852	SRR36995852	FL_Miami	2025-09-23
FL_Miami_20250930__SRR36995853	SRR36995853	FL_Miami	2025-09-30
FL_Miami_20251007__SRR36995854	SRR36995854	FL_Miami	2025-10-07
FL_Miami_20251014__SRR36995855	SRR36995855	FL_Miami	2025-10-14
FL_Miami_20251021__SRR36995856	SRR36995856	FL_Miami	2025-10-21
FL_Miami_20250429__SRR36995857	SRR36995857	FL_Miami	2025-04-29
FL_Miami_20251028__SRR36995858	SRR36995858	FL_Miami	2025-10-28
FL_Miami_20251104__SRR36995859	SRR36995859	FL_Miami	2025-11-04
FL_Miami_20251118__SRR36995860	SRR36995860	FL_Miami	2025-11-18
FL_Miami_20251125__SRR36995861	SRR36995861	FL_Miami	2025-11-25
FL_Miami_20251202__SRR36995862	SRR36995862	FL_Miami	2025-12-02
FL_Miami_20250325__SRR36995863	SRR36995863	FL_Miami	2025-03-25
FL_Miami_20250701__SRR36995864	SRR36995864	FL_Miami	2025-07-01
FL_Miami_20250708__SRR36995865	SRR36995865	FL_Miami	2025-07-08
FL_Miami_20250715__SRR36995866	SRR36995866	FL_Miami	2025-07-15
FL_Miami_20250722__SRR36995867	SRR36995867	FL_Miami	2025-07-22
FL_Miami_20250729__SRR36995868	SRR36995868	FL_Miami	2025-07-29
FL_Miami_20250805__SRR36995869	SRR36995869	FL_Miami	2025-08-05
FL_Miami_20250812__SRR36995870	SRR36995870	FL_Miami	2025-08-12
FL_Miami_20250423__SRR36995871	SRR36995871	FL_Miami	2025-04-23
FL_Miami_20250819__SRR36995872	SRR36995872	FL_Miami	2025-08-19
FL_Miami_20250826__SRR36995873	SRR36995873	FL_Miami	2025-08-26
FL_Miami_20250902__SRR36995874	SRR36995874	FL_Miami	2025-09-02
FL_Miami_20250624__SRR36995875	SRR36995875	FL_Miami	2025-06-24
FL_Miami_20250617__SRR36995876	SRR36995876	FL_Miami	2025-06-17
FL_Miami_20250610__SRR36995877	SRR36995877	FL_Miami	2025-06-10
FL_Miami_20250423__SRR36995878	SRR36995878	FL_Miami	2025-04-23
FL_Miami_20250423__SRR36995879	SRR36995879	FL_Miami	2025-04-23
NYC-Hospital-D_20251105__SRR37006656	SRR37006656	NYC-Hospital-D	2025-11-05
NYC-Hospital-D_20251113__SRR37006657	SRR37006657	NYC-Hospital-D	2025-11-13
NYC-Hospital-D_20251118__SRR37006658	SRR37006658	NYC-Hospital-D	2025-11-18
NYC-Hospital-A_20251015__SRR37006659	SRR37006659	NYC-Hospital-A	2025-10-15
NYC-Hospital-A_20251025__SRR37006660	SRR37006660	NYC-Hospital-A	2025-10-25
NYC-Hospital-A_20251023__SRR37006661	SRR37006661	NYC-Hospital-A	2025-10-23
NYC-Hospital-B_20240116__SRR37006662	SRR37006662	NYC-Hospital-B	2024-01-16
NYC-Hospital-B_20241018__SRR37006663	SRR37006663	NYC-Hospital-B	2024-10-18
NYC-Hospital-B_20241120__SRR37006664	SRR37006664	NYC-Hospital-B	2024-11-20
NYC-Hospital-D_20251021__SRR37006665	SRR37006665	NYC-Hospital-D	2025-10-21
NYC-Hospital-D_20251028__SRR37006666	SRR37006666	NYC-Hospital-D	2025-10-28
NYC-Hospital-D_20251014__SRR37006667	SRR37006667	NYC-Hospital-D	2025-10-14
NYC-Hospital-D_20250930__SRR37006668	SRR37006668	NYC-Hospital-D	2025-09-30
NYC-Hospital-D_20250916__SRR37006669	SRR37006669	NYC-Hospital-D	2025-09-16
NYC-Hospital-D_20250909__SRR37006670	SRR37006670	NYC-Hospital-D	2025-09-09
NYC-Hospital-D_20250902__SRR37006671	SRR37006671	NYC-Hospital-D	2025-09-02
NYC-Hospital-A_20250912__SRR37006672	SRR37006672	NYC-Hospital-A	2025-09-12
NYC-Hospital-C_20250912__SRR37006673	SRR37006673	NYC-Hospital-C	2025-09-12
NYC-Hospital-C_20250827__SRR37006674	SRR37006674	NYC-Hospital-C	2025-08-27
NYC-Hospital-C_20250123__SRR37006675	SRR37006675	NYC-Hospital-C	2025-01-23
NYC-Hospital-C_20241113__SRR37006676	SRR37006676	NYC-Hospital-C	2024-11-13
NYC-Hospital-B_20250624__SRR37006677	SRR37006677	NYC-Hospital-B	2025-06-24
NYC-Hospital-B_20250618__SRR37006678	SRR37006678	NYC-Hospital-B	2025-06-18
NYC-Hospital-B_20250612__SRR37006679	SRR37006679	NYC-Hospital-B	2025-06-12
NYC-Hospital-B_20250604__SRR37006680	SRR37006680	NYC-Hospital-B	2025-06-04
NYC-Hospital-B_20250528__SRR37006681	SRR37006681	NYC-Hospital-B	2025-05-28
NYC-Hospital-A_20250912__SRR37006682	SRR37006682	NYC-Hospital-A	2025-09-12
NYC-Hospital-B_20250520__SRR37006683	SRR37006683	NYC-Hospital-B	2025-05-20
NYC-Hospital-B_20250514__SRR37006684	SRR37006684	NYC-Hospital-B	2025-05-14
NYC-Hospital-B_20250409__SRR37006685	SRR37006685	NYC-Hospital-B	2025-04-09
NYC-Hospital-B_20250403__SRR37006686	SRR37006686	NYC-Hospital-B	2025-04-03
NYC-Hospital-B_20250313__SRR37006687	SRR37006687	NYC-Hospital-B	2025-03-13
NYC-Hospital-B_20250319__SRR37006688	SRR37006688	NYC-Hospital-B	2025-03-19
NYC-Hospital-B_20250220__SRR37006689	SRR37006689	NYC-Hospital-B	2025-02-20
NYC-Hospital-B_20250205__SRR37006690	SRR37006690	NYC-Hospital-B	2025-02-05
NYC-Hospital-B_20250130__SRR37006691	SRR37006691	NYC-Hospital-B	2025-01-30
NYC-Hospital-B_20250103__SRR37006692	SRR37006692	NYC-Hospital-B	2025-01-03
NYC-Hospital-B_20250109__SRR37006693	SRR37006693	NYC-Hospital-B	2025-01-09
NYC-Hospital-A_20250903__SRR37006694	SRR37006694	NYC-Hospital-A	2025-09-03
NYC-Hospital-A_20250828__SRR37006695	SRR37006695	NYC-Hospital-A	2025-08-28
MO_KC_BlueRiver_20251014__SRR37027343	SRR37027343	MO_KC_BlueRiver	2025-10-14
MO_KC_BlueRiver_20251007__SRR37027344	SRR37027344	MO_KC_BlueRiver	2025-10-07
MO_KC_BlueRiver_20250930__SRR37027345	SRR37027345	MO_KC_BlueRiver	2025-09-30
MO_KC_BlueRiver_20250923__SRR37027346	SRR37027346	MO_KC_BlueRiver	2025-09-23
MO_KC_BlueRiver_20250916__SRR37027347	SRR37027347	MO_KC_BlueRiver	2025-09-16
MO_KC_BlueRiver_20250909__SRR37027348	SRR37027348	MO_KC_BlueRiver	2025-09-09
MO_KC_BlueRiver_20250902__SRR37027349	SRR37027349	MO_KC_BlueRiver	2025-09-02
MO_KC_Westside_20251208__SRR37027350	SRR37027350	MO_KC_Westside	2025-12-08
MO_KC_Westside_20251202__SRR37027351	SRR37027351	MO_KC_Westside	2025-12-02
MO_KC_Westside_20251124__SRR37027352	SRR37027352	MO_KC_Westside	2025-11-24
MO_KC_Westside_20251112__SRR37027353	SRR37027353	MO_KC_Westside	2025-11-12
MO_KC_Westside_20251117__SRR37027354	SRR37027354	MO_KC_Westside	2025-11-17
MO_KC_Westside_20251104__SRR37027355	SRR37027355	MO_KC_Westside	2025-11-04
MO_KC_Westside_20251028__SRR37027356	SRR37027356	MO_KC_Westside	2025-10-28
MO_KC_BlueRiver_20250826__SRR37027357	SRR37027357	MO_KC_BlueRiver	2025-08-26
MO_KC_Westside_20251001__SRR37027358	SRR37027358	MO_KC_Westside	2025-10-01
MO_KC_Westside_20251021__SRR37027359	SRR37027359	MO_KC_Westside	2025-10-21
MO_KC_BlueRiver_20251209__SRR37027360	SRR37027360	MO_KC_BlueRiver	2025-12-09
MO_KC_BlueRiver_20251202__SRR37027361	SRR37027361	MO_KC_BlueRiver	2025-12-02
MO_KC_BlueRiver_20251125__SRR37027362	SRR37027362	MO_KC_BlueRiver	2025-11-25
MO_KC_BlueRiver_20251112__SRR37027363	SRR37027363	MO_KC_BlueRiver	2025-11-12
MO_KC_BlueRiver_20251118__SRR37027364	SRR37027364	MO_KC_BlueRiver	2025-11-18
MO_KC_BlueRiver_20251104__SRR37027365	SRR37027365	MO_KC_BlueRiver	2025-11-04
MO_KC_BlueRiver_20251028__SRR37027366	SRR37027366	MO_KC_BlueRiver	2025-10-28
MO_KC_BlueRiver_20251021__SRR37027367	SRR37027367	MO_KC_BlueRiver	2025-10-21
MO_KC_BlueRiver_20250819__SRR37027368	SRR37027368	MO_KC_BlueRiver	2025-08-19
MO_KC_BlueRiver_20250812__SRR37027369	SRR37027369	MO_KC_BlueRiver	2025-08-12
CA_PaloAlto_20251027__SRR37036120	SRR37036120	CA_PaloAlto	2025-10-27
CA_PaloAlto_20251014__SRR37036121	SRR37036121	CA_PaloAlto	2025-10-14
CA_PaloAlto_20251022__SRR37036122	SRR37036122	CA_PaloAlto	2025-10-22
CA_PaloAlto_20251006__SRR37036123	SRR37036123	CA_PaloAlto	2025-10-06
CA_PaloAlto_20250929__SRR37036124	SRR37036124	CA_PaloAlto	2025-09-29
CA_PaloAlto_20250922__SRR37036125	SRR37036125	CA_PaloAlto	2025-09-22
CA_PaloAlto_20250908__SRR37036126	SRR37036126	CA_PaloAlto	2025-09-08
CA_PaloAlto_20250915__SRR37036127	SRR37036127	CA_PaloAlto	2025-09-15
CA_PaloAlto_20251209__SRR37036128	SRR37036128	CA_PaloAlto	2025-12-09
CA_PaloAlto_20251201__SRR37036129	SRR37036129	CA_PaloAlto	2025-12-01
CA_PaloAlto_20251124__SRR37036130	SRR37036130	CA_PaloAlto	2025-11-24
CA_PaloAlto_20251105__SRR37036131	SRR37036131	CA_PaloAlto	2025-11-05
CA_PaloAlto_20251110__SRR37036132	SRR37036132	CA_PaloAlto	2025-11-10
CA_PaloAlto_20250902__SRR37036133	SRR37036133	CA_PaloAlto	2025-09-02
CA_PaloAlto_20250825__SRR37036134	SRR37036134	CA_PaloAlto	2025-08-25
MA_Boston_DITPS_20250806__SRR37059684	SRR37059684	MA_Boston_DITPS	2025-08-06
MA_Boston_DITPS_20250730__SRR37059685	SRR37059685	MA_Boston_DITPS	2025-07-30
MA_Boston_DITPS_20250723__SRR37059686	SRR37059686	MA_Boston_DITPS	2025-07-23
MA_Boston_DITPS_20250716__SRR37059687	SRR37059687	MA_Boston_DITPS	2025-07-16
MA_Boston_DITPS_20250709__SRR37059688	SRR37059688	MA_Boston_DITPS	2025-07-09
MA_Boston_DITPN_20250917__SRR37059690	SRR37059690	MA_Boston_DITPN	2025-09-17
MA_Boston_DITPN_20250924__SRR37059691	SRR37059691	MA_Boston_DITPN	2025-09-24
MA_Boston_DITPN_20250709__SRR37059701	SRR37059701	MA_Boston_DITPN	2025-07-09
MA_Boston_DITPN_20250716__SRR37059702	SRR37059702	MA_Boston_DITPN	2025-07-16
MA_Boston_DITPN_20250723__SRR37059703	SRR37059703	MA_Boston_DITPN	2025-07-23
MA_Boston_DITPN_20251015__SRR37059708	SRR37059708	MA_Boston_DITPN	2025-10-15
MA_Boston_DITPN_20251008__SRR37059709	SRR37059709	MA_Boston_DITPN	2025-10-08
MA_Boston_DITPN_20251001__SRR37059710	SRR37059710	MA_Boston_DITPN	2025-10-01
MA_Boston_DITPS_20251015__SRR37059711	SRR37059711	MA_Boston_DITPS	2025-10-15
MA_Boston_DITPS_20251008__SRR37059712	SRR37059712	MA_Boston_DITPS	2025-10-08
MA_Boston_DITPS_20251001__SRR37059713	SRR37059713	MA_Boston_DITPS	2025-10-01
MA_Boston_DITPS_20250924__SRR37059714	SRR37059714	MA_Boston_DITPS	2025-09-24
MA_Boston_DITPS_20250917__SRR37059715	SRR37059715	MA_Boston_DITPS	2025-09-17
MA_Boston_DITPS_20250910__SRR37059716	SRR37059716	MA_Boston_DITPS	2025-09-10
MA_Boston_DITPS_20250903__SRR37059717	SRR37059717	MA_Boston_DITPS	2025-09-03
MA_Boston_DITPS_20250827__SRR37059718	SRR37059718	MA_Boston_DITPS	2025-08-27
MA_Boston_DITPS_20250820__SRR37059719	SRR37059719	MA_Boston_DITPS	2025-08-20
MA_Boston_DITPS_20250813__SRR37059720	SRR37059720	MA_Boston_DITPS	2025-08-13
MA_Boston_DITPN_20250730__SRR37059721	SRR37059721	MA_Boston_DITPN	2025-07-30
MA_Boston_DITPN_20250806__SRR37059723	SRR37059723	MA_Boston_DITPN	2025-08-06
MA_Boston_DITPN_20250813__SRR37059724	SRR37059724	MA_Boston_DITPN	2025-08-13
MA_Boston_DITPN_20250820__SRR37059725	SRR37059725	MA_Boston_DITPN	2025-08-20
MA_Boston_DITPN_20250827__SRR37059726	SRR37059726	MA_Boston_DITPN	2025-08-27
MA_Boston_DITPN_20250903__SRR37059727	SRR37059727	MA_Boston_DITPN	2025-09-03
MA_Boston_DITPN_20250910__SRR37059728	SRR37059728	MA_Boston_DITPN	2025-09-10
MA_Boston_DITPN_20251029__SRR37059979	SRR37059979	MA_Boston_DITPN	2025-10-29
MA_Boston_DITPN_20251105__SRR37059980	SRR37059980	MA_Boston_DITPN	2025-11-05
MA_Boston_DITPN_20251112__SRR37059981	SRR37059981	MA_Boston_DITPN	2025-11-12
MA_Boston_DITPS_20251126__SRR37059982	SRR37059982	MA_Boston_DITPS	2025-11-26
MA_Boston_DITPN_20251022__SRR37059990	SRR37059990	MA_Boston_DITPN	2025-10-22
MA_Boston_DITPN_20251119__SRR37059991	SRR37059991	MA_Boston_DITPN	2025-11-19
MA_Boston_DITPN_20251126__SRR37059992	SRR37059992	MA_Boston_DITPN	2025-11-26
MA_Boston_DITPN_20251203__SRR37059993	SRR37059993	MA_Boston_DITPN	2025-12-03
MA_Boston_DITPN_20251210__SRR37059994	SRR37059994	MA_Boston_DITPN	2025-12-10
MA_Boston_DITPS_20251022__SRR37059996	SRR37059996	MA_Boston_DITPS	2025-10-22
MA_Boston_DITPS_20251029__SRR37059997	SRR37059997	MA_Boston_DITPS	2025-10-29
MA_Boston_DITPS_20251105__SRR37059998	SRR37059998	MA_Boston_DITPS	2025-11-05
MA_Boston_DITPS_20251112__SRR37059999	SRR37059999	MA_Boston_DITPS	2025-11-12
MA_Boston_DITPS_20251119__SRR37060000	SRR37060000	MA_Boston_DITPS	2025-11-19
MA_Boston_DITPS_20251203__SRR37060001	SRR37060001	MA_Boston_DITPS	2025-12-03
MA_Boston_DITPS_20251210__SRR37060002	SRR37060002	MA_Boston_DITPS	2025-12-10
MA_Boston_DITPN_20250423__SRR37076033	SRR37076033	MA_Boston_DITPN	2025-04-23
MA_Boston_DITPN_20250430__SRR37076034	SRR37076034	MA_Boston_DITPN	2025-04-30
MA_Boston_DITPN_20250507__SRR37076035	SRR37076035	MA_Boston_DITPN	2025-05-07
MA_Boston_DITPN_20250514__SRR37076036	SRR37076036	MA_Boston_DITPN	2025-05-14
MA_Boston_DITPN_20250521__SRR37076037	SRR37076037	MA_Boston_DITPN	2025-05-21
MA_Boston_DITPN_20250528__SRR37076038	SRR37076038	MA_Boston_DITPN	2025-05-28
MA_Boston_DITPN_20250409__SRR37076039	SRR37076039	MA_Boston_DITPN	2025-04-09
MA_Boston_DITPS_20250702__SRR37076040	SRR37076040	MA_Boston_DITPS	2025-07-02
MA_Boston_DITPS_20250625__SRR37076041	SRR37076041	MA_Boston_DITPS	2025-06-25
MA_Boston_DITPS_20250618__SRR37076042	SRR37076042	MA_Boston_DITPS	2025-06-18
MA_Boston_DITPS_20250611__SRR37076043	SRR37076043	MA_Boston_DITPS	2025-06-11
MA_Boston_DITPS_20250604__SRR37076044	SRR37076044	MA_Boston_DITPS	2025-06-04
MA_Boston_DITPS_20250528__SRR37076045	SRR37076045	MA_Boston_DITPS	2025-05-28
MA_Boston_DITPS_20250521__SRR37076046	SRR37076046	MA_Boston_DITPS	2025-05-21
MA_Boston_DITPS_20250514__SRR37076047	SRR37076047	MA_Boston_DITPS	2025-05-14
MA_Boston_DITPS_20250507__SRR37076048	SRR37076048	MA_Boston_DITPS	2025-05-07
MA_Boston_DITPN_20250402__SRR37076049	SRR37076049	MA_Boston_DITPN	2025-04-02
MA_Boston_DITPS_20250430__SRR37076050	SRR37076050	MA_Boston_DITPS	2025-04-30
MA_Boston_DITPS_20250423__SRR37076051	SRR37076051	MA_Boston_DITPS	2025-04-23
MA_Boston_DITPS_20250409__SRR37076052	SRR37076052	MA_Boston_DITPS	2025-04-09
MA_Boston_DITPS_20250402__SRR37076053	SRR37076053	MA_Boston_DITPS	2025-04-02
MA_Boston_DITPS_20250319__SRR37076054	SRR37076054	MA_Boston_DITPS	2025-03-19
MA_Boston_DITPS_20250326__SRR37076055	SRR37076055	MA_Boston_DITPS	2025-03-26
MA_Boston_DITPN_20250702__SRR37076056	SRR37076056	MA_Boston_DITPN	2025-07-02
MA_Boston_DITPN_20250625__SRR37076057	SRR37076057	MA_Boston_DITPN	2025-06-25
MA_Boston_DITPN_20250618__SRR37076058	SRR37076058	MA_Boston_DITPN	2025-06-18
MA_Boston_DITPN_20250604__SRR37076059	SRR37076059	MA_Boston_DITPN	2025-06-04
MA_Boston_DITPN_20250611__SRR37076060	SRR37076060	MA_Boston_DITPN	2025-06-11
MA_Boston_DITPN_20250326__SRR37076061	SRR37076061	MA_Boston_DITPN	2025-03-26
MA_Boston_DITPN_20250319__SRR37076062	SRR37076062	MA_Boston_DITPN	2025-03-19
CHI-D2_20251228__SRR37089570	SRR37089570	CHI-D2	2025-12-28
CHI-D2_20260104__SRR37089571	SRR37089571	CHI-D2	2026-01-04
CHI-A_20251228__SRR37089572	SRR37089572	CHI-A	2025-12-28
CHI-A_20260104__SRR37089573	SRR37089573	CHI-A	2026-01-04
CHI-B_20251207__SRR37089574	SRR37089574	CHI-B	2025-12-07
CHI-B_20251214__SRR37089575	SRR37089575	CHI-B	2025-12-14
CHI-B_20251221__SRR37089576	SRR37089576	CHI-B	2025-12-21
CHI-B_20251228__SRR37089577	SRR37089577	CHI-B	2025-12-28
CHI-A_20251221__SRR37089578	SRR37089578	CHI-A	2025-12-21
CHI-B_20260104__SRR37089579	SRR37089579	CHI-B	2026-01-04
CHI-D2_20251207__SRR37089580	SRR37089580	CHI-D2	2025-12-07
CHI-D2_20251214__SRR37089581	SRR37089581	CHI-D2	2025-12-14
CHI-D2_20251221__SRR37089582	SRR37089582	CHI-D2	2025-12-21
CHI-D1_20251228__SRR37089583	SRR37089583	CHI-D1	2025-12-28
CHI-D1_20260104__SRR37089584	SRR37089584	CHI-D1	2026-01-04
CHI-D1_20251221__SRR37089585	SRR37089585	CHI-D1	2025-12-21
CHI-D1_20251214__SRR37089586	SRR37089586	CHI-D1	2025-12-14
CHI-D1_20251207__SRR37089587	SRR37089587	CHI-D1	2025-12-07
CHI-C_20251229__SRR37089588	SRR37089588	CHI-C	2025-12-29
CHI-C_20260105__SRR37089589	SRR37089589	CHI-C	2026-01-05
CHI-C_20251222__SRR37089590	SRR37089590	CHI-C	2025-12-22
CHI-C_20251215__SRR37089591	SRR37089591	CHI-C	2025-12-15
CHI-C_20251208__SRR37089592	SRR37089592	CHI-C	2025-12-08
CHI-A_20251214__SRR37089593	SRR37089593	CHI-A	2025-12-14
CHI-A_20251207__SRR37089594	SRR37089594	CHI-A	2025-12-07
IA_Ottumwa_20251231__SRR37092398	SRR37092398	IA_Ottumwa	2025-12-31
IA_Ottumwa_20251222__SRR37092399	SRR37092399	IA_Ottumwa	2025-12-22
IA_Ottumwa_20251217__SRR37092400	SRR37092400	IA_Ottumwa	2025-12-17
CA_Sacramento_20251229__SRR37092401	SRR37092401	CA_Sacramento	2025-12-29
CA_Sacramento_20251224__SRR37092402	SRR37092402	CA_Sacramento	2025-12-24
CA_Riverside_20251229__SRR37092403	SRR37092403	CA_Riverside	2025-12-29
CA_Riverside_20251222__SRR37092404	SRR37092404	CA_Riverside	2025-12-22
Southern_California_20251231__SRR37092405	SRR37092405	Southern_California	2025-12-31
Southern_California_20251228__SRR37092406	SRR37092406	Southern_California	2025-12-28
Southern_California_20251224__SRR37092407	SRR37092407	Southern_California	2025-12-24
Southern_California_20251221__SRR37092408	SRR37092408	Southern_California	2025-12-21
CA_Riverside_20251218__SRR37092409	SRR37092409	CA_Riverside	2025-12-18
Southern_California_20251217__SRR37092410	SRR37092410	Southern_California	2025-12-17
Southern_California_20251214__SRR37092411	SRR37092411	Southern_California	2025-12-14
Southern_California_20251210__SRR37092412	SRR37092412	Southern_California	2025-12-10
MO_Monett_20251229__SRR37092413	SRR37092413	MO_Monett	2025-12-29
MO_Columbia_20251230__SRR37092414	SRR37092414	MO_Columbia	2025-12-30
MO_Monett_20251222__SRR37092415	SRR37092415	MO_Monett	2025-12-22
MO_Columbia_20251223__SRR37092416	SRR37092416	MO_Columbia	2025-12-23
MO_Columbia_20251216__SRR37092417	SRR37092417	MO_Columbia	2025-12-16
ID_Boise_20251229__SRR37092418	SRR37092418	ID_Boise	2025-12-29
ID_Boise_20251215__SRR37092419	SRR37092419	ID_Boise	2025-12-15
ID_Boise_20251222__SRR37092420	SRR37092420	ID_Boise	2025-12-22
CA_Riverside_20251217__SRR37092421	SRR37092421	CA_Riverside	2025-12-17
CA_Riverside_20251215__SRR37092422	SRR37092422	CA_Riverside	2025-12-15
MO_Columbia_20250729__SRR37092442	SRR37092442	MO_Columbia	2025-07-29
MO_Columbia_20250805__SRR37092443	SRR37092443	MO_Columbia	2025-08-05
MO_Columbia_20250812__SRR37092444	SRR37092444	MO_Columbia	2025-08-12
MO_Columbia_20250819__SRR37092445	SRR37092445	MO_Columbia	2025-08-19
MO_Columbia_20250722__SRR37092446	SRR37092446	MO_Columbia	2025-07-22
MO_Columbia_20250715__SRR37092448	SRR37092448	MO_Columbia	2025-07-15
MO_Columbia_20251208__SRR37092449	SRR37092449	MO_Columbia	2025-12-08
MO_Columbia_20251204__SRR37092450	SRR37092450	MO_Columbia	2025-12-04
MO_Columbia_20251125__SRR37092451	SRR37092451	MO_Columbia	2025-11-25
MO_Columbia_20251112__SRR37092452	SRR37092452	MO_Columbia	2025-11-12
MO_Columbia_20251118__SRR37092453	SRR37092453	MO_Columbia	2025-11-18
MO_Columbia_20251104__SRR37092454	SRR37092454	MO_Columbia	2025-11-04
MO_Columbia_20250708__SRR37092455	SRR37092455	MO_Columbia	2025-07-08
MO_Columbia_20251028__SRR37092456	SRR37092456	MO_Columbia	2025-10-28
MO_Columbia_20251014__SRR37092457	SRR37092457	MO_Columbia	2025-10-14
MO_Columbia_20251021__SRR37092458	SRR37092458	MO_Columbia	2025-10-21
MO_Columbia_20251007__SRR37092459	SRR37092459	MO_Columbia	2025-10-07
MO_Columbia_20250930__SRR37092460	SRR37092460	MO_Columbia	2025-09-30
MO_Columbia_20250923__SRR37092461	SRR37092461	MO_Columbia	2025-09-23
MO_Columbia_20250910__SRR37092462	SRR37092462	MO_Columbia	2025-09-10
MO_Columbia_20250916__SRR37092463	SRR37092463	MO_Columbia	2025-09-16
MO_Columbia_20250902__SRR37092464	SRR37092464	MO_Columbia	2025-09-02
MO_Columbia_20250826__SRR37092465	SRR37092465	MO_Columbia	2025-08-26
MO_Columbia_20250701__SRR37092466	SRR37092466	MO_Columbia	2025-07-01
MO_Columbia_20231226__SRR37092467	SRR37092467	MO_Columbia	2023-12-26
FL_Miami_20260112__SRR37181150	SRR37181150	FL_Miami	2026-01-12
MO_KC_Westside_20260113__SRR37181151	SRR37181151	MO_KC_Westside	2026-01-13
CA_PaloAlto_20260120__SRR37181152	SRR37181152	CA_PaloAlto	2026-01-20
CA_PaloAlto_20260112__SRR37181153	SRR37181153	CA_PaloAlto	2026-01-12
CA_PaloAlto_20251229__SRR37181154	SRR37181154	CA_PaloAlto	2025-12-29
CA_PaloAlto_20260106__SRR37181155	SRR37181155	CA_PaloAlto	2026-01-06
CA_PaloAlto_20251222__SRR37181156	SRR37181156	CA_PaloAlto	2025-12-22
OK-B_20260113__SRR37181157	SRR37181157	OK-B	2026-01-13
OK-B_20251230__SRR37181158	SRR37181158	OK-B	2025-12-30
OK-B_20251223__SRR37181159	SRR37181159	OK-B	2025-12-23
MO_KC_Westside_20260105__SRR37181160	SRR37181160	MO_KC_Westside	2026-01-05
OK-B_20251216__SRR37181161	SRR37181161	OK-B	2025-12-16
FL_Miami_20251229__SRR37181162	SRR37181162	FL_Miami	2025-12-29
MO_KC_Westside_20251229__SRR37181163	SRR37181163	MO_KC_Westside	2025-12-29
MO_KC_Westside_20251223__SRR37181164	SRR37181164	MO_KC_Westside	2025-12-23
MO_KC_BlueRiver_20260120__SRR37181165	SRR37181165	MO_KC_BlueRiver	2026-01-20
MO_KC_Westside_20251215__SRR37181166	SRR37181166	MO_KC_Westside	2025-12-15
MO_KC_BlueRiver_20260113__SRR37181167	SRR37181167	MO_KC_BlueRiver	2026-01-13
MO_KC_BlueRiver_20260106__SRR37181168	SRR37181168	MO_KC_BlueRiver	2026-01-06
MO_KC_BlueRiver_20251230__SRR37181169	SRR37181169	MO_KC_BlueRiver	2025-12-30
MO_KC_BlueRiver_20251216__SRR37181170	SRR37181170	MO_KC_BlueRiver	2025-12-16
MO_KC_BlueRiver_20251223__SRR37181171	SRR37181171	MO_KC_BlueRiver	2025-12-23
FL_Miami_20260119__SRR37181172	SRR37181172	FL_Miami	2026-01-19
FL_Miami_20251222__SRR37181173	SRR37181173	FL_Miami	2025-12-22
FL_Miami_20251209__SRR37181174	SRR37181174	FL_Miami	2025-12-09
OK-A_20260113__SRR37181175	SRR37181175	OK-A	2026-01-13
OK-A_20251230__SRR37181176	SRR37181176	OK-A	2025-12-30
OK-A_20251223__SRR37181177	SRR37181177	OK-A	2025-12-23
CA_PaloAlto_20251216__SRR37181178	SRR37181178	CA_PaloAlto	2025-12-16
OK-A_20251216__SRR37181179	SRR37181179	OK-A	2025-12-16
NYC-Hospital-B_20260113__SRR37181180	SRR37181180	NYC-Hospital-B	2026-01-13
NYC-Hospital-B_20260106__SRR37181181	SRR37181181	NYC-Hospital-B	2026-01-06
NYC-Hospital-B_20251230__SRR37181182	SRR37181182	NYC-Hospital-B	2025-12-30
NYC-Hospital-B_20251222__SRR37181183	SRR37181183	NYC-Hospital-B	2025-12-22
NYC-Hospital-B_20251216__SRR37181184	SRR37181184	NYC-Hospital-B	2025-12-16
MO_KC_Westside_20260119__SRR37181185	SRR37181185	MO_KC_Westside	2026-01-19
NYC-Hospital-B_20251210__SRR37181186	SRR37181186	NYC-Hospital-B	2025-12-10
CA_Ontario_20260120__SRR37192081	SRR37192081	CA_Ontario	2026-01-20
CA_Ontario_20260112__SRR37192082	SRR37192082	CA_Ontario	2026-01-12
CA_Ontario_20260105__SRR37192083	SRR37192083	CA_Ontario	2026-01-05
CA_Ontario_20251229__SRR37192084	SRR37192084	CA_Ontario	2025-12-29
CA_Ontario_20251215__SRR37192085	SRR37192085	CA_Ontario	2025-12-15
MA_Boston_DITPN_20251112__SRR37367513	SRR37367513	MA_Boston_DITPN	2025-11-12
MA_Boston_DITPN_20251105__SRR37367514	SRR37367514	MA_Boston_DITPN	2025-11-05
MA_Boston_DITPN_20251029__SRR37367515	SRR37367515	MA_Boston_DITPN	2025-10-29
MA_Boston_DITPN_20251022__SRR37367516	SRR37367516	MA_Boston_DITPN	2025-10-22
MA_Boston_DITPN_20251015__SRR37367517	SRR37367517	MA_Boston_DITPN	2025-10-15
MA_Boston_DITPN_20251008__SRR37367518	SRR37367518	MA_Boston_DITPN	2025-10-08
MA_Boston_DITPN_20251210__SRR37367519	SRR37367519	MA_Boston_DITPN	2025-12-10
MA_Boston_DITPS_20251203__SRR37367520	SRR37367520	MA_Boston_DITPS	2025-12-03
MA_Boston_DITPS_20250430__SRR37367521	SRR37367521	MA_Boston_DITPS	2025-04-30
MA_Boston_DITPN_20250917__SRR37367522	SRR37367522	MA_Boston_DITPN	2025-09-17
MA_Boston_DITPN_20250910__SRR37367523	SRR37367523	MA_Boston_DITPN	2025-09-10
MA_Boston_DITPN_20250903__SRR37367524	SRR37367524	MA_Boston_DITPN	2025-09-03
MA_Boston_DITPN_20250827__SRR37367525	SRR37367525	MA_Boston_DITPN	2025-08-27
MA_Boston_DITPN_20250820__SRR37367526	SRR37367526	MA_Boston_DITPN	2025-08-20
MA_Boston_DITPN_20250813__SRR37367527	SRR37367527	MA_Boston_DITPN	2025-08-13
MA_Boston_DITPN_20250806__SRR37367528	SRR37367528	MA_Boston_DITPN	2025-08-06
MA_Boston_DITPN_20250423__SRR37367529	SRR37367529	MA_Boston_DITPN	2025-04-23
MA_Boston_DITPN_20250730__SRR37367530	SRR37367530	MA_Boston_DITPN	2025-07-30
MA_Boston_DITPS_20250611__SRR37367531	SRR37367531	MA_Boston_DITPS	2025-06-11
MA_Boston_DITPN_20250611__SRR37367532	SRR37367532	MA_Boston_DITPN	2025-06-11
MA_Boston_DITPS_20250604__SRR37367533	SRR37367533	MA_Boston_DITPS	2025-06-04
MA_Boston_DITPN_20250604__SRR37367534	SRR37367534	MA_Boston_DITPN	2025-06-04
MA_Boston_DITPS_20250409__SRR37367535	SRR37367535	MA_Boston_DITPS	2025-04-09
MA_Boston_DITPN_20250409__SRR37367536	SRR37367536	MA_Boston_DITPN	2025-04-09
MA_Boston_DITPN_20250409__SRR37367537	SRR37367537	MA_Boston_DITPN	2025-04-09
MA_Boston_DITPS_20250402__SRR37367538	SRR37367538	MA_Boston_DITPS	2025-04-02
MA_Boston_DITPS_20250402__SRR37367539	SRR37367539	MA_Boston_DITPS	2025-04-02
MA_Boston_DITPN_20250402__SRR37367540	SRR37367540	MA_Boston_DITPN	2025-04-02
MA_Boston_DITPS_20251217__SRR37367541	SRR37367541	MA_Boston_DITPS	2025-12-17
MA_Boston_DITPS_20251223__SRR37367542	SRR37367542	MA_Boston_DITPS	2025-12-23
MA_Boston_DITPS_20250528__SRR37367543	SRR37367543	MA_Boston_DITPS	2025-05-28
MA_Boston_DITPN_20250326__SRR37367544	SRR37367544	MA_Boston_DITPN	2025-03-26
MA_Boston_DITPN_20250326__SRR37367545	SRR37367545	MA_Boston_DITPN	2025-03-26
NYC-Hospital-A_20251204__SRR37367546	SRR37367546	NYC-Hospital-A	2025-12-04
NYC-Hospital-A_20251211__SRR37367547	SRR37367547	NYC-Hospital-A	2025-12-11
NYC-Hospital-A_20251219__SRR37367548	SRR37367548	NYC-Hospital-A	2025-12-19
MA_Boston_DITPN_20250723__SRR37367549	SRR37367549	MA_Boston_DITPN	2025-07-23
MA_Boston_DITPN_20250716__SRR37367550	SRR37367550	MA_Boston_DITPN	2025-07-16
MA_Boston_DITPN_20250507__SRR37367551	SRR37367551	MA_Boston_DITPN	2025-05-07
MA_Boston_DITPN_20250709__SRR37367552	SRR37367552	MA_Boston_DITPN	2025-07-09
MA_Boston_DITPS_20251230__SRR37367553	SRR37367553	MA_Boston_DITPS	2025-12-30
MA_Boston_DITPN_20251230__SRR37367554	SRR37367554	MA_Boston_DITPN	2025-12-30
MA_Boston_DITPS_20251223__SRR37367555	SRR37367555	MA_Boston_DITPS	2025-12-23
MA_Boston_DITPN_20251223__SRR37367556	SRR37367556	MA_Boston_DITPN	2025-12-23
MA_Boston_DITPS_20251217__SRR37367557	SRR37367557	MA_Boston_DITPS	2025-12-17
MA_Boston_DITPN_20251217__SRR37367558	SRR37367558	MA_Boston_DITPN	2025-12-17
MA_Boston_DITPS_20251210__SRR37367559	SRR37367559	MA_Boston_DITPS	2025-12-10
MA_Boston_DITPS_20251001__SRR37367560	SRR37367560	MA_Boston_DITPS	2025-10-01
MA_Boston_DITPN_20251001__SRR37367561	SRR37367561	MA_Boston_DITPN	2025-10-01
MA_Boston_DITPS_20250423__SRR37367562	SRR37367562	MA_Boston_DITPS	2025-04-23
MA_Boston_DITPN_20251203__SRR37367563	SRR37367563	MA_Boston_DITPN	2025-12-03
MA_Boston_DITPS_20251126__SRR37367564	SRR37367564	MA_Boston_DITPS	2025-11-26
MA_Boston_DITPN_20251126__SRR37367565	SRR37367565	MA_Boston_DITPN	2025-11-26
MA_Boston_DITPS_20251119__SRR37367566	SRR37367566	MA_Boston_DITPS	2025-11-19
MA_Boston_DITPN_20251119__SRR37367567	SRR37367567	MA_Boston_DITPN	2025-11-19
MA_Boston_DITPS_20251112__SRR37367568	SRR37367568	MA_Boston_DITPS	2025-11-12
MA_Boston_DITPN_20251112__SRR37367569	SRR37367569	MA_Boston_DITPN	2025-11-12
NYC-Hospital-A_20251223__SRR37367570	SRR37367570	NYC-Hospital-A	2025-12-23
FL_Miami_20251111__SRR37367571	SRR37367571	FL_Miami	2025-11-11
NYC-Hospital-C_20251204__SRR37367572	SRR37367572	NYC-Hospital-C	2025-12-04
NYC-Hospital-C_20251210__SRR37367573	SRR37367573	NYC-Hospital-C	2025-12-10
NYC-Hospital-C_20251217__SRR37367574	SRR37367574	NYC-Hospital-C	2025-12-17
NYC-Hospital-C_20251222__SRR37367575	SRR37367575	NYC-Hospital-C	2025-12-22
MA_Boston_DITPN_20250528__SRR37367576	SRR37367576	MA_Boston_DITPN	2025-05-28
NYC-Hospital-D_20251125__SRR37367577	SRR37367577	NYC-Hospital-D	2025-11-25
NYC-Hospital-D_20251202__SRR37367578	SRR37367578	NYC-Hospital-D	2025-12-02
MA_Boston_DITPS_20250409__SRR37367579	SRR37367579	MA_Boston_DITPS	2025-04-09
NYC-Hospital-D_20251209__SRR37367580	SRR37367580	NYC-Hospital-D	2025-12-09
NYC-Hospital-D_20251210__SRR37367581	SRR37367581	NYC-Hospital-D	2025-12-10
NYC-Hospital-D_20251217__SRR37367582	SRR37367582	NYC-Hospital-D	2025-12-17
NYC-Hospital-D_20251223__SRR37367583	SRR37367583	NYC-Hospital-D	2025-12-23
MA_Boston_DITPS_20251105__SRR37367584	SRR37367584	MA_Boston_DITPS	2025-11-05
MA_Boston_DITPN_20251105__SRR37367585	SRR37367585	MA_Boston_DITPN	2025-11-05
MA_Boston_DITPN_20250430__SRR37367586	SRR37367586	MA_Boston_DITPN	2025-04-30
MA_Boston_DITPS_20251029__SRR37367587	SRR37367587	MA_Boston_DITPS	2025-10-29
MA_Boston_DITPN_20251029__SRR37367588	SRR37367588	MA_Boston_DITPN	2025-10-29
MA_Boston_DITPS_20251022__SRR37367589	SRR37367589	MA_Boston_DITPS	2025-10-22
MA_Boston_DITPN_20251022__SRR37367590	SRR37367590	MA_Boston_DITPN	2025-10-22
MA_Boston_DITPS_20251015__SRR37367591	SRR37367591	MA_Boston_DITPS	2025-10-15
MA_Boston_DITPN_20251015__SRR37367592	SRR37367592	MA_Boston_DITPN	2025-10-15
MA_Boston_DITPS_20251008__SRR37367593	SRR37367593	MA_Boston_DITPS	2025-10-08
MA_Boston_DITPN_20251008__SRR37367594	SRR37367594	MA_Boston_DITPN	2025-10-08
MA_Boston_DITPS_20250423__SRR37367595	SRR37367595	MA_Boston_DITPS	2025-04-23
MA_Boston_DITPS_20250924__SRR37367596	SRR37367596	MA_Boston_DITPS	2025-09-24
MA_Boston_DITPN_20250924__SRR37367597	SRR37367597	MA_Boston_DITPN	2025-09-24
MA_Boston_DITPS_20250917__SRR37367598	SRR37367598	MA_Boston_DITPS	2025-09-17
MA_Boston_DITPN_20250917__SRR37367599	SRR37367599	MA_Boston_DITPN	2025-09-17
MA_Boston_DITPS_20250910__SRR37367600	SRR37367600	MA_Boston_DITPS	2025-09-10
MA_Boston_DITPN_20250910__SRR37367601	SRR37367601	MA_Boston_DITPN	2025-09-10
MA_Boston_DITPS_20250903__SRR37367602	SRR37367602	MA_Boston_DITPS	2025-09-03
MA_Boston_DITPN_20250903__SRR37367603	SRR37367603	MA_Boston_DITPN	2025-09-03
MA_Boston_DITPS_20250827__SRR37367604	SRR37367604	MA_Boston_DITPS	2025-08-27
MA_Boston_DITPN_20250827__SRR37367605	SRR37367605	MA_Boston_DITPN	2025-08-27
MA_Boston_DITPN_20250319__SRR37367606	SRR37367606	MA_Boston_DITPN	2025-03-19
MA_Boston_DITPS_20250319__SRR37367607	SRR37367607	MA_Boston_DITPS	2025-03-19
MA_Boston_DITPS_20251126__SRR37367608	SRR37367608	MA_Boston_DITPS	2025-11-26
MA_Boston_DITPS_20251203__SRR37367609	SRR37367609	MA_Boston_DITPS	2025-12-03
MA_Boston_DITPS_20251210__SRR37367610	SRR37367610	MA_Boston_DITPS	2025-12-10
MA_Boston_DITPS_20250521__SRR37367611	SRR37367611	MA_Boston_DITPS	2025-05-21
MA_Boston_DITPS_20251230__SRR37367612	SRR37367612	MA_Boston_DITPS	2025-12-30
MO_Milan_20251217__SRR37367613	SRR37367613	MO_Milan	2025-12-17
MA_Boston_DITPS_20251119__SRR37367614	SRR37367614	MA_Boston_DITPS	2025-11-19
MA_Boston_DITPS_20251112__SRR37367615	SRR37367615	MA_Boston_DITPS	2025-11-12
MA_Boston_DITPS_20251105__SRR37367616	SRR37367616	MA_Boston_DITPS	2025-11-05
MA_Boston_DITPS_20251029__SRR37367617	SRR37367617	MA_Boston_DITPS	2025-10-29
MA_Boston_DITPS_20251022__SRR37367618	SRR37367618	MA_Boston_DITPS	2025-10-22
MA_Boston_DITPN_20250521__SRR37367619	SRR37367619	MA_Boston_DITPN	2025-05-21
MA_Boston_DITPS_20251015__SRR37367620	SRR37367620	MA_Boston_DITPS	2025-10-15
MA_Boston_DITPS_20251008__SRR37367621	SRR37367621	MA_Boston_DITPS	2025-10-08
MA_Boston_DITPS_20251001__SRR37367622	SRR37367622	MA_Boston_DITPS	2025-10-01
MA_Boston_DITPN_20251001__SRR37367623	SRR37367623	MA_Boston_DITPN	2025-10-01
MA_Boston_DITPS_20250924__SRR37367624	SRR37367624	MA_Boston_DITPS	2025-09-24
MA_Boston_DITPN_20250924__SRR37367625	SRR37367625	MA_Boston_DITPN	2025-09-24
MA_Boston_DITPS_20250507__SRR37367626	SRR37367626	MA_Boston_DITPS	2025-05-07
MA_Boston_DITPN_20251126__SRR37367627	SRR37367627	MA_Boston_DITPN	2025-11-26
MA_Boston_DITPS_20250423__SRR37367628	SRR37367628	MA_Boston_DITPS	2025-04-23
MA_Boston_DITPN_20251119__SRR37367629	SRR37367629	MA_Boston_DITPN	2025-11-19
MA_Boston_DITPS_20250820__SRR37367630	SRR37367630	MA_Boston_DITPS	2025-08-20
MA_Boston_DITPN_20250820__SRR37367631	SRR37367631	MA_Boston_DITPN	2025-08-20
MA_Boston_DITPS_20250813__SRR37367632	SRR37367632	MA_Boston_DITPS	2025-08-13
MA_Boston_DITPN_20250813__SRR37367633	SRR37367633	MA_Boston_DITPN	2025-08-13
MA_Boston_DITPS_20250806__SRR37367634	SRR37367634	MA_Boston_DITPS	2025-08-06
MA_Boston_DITPN_20250806__SRR37367635	SRR37367635	MA_Boston_DITPN	2025-08-06
MA_Boston_DITPS_20250730__SRR37367636	SRR37367636	MA_Boston_DITPS	2025-07-30
MA_Boston_DITPN_20250730__SRR37367637	SRR37367637	MA_Boston_DITPN	2025-07-30
MA_Boston_DITPS_20250723__SRR37367638	SRR37367638	MA_Boston_DITPS	2025-07-23
MA_Boston_DITPN_20250723__SRR37367639	SRR37367639	MA_Boston_DITPN	2025-07-23
MA_Boston_DITPN_20250402__SRR37367640	SRR37367640	MA_Boston_DITPN	2025-04-02
MA_Boston_DITPS_20250326__SRR37367641	SRR37367641	MA_Boston_DITPS	2025-03-26
MA_Boston_DITPS_20250326__SRR37367642	SRR37367642	MA_Boston_DITPS	2025-03-26
MA_Boston_DITPS_20250716__SRR37367643	SRR37367643	MA_Boston_DITPS	2025-07-16
MA_Boston_DITPN_20250716__SRR37367644	SRR37367644	MA_Boston_DITPN	2025-07-16
MA_Boston_DITPS_20250709__SRR37367645	SRR37367645	MA_Boston_DITPS	2025-07-09
MA_Boston_DITPN_20250709__SRR37367646	SRR37367646	MA_Boston_DITPN	2025-07-09
MA_Boston_DITPS_20250702__SRR37367647	SRR37367647	MA_Boston_DITPS	2025-07-02
MA_Boston_DITPN_20250702__SRR37367648	SRR37367648	MA_Boston_DITPN	2025-07-02
MA_Boston_DITPS_20250625__SRR37367649	SRR37367649	MA_Boston_DITPS	2025-06-25
MA_Boston_DITPN_20250625__SRR37367650	SRR37367650	MA_Boston_DITPN	2025-06-25
MA_Boston_DITPS_20250618__SRR37367651	SRR37367651	MA_Boston_DITPS	2025-06-18
MA_Boston_DITPN_20250618__SRR37367652	SRR37367652	MA_Boston_DITPN	2025-06-18
MA_Boston_DITPS_20250917__SRR37367653	SRR37367653	MA_Boston_DITPS	2025-09-17
MA_Boston_DITPS_20250910__SRR37367654	SRR37367654	MA_Boston_DITPS	2025-09-10
MA_Boston_DITPS_20250903__SRR37367655	SRR37367655	MA_Boston_DITPS	2025-09-03
MA_Boston_DITPS_20250827__SRR37367656	SRR37367656	MA_Boston_DITPS	2025-08-27
MA_Boston_DITPS_20250820__SRR37367657	SRR37367657	MA_Boston_DITPS	2025-08-20
MA_Boston_DITPS_20250813__SRR37367658	SRR37367658	MA_Boston_DITPS	2025-08-13
MA_Boston_DITPS_20250514__SRR37367659	SRR37367659	MA_Boston_DITPS	2025-05-14
MA_Boston_DITPS_20250806__SRR37367660	SRR37367660	MA_Boston_DITPS	2025-08-06
MA_Boston_DITPS_20250730__SRR37367661	SRR37367661	MA_Boston_DITPS	2025-07-30
MA_Boston_DITPS_20250723__SRR37367662	SRR37367662	MA_Boston_DITPS	2025-07-23
MA_Boston_DITPS_20250716__SRR37367663	SRR37367663	MA_Boston_DITPS	2025-07-16
MA_Boston_DITPS_20250709__SRR37367664	SRR37367664	MA_Boston_DITPS	2025-07-09
MA_Boston_DITPN_20251230__SRR37367665	SRR37367665	MA_Boston_DITPN	2025-12-30
MA_Boston_DITPN_20251223__SRR37367666	SRR37367666	MA_Boston_DITPN	2025-12-23
MA_Boston_DITPN_20251217__SRR37367667	SRR37367667	MA_Boston_DITPN	2025-12-17
MA_Boston_DITPN_20251210__SRR37367668	SRR37367668	MA_Boston_DITPN	2025-12-10
MA_Boston_DITPN_20251203__SRR37367669	SRR37367669	MA_Boston_DITPN	2025-12-03
MA_Boston_DITPN_20250514__SRR37367670	SRR37367670	MA_Boston_DITPN	2025-05-14
MA_Boston_DITPN_20250423__SRR37367671	SRR37367671	MA_Boston_DITPN	2025-04-23
MA_Boston_DITPN_20250423__SRR37367672	SRR37367672	MA_Boston_DITPN	2025-04-23
CHI-D2_20250921__SRR37428182	SRR37428182	CHI-D2	2025-09-21
CHI-D1_20250420__SRR37428183	SRR37428183	CHI-D1	2025-04-20
CHI-D1_20250518__SRR37428184	SRR37428184	CHI-D1	2025-05-18
CHI-D1_20250511__SRR37428185	SRR37428185	CHI-D1	2025-05-11
CHI-D1_20250504__SRR37428186	SRR37428186	CHI-D1	2025-05-04
CHI-D1_20250427__SRR37428187	SRR37428187	CHI-D1	2025-04-27
CHI-D2_20251005__SRR37428188	SRR37428188	CHI-D2	2025-10-05
CHI-D2_20250928__SRR37428189	SRR37428189	CHI-D2	2025-09-28
CHI-D2_20250914__SRR37428190	SRR37428190	CHI-D2	2025-09-14
CHI-D2_20250907__SRR37428191	SRR37428191	CHI-D2	2025-09-07
CHI-D1_20250727__SRR37428192	SRR37428192	CHI-D1	2025-07-27
CHI-D1_20250803__SRR37428193	SRR37428193	CHI-D1	2025-08-03
CHI-D1_20250810__SRR37428194	SRR37428194	CHI-D1	2025-08-10
CHI-D2_20250803__SRR37428195	SRR37428195	CHI-D2	2025-08-03
CHI-D2_20250831__SRR37428196	SRR37428196	CHI-D2	2025-08-31
CHI-D2_20250826__SRR37428197	SRR37428197	CHI-D2	2025-08-26
CHI-D2_20250817__SRR37428198	SRR37428198	CHI-D2	2025-08-17
CHI-D2_20250525__SRR37428199	SRR37428199	CHI-D2	2025-05-25
CHI-D2_20250518__SRR37428200	SRR37428200	CHI-D2	2025-05-18
CHI-D2_20250511__SRR37428201	SRR37428201	CHI-D2	2025-05-11
CHI-D2_20250706__SRR37428202	SRR37428202	CHI-D2	2025-07-06
CHI-D2_20250504__SRR37428203	SRR37428203	CHI-D2	2025-05-04
CHI-D2_20250601__SRR37428204	SRR37428204	CHI-D2	2025-06-01
CHI-D2_20250427__SRR37428205	SRR37428205	CHI-D2	2025-04-27
CHI-D2_20250713__SRR37428206	SRR37428206	CHI-D2	2025-07-13
CHI-D1_20250817__SRR37428207	SRR37428207	CHI-D1	2025-08-17
CHI-D1_20250413__SRR37428208	SRR37428208	CHI-D1	2025-04-13
CHI-D2_20250727__SRR37428209	SRR37428209	CHI-D2	2025-07-27
CHI-D1_20250826__SRR37428210	SRR37428210	CHI-D1	2025-08-26
CHI-D2_20250720__SRR37428211	SRR37428211	CHI-D2	2025-07-20
CHI-D1_20250907__SRR37428212	SRR37428212	CHI-D1	2025-09-07
CHI-D1_20250914__SRR37428213	SRR37428213	CHI-D1	2025-09-14
CHI-D1_20250921__SRR37428214	SRR37428214	CHI-D1	2025-09-21
CHI-D1_20250921__SRR37428215	SRR37428215	CHI-D1	2025-09-21
CHI-D1_20251005__SRR37428216	SRR37428216	CHI-D1	2025-10-05
CHI-D1_20250928__SRR37428217	SRR37428217	CHI-D1	2025-09-28
CHI-D2_20250316__SRR37428218	SRR37428218	CHI-D2	2025-03-16
CHI-D2_20250323__SRR37428219	SRR37428219	CHI-D2	2025-03-23
CHI-D2_20250330__SRR37428220	SRR37428220	CHI-D2	2025-03-30
CHI-D1_20250330__SRR37428221	SRR37428221	CHI-D1	2025-03-30
CHI-D2_20250810__SRR37428222	SRR37428222	CHI-D2	2025-08-10
CHI-D1_20250831__SRR37428223	SRR37428223	CHI-D1	2025-08-31
CHI-D1_20250406__SRR37428224	SRR37428224	CHI-D1	2025-04-06
CHI-D2_20250406__SRR37428225	SRR37428225	CHI-D2	2025-04-06
CHI-D2_20250413__SRR37428226	SRR37428226	CHI-D2	2025-04-13
CHI-D2_20250420__SRR37428227	SRR37428227	CHI-D2	2025-04-20
CHI-D1_20250706__SRR37428228	SRR37428228	CHI-D1	2025-07-06
CHI-D1_20250601__SRR37428229	SRR37428229	CHI-D1	2025-06-01
CHI-D1_20250713__SRR37428230	SRR37428230	CHI-D1	2025-07-13
CHI-D1_20250720__SRR37428231	SRR37428231	CHI-D1	2025-07-20
CHI-D1_20250525__SRR37428232	SRR37428232	CHI-D1	2025-05-25
CHI-D1_20250323__SRR37428233	SRR37428233	CHI-D1	2025-03-23
CHI-D1_20250316__SRR37428234	SRR37428234	CHI-D1	2025-03-16
MO_STL_Coldwater_20251112__SRR38294058	SRR38294058	MO_STL_Coldwater	2025-11-12
MO_STL_Coldwater_20251103__SRR38294059	SRR38294059	MO_STL_Coldwater	2025-11-03
MO_STL_Bissell_20250701__SRR38294060	SRR38294060	MO_STL_Bissell	2025-07-01
MO_STL_Coldwater_20251027__SRR38294061	SRR38294061	MO_STL_Coldwater	2025-10-27
MO_STL_Coldwater_20251021__SRR38294062	SRR38294062	MO_STL_Coldwater	2025-10-21
MO_STL_Coldwater_20251013__SRR38294063	SRR38294063	MO_STL_Coldwater	2025-10-13
MO_STL_Coldwater_20251006__SRR38294064	SRR38294064	MO_STL_Coldwater	2025-10-06
MO_STL_Coldwater_20250929__SRR38294065	SRR38294065	MO_STL_Coldwater	2025-09-29
MO_STL_Coldwater_20250922__SRR38294066	SRR38294066	MO_STL_Coldwater	2025-09-22
MO_STL_Coldwater_20250915__SRR38294067	SRR38294067	MO_STL_Coldwater	2025-09-15
MO_STL_Coldwater_20250922__SRR38294068	SRR38294068	MO_STL_Coldwater	2025-09-22
MO_STL_Coldwater_20250908__SRR38294069	SRR38294069	MO_STL_Coldwater	2025-09-08
MO_STL_Coldwater_20250901__SRR38294070	SRR38294070	MO_STL_Coldwater	2025-09-01
MO_STL_Lemay_20250626__SRR38294071	SRR38294071	MO_STL_Lemay	2025-06-26
MO_STL_Lemay_20250612__SRR38294072	SRR38294072	MO_STL_Lemay	2025-06-12
MO_STL_Lemay_20250620__SRR38294073	SRR38294073	MO_STL_Lemay	2025-06-20
MO_STL_Lemay_20250609__SRR38294074	SRR38294074	MO_STL_Lemay	2025-06-09
MO_STL_Lemay_20250605__SRR38294075	SRR38294075	MO_STL_Lemay	2025-06-05
MO_STL_Lemay_20250603__SRR38294076	SRR38294076	MO_STL_Lemay	2025-06-03
MO_STL_Coldwater_20251222__SRR38294077	SRR38294077	MO_STL_Coldwater	2025-12-22
MO_STL_Bissell_20250707__SRR38294078	SRR38294078	MO_STL_Bissell	2025-07-07
MO_STL_Coldwater_20251215__SRR38294079	SRR38294079	MO_STL_Coldwater	2025-12-15
MO_STL_Coldwater_20251208__SRR38294080	SRR38294080	MO_STL_Coldwater	2025-12-08
MO_STL_Coldwater_20251201__SRR38294081	SRR38294081	MO_STL_Coldwater	2025-12-01
MO_STL_Coldwater_20251124__SRR38294082	SRR38294082	MO_STL_Coldwater	2025-11-24
MO_STL_Coldwater_20250806__SRR38294083	SRR38294083	MO_STL_Coldwater	2025-08-06
MO_STL_Coldwater_20250825__SRR38294084	SRR38294084	MO_STL_Coldwater	2025-08-25
MO_STL_Coldwater_20251117__SRR38294085	SRR38294085	MO_STL_Coldwater	2025-11-17
MO_STL_Bissell_20250624__SRR38294086	SRR38294086	MO_STL_Bissell	2025-06-24
MO_STL_Coldwater_20250818__SRR38294087	SRR38294087	MO_STL_Coldwater	2025-08-18
MO_STL_Coldwater_20250811__SRR38294088	SRR38294088	MO_STL_Coldwater	2025-08-11
MO_STL_Bissell_20251124__SRR38294089	SRR38294089	MO_STL_Bissell	2025-11-24
MO_STL_Bissell_20251201__SRR38294090	SRR38294090	MO_STL_Bissell	2025-12-01
MO_STL_Bissell_20251117__SRR38294091	SRR38294091	MO_STL_Bissell	2025-11-17
MO_STL_Bissell_20251112__SRR38294092	SRR38294092	MO_STL_Bissell	2025-11-12
MO_STL_Bissell_20251103__SRR38294093	SRR38294093	MO_STL_Bissell	2025-11-03
MO_STL_Coldwater_20250723__SRR38294094	SRR38294094	MO_STL_Coldwater	2025-07-23
MO_STL_Coldwater_20250728__SRR38294095	SRR38294095	MO_STL_Coldwater	2025-07-28
MO_STL_Coldwater_20250717__SRR38294096	SRR38294096	MO_STL_Coldwater	2025-07-17
MO_STL_Coldwater_20250714__SRR38294097	SRR38294097	MO_STL_Coldwater	2025-07-14
MO_STL_Bissell_20250723__SRR38294098	SRR38294098	MO_STL_Bissell	2025-07-23
MO_STL_Lemay_20251208__SRR38294099	SRR38294099	MO_STL_Lemay	2025-12-08
MO_STL_Lemay_20251201__SRR38294100	SRR38294100	MO_STL_Lemay	2025-12-01
MO_STL_Lemay_20251124__SRR38294101	SRR38294101	MO_STL_Lemay	2025-11-24
MO_STL_Lemay_20251112__SRR38294102	SRR38294102	MO_STL_Lemay	2025-11-12
MO_STL_Lemay_20251117__SRR38294103	SRR38294103	MO_STL_Lemay	2025-11-17
MO_STL_Lemay_20251103__SRR38294104	SRR38294104	MO_STL_Lemay	2025-11-03
MO_STL_Lemay_20251027__SRR38294105	SRR38294105	MO_STL_Lemay	2025-10-27
MO_STL_Lemay_20251021__SRR38294106	SRR38294106	MO_STL_Lemay	2025-10-21
MO_STL_Coldwater_20251229__SRR38294107	SRR38294107	MO_STL_Coldwater	2025-12-29
MO_STL_Lemay_20251013__SRR38294108	SRR38294108	MO_STL_Lemay	2025-10-13
MO_STL_Lemay_20250929__SRR38294109	SRR38294109	MO_STL_Lemay	2025-09-29
MO_STL_Lemay_20250922__SRR38294110	SRR38294110	MO_STL_Lemay	2025-09-22
MO_STL_Coldwater_20250707__SRR38294111	SRR38294111	MO_STL_Coldwater	2025-07-07
MO_STL_Coldwater_20250626__SRR38294112	SRR38294112	MO_STL_Coldwater	2025-06-26
MO_STL_Coldwater_20250701__SRR38294113	SRR38294113	MO_STL_Coldwater	2025-07-01
MO_STL_Bissell_20250620__SRR38294114	SRR38294114	MO_STL_Bissell	2025-06-20
MO_STL_Coldwater_20250620__SRR38294115	SRR38294115	MO_STL_Coldwater	2025-06-20
MO_STL_Coldwater_20250617__SRR38294116	SRR38294116	MO_STL_Coldwater	2025-06-17
MO_STL_Coldwater_20250612__SRR38294117	SRR38294117	MO_STL_Coldwater	2025-06-12
MO_STL_Coldwater_20250609__SRR38294118	SRR38294118	MO_STL_Coldwater	2025-06-09
MO_STL_Coldwater_20250605__SRR38294119	SRR38294119	MO_STL_Coldwater	2025-06-05
MO_STL_Bissell_20251229__SRR38294120	SRR38294120	MO_STL_Bissell	2025-12-29
MO_STL_Coldwater_20250603__SRR38294121	SRR38294121	MO_STL_Coldwater	2025-06-03
MO_STL_Bissell_20251222__SRR38294122	SRR38294122	MO_STL_Bissell	2025-12-22
MO_STL_Bissell_20251215__SRR38294123	SRR38294123	MO_STL_Bissell	2025-12-15
MO_STL_Bissell_20250901__SRR38294124	SRR38294124	MO_STL_Bissell	2025-09-01
MO_STL_Bissell_20250915__SRR38294125	SRR38294125	MO_STL_Bissell	2025-09-15
MO_STL_Bissell_20250908__SRR38294126	SRR38294126	MO_STL_Bissell	2025-09-08
MO_STL_Bissell_20250922__SRR38294127	SRR38294127	MO_STL_Bissell	2025-09-22
MO_STL_Bissell_20250922__SRR38294128	SRR38294128	MO_STL_Bissell	2025-09-22
MO_STL_Bissell_20250609__SRR38294129	SRR38294129	MO_STL_Bissell	2025-06-09
MO_STL_Bissell_20250929__SRR38294130	SRR38294130	MO_STL_Bissell	2025-09-29
MO_STL_Bissell_20251006__SRR38294131	SRR38294131	MO_STL_Bissell	2025-10-06
MO_STL_MORiver_20251006__SRR38294132	SRR38294132	MO_STL_MORiver	2025-10-06
MO_STL_Bissell_20251013__SRR38294133	SRR38294133	MO_STL_Bissell	2025-10-13
MO_STL_Bissell_20250811__SRR38294134	SRR38294134	MO_STL_Bissell	2025-08-11
MO_STL_MORiver_20251013__SRR38294135	SRR38294135	MO_STL_MORiver	2025-10-13
MO_STL_MORiver_20251021__SRR38294136	SRR38294136	MO_STL_MORiver	2025-10-21
MO_STL_Lemay_20250901__SRR38294137	SRR38294137	MO_STL_Lemay	2025-09-01
MO_STL_Lemay_20250908__SRR38294138	SRR38294138	MO_STL_Lemay	2025-09-08
MO_STL_Lemay_20250915__SRR38294139	SRR38294139	MO_STL_Lemay	2025-09-15
MO_STL_Lemay_20251006__SRR38294140	SRR38294140	MO_STL_Lemay	2025-10-06
MO_STL_MORiver_20251027__SRR38294141	SRR38294141	MO_STL_MORiver	2025-10-27
MO_STL_Lemay_20250825__SRR38294142	SRR38294142	MO_STL_Lemay	2025-08-25
MO_STL_Lemay_20250818__SRR38294143	SRR38294143	MO_STL_Lemay	2025-08-18
MO_STL_Lemay_20250811__SRR38294144	SRR38294144	MO_STL_Lemay	2025-08-11
MO_STL_Lemay_20250728__SRR38294145	SRR38294145	MO_STL_Lemay	2025-07-28
MO_STL_Lemay_20250806__SRR38294146	SRR38294146	MO_STL_Lemay	2025-08-06
MO_STL_Bissell_20250717__SRR38294147	SRR38294147	MO_STL_Bissell	2025-07-17
MO_STL_Lemay_20250723__SRR38294148	SRR38294148	MO_STL_Lemay	2025-07-23
MO_STL_Lemay_20250714__SRR38294149	SRR38294149	MO_STL_Lemay	2025-07-14
MO_STL_Lemay_20250707__SRR38294150	SRR38294150	MO_STL_Lemay	2025-07-07
MO_STL_Lemay_20250701__SRR38294151	SRR38294151	MO_STL_Lemay	2025-07-01
MO_STL_Bissell_20251208__SRR38294152	SRR38294152	MO_STL_Bissell	2025-12-08
MO_STL_Bissell_20251027__SRR38294153	SRR38294153	MO_STL_Bissell	2025-10-27
MO_STL_Bissell_20250612__SRR38294154	SRR38294154	MO_STL_Bissell	2025-06-12
MO_STL_Bissell_20251021__SRR38294155	SRR38294155	MO_STL_Bissell	2025-10-21
MO_STL_MORiver_20251117__SRR38294156	SRR38294156	MO_STL_MORiver	2025-11-17
MO_STL_MORiver_20251124__SRR38294157	SRR38294157	MO_STL_MORiver	2025-11-24
MO_STL_MORiver_20251201__SRR38294158	SRR38294158	MO_STL_MORiver	2025-12-01
MO_STL_MORiver_20251208__SRR38294159	SRR38294159	MO_STL_MORiver	2025-12-08
MO_STL_MORiver_20251215__SRR38294160	SRR38294160	MO_STL_MORiver	2025-12-15
MO_STL_MORiver_20251222__SRR38294161	SRR38294161	MO_STL_MORiver	2025-12-22
MO_STL_Bissell_20250818__SRR38294162	SRR38294162	MO_STL_Bissell	2025-08-18
MO_STL_MORiver_20251229__SRR38294163	SRR38294163	MO_STL_MORiver	2025-12-29
MO_STL_Bissell_20250825__SRR38294164	SRR38294164	MO_STL_Bissell	2025-08-25
MO_STL_MORiver_20251103__SRR38294165	SRR38294165	MO_STL_MORiver	2025-11-03
MO_STL_MORiver_20251112__SRR38294166	SRR38294166	MO_STL_MORiver	2025-11-12
MO_STL_MORiver_20250929__SRR38294167	SRR38294167	MO_STL_MORiver	2025-09-29
MO_STL_MORiver_20250922__SRR38294168	SRR38294168	MO_STL_MORiver	2025-09-22
MO_STL_MORiver_20250915__SRR38294169	SRR38294169	MO_STL_MORiver	2025-09-15
MO_STL_MORiver_20250908__SRR38294170	SRR38294170	MO_STL_MORiver	2025-09-08
MO_STL_MORiver_20250901__SRR38294171	SRR38294171	MO_STL_MORiver	2025-09-01
MO_STL_MORiver_20250825__SRR38294172	SRR38294172	MO_STL_MORiver	2025-08-25
MO_STL_MORiver_20250811__SRR38294173	SRR38294173	MO_STL_MORiver	2025-08-11
MO_STL_MORiver_20250818__SRR38294174	SRR38294174	MO_STL_MORiver	2025-08-18
MO_STL_MORiver_20250806__SRR38294175	SRR38294175	MO_STL_MORiver	2025-08-06
MO_STL_Bissell_20250806__SRR38294176	SRR38294176	MO_STL_Bissell	2025-08-06
MO_STL_MORiver_20250728__SRR38294177	SRR38294177	MO_STL_MORiver	2025-07-28
MO_STL_MORiver_20250714__SRR38294178	SRR38294178	MO_STL_MORiver	2025-07-14
MO_STL_MORiver_20250723__SRR38294179	SRR38294179	MO_STL_MORiver	2025-07-23
MO_STL_MORiver_20250710__SRR38294180	SRR38294180	MO_STL_MORiver	2025-07-10
MO_STL_MORiver_20250701__SRR38294181	SRR38294181	MO_STL_MORiver	2025-07-01
MO_STL_MORiver_20250624__SRR38294182	SRR38294182	MO_STL_MORiver	2025-06-24
MO_STL_Lemay_20251229__SRR38294183	SRR38294183	MO_STL_Lemay	2025-12-29
MO_STL_MORiver_20250620__SRR38294184	SRR38294184	MO_STL_MORiver	2025-06-20
MO_STL_Lemay_20251222__SRR38294185	SRR38294185	MO_STL_Lemay	2025-12-22
MO_STL_Lemay_20251215__SRR38294186	SRR38294186	MO_STL_Lemay	2025-12-15
MO_STL_Bissell_20250728__SRR38294187	SRR38294187	MO_STL_Bissell	2025-07-28
MO_STL_Bissell_20250605__SRR38294188	SRR38294188	MO_STL_Bissell	2025-06-05
MO_STL_Bissell_20250603__SRR38294189	SRR38294189	MO_STL_Bissell	2025-06-03
MO_Monett_20260330__SRR38294600	SRR38294600	MO_Monett	2026-03-30
MO_Monett_20260323__SRR38294601	SRR38294601	MO_Monett	2026-03-23
MO_Monett_20260309__SRR38294602	SRR38294602	MO_Monett	2026-03-09
MO_Monett_20260316__SRR38294603	SRR38294603	MO_Monett	2026-03-16
MO_Monett_20260302__SRR38294604	SRR38294604	MO_Monett	2026-03-02
MO_Monett_20260223__SRR38294605	SRR38294605	MO_Monett	2026-02-23
MO_Monett_20260216__SRR38294606	SRR38294606	MO_Monett	2026-02-16
MO_Milan_20260106__SRR38294607	SRR38294607	MO_Milan	2026-01-06
MO_Monett_20260209__SRR38294608	SRR38294608	MO_Monett	2026-02-09
MO_KC_Westside_20260331__SRR38294609	SRR38294609	MO_KC_Westside	2026-03-31
MO_KC_Westside_20260324__SRR38294610	SRR38294610	MO_KC_Westside	2026-03-24
MO_KC_Westside_20260317__SRR38294611	SRR38294611	MO_KC_Westside	2026-03-17
MO_KC_Westside_20260303__SRR38294612	SRR38294612	MO_KC_Westside	2026-03-03
MO_KC_Westside_20260310__SRR38294613	SRR38294613	MO_KC_Westside	2026-03-10
MO_KC_Westside_20260224__SRR38294614	SRR38294614	MO_KC_Westside	2026-02-24
MO_KC_Westside_20260217__SRR38294615	SRR38294615	MO_KC_Westside	2026-02-17
MA_Boston_DITPN_20260211__SRR38294616	SRR38294616	MA_Boston_DITPN	2026-02-11
MO_Monett_20260202__SRR38294617	SRR38294617	MO_Monett	2026-02-02
MO_KC_Westside_20260209__SRR38294618	SRR38294618	MO_KC_Westside	2026-02-09
MO_KC_Westside_20260127__SRR38294619	SRR38294619	MO_KC_Westside	2026-01-27
MO_KC_Westside_20260203__SRR38294620	SRR38294620	MO_KC_Westside	2026-02-03
MO_KC_BlueRiver_20260331__SRR38294621	SRR38294621	MO_KC_BlueRiver	2026-03-31
MO_KC_BlueRiver_20260324__SRR38294622	SRR38294622	MO_KC_BlueRiver	2026-03-24
MO_KC_BlueRiver_20260317__SRR38294623	SRR38294623	MO_KC_BlueRiver	2026-03-17
MA_Boston_DITPS_20260318__SRR38294624	SRR38294624	MA_Boston_DITPS	2026-03-18
MA_Boston_DITPS_20260325__SRR38294625	SRR38294625	MA_Boston_DITPS	2026-03-25
MA_Boston_DITPS_20260311__SRR38294626	SRR38294626	MA_Boston_DITPS	2026-03-11
MO_KC_BlueRiver_20260217__SRR38294627	SRR38294627	MO_KC_BlueRiver	2026-02-17
MA_Boston_DITPS_20260204__SRR38294628	SRR38294628	MA_Boston_DITPS	2026-02-04
MO_KC_BlueRiver_20260210__SRR38294629	SRR38294629	MO_KC_BlueRiver	2026-02-10
MO_KC_BlueRiver_20260203__SRR38294630	SRR38294630	MO_KC_BlueRiver	2026-02-03
MO_Columbia_20260331__SRR38294631	SRR38294631	MO_Columbia	2026-03-31
MO_KC_BlueRiver_20260127__SRR38294632	SRR38294632	MO_KC_BlueRiver	2026-01-27
MO_Columbia_20260324__SRR38294633	SRR38294633	MO_Columbia	2026-03-24
MO_Columbia_20260317__SRR38294634	SRR38294634	MO_Columbia	2026-03-17
MO_Columbia_20260310__SRR38294635	SRR38294635	MO_Columbia	2026-03-10
MO_Columbia_20260224__SRR38294636	SRR38294636	MO_Columbia	2026-02-24
MO_Columbia_20260303__SRR38294637	SRR38294637	MO_Columbia	2026-03-03
MO_Columbia_20260217__SRR38294638	SRR38294638	MO_Columbia	2026-02-17
MA_Boston_DITPN_20260204__SRR38294639	SRR38294639	MA_Boston_DITPN	2026-02-04
MO_Columbia_20260210__SRR38294640	SRR38294640	MO_Columbia	2026-02-10
MO_Columbia_20260203__SRR38294641	SRR38294641	MO_Columbia	2026-02-03
MO_Columbia_20260127__SRR38294642	SRR38294642	MO_Columbia	2026-01-27
MO_Columbia_20260113__SRR38294643	SRR38294643	MO_Columbia	2026-01-13
MO_Columbia_20260120__SRR38294644	SRR38294644	MO_Columbia	2026-01-20
MO_Columbia_20260106__SRR38294645	SRR38294645	MO_Columbia	2026-01-06
MA_Boston_DITPN_20260204__SRR38294646	SRR38294646	MA_Boston_DITPN	2026-02-04
MA_Boston_DITPN_20260128__SRR38294647	SRR38294647	MA_Boston_DITPN	2026-01-28
CHI-D1_20260222__SRR38294648	SRR38294648	CHI-D1	2026-02-22
MA_Boston_DITPN_20260121__SRR38294649	SRR38294649	MA_Boston_DITPN	2026-01-21
CHI-D1_20260208__SRR38294650	SRR38294650	CHI-D1	2026-02-08
CHI-D1_20260215__SRR38294651	SRR38294651	CHI-D1	2026-02-15
CHI-D1_20260201__SRR38294652	SRR38294652	CHI-D1	2026-02-01
CHI-D1_20260125__SRR38294653	SRR38294653	CHI-D1	2026-01-25
CHI-D1_20260118__SRR38294654	SRR38294654	CHI-D1	2026-01-18
CHI-C_20260316__SRR38294655	SRR38294655	CHI-C	2026-03-16
CHI-C_20260323__SRR38294656	SRR38294656	CHI-C	2026-03-23
CHI-C_20260309__SRR38294657	SRR38294657	CHI-C	2026-03-09
CHI-C_20260302__SRR38294658	SRR38294658	CHI-C	2026-03-02
CHI-A_20260315__SRR38294659	SRR38294659	CHI-A	2026-03-15
CHI-A_20260322__SRR38294660	SRR38294660	CHI-A	2026-03-22
CHI-C_20260223__SRR38294661	SRR38294661	CHI-C	2026-02-23
CHI-A_20260118__SRR38294662	SRR38294662	CHI-A	2026-01-18
CA_Sacramento_20260326__SRR38294663	SRR38294663	CA_Sacramento	2026-03-26
CHI-A_20260111__SRR38294664	SRR38294664	CHI-A	2026-01-11
CA_Sacramento_20260319__SRR38294665	SRR38294665	CA_Sacramento	2026-03-19
CA_Sacramento_20260311__SRR38294666	SRR38294666	CA_Sacramento	2026-03-11
MA_Boston_DITPN_20260114__SRR38294667	SRR38294667	MA_Boston_DITPN	2026-01-14
CA_Sacramento_20260219__SRR38294668	SRR38294668	CA_Sacramento	2026-02-19
CA_Sacramento_20260202__SRR38294669	SRR38294669	CA_Sacramento	2026-02-02
CA_Sacramento_20260122__SRR38294670	SRR38294670	CA_Sacramento	2026-01-22
CA_Sacramento_20260128__SRR38294671	SRR38294671	CA_Sacramento	2026-01-28
CA_Sacramento_20260114__SRR38294672	SRR38294672	CA_Sacramento	2026-01-14
CA_Sacramento_20260107__SRR38294673	SRR38294673	CA_Sacramento	2026-01-07
CA_Riverside_20260331__SRR38294674	SRR38294674	CA_Riverside	2026-03-31
CA_Riverside_20260326__SRR38294675	SRR38294675	CA_Riverside	2026-03-26
MA_Boston_DITPS_20260304__SRR38294676	SRR38294676	MA_Boston_DITPS	2026-03-04
MA_Boston_DITPS_20260225__SRR38294677	SRR38294677	MA_Boston_DITPS	2026-02-25
FL_Miami_20260202__SRR38294678	SRR38294678	FL_Miami	2026-02-02
MA_Boston_DITPS_20260219__SRR38294679	SRR38294679	MA_Boston_DITPS	2026-02-19
MA_Boston_DITPS_20260211__SRR38294680	SRR38294680	MA_Boston_DITPS	2026-02-11
MA_Boston_DITPS_20260204__SRR38294681	SRR38294681	MA_Boston_DITPS	2026-02-04
MA_Boston_DITPS_20260121__SRR38294682	SRR38294682	MA_Boston_DITPS	2026-01-21
MA_Boston_DITPS_20260128__SRR38294683	SRR38294683	MA_Boston_DITPS	2026-01-28
MA_Boston_DITPS_20260114__SRR38294684	SRR38294684	MA_Boston_DITPS	2026-01-14
MA_Boston_DITPS_20260107__SRR38294685	SRR38294685	MA_Boston_DITPS	2026-01-07
MA_Boston_DITPN_20260325__SRR38294686	SRR38294686	MA_Boston_DITPN	2026-03-25
Southern_California_20260201__SRR38294687	SRR38294687	Southern_California	2026-02-01
MA_Boston_DITPN_20260318__SRR38294688	SRR38294688	MA_Boston_DITPN	2026-03-18
FL_Miami_20260105__SRR38294689	SRR38294689	FL_Miami	2026-01-05
ID_Boise_20260216__SRR38294690	SRR38294690	ID_Boise	2026-02-16
MA_Boston_DITPN_20260311__SRR38294691	SRR38294691	MA_Boston_DITPN	2026-03-11
ID_Boise_20260202__SRR38294692	SRR38294692	ID_Boise	2026-02-02
ID_Boise_20260209__SRR38294693	SRR38294693	ID_Boise	2026-02-09
ID_Boise_20260126__SRR38294694	SRR38294694	ID_Boise	2026-01-26
MA_Boston_DITPS_20260128__SRR38294695	SRR38294695	MA_Boston_DITPS	2026-01-28
ID_Boise_20260119__SRR38294696	SRR38294696	ID_Boise	2026-01-19
ID_Boise_20260112__SRR38294697	SRR38294697	ID_Boise	2026-01-12
ID_Boise_20260105__SRR38294698	SRR38294698	ID_Boise	2026-01-05
IA_Ottumwa_20260325__SRR38294699	SRR38294699	IA_Ottumwa	2026-03-25
IA_Ottumwa_20260318__SRR38294700	SRR38294700	IA_Ottumwa	2026-03-18
IA_Ottumwa_20260311__SRR38294701	SRR38294701	IA_Ottumwa	2026-03-11
IA_Ottumwa_20260304__SRR38294702	SRR38294702	IA_Ottumwa	2026-03-04
IA_Ottumwa_20260225__SRR38294703	SRR38294703	IA_Ottumwa	2026-02-25
FL_Miami_20260309__SRR38294704	SRR38294704	FL_Miami	2026-03-09
FL_Miami_20260302__SRR38294705	SRR38294705	FL_Miami	2026-03-02
FL_Miami_20260126__SRR38294706	SRR38294706	FL_Miami	2026-01-26
FL_Miami_20260223__SRR38294707	SRR38294707	FL_Miami	2026-02-23
FL_Miami_20260209__SRR38294708	SRR38294708	FL_Miami	2026-02-09
FL_Miami_20260216__SRR38294709	SRR38294709	FL_Miami	2026-02-16
FL_Miami_20260202__SRR38294710	SRR38294710	FL_Miami	2026-02-02
FL_Miami_20260126__SRR38294711	SRR38294711	FL_Miami	2026-01-26
CHI-D2_20260329__SRR38294712	SRR38294712	CHI-D2	2026-03-29
CHI-D2_20260315__SRR38294713	SRR38294713	CHI-D2	2026-03-15
CHI-D2_20260322__SRR38294714	SRR38294714	CHI-D2	2026-03-22
CHI-D1_20260111__SRR38294715	SRR38294715	CHI-D1	2026-01-11
CHI-C_20260330__SRR38294716	SRR38294716	CHI-C	2026-03-30
CHI-C_20260216__SRR38294717	SRR38294717	CHI-C	2026-02-16
CHI-C_20260209__SRR38294718	SRR38294718	CHI-C	2026-02-09
CHI-C_20260202__SRR38294719	SRR38294719	CHI-C	2026-02-02
FL_Miami_20260119__SRR38294720	SRR38294720	FL_Miami	2026-01-19
CHI-B_20260201__SRR38294721	SRR38294721	CHI-B	2026-02-01
CHI-C_20260126__SRR38294722	SRR38294722	CHI-C	2026-01-26
CHI-C_20260119__SRR38294723	SRR38294723	CHI-C	2026-01-19
CHI-B_20260222__SRR38294724	SRR38294724	CHI-B	2026-02-22
CHI-B_20260301__SRR38294725	SRR38294725	CHI-B	2026-03-01
CHI-B_20260315__SRR38294726	SRR38294726	CHI-B	2026-03-15
CHI-B_20260308__SRR38294727	SRR38294727	CHI-B	2026-03-08
CHI-B_20260322__SRR38294728	SRR38294728	CHI-B	2026-03-22
CHI-B_20260329__SRR38294729	SRR38294729	CHI-B	2026-03-29
CHI-C_20260112__SRR38294730	SRR38294730	CHI-C	2026-01-12
MA_Boston_DITPN_20260121__SRR38294731	SRR38294731	MA_Boston_DITPN	2026-01-21
FL_Miami_20260105__SRR38294732	SRR38294732	FL_Miami	2026-01-05
Southern_California_20260104__SRR38294733	SRR38294733	Southern_California	2026-01-04
Southern_California_20260118__SRR38294734	SRR38294734	Southern_California	2026-01-18
CHI-A_20260215__SRR38294735	SRR38294735	CHI-A	2026-02-15
CHI-A_20260222__SRR38294736	SRR38294736	CHI-A	2026-02-22
CHI-A_20260301__SRR38294737	SRR38294737	CHI-A	2026-03-01
CHI-A_20260329__SRR38294738	SRR38294738	CHI-A	2026-03-29
CHI-A_20260308__SRR38294739	SRR38294739	CHI-A	2026-03-08
CHI-B_20260111__SRR38294740	SRR38294740	CHI-B	2026-01-11
CHI-B_20260118__SRR38294741	SRR38294741	CHI-B	2026-01-18
CHI-B_20260125__SRR38294742	SRR38294742	CHI-B	2026-01-25
CHI-B_20260208__SRR38294743	SRR38294743	CHI-B	2026-02-08
CHI-B_20260215__SRR38294744	SRR38294744	CHI-B	2026-02-15
MO_STL_MORiver_20260309__SRR38294745	SRR38294745	MO_STL_MORiver	2026-03-09
MO_STL_Bissell_20260105__SRR38294746	SRR38294746	MO_STL_Bissell	2026-01-05
MO_STL_Lemay_20260119__SRR38294747	SRR38294747	MO_STL_Lemay	2026-01-19
MA_Boston_DITPN_20260304__SRR38294748	SRR38294748	MA_Boston_DITPN	2026-03-04
MO_STL_Lemay_20260112__SRR38294749	SRR38294749	MO_STL_Lemay	2026-01-12
MA_Boston_DITPN_20260225__SRR38294750	SRR38294750	MA_Boston_DITPN	2026-02-25
MA_Boston_DITPN_20260211__SRR38294751	SRR38294751	MA_Boston_DITPN	2026-02-11
MA_Boston_DITPN_20260219__SRR38294752	SRR38294752	MA_Boston_DITPN	2026-02-19
IA_Ottumwa_20260218__SRR38294753	SRR38294753	IA_Ottumwa	2026-02-18
MA_Boston_DITPN_20260114__SRR38294754	SRR38294754	MA_Boston_DITPN	2026-01-14
Southern_California_20260128__SRR38294755	SRR38294755	Southern_California	2026-01-28
ID_Boise_20260330__SRR38294756	SRR38294756	ID_Boise	2026-03-30
ID_Boise_20260323__SRR38294757	SRR38294757	ID_Boise	2026-03-23
ID_Boise_20260309__SRR38294758	SRR38294758	ID_Boise	2026-03-09
ID_Boise_20260316__SRR38294759	SRR38294759	ID_Boise	2026-03-16
ID_Boise_20260302__SRR38294760	SRR38294760	ID_Boise	2026-03-02
ID_Boise_20260223__SRR38294761	SRR38294761	ID_Boise	2026-02-23
MA_Boston_DITPS_20260121__SRR38294762	SRR38294762	MA_Boston_DITPS	2026-01-21
CHI-D2_20260301__SRR38294763	SRR38294763	CHI-D2	2026-03-01
Southern_California_20260125__SRR38294764	SRR38294764	Southern_California	2026-01-25
CHI-D2_20260222__SRR38294765	SRR38294765	CHI-D2	2026-02-22
CHI-D2_20260215__SRR38294766	SRR38294766	CHI-D2	2026-02-15
CHI-D2_20260208__SRR38294767	SRR38294767	CHI-D2	2026-02-08
CHI-D2_20260201__SRR38294768	SRR38294768	CHI-D2	2026-02-01
CHI-D2_20260111__SRR38294769	SRR38294769	CHI-D2	2026-01-11
CHI-D1_20260322__SRR38294770	SRR38294770	CHI-D1	2026-03-22
CHI-D1_20260329__SRR38294771	SRR38294771	CHI-D1	2026-03-29
CHI-D1_20260315__SRR38294772	SRR38294772	CHI-D1	2026-03-15
Southern_California_20260121__SRR38294773	SRR38294773	Southern_California	2026-01-21
CHI-D1_20260308__SRR38294774	SRR38294774	CHI-D1	2026-03-08
CHI-D1_20260301__SRR38294775	SRR38294775	CHI-D1	2026-03-01
CA_PaloAlto_20260330__SRR38294776	SRR38294776	CA_PaloAlto	2026-03-30
CA_PaloAlto_20260323__SRR38294777	SRR38294777	CA_PaloAlto	2026-03-23
CA_PaloAlto_20260309__SRR38294778	SRR38294778	CA_PaloAlto	2026-03-09
CA_PaloAlto_20260316__SRR38294779	SRR38294779	CA_PaloAlto	2026-03-16
CA_PaloAlto_20260302__SRR38294780	SRR38294780	CA_PaloAlto	2026-03-02
CA_PaloAlto_20260224__SRR38294781	SRR38294781	CA_PaloAlto	2026-02-24
CA_PaloAlto_20260217__SRR38294782	SRR38294782	CA_PaloAlto	2026-02-17
Southern_California_20260218__SRR38294783	SRR38294783	Southern_California	2026-02-18
CA_PaloAlto_20260209__SRR38294784	SRR38294784	CA_PaloAlto	2026-02-09
Southern_California_20260215__SRR38294785	SRR38294785	Southern_California	2026-02-15
CA_PaloAlto_20260126__SRR38294786	SRR38294786	CA_PaloAlto	2026-01-26
CA_Ontario_20260323__SRR38294787	SRR38294787	CA_Ontario	2026-03-23
CA_Ontario_20260311__SRR38294788	SRR38294788	CA_Ontario	2026-03-11
CA_Ontario_20260316__SRR38294789	SRR38294789	CA_Ontario	2026-03-16
CA_Ontario_20260302__SRR38294790	SRR38294790	CA_Ontario	2026-03-02
CA_Ontario_20260223__SRR38294791	SRR38294791	CA_Ontario	2026-02-23
CA_Ontario_20260216__SRR38294792	SRR38294792	CA_Ontario	2026-02-16
Southern_California_20260325__SRR38294793	SRR38294793	Southern_California	2026-03-25
Southern_California_20260329__SRR38294794	SRR38294794	Southern_California	2026-03-29
Southern_California_20260322__SRR38294795	SRR38294795	Southern_California	2026-03-22
Southern_California_20260318__SRR38294796	SRR38294796	Southern_California	2026-03-18
Southern_California_20260315__SRR38294797	SRR38294797	Southern_California	2026-03-15
CA_Ontario_20260209__SRR38294798	SRR38294798	CA_Ontario	2026-02-09
MA_Boston_DITPS_20260107__SRR38294799	SRR38294799	MA_Boston_DITPS	2026-01-07
Southern_California_20260308__SRR38294800	SRR38294800	Southern_California	2026-03-08
Southern_California_20260312__SRR38294801	SRR38294801	Southern_California	2026-03-12
Southern_California_20260304__SRR38294802	SRR38294802	Southern_California	2026-03-04
Southern_California_20260301__SRR38294803	SRR38294803	Southern_California	2026-03-01
Southern_California_20260225__SRR38294804	SRR38294804	Southern_California	2026-02-25
OK-B_20260127__SRR38294805	SRR38294805	OK-B	2026-01-27
Southern_California_20260222__SRR38294806	SRR38294806	Southern_California	2026-02-22
OK-B_20260120__SRR38294807	SRR38294807	OK-B	2026-01-20
Southern_California_20260211__SRR38294808	SRR38294808	Southern_California	2026-02-11
Southern_California_20260208__SRR38294809	SRR38294809	Southern_California	2026-02-08
Southern_California_20260204__SRR38294810	SRR38294810	Southern_California	2026-02-04
CA_Ontario_20260202__SRR38294811	SRR38294811	CA_Ontario	2026-02-02
Southern_California_20260201__SRR38294812	SRR38294812	Southern_California	2026-02-01
Southern_California_20260128__SRR38294813	SRR38294813	Southern_California	2026-01-28
Southern_California_20260125__SRR38294814	SRR38294814	Southern_California	2026-01-25
Southern_California_20260118__SRR38294815	SRR38294815	Southern_California	2026-01-18
Southern_California_20260121__SRR38294816	SRR38294816	Southern_California	2026-01-21
Southern_California_20260114__SRR38294817	SRR38294817	Southern_California	2026-01-14
Southern_California_20260104__SRR38294818	SRR38294818	Southern_California	2026-01-04
OK-B_20260331__SRR38294819	SRR38294819	OK-B	2026-03-31
CA_Ontario_20260126__SRR38294820	SRR38294820	CA_Ontario	2026-01-26
OK-B_20260324__SRR38294821	SRR38294821	OK-B	2026-03-24
OK-B_20260317__SRR38294822	SRR38294822	OK-B	2026-03-17
OK-B_20260310__SRR38294823	SRR38294823	OK-B	2026-03-10
OK-B_20260303__SRR38294824	SRR38294824	OK-B	2026-03-03
OK-B_20260217__SRR38294825	SRR38294825	OK-B	2026-02-17
OK-B_20260224__SRR38294826	SRR38294826	OK-B	2026-02-24
OK-B_20260210__SRR38294827	SRR38294827	OK-B	2026-02-10
OK-B_20260203__SRR38294828	SRR38294828	OK-B	2026-02-03
NYC-Hospital-C_20260310__SRR38294829	SRR38294829	NYC-Hospital-C	2026-03-10
NYC-Hospital-C_20260304__SRR38294830	SRR38294830	NYC-Hospital-C	2026-03-04
NYC-Hospital-C_20260218__SRR38294831	SRR38294831	NYC-Hospital-C	2026-02-18
NYC-Hospital-C_20260226__SRR38294832	SRR38294832	NYC-Hospital-C	2026-02-26
NYC-Hospital-C_20260212__SRR38294833	SRR38294833	NYC-Hospital-C	2026-02-12
NYC-Hospital-C_20260204__SRR38294834	SRR38294834	NYC-Hospital-C	2026-02-04
NYC-Hospital-C_20260128__SRR38294835	SRR38294835	NYC-Hospital-C	2026-01-28
NYC-Hospital-C_20260120__SRR38294836	SRR38294836	NYC-Hospital-C	2026-01-20
NYC-Hospital-C_20260113__SRR38294837	SRR38294837	NYC-Hospital-C	2026-01-13
NYC-Hospital-C_20260107__SRR38294838	SRR38294838	NYC-Hospital-C	2026-01-07
MA_Boston_DITPS_20260225__SRR38294839	SRR38294839	MA_Boston_DITPS	2026-02-25
NYC-Hospital-B_20260331__SRR38294840	SRR38294840	NYC-Hospital-B	2026-03-31
NYC-Hospital-B_20260318__SRR38294841	SRR38294841	NYC-Hospital-B	2026-03-18
NYC-Hospital-B_20260310__SRR38294842	SRR38294842	NYC-Hospital-B	2026-03-10
NYC-Hospital-B_20260225__SRR38294843	SRR38294843	NYC-Hospital-B	2026-02-25
NYC-Hospital-B_20260304__SRR38294844	SRR38294844	NYC-Hospital-B	2026-03-04
NYC-Hospital-B_20260217__SRR38294845	SRR38294845	NYC-Hospital-B	2026-02-17
MO_STL_MORiver_20260302__SRR38294846	SRR38294846	MO_STL_MORiver	2026-03-02
MO_STL_MORiver_20260224__SRR38294847	SRR38294847	MO_STL_MORiver	2026-02-24
NYC-Hospital-B_20260121__SRR38294848	SRR38294848	NYC-Hospital-B	2026-01-21
MO_STL_MORiver_20260216__SRR38294849	SRR38294849	MO_STL_MORiver	2026-02-16
NYC-Hospital-A_20260319__SRR38294850	SRR38294850	NYC-Hospital-A	2026-03-19
NYC-Hospital-A_20260312__SRR38294851	SRR38294851	NYC-Hospital-A	2026-03-12
NYC-Hospital-A_20260305__SRR38294852	SRR38294852	NYC-Hospital-A	2026-03-05
MO_STL_MORiver_20260105__SRR38294853	SRR38294853	MO_STL_MORiver	2026-01-05
MO_STL_MORiver_20260112__SRR38294854	SRR38294854	MO_STL_MORiver	2026-01-12
MO_STL_Lemay_20260202__SRR38294855	SRR38294855	MO_STL_Lemay	2026-02-02
MO_STL_Lemay_20260330__SRR38294856	SRR38294856	MO_STL_Lemay	2026-03-30
MO_STL_Lemay_20260126__SRR38294857	SRR38294857	MO_STL_Lemay	2026-01-26
MO_STL_Bissell_20260224__SRR38294858	SRR38294858	MO_STL_Bissell	2026-02-24
MO_STL_Bissell_20260216__SRR38294859	SRR38294859	MO_STL_Bissell	2026-02-16
MO_STL_Coldwater_20260324__SRR38294860	SRR38294860	MO_STL_Coldwater	2026-03-24
MO_STL_Coldwater_20260330__SRR38294861	SRR38294861	MO_STL_Coldwater	2026-03-30
MO_STL_Coldwater_20260316__SRR38294862	SRR38294862	MO_STL_Coldwater	2026-03-16
MO_STL_Coldwater_20260309__SRR38294863	SRR38294863	MO_STL_Coldwater	2026-03-09
MA_Boston_DITPS_20260218__SRR38294864	SRR38294864	MA_Boston_DITPS	2026-02-18
MO_STL_Coldwater_20260302__SRR38294865	SRR38294865	MO_STL_Coldwater	2026-03-02
MO_STL_Coldwater_20260224__SRR38294866	SRR38294866	MO_STL_Coldwater	2026-02-24
MO_STL_Coldwater_20260209__SRR38294867	SRR38294867	MO_STL_Coldwater	2026-02-09
MO_STL_Coldwater_20260216__SRR38294868	SRR38294868	MO_STL_Coldwater	2026-02-16
MO_STL_Coldwater_20260202__SRR38294869	SRR38294869	MO_STL_Coldwater	2026-02-02
MO_STL_Coldwater_20260126__SRR38294870	SRR38294870	MO_STL_Coldwater	2026-01-26
MO_STL_Coldwater_20260119__SRR38294871	SRR38294871	MO_STL_Coldwater	2026-01-19
MO_STL_Coldwater_20260105__SRR38294872	SRR38294872	MO_STL_Coldwater	2026-01-05
MO_STL_Coldwater_20260112__SRR38294873	SRR38294873	MO_STL_Coldwater	2026-01-12
MO_STL_Bissell_20260330__SRR38294874	SRR38294874	MO_STL_Bissell	2026-03-30
MA_Boston_DITPN_20260218__SRR38294875	SRR38294875	MA_Boston_DITPN	2026-02-18
MO_STL_Bissell_20260324__SRR38294876	SRR38294876	MO_STL_Bissell	2026-03-24
MO_STL_Bissell_20260316__SRR38294877	SRR38294877	MO_STL_Bissell	2026-03-16
MO_STL_Bissell_20260309__SRR38294878	SRR38294878	MO_STL_Bissell	2026-03-09
MO_Milan_20260223__SRR38294879	SRR38294879	MO_Milan	2026-02-23
MO_STL_Bissell_20260302__SRR38294880	SRR38294880	MO_STL_Bissell	2026-03-02
MO_STL_Bissell_20260209__SRR38294881	SRR38294881	MO_STL_Bissell	2026-02-09
MO_Milan_20260207__SRR38294882	SRR38294882	MO_Milan	2026-02-07
MO_STL_Bissell_20260202__SRR38294883	SRR38294883	MO_STL_Bissell	2026-02-02
MO_STL_Bissell_20260126__SRR38294884	SRR38294884	MO_STL_Bissell	2026-01-26
MO_STL_Bissell_20260119__SRR38294885	SRR38294885	MO_STL_Bissell	2026-01-19
MO_STL_Bissell_20260112__SRR38294886	SRR38294886	MO_STL_Bissell	2026-01-12
Southern_California_20260215__SRR38294887	SRR38294887	Southern_California	2026-02-15
CA_Sacramento_20260305__SRR38294888	SRR38294888	CA_Sacramento	2026-03-05
MO_STL_MORiver_20260316__SRR38294889	SRR38294889	MO_STL_MORiver	2026-03-16
CA_Sacramento_20260225__SRR38294890	SRR38294890	CA_Sacramento	2026-02-25
Southern_California_20260114__SRR38294891	SRR38294891	Southern_California	2026-01-14
CHI-A_20260208__SRR38294892	SRR38294892	CHI-A	2026-02-08
CA_Sacramento_20260212__SRR38294893	SRR38294893	CA_Sacramento	2026-02-12
CHI-A_20260201__SRR38294894	SRR38294894	CHI-A	2026-02-01
CHI-A_20260125__SRR38294895	SRR38294895	CHI-A	2026-01-25
MA_Boston_DITPN_20260304__SRR38294896	SRR38294896	MA_Boston_DITPN	2026-03-04
NYC-Hospital-D_20260317__SRR38294897	SRR38294897	NYC-Hospital-D	2026-03-17
NYC-Hospital-D_20260331__SRR38294898	SRR38294898	NYC-Hospital-D	2026-03-31
NYC-Hospital-D_20260310__SRR38294899	SRR38294899	NYC-Hospital-D	2026-03-10
NYC-Hospital-D_20260303__SRR38294900	SRR38294900	NYC-Hospital-D	2026-03-03
NYC-Hospital-D_20260218__SRR38294901	SRR38294901	NYC-Hospital-D	2026-02-18
NYC-Hospital-D_20260128__SRR38294902	SRR38294902	NYC-Hospital-D	2026-01-28
NYC-Hospital-D_20260210__SRR38294903	SRR38294903	NYC-Hospital-D	2026-02-10
NYC-Hospital-D_20260120__SRR38294904	SRR38294904	NYC-Hospital-D	2026-01-20
NYC-Hospital-B_20260210__SRR38294905	SRR38294905	NYC-Hospital-B	2026-02-10
NYC-Hospital-B_20260204__SRR38294906	SRR38294906	NYC-Hospital-B	2026-02-04
FL_Miami_20260302__SRR38294907	SRR38294907	FL_Miami	2026-03-02
NYC-Hospital-B_20260127__SRR38294908	SRR38294908	NYC-Hospital-B	2026-01-27
MA_Boston_DITPN_20260225__SRR38294909	SRR38294909	MA_Boston_DITPN	2026-02-25
MO_STL_Lemay_20260105__SRR38294910	SRR38294910	MO_STL_Lemay	2026-01-05
NYC-Hospital-C_20260318__SRR38294911	SRR38294911	NYC-Hospital-C	2026-03-18
MO_STL_MORiver_20260202__SRR38294912	SRR38294912	MO_STL_MORiver	2026-02-02
MO_STL_MORiver_20260209__SRR38294913	SRR38294913	MO_STL_MORiver	2026-02-09
MO_STL_MORiver_20260126__SRR38294914	SRR38294914	MO_STL_MORiver	2026-01-26
Southern_California_20260222__SRR38294915	SRR38294915	Southern_California	2026-02-22
MO_STL_MORiver_20260119__SRR38294916	SRR38294916	MO_STL_MORiver	2026-01-19
MO_STL_Lemay_20260324__SRR38294917	SRR38294917	MO_STL_Lemay	2026-03-24
MO_STL_Lemay_20260316__SRR38294918	SRR38294918	MO_STL_Lemay	2026-03-16
MO_STL_Lemay_20260302__SRR38294919	SRR38294919	MO_STL_Lemay	2026-03-02
MO_STL_Lemay_20260309__SRR38294920	SRR38294920	MO_STL_Lemay	2026-03-09
MO_STL_Lemay_20260224__SRR38294921	SRR38294921	MO_STL_Lemay	2026-02-24
MO_STL_Lemay_20260216__SRR38294922	SRR38294922	MO_STL_Lemay	2026-02-16
Southern_California_20260218__SRR38294923	SRR38294923	Southern_California	2026-02-18
MA_Boston_DITPN_20260107__SRR38294924	SRR38294924	MA_Boston_DITPN	2026-01-07
MO_STL_Lemay_20260209__SRR38294925	SRR38294925	MO_STL_Lemay	2026-02-09
Southern_California_20260211__SRR38294926	SRR38294926	Southern_California	2026-02-11
MO_Monett_20260119__SRR38294927	SRR38294927	MO_Monett	2026-01-19
MO_Monett_20260126__SRR38294928	SRR38294928	MO_Monett	2026-01-26
MO_Monett_20260112__SRR38294929	SRR38294929	MO_Monett	2026-01-12
MO_Monett_20260105__SRR38294930	SRR38294930	MO_Monett	2026-01-05
MO_Milan_20260309__SRR38294931	SRR38294931	MO_Milan	2026-03-09
MO_KC_BlueRiver_20260303__SRR38294932	SRR38294932	MO_KC_BlueRiver	2026-03-03
MO_KC_BlueRiver_20260310__SRR38294933	SRR38294933	MO_KC_BlueRiver	2026-03-10
MO_KC_BlueRiver_20260224__SRR38294934	SRR38294934	MO_KC_BlueRiver	2026-02-24
MO_Milan_20260203__SRR38294935	SRR38294935	MO_Milan	2026-02-03
MO_Milan_20260126__SRR38294936	SRR38294936	MO_Milan	2026-01-26
MA_Boston_DITPS_20260211__SRR38294937	SRR38294937	MA_Boston_DITPS	2026-02-11
MO_Milan_20260121__SRR38294938	SRR38294938	MO_Milan	2026-01-21
IA_Ottumwa_20260211__SRR38294939	SRR38294939	IA_Ottumwa	2026-02-11
MO_Milan_20260113__SRR38294940	SRR38294940	MO_Milan	2026-01-13
MA_Boston_DITPN_20260128__SRR38294941	SRR38294941	MA_Boston_DITPN	2026-01-28
CHI-D2_20260308__SRR38294942	SRR38294942	CHI-D2	2026-03-08
IA_Ottumwa_20260204__SRR38294943	SRR38294943	IA_Ottumwa	2026-02-04
MA_Boston_DITPN_20260107__SRR38294944	SRR38294944	MA_Boston_DITPN	2026-01-07
IA_Ottumwa_20260128__SRR38294945	SRR38294945	IA_Ottumwa	2026-01-28
IA_Ottumwa_20260121__SRR38294946	SRR38294946	IA_Ottumwa	2026-01-21
IA_Ottumwa_20260114__SRR38294947	SRR38294947	IA_Ottumwa	2026-01-14
FL_Miami_20260330__SRR38294948	SRR38294948	FL_Miami	2026-03-30
IA_Ottumwa_20260107__SRR38294949	SRR38294949	IA_Ottumwa	2026-01-07
CHI-D2_20260125__SRR38294950	SRR38294950	CHI-D2	2026-01-25
CHI-D2_20260118__SRR38294951	SRR38294951	CHI-D2	2026-01-18
FL_Miami_20260323__SRR38294952	SRR38294952	FL_Miami	2026-03-23
FL_Miami_20260316__SRR38294953	SRR38294953	FL_Miami	2026-03-16
CA_Riverside_20260323__SRR38294954	SRR38294954	CA_Riverside	2026-03-23
CA_Riverside_20260319__SRR38294955	SRR38294955	CA_Riverside	2026-03-19
MA_Boston_DITPS_20260114__SRR38294956	SRR38294956	MA_Boston_DITPS	2026-01-14
CA_Riverside_20260316__SRR38294957	SRR38294957	CA_Riverside	2026-03-16
CA_Riverside_20260312__SRR38294958	SRR38294958	CA_Riverside	2026-03-12
CA_Riverside_20260309__SRR38294959	SRR38294959	CA_Riverside	2026-03-09
CA_Riverside_20260302__SRR38294960	SRR38294960	CA_Riverside	2026-03-02
CA_Riverside_20260305__SRR38294961	SRR38294961	CA_Riverside	2026-03-05
CA_Riverside_20260226__SRR38294962	SRR38294962	CA_Riverside	2026-02-26
CA_Riverside_20260219__SRR38294963	SRR38294963	CA_Riverside	2026-02-19
CA_Riverside_20260216__SRR38294964	SRR38294964	CA_Riverside	2026-02-16
CA_Riverside_20260212__SRR38294965	SRR38294965	CA_Riverside	2026-02-12
FL_Miami_20260112__SRR38294966	SRR38294966	FL_Miami	2026-01-12
CA_PaloAlto_20260202__SRR38294967	SRR38294967	CA_PaloAlto	2026-02-02
CA_Riverside_20260209__SRR38294968	SRR38294968	CA_Riverside	2026-02-09
CA_Riverside_20260205__SRR38294969	SRR38294969	CA_Riverside	2026-02-05
CA_Ontario_20260330__SRR38294970	SRR38294970	CA_Ontario	2026-03-30
CA_Riverside_20260202__SRR38294971	SRR38294971	CA_Riverside	2026-02-02
CA_Riverside_20260126__SRR38294972	SRR38294972	CA_Riverside	2026-01-26
CA_Riverside_20260129__SRR38294973	SRR38294973	CA_Riverside	2026-01-29
CA_Riverside_20260122__SRR38294974	SRR38294974	CA_Riverside	2026-01-22
CA_Riverside_20260119__SRR38294975	SRR38294975	CA_Riverside	2026-01-19
CA_Riverside_20260115__SRR38294976	SRR38294976	CA_Riverside	2026-01-15
CA_Riverside_20260112__SRR38294977	SRR38294977	CA_Riverside	2026-01-12
CA_Riverside_20260107__SRR38294978	SRR38294978	CA_Riverside	2026-01-07
CA_Riverside_20260105__SRR38294979	SRR38294979	CA_Riverside	2026-01-05
FL_Miami_20260112__SRR38294980	SRR38294980	FL_Miami	2026-01-12
NYC-Hospital-D_20260113__SRR38294981	SRR38294981	NYC-Hospital-D	2026-01-13
CA_Riverside_20260101__SRR38294982	SRR38294982	CA_Riverside	2026-01-01
NYC-Hospital-D_20260107__SRR38294983	SRR38294983	NYC-Hospital-D	2026-01-07
OK-A_20260331__SRR38294984	SRR38294984	OK-A	2026-03-31
OK-A_20260324__SRR38294985	SRR38294985	OK-A	2026-03-24
MA_Boston_DITPS_20260304__SRR38294986	SRR38294986	MA_Boston_DITPS	2026-03-04
OK-A_20260317__SRR38294987	SRR38294987	OK-A	2026-03-17
OK-A_20260310__SRR38294988	SRR38294988	OK-A	2026-03-10
OK-A_20260303__SRR38294989	SRR38294989	OK-A	2026-03-03
OK-A_20260217__SRR38294990	SRR38294990	OK-A	2026-02-17
OK-A_20260224__SRR38294991	SRR38294991	OK-A	2026-02-24
OK-A_20260210__SRR38294992	SRR38294992	OK-A	2026-02-10
OK-A_20260203__SRR38294993	SRR38294993	OK-A	2026-02-03
OK-A_20260127__SRR38294994	SRR38294994	OK-A	2026-01-27
OK-A_20260120__SRR38294995	SRR38294995	OK-A	2026-01-20
NYC-Hospital-A_20260210__SRR38294996	SRR38294996	NYC-Hospital-A	2026-02-10
NYC-Hospital-A_20260220__SRR38294997	SRR38294997	NYC-Hospital-A	2026-02-20
NYC-Hospital-A_20260205__SRR38294998	SRR38294998	NYC-Hospital-A	2026-02-05
NYC-Hospital-A_20260211__SRR38294999	SRR38294999	NYC-Hospital-A	2026-02-11
NYC-Hospital-A_20260122__SRR38295000	SRR38295000	NYC-Hospital-A	2026-01-22
NYC-Hospital-A_20260107__SRR38295001	SRR38295001	NYC-Hospital-A	2026-01-07
FL_Miami_20260223__SRR38295002	SRR38295002	FL_Miami	2026-02-23
MO_STL_MORiver_20260330__SRR38295003	SRR38295003	MO_STL_MORiver	2026-03-30
MO_STL_MORiver_20260324__SRR38295004	SRR38295004	MO_STL_MORiver	2026-03-24
Southern_California_20260215__SRR38401629	SRR38401629	Southern_California	2026-02-15
Southern_California_20260215__SRR38401630	SRR38401630	Southern_California	2026-02-15
Southern_California_20260215__SRR38401631	SRR38401631	Southern_California	2026-02-15
Southern_California_20260215__SRR38401632	SRR38401632	Southern_California	2026-02-15
CHI-C_20260518__SRR39694932	SRR39694932	CHI-C	2026-05-18
CHI-D1_20260524__SRR39694933	SRR39694933	CHI-D1	2026-05-24
CA_Riverside_20260618__SRR39694934	SRR39694934	CA_Riverside	2026-06-18
CA_Riverside_20260622__SRR39694935	SRR39694935	CA_Riverside	2026-06-22
CA_Sacramento_20260402__SRR39694936	SRR39694936	CA_Sacramento	2026-04-02
CA_Sacramento_20260415__SRR39694937	SRR39694937	CA_Sacramento	2026-04-15
CA_Sacramento_20260408__SRR39694938	SRR39694938	CA_Sacramento	2026-04-08
CA_Sacramento_20260423__SRR39694939	SRR39694939	CA_Sacramento	2026-04-23
CHI-C_20260420__SRR39694940	SRR39694940	CHI-C	2026-04-20
Southern_California_20260329__SRR39694941	SRR39694941	Southern_California	2026-03-29
CA_Sacramento_20260513__SRR39694942	SRR39694942	CA_Sacramento	2026-05-13
Southern_California_20260325__SRR39694943	SRR39694943	Southern_California	2026-03-25
CA_Riverside_20260615__SRR39694944	SRR39694944	CA_Riverside	2026-06-15
CA_Riverside_20260611__SRR39694945	SRR39694945	CA_Riverside	2026-06-11
CA_Riverside_20260604__SRR39694946	SRR39694946	CA_Riverside	2026-06-04
CA_Riverside_20260601__SRR39694947	SRR39694947	CA_Riverside	2026-06-01
CA_Riverside_20260528__SRR39694948	SRR39694948	CA_Riverside	2026-05-28
CA_Riverside_20260525__SRR39694949	SRR39694949	CA_Riverside	2026-05-25
CA_Riverside_20260521__SRR39694950	SRR39694950	CA_Riverside	2026-05-21
CA_Riverside_20260518__SRR39694951	SRR39694951	CA_Riverside	2026-05-18
CA_Riverside_20260511__SRR39694952	SRR39694952	CA_Riverside	2026-05-11
CA_Riverside_20260514__SRR39694953	SRR39694953	CA_Riverside	2026-05-14
MA_Boston_DITPS_20260318__SRR39694954	SRR39694954	MA_Boston_DITPS	2026-03-18
Southern_California_20260520__SRR39694955	SRR39694955	Southern_California	2026-05-20
CA_Riverside_20260507__SRR39694956	SRR39694956	CA_Riverside	2026-05-07
Southern_California_20260517__SRR39694957	SRR39694957	Southern_California	2026-05-17
FL_Miami_20260526__SRR39694958	SRR39694958	FL_Miami	2026-05-26
Southern_California_20260513__SRR39694959	SRR39694959	Southern_California	2026-05-13
Southern_California_20260506__SRR39694960	SRR39694960	Southern_California	2026-05-06
Southern_California_20260510__SRR39694961	SRR39694961	Southern_California	2026-05-10
OK-B_20260407__SRR39694962	SRR39694962	OK-B	2026-04-07
OK-A_20260623__SRR39694963	SRR39694963	OK-A	2026-06-23
MA_Boston_DITPN_20260602__SRR39694964	SRR39694964	MA_Boston_DITPN	2026-06-02
Southern_California_20260426__SRR39694965	SRR39694965	Southern_California	2026-04-26
Southern_California_20260422__SRR39694966	SRR39694966	Southern_California	2026-04-22
Southern_California_20260531__SRR39694967	SRR39694967	Southern_California	2026-05-31
Southern_California_20260419__SRR39694968	SRR39694968	Southern_California	2026-04-19
MO_STL_MORiver_20260615__SRR39694969	SRR39694969	MO_STL_MORiver	2026-06-15
Southern_California_20260415__SRR39694970	SRR39694970	Southern_California	2026-04-15
NYC-Hospital-C_20260430__SRR39694971	SRR39694971	NYC-Hospital-C	2026-04-30
NYC-Hospital-C_20260507__SRR39694972	SRR39694972	NYC-Hospital-C	2026-05-07
MO_STL_MORiver_20260608__SRR39694973	SRR39694973	MO_STL_MORiver	2026-06-08
NYC-Hospital-C_20260422__SRR39694974	SRR39694974	NYC-Hospital-C	2026-04-22
Southern_California_20260304__SRR39694975	SRR39694975	Southern_California	2026-03-04
FL_Miami_20260518__SRR39694976	SRR39694976	FL_Miami	2026-05-18
NYC-Hospital-C_20260414__SRR39694977	SRR39694977	NYC-Hospital-C	2026-04-14
NYC-Hospital-B_20260505__SRR39694978	SRR39694978	NYC-Hospital-B	2026-05-05
NYC-Hospital-B_20260428__SRR39694979	SRR39694979	NYC-Hospital-B	2026-04-28
NYC-Hospital-B_20260407__SRR39694980	SRR39694980	NYC-Hospital-B	2026-04-07
NYC-Hospital-B_20260414__SRR39694981	SRR39694981	NYC-Hospital-B	2026-04-14
NYC-Hospital-A_20260618__SRR39694982	SRR39694982	NYC-Hospital-A	2026-06-18
NYC-Hospital-A_20260604__SRR39694983	SRR39694983	NYC-Hospital-A	2026-06-04
MO_STL_MORiver_20260518__SRR39694984	SRR39694984	MO_STL_MORiver	2026-05-18
MO_STL_MORiver_20260511__SRR39694985	SRR39694985	MO_STL_MORiver	2026-05-11
MA_Boston_DITPS_20260513__SRR39694986	SRR39694986	MA_Boston_DITPS	2026-05-13
MO_STL_MORiver_20260506__SRR39694987	SRR39694987	MO_STL_MORiver	2026-05-06
MO_STL_MORiver_20260504__SRR39694988	SRR39694988	MO_STL_MORiver	2026-05-04
MO_STL_MORiver_20260427__SRR39694989	SRR39694989	MO_STL_MORiver	2026-04-27
MO_STL_MORiver_20260414__SRR39694990	SRR39694990	MO_STL_MORiver	2026-04-14
MO_STL_MORiver_20260420__SRR39694991	SRR39694991	MO_STL_MORiver	2026-04-20
MO_STL_MORiver_20260406__SRR39694992	SRR39694992	MO_STL_MORiver	2026-04-06
MO_STL_Lemay_20260630__SRR39694993	SRR39694993	MO_STL_Lemay	2026-06-30
MO_STL_Lemay_20260617__SRR39694994	SRR39694994	MO_STL_Lemay	2026-06-17
MO_STL_Lemay_20260615__SRR39694995	SRR39694995	MO_STL_Lemay	2026-06-15
MA_Boston_DITPN_20260513__SRR39694996	SRR39694996	MA_Boston_DITPN	2026-05-13
MO_STL_Lemay_20260608__SRR39694997	SRR39694997	MO_STL_Lemay	2026-06-08
MO_STL_Coldwater_20260525__SRR39694998	SRR39694998	MO_STL_Coldwater	2026-05-25
MO_STL_Coldwater_20260518__SRR39694999	SRR39694999	MO_STL_Coldwater	2026-05-18
MO_STL_Coldwater_20260511__SRR39695000	SRR39695000	MO_STL_Coldwater	2026-05-11
MO_STL_Coldwater_20260506__SRR39695001	SRR39695001	MO_STL_Coldwater	2026-05-06
MO_STL_Coldwater_20260504__SRR39695002	SRR39695002	MO_STL_Coldwater	2026-05-04
Southern_California_20260510__SRR39695003	SRR39695003	Southern_California	2026-05-10
MO_STL_Coldwater_20260427__SRR39695004	SRR39695004	MO_STL_Coldwater	2026-04-27
MO_STL_Coldwater_20260420__SRR39695005	SRR39695005	MO_STL_Coldwater	2026-04-20
MO_STL_Coldwater_20260414__SRR39695006	SRR39695006	MO_STL_Coldwater	2026-04-14
MO_Monett_20260601__SRR39695007	SRR39695007	MO_Monett	2026-06-01
MO_Monett_20260608__SRR39695008	SRR39695008	MO_Monett	2026-06-08
MO_STL_Bissell_20260617__SRR39695009	SRR39695009	MO_STL_Bissell	2026-06-17
MO_Monett_20260526__SRR39695010	SRR39695010	MO_Monett	2026-05-26
MO_STL_Bissell_20260406__SRR39695011	SRR39695011	MO_STL_Bissell	2026-04-06
MO_Monett_20260629__SRR39695012	SRR39695012	MO_Monett	2026-06-29
Southern_California_20260503__SRR39695013	SRR39695013	Southern_California	2026-05-03
MO_Monett_20260622__SRR39695014	SRR39695014	MO_Monett	2026-06-22
MO_KC_Westside_20260518__SRR39695015	SRR39695015	MO_KC_Westside	2026-05-18
MO_Monett_20260615__SRR39695016	SRR39695016	MO_Monett	2026-06-15
MO_KC_Westside_20260514__SRR39695017	SRR39695017	MO_KC_Westside	2026-05-14
MO_KC_Westside_20260511__SRR39695018	SRR39695018	MO_KC_Westside	2026-05-11
MO_Monett_20260504__SRR39695019	SRR39695019	MO_Monett	2026-05-04
MO_Monett_20260420__SRR39695020	SRR39695020	MO_Monett	2026-04-20
MO_Monett_20260427__SRR39695021	SRR39695021	MO_Monett	2026-04-27
Southern_California_20260429__SRR39695022	SRR39695022	Southern_California	2026-04-29
MO_Monett_20260413__SRR39695023	SRR39695023	MO_Monett	2026-04-13
MO_Columbia_20260428__SRR39695024	SRR39695024	MO_Columbia	2026-04-28
MO_Columbia_20260421__SRR39695025	SRR39695025	MO_Columbia	2026-04-21
MA_Boston_DITPN_20260610__SRR39695026	SRR39695026	MA_Boston_DITPN	2026-06-10
MA_Boston_DITPN_20260603__SRR39695027	SRR39695027	MA_Boston_DITPN	2026-06-03
MA_Boston_DITPN_20260520__SRR39695028	SRR39695028	MA_Boston_DITPN	2026-05-20
MA_Boston_DITPN_20260527__SRR39695029	SRR39695029	MA_Boston_DITPN	2026-05-27
MA_Boston_DITPS_20260622__SRR39695030	SRR39695030	MA_Boston_DITPS	2026-06-22
MA_Boston_DITPS_20260617__SRR39695031	SRR39695031	MA_Boston_DITPS	2026-06-17
MA_Boston_DITPS_20260610__SRR39695032	SRR39695032	MA_Boston_DITPS	2026-06-10
MA_Boston_DITPS_20260603__SRR39695033	SRR39695033	MA_Boston_DITPS	2026-06-03
MA_Boston_DITPS_20260527__SRR39695034	SRR39695034	MA_Boston_DITPS	2026-05-27
MA_Boston_DITPS_20260414__SRR39695035	SRR39695035	MA_Boston_DITPS	2026-04-14
MA_Boston_DITPS_20260520__SRR39695036	SRR39695036	MA_Boston_DITPS	2026-05-20
FL_Miami_20260518__SRR39695037	SRR39695037	FL_Miami	2026-05-18
CHI-D1_20260621__SRR39695038	SRR39695038	CHI-D1	2026-06-21
CHI-D1_20260628__SRR39695039	SRR39695039	CHI-D1	2026-06-28
CHI-D1_20260614__SRR39695040	SRR39695040	CHI-D1	2026-06-14
FL_Miami_20260427__SRR39695041	SRR39695041	FL_Miami	2026-04-27
FL_Miami_20260420__SRR39695042	SRR39695042	FL_Miami	2026-04-20
FL_Miami_20260406__SRR39695043	SRR39695043	FL_Miami	2026-04-06
FL_Miami_20260413__SRR39695044	SRR39695044	FL_Miami	2026-04-13
CHI-D2_20260628__SRR39695045	SRR39695045	CHI-D2	2026-06-28
MA_Boston_DITPN_20260408__SRR39695046	SRR39695046	MA_Boston_DITPN	2026-04-08
FL_Miami_20260209__SRR39695047	SRR39695047	FL_Miami	2026-02-09
CHI-D2_20260614__SRR39695048	SRR39695048	CHI-D2	2026-06-14
CHI-D2_20260621__SRR39695049	SRR39695049	CHI-D2	2026-06-21
CHI-C_20260413__SRR39695050	SRR39695050	CHI-C	2026-04-13
CHI-D2_20260607__SRR39695051	SRR39695051	CHI-D2	2026-06-07
CHI-B_20260517__SRR39695052	SRR39695052	CHI-B	2026-05-17
CHI-C_20260406__SRR39695053	SRR39695053	CHI-C	2026-04-06
CHI-B_20260510__SRR39695054	SRR39695054	CHI-B	2026-05-10
CHI-B_20260503__SRR39695055	SRR39695055	CHI-B	2026-05-03
CHI-B_20260426__SRR39695056	SRR39695056	CHI-B	2026-04-26
CHI-B_20260628__SRR39695057	SRR39695057	CHI-B	2026-06-28
CHI-B_20260419__SRR39695058	SRR39695058	CHI-B	2026-04-19
CHI-B_20260614__SRR39695059	SRR39695059	CHI-B	2026-06-14
MA_Boston_DITPS_20260401__SRR39695060	SRR39695060	MA_Boston_DITPS	2026-04-01
CHI-B_20260607__SRR39695061	SRR39695061	CHI-B	2026-06-07
CHI-B_20260531__SRR39695062	SRR39695062	CHI-B	2026-05-31
CHI-B_20260524__SRR39695063	SRR39695063	CHI-B	2026-05-24
CA_Riverside_20260504__SRR39695064	SRR39695064	CA_Riverside	2026-05-04
CA_Riverside_20260625__SRR39695065	SRR39695065	CA_Riverside	2026-06-25
CA_Riverside_20260427__SRR39695066	SRR39695066	CA_Riverside	2026-04-27
CA_Riverside_20260430__SRR39695067	SRR39695067	CA_Riverside	2026-04-30
CA_Riverside_20260423__SRR39695068	SRR39695068	CA_Riverside	2026-04-23
CA_Riverside_20260420__SRR39695069	SRR39695069	CA_Riverside	2026-04-20
CA_Riverside_20260416__SRR39695070	SRR39695070	CA_Riverside	2026-04-16
CA_Riverside_20260409__SRR39695071	SRR39695071	CA_Riverside	2026-04-09
CA_Riverside_20260413__SRR39695072	SRR39695072	CA_Riverside	2026-04-13
CA_Riverside_20260406__SRR39695073	SRR39695073	CA_Riverside	2026-04-06
MA_Boston_DITPN_20260318__SRR39695074	SRR39695074	MA_Boston_DITPN	2026-03-18
Southern_California_20260208__SRR39695075	SRR39695075	Southern_California	2026-02-08
Southern_California_20260204__SRR39695076	SRR39695076	Southern_California	2026-02-04
CHI-D1_20260531__SRR39695077	SRR39695077	CHI-D1	2026-05-31
CHI-C_20260528__SRR39695078	SRR39695078	CHI-C	2026-05-28
ID_Boise_20260629__SRR39695079	SRR39695079	ID_Boise	2026-06-29
ID_Boise_20260622__SRR39695080	SRR39695080	ID_Boise	2026-06-22
ID_Boise_20260615__SRR39695081	SRR39695081	ID_Boise	2026-06-15
ID_Boise_20260608__SRR39695082	SRR39695082	ID_Boise	2026-06-08
ID_Boise_20260601__SRR39695083	SRR39695083	ID_Boise	2026-06-01
ID_Boise_20260511__SRR39695084	SRR39695084	ID_Boise	2026-05-11
ID_Boise_20260518__SRR39695085	SRR39695085	ID_Boise	2026-05-18
ID_Boise_20260504__SRR39695086	SRR39695086	ID_Boise	2026-05-04
Southern_California_20260412__SRR39695087	SRR39695087	Southern_California	2026-04-12
ID_Boise_20260427__SRR39695088	SRR39695088	ID_Boise	2026-04-27
ID_Boise_20260420__SRR39695089	SRR39695089	ID_Boise	2026-04-20
FL_Miami_20260511__SRR39695090	SRR39695090	FL_Miami	2026-05-11
IA_Ottumwa_20260624__SRR39695091	SRR39695091	IA_Ottumwa	2026-06-24
FL_Miami_20260504__SRR39695092	SRR39695092	FL_Miami	2026-05-04
IA_Ottumwa_20260617__SRR39695093	SRR39695093	IA_Ottumwa	2026-06-17
IA_Ottumwa_20260611__SRR39695094	SRR39695094	IA_Ottumwa	2026-06-11
IA_Ottumwa_20260603__SRR39695095	SRR39695095	IA_Ottumwa	2026-06-03
IA_Ottumwa_20260527__SRR39695096	SRR39695096	IA_Ottumwa	2026-05-27
IA_Ottumwa_20260520__SRR39695097	SRR39695097	IA_Ottumwa	2026-05-20
Southern_California_20260408__SRR39695098	SRR39695098	Southern_California	2026-04-08
CHI-C_20260427__SRR39695099	SRR39695099	CHI-C	2026-04-27
CHI-D1_20260517__SRR39695100	SRR39695100	CHI-D1	2026-05-17
Southern_California_20260405__SRR39695101	SRR39695101	Southern_California	2026-04-05
CHI-D1_20260510__SRR39695102	SRR39695102	CHI-D1	2026-05-10
CHI-D1_20260503__SRR39695103	SRR39695103	CHI-D1	2026-05-03
CHI-D1_20260426__SRR39695104	SRR39695104	CHI-D1	2026-04-26
CHI-D1_20260419__SRR39695105	SRR39695105	CHI-D1	2026-04-19
CHI-D1_20260405__SRR39695106	SRR39695106	CHI-D1	2026-04-05
CHI-D1_20260412__SRR39695107	SRR39695107	CHI-D1	2026-04-12
CHI-C_20260629__SRR39695108	SRR39695108	CHI-C	2026-06-29
CHI-C_20260622__SRR39695109	SRR39695109	CHI-C	2026-06-22
CHI-C_20260615__SRR39695110	SRR39695110	CHI-C	2026-06-15
CA_Sacramento_20260617__SRR39695111	SRR39695111	CA_Sacramento	2026-06-17
CHI-C_20260608__SRR39695112	SRR39695112	CHI-C	2026-06-08
CHI-A_20260405__SRR39695113	SRR39695113	CHI-A	2026-04-05
CA_Sacramento_20260625__SRR39695114	SRR39695114	CA_Sacramento	2026-06-25
CHI-A_20260412__SRR39695115	SRR39695115	CHI-A	2026-04-12
CHI-A_20260419__SRR39695116	SRR39695116	CHI-A	2026-04-19
CA_Sacramento_20260430__SRR39695117	SRR39695117	CA_Sacramento	2026-04-30
CA_Sacramento_20260520__SRR39695118	SRR39695118	CA_Sacramento	2026-05-20
CA_Sacramento_20260507__SRR39695119	SRR39695119	CA_Sacramento	2026-05-07
CA_Sacramento_20260528__SRR39695120	SRR39695120	CA_Sacramento	2026-05-28
FL_Miami_20260330__SRR39695121	SRR39695121	FL_Miami	2026-03-30
CHI-A_20260426__SRR39695122	SRR39695122	CHI-A	2026-04-26
CHI-A_20260503__SRR39695123	SRR39695123	CHI-A	2026-05-03
CHI-A_20260510__SRR39695124	SRR39695124	CHI-A	2026-05-10
MA_Boston_DITPS_20260602__SRR39695125	SRR39695125	MA_Boston_DITPS	2026-06-02
MA_Boston_DITPS_20260622__SRR39695126	SRR39695126	MA_Boston_DITPS	2026-06-22
MA_Boston_DITPN_20260622__SRR39695127	SRR39695127	MA_Boston_DITPN	2026-06-22
MA_Boston_DITPN_20260311__SRR39695128	SRR39695128	MA_Boston_DITPN	2026-03-11
MA_Boston_DITPN_20260622__SRR39695129	SRR39695129	MA_Boston_DITPN	2026-06-22
FL_Miami_20260622__SRR39695130	SRR39695130	FL_Miami	2026-06-22
FL_Miami_20260622__SRR39695131	SRR39695131	FL_Miami	2026-06-22
Southern_California_20260621__SRR39695132	SRR39695132	Southern_California	2026-06-21
Southern_California_20260619__SRR39695133	SRR39695133	Southern_California	2026-06-19
MA_Boston_DITPS_20260617__SRR39695134	SRR39695134	MA_Boston_DITPS	2026-06-17
MA_Boston_DITPN_20260617__SRR39695135	SRR39695135	MA_Boston_DITPN	2026-06-17
FL_Miami_20260615__SRR39695136	SRR39695136	FL_Miami	2026-06-15
Southern_California_20260614__SRR39695137	SRR39695137	Southern_California	2026-06-14
Southern_California_20260614__SRR39695138	SRR39695138	Southern_California	2026-06-14
FL_Miami_20260309__SRR39695139	SRR39695139	FL_Miami	2026-03-09
Southern_California_20260610__SRR39695140	SRR39695140	Southern_California	2026-06-10
Southern_California_20260610__SRR39695141	SRR39695141	Southern_California	2026-06-10
MA_Boston_DITPS_20260610__SRR39695142	SRR39695142	MA_Boston_DITPS	2026-06-10
MA_Boston_DITPN_20260610__SRR39695143	SRR39695143	MA_Boston_DITPN	2026-06-10
FL_Miami_20260608__SRR39695144	SRR39695144	FL_Miami	2026-06-08
OK-B_20260428__SRR39695145	SRR39695145	OK-B	2026-04-28
OK-B_20260421__SRR39695146	SRR39695146	OK-B	2026-04-21
OK-B_20260414__SRR39695147	SRR39695147	OK-B	2026-04-14
NYC-Hospital-C_20260520__SRR39695148	SRR39695148	NYC-Hospital-C	2026-05-20
OK-A_20260616__SRR39695149	SRR39695149	OK-A	2026-06-16
NYC-Hospital-C_20260514__SRR39695150	SRR39695150	NYC-Hospital-C	2026-05-14
OK-A_20260609__SRR39695151	SRR39695151	OK-A	2026-06-09
OK-A_20260602__SRR39695152	SRR39695152	OK-A	2026-06-02
OK-A_20260526__SRR39695153	SRR39695153	OK-A	2026-05-26
MA_Boston_DITPS_20260520__SRR39695154	SRR39695154	MA_Boston_DITPS	2026-05-20
OK-A_20260519__SRR39695155	SRR39695155	OK-A	2026-05-19
OK-A_20260505__SRR39695156	SRR39695156	OK-A	2026-05-05
OK-A_20260512__SRR39695157	SRR39695157	OK-A	2026-05-12
NYC-Hospital-A_20260514__SRR39695158	SRR39695158	NYC-Hospital-A	2026-05-14
OK-A_20260428__SRR39695159	SRR39695159	OK-A	2026-04-28
NYC-Hospital-A_20260507__SRR39695160	SRR39695160	NYC-Hospital-A	2026-05-07
NYC-Hospital-A_20260501__SRR39695161	SRR39695161	NYC-Hospital-A	2026-05-01
NYC-Hospital-A_20260416__SRR39695162	SRR39695162	NYC-Hospital-A	2026-04-16
Southern_California_20260513__SRR39695163	SRR39695163	Southern_California	2026-05-13
NYC-Hospital-A_20260409__SRR39695164	SRR39695164	NYC-Hospital-A	2026-04-09
NYC-Hospital-A_20260402__SRR39695165	SRR39695165	NYC-Hospital-A	2026-04-02
MO_STL_MORiver_20260629__SRR39695166	SRR39695166	MO_STL_MORiver	2026-06-29
MO_STL_Lemay_20260511__SRR39695167	SRR39695167	MO_STL_Lemay	2026-05-11
MO_STL_Lemay_20260518__SRR39695168	SRR39695168	MO_STL_Lemay	2026-05-18
MO_STL_Lemay_20260506__SRR39695169	SRR39695169	MO_STL_Lemay	2026-05-06
MO_STL_Lemay_20260504__SRR39695170	SRR39695170	MO_STL_Lemay	2026-05-04
MO_STL_MORiver_20260602__SRR39695171	SRR39695171	MO_STL_MORiver	2026-06-02
MO_Monett_20260518__SRR39695172	SRR39695172	MO_Monett	2026-05-18
MO_STL_MORiver_20260525__SRR39695173	SRR39695173	MO_STL_MORiver	2026-05-25
MO_STL_Bissell_20260615__SRR39695174	SRR39695174	MO_STL_Bissell	2026-06-15
MO_Monett_20260511__SRR39695175	SRR39695175	MO_Monett	2026-05-11
MO_STL_Bissell_20260608__SRR39695176	SRR39695176	MO_STL_Bissell	2026-06-08
MO_STL_Bissell_20260602__SRR39695177	SRR39695177	MO_STL_Bissell	2026-06-02
Southern_California_20260506__SRR39695178	SRR39695178	Southern_California	2026-05-06
MO_STL_Bissell_20260525__SRR39695179	SRR39695179	MO_STL_Bissell	2026-05-25
MO_STL_Bissell_20260518__SRR39695180	SRR39695180	MO_STL_Bissell	2026-05-18
MO_STL_Bissell_20260506__SRR39695181	SRR39695181	MO_STL_Bissell	2026-05-06
MO_STL_Bissell_20260511__SRR39695182	SRR39695182	MO_STL_Bissell	2026-05-11
MO_STL_Bissell_20260504__SRR39695183	SRR39695183	MO_STL_Bissell	2026-05-04
MO_STL_Bissell_20260427__SRR39695184	SRR39695184	MO_STL_Bissell	2026-04-27
MO_STL_Bissell_20260420__SRR39695185	SRR39695185	MO_STL_Bissell	2026-04-20
MO_STL_Bissell_20260414__SRR39695186	SRR39695186	MO_STL_Bissell	2026-04-14
MO_KC_Westside_20260507__SRR39695187	SRR39695187	MO_KC_Westside	2026-05-07
MO_KC_Westside_20260504__SRR39695188	SRR39695188	MO_KC_Westside	2026-05-04
MO_KC_Westside_20260427__SRR39695189	SRR39695189	MO_KC_Westside	2026-04-27
MO_KC_Westside_20260430__SRR39695190	SRR39695190	MO_KC_Westside	2026-04-30
MO_KC_Westside_20260423__SRR39695191	SRR39695191	MO_KC_Westside	2026-04-23
MA_Boston_DITPN_20260429__SRR39695192	SRR39695192	MA_Boston_DITPN	2026-04-29
FL_Miami_20260216__SRR39695193	SRR39695193	FL_Miami	2026-02-16
MO_KC_Westside_20260420__SRR39695194	SRR39695194	MO_KC_Westside	2026-04-20
MO_KC_Westside_20260414__SRR39695195	SRR39695195	MO_KC_Westside	2026-04-14
MO_KC_BlueRiver_20260628__SRR39695196	SRR39695196	MO_KC_BlueRiver	2026-06-28
MO_KC_Westside_20260407__SRR39695197	SRR39695197	MO_KC_Westside	2026-04-07
MO_KC_BlueRiver_20260618__SRR39695198	SRR39695198	MO_KC_BlueRiver	2026-06-18
MO_KC_BlueRiver_20260615__SRR39695199	SRR39695199	MO_KC_BlueRiver	2026-06-15
MO_KC_BlueRiver_20260421__SRR39695200	SRR39695200	MO_KC_BlueRiver	2026-04-21
MO_KC_BlueRiver_20260414__SRR39695201	SRR39695201	MO_KC_BlueRiver	2026-04-14
MA_Boston_DITPN_20260422__SRR39695202	SRR39695202	MA_Boston_DITPN	2026-04-22
MO_KC_BlueRiver_20260407__SRR39695203	SRR39695203	MO_KC_BlueRiver	2026-04-07
MO_Columbia_20260630__SRR39695204	SRR39695204	MO_Columbia	2026-06-30
MO_Columbia_20260623__SRR39695205	SRR39695205	MO_Columbia	2026-06-23
MO_Columbia_20260609__SRR39695206	SRR39695206	MO_Columbia	2026-06-09
MO_Columbia_20260616__SRR39695207	SRR39695207	MO_Columbia	2026-06-16
MO_Columbia_20260602__SRR39695208	SRR39695208	MO_Columbia	2026-06-02
MO_Columbia_20260526__SRR39695209	SRR39695209	MO_Columbia	2026-05-26
MO_Columbia_20260518__SRR39695210	SRR39695210	MO_Columbia	2026-05-18
MO_Columbia_20260512__SRR39695211	SRR39695211	MO_Columbia	2026-05-12
MO_Columbia_20260505__SRR39695212	SRR39695212	MO_Columbia	2026-05-05
IA_Ottumwa_20260513__SRR39695213	SRR39695213	IA_Ottumwa	2026-05-13
FL_Miami_20260420__SRR39695214	SRR39695214	FL_Miami	2026-04-20
IA_Ottumwa_20260506__SRR39695215	SRR39695215	IA_Ottumwa	2026-05-06
IA_Ottumwa_20260422__SRR39695216	SRR39695216	IA_Ottumwa	2026-04-22
IA_Ottumwa_20260415__SRR39695217	SRR39695217	IA_Ottumwa	2026-04-15
IA_Ottumwa_20260401__SRR39695218	SRR39695218	IA_Ottumwa	2026-04-01
IA_Ottumwa_20260408__SRR39695219	SRR39695219	IA_Ottumwa	2026-04-08
FL_Miami_20260629__SRR39695220	SRR39695220	FL_Miami	2026-06-29
FL_Miami_20260622__SRR39695221	SRR39695221	FL_Miami	2026-06-22
FL_Miami_20260615__SRR39695222	SRR39695222	FL_Miami	2026-06-15
MA_Boston_DITPS_20260408__SRR39695223	SRR39695223	MA_Boston_DITPS	2026-04-08
FL_Miami_20260608__SRR39695224	SRR39695224	FL_Miami	2026-06-08
FL_Miami_20260601__SRR39695225	SRR39695225	FL_Miami	2026-06-01
FL_Miami_20260526__SRR39695226	SRR39695226	FL_Miami	2026-05-26
CHI-C_20260601__SRR39695227	SRR39695227	CHI-C	2026-06-01
Southern_California_20260402__SRR39695228	SRR39695228	Southern_California	2026-04-02
MA_Boston_DITPN_20260401__SRR39695229	SRR39695229	MA_Boston_DITPN	2026-04-01
CA_Ontario_20260622__SRR39695230	SRR39695230	CA_Ontario	2026-06-22
CA_Ontario_20260615__SRR39695231	SRR39695231	CA_Ontario	2026-06-15
CA_Ontario_20260601__SRR39695232	SRR39695232	CA_Ontario	2026-06-01
CA_Ontario_20260608__SRR39695233	SRR39695233	CA_Ontario	2026-06-08
CA_Ontario_20260525__SRR39695234	SRR39695234	CA_Ontario	2026-05-25
CA_Ontario_20260518__SRR39695235	SRR39695235	CA_Ontario	2026-05-18
MA_Boston_DITPS_20260311__SRR39695236	SRR39695236	MA_Boston_DITPS	2026-03-11
CA_Ontario_20260511__SRR39695237	SRR39695237	CA_Ontario	2026-05-11
CA_Ontario_20260504__SRR39695238	SRR39695238	CA_Ontario	2026-05-04
CA_Ontario_20260420__SRR39695239	SRR39695239	CA_Ontario	2026-04-20
CA_Ontario_20260427__SRR39695240	SRR39695240	CA_Ontario	2026-04-27
CA_Ontario_20260413__SRR39695241	SRR39695241	CA_Ontario	2026-04-13
Southern_California_20260607__SRR39695242	SRR39695242	Southern_California	2026-06-07
Southern_California_20260503__SRR39695243	SRR39695243	Southern_California	2026-05-03
Southern_California_20260603__SRR39695244	SRR39695244	Southern_California	2026-06-03
Southern_California_20260429__SRR39695245	SRR39695245	Southern_California	2026-04-29
FL_Miami_20260601__SRR39695246	SRR39695246	FL_Miami	2026-06-01
Southern_California_20260308__SRR39695247	SRR39695247	Southern_California	2026-03-08
Southern_California_20260527__SRR39695248	SRR39695248	Southern_California	2026-05-27
MA_Boston_DITPS_20260527__SRR39695249	SRR39695249	MA_Boston_DITPS	2026-05-27
Southern_California_20260621__SRR39695250	SRR39695250	Southern_California	2026-06-21
MA_Boston_DITPN_20260527__SRR39695251	SRR39695251	MA_Boston_DITPN	2026-05-27
Southern_California_20260614__SRR39695252	SRR39695252	Southern_California	2026-06-14
Southern_California_20260617__SRR39695253	SRR39695253	Southern_California	2026-06-17
Southern_California_20260610__SRR39695254	SRR39695254	Southern_California	2026-06-10
Southern_California_20260607__SRR39695255	SRR39695255	Southern_California	2026-06-07
Southern_California_20260603__SRR39695256	SRR39695256	Southern_California	2026-06-03
Southern_California_20260527__SRR39695257	SRR39695257	Southern_California	2026-05-27
Southern_California_20260531__SRR39695258	SRR39695258	Southern_California	2026-05-31
Southern_California_20260524__SRR39695259	SRR39695259	Southern_California	2026-05-24
OK-A_20260421__SRR39695260	SRR39695260	OK-A	2026-04-21
OK-A_20260414__SRR39695261	SRR39695261	OK-A	2026-04-14
NYC-Hospital-D_20260428__SRR39695262	SRR39695262	NYC-Hospital-D	2026-04-28
OK-A_20260407__SRR39695263	SRR39695263	OK-A	2026-04-07
NYC-Hospital-D_20260414__SRR39695264	SRR39695264	NYC-Hospital-D	2026-04-14
NYC-Hospital-D_20260407__SRR39695265	SRR39695265	NYC-Hospital-D	2026-04-07
MA_Boston_DITPN_20260520__SRR39695266	SRR39695266	MA_Boston_DITPN	2026-05-20
NYC-Hospital-C_20260623__SRR39695267	SRR39695267	NYC-Hospital-C	2026-06-23
NYC-Hospital-C_20260615__SRR39695268	SRR39695268	NYC-Hospital-C	2026-06-15
NYC-Hospital-C_20260602__SRR39695269	SRR39695269	NYC-Hospital-C	2026-06-02
NYC-Hospital-C_20260608__SRR39695270	SRR39695270	NYC-Hospital-C	2026-06-08
NYC-Hospital-C_20260527__SRR39695271	SRR39695271	NYC-Hospital-C	2026-05-27
MO_STL_MORiver_20260617__SRR39695272	SRR39695272	MO_STL_MORiver	2026-06-17
MO_STL_Lemay_20260602__SRR39695273	SRR39695273	MO_STL_Lemay	2026-06-02
MO_STL_Lemay_20260525__SRR39695274	SRR39695274	MO_STL_Lemay	2026-05-25
MO_STL_Coldwater_20260406__SRR39695275	SRR39695275	MO_STL_Coldwater	2026-04-06
MO_STL_Bissell_20260630__SRR39695276	SRR39695276	MO_STL_Bissell	2026-06-30
MO_STL_Lemay_20260420__SRR39695277	SRR39695277	MO_STL_Lemay	2026-04-20
MO_STL_Lemay_20260427__SRR39695278	SRR39695278	MO_STL_Lemay	2026-04-27
MO_STL_Lemay_20260414__SRR39695279	SRR39695279	MO_STL_Lemay	2026-04-14
FL_Miami_20260511__SRR39695280	SRR39695280	FL_Miami	2026-05-11
MO_STL_Lemay_20260406__SRR39695281	SRR39695281	MO_STL_Lemay	2026-04-06
MO_STL_Coldwater_20260630__SRR39695282	SRR39695282	MO_STL_Coldwater	2026-06-30
MO_STL_Coldwater_20260617__SRR39695283	SRR39695283	MO_STL_Coldwater	2026-06-17
MO_STL_Coldwater_20260608__SRR39695284	SRR39695284	MO_STL_Coldwater	2026-06-08
MO_STL_Coldwater_20260615__SRR39695285	SRR39695285	MO_STL_Coldwater	2026-06-15
MO_Monett_20260406__SRR39695286	SRR39695286	MO_Monett	2026-04-06
MO_STL_Coldwater_20260602__SRR39695287	SRR39695287	MO_STL_Coldwater	2026-06-02
MO_KC_Westside_20260629__SRR39695288	SRR39695288	MO_KC_Westside	2026-06-29
MO_Milan_20260504__SRR39695289	SRR39695289	MO_Milan	2026-05-04
MO_KC_Westside_20260622__SRR39695290	SRR39695290	MO_KC_Westside	2026-06-22
MO_KC_Westside_20260618__SRR39695291	SRR39695291	MO_KC_Westside	2026-06-18
MO_KC_Westside_20260615__SRR39695292	SRR39695292	MO_KC_Westside	2026-06-15
MO_KC_Westside_20260608__SRR39695293	SRR39695293	MO_KC_Westside	2026-06-08
MO_KC_Westside_20260611__SRR39695294	SRR39695294	MO_KC_Westside	2026-06-11
MO_KC_Westside_20260601__SRR39695295	SRR39695295	MO_KC_Westside	2026-06-01
MA_Boston_DITPS_20260429__SRR39695296	SRR39695296	MA_Boston_DITPS	2026-04-29
MO_KC_Westside_20260526__SRR39695297	SRR39695297	MO_KC_Westside	2026-05-26
MO_KC_BlueRiver_20260514__SRR39695298	SRR39695298	MO_KC_BlueRiver	2026-05-14
MO_KC_Westside_20260521__SRR39695299	SRR39695299	MO_KC_Westside	2026-05-21
MA_Boston_DITPS_20260513__SRR39695300	SRR39695300	MA_Boston_DITPS	2026-05-13
MO_KC_BlueRiver_20260511__SRR39695301	SRR39695301	MO_KC_BlueRiver	2026-05-11
MA_Boston_DITPS_20260429__SRR39695302	SRR39695302	MA_Boston_DITPS	2026-04-29
MA_Boston_DITPS_20260506__SRR39695303	SRR39695303	MA_Boston_DITPS	2026-05-06
MA_Boston_DITPS_20260422__SRR39695304	SRR39695304	MA_Boston_DITPS	2026-04-22
MA_Boston_DITPS_20260414__SRR39695305	SRR39695305	MA_Boston_DITPS	2026-04-14
MA_Boston_DITPS_20260408__SRR39695306	SRR39695306	MA_Boston_DITPS	2026-04-08
MA_Boston_DITPN_20260629__SRR39695307	SRR39695307	MA_Boston_DITPN	2026-06-29
MA_Boston_DITPS_20260401__SRR39695308	SRR39695308	MA_Boston_DITPS	2026-04-01
MA_Boston_DITPN_20260622__SRR39695309	SRR39695309	MA_Boston_DITPN	2026-06-22
MA_Boston_DITPN_20260414__SRR39695310	SRR39695310	MA_Boston_DITPN	2026-04-14
MA_Boston_DITPN_20260617__SRR39695311	SRR39695311	MA_Boston_DITPN	2026-06-17
ID_Boise_20260413__SRR39695312	SRR39695312	ID_Boise	2026-04-13
ID_Boise_20260406__SRR39695313	SRR39695313	ID_Boise	2026-04-06
MA_Boston_DITPN_20260513__SRR39695314	SRR39695314	MA_Boston_DITPN	2026-05-13
CHI-D2_20260531__SRR39695315	SRR39695315	CHI-D2	2026-05-31
CHI-D2_20260524__SRR39695316	SRR39695316	CHI-D2	2026-05-24
CHI-D2_20260510__SRR39695317	SRR39695317	CHI-D2	2026-05-10
CHI-D2_20260517__SRR39695318	SRR39695318	CHI-D2	2026-05-17
CHI-D2_20260503__SRR39695319	SRR39695319	CHI-D2	2026-05-03
CHI-D2_20260426__SRR39695320	SRR39695320	CHI-D2	2026-04-26
CHI-D2_20260419__SRR39695321	SRR39695321	CHI-D2	2026-04-19
CHI-D2_20260412__SRR39695322	SRR39695322	CHI-D2	2026-04-12
FL_Miami_20260406__SRR39695323	SRR39695323	FL_Miami	2026-04-06
CHI-D2_20260405__SRR39695324	SRR39695324	CHI-D2	2026-04-05
CHI-C_20260511__SRR39695325	SRR39695325	CHI-C	2026-05-11
CHI-C_20260504__SRR39695326	SRR39695326	CHI-C	2026-05-04
CHI-D1_20260607__SRR39695327	SRR39695327	CHI-D1	2026-06-07
CA_Riverside_20260629__SRR39695328	SRR39695328	CA_Riverside	2026-06-29
CHI-A_20260628__SRR39695329	SRR39695329	CHI-A	2026-06-28
MA_Boston_DITPN_20260401__SRR39695330	SRR39695330	MA_Boston_DITPN	2026-04-01
CHI-A_20260621__SRR39695331	SRR39695331	CHI-A	2026-06-21
CHI-A_20260614__SRR39695332	SRR39695332	CHI-A	2026-06-14
CHI-B_20260412__SRR39695333	SRR39695333	CHI-B	2026-04-12
CHI-B_20260405__SRR39695334	SRR39695334	CHI-B	2026-04-05
CHI-A_20260607__SRR39695335	SRR39695335	CHI-A	2026-06-07
CHI-A_20260531__SRR39695336	SRR39695336	CHI-A	2026-05-31
CHI-A_20260517__SRR39695337	SRR39695337	CHI-A	2026-05-17
CHI-A_20260524__SRR39695338	SRR39695338	CHI-A	2026-05-24
CA_Sacramento_20260603__SRR39695339	SRR39695339	CA_Sacramento	2026-06-03
CA_Sacramento_20260611__SRR39695340	SRR39695340	CA_Sacramento	2026-06-11
CA_PaloAlto_20260602__SRR39695341	SRR39695341	CA_PaloAlto	2026-06-02
CA_Riverside_20260402__SRR39695342	SRR39695342	CA_Riverside	2026-04-02
CA_PaloAlto_20260526__SRR39695343	SRR39695343	CA_PaloAlto	2026-05-26
CA_PaloAlto_20260630__SRR39695344	SRR39695344	CA_PaloAlto	2026-06-30
Southern_California_20260412__SRR39695345	SRR39695345	Southern_California	2026-04-12
Southern_California_20260408__SRR39695346	SRR39695346	Southern_California	2026-04-08
Southern_California_20260524__SRR39695347	SRR39695347	Southern_California	2026-05-24
Southern_California_20260405__SRR39695348	SRR39695348	Southern_California	2026-04-05
Southern_California_20260402__SRR39695349	SRR39695349	Southern_California	2026-04-02
OK-B_20260623__SRR39695350	SRR39695350	OK-B	2026-06-23
OK-B_20260609__SRR39695351	SRR39695351	OK-B	2026-06-09
OK-B_20260616__SRR39695352	SRR39695352	OK-B	2026-06-16
OK-B_20260602__SRR39695353	SRR39695353	OK-B	2026-06-02
OK-B_20260526__SRR39695354	SRR39695354	OK-B	2026-05-26
OK-B_20260519__SRR39695355	SRR39695355	OK-B	2026-05-19
OK-B_20260512__SRR39695356	SRR39695356	OK-B	2026-05-12
Southern_California_20260520__SRR39695357	SRR39695357	Southern_California	2026-05-20
MO_KC_BlueRiver_20260611__SRR39695358	SRR39695358	MO_KC_BlueRiver	2026-06-11
OK-B_20260505__SRR39695359	SRR39695359	OK-B	2026-05-05
MO_KC_BlueRiver_20260601__SRR39695360	SRR39695360	MO_KC_BlueRiver	2026-06-01
MO_KC_BlueRiver_20260608__SRR39695361	SRR39695361	MO_KC_BlueRiver	2026-06-08
MO_KC_BlueRiver_20260526__SRR39695362	SRR39695362	MO_KC_BlueRiver	2026-05-26
MA_Boston_DITPS_20260422__SRR39695363	SRR39695363	MA_Boston_DITPS	2026-04-22
MO_KC_BlueRiver_20260521__SRR39695364	SRR39695364	MO_KC_BlueRiver	2026-05-21
MO_KC_BlueRiver_20260518__SRR39695365	SRR39695365	MO_KC_BlueRiver	2026-05-18
MO_Columbia_20260414__SRR39695366	SRR39695366	MO_Columbia	2026-04-14
MO_KC_BlueRiver_20260504__SRR39695367	SRR39695367	MO_KC_BlueRiver	2026-05-04
MO_Columbia_20260407__SRR39695368	SRR39695368	MO_Columbia	2026-04-07
MO_KC_BlueRiver_20260430__SRR39695369	SRR39695369	MO_KC_BlueRiver	2026-04-30
MA_Boston_DITPS_20260629__SRR39695370	SRR39695370	MA_Boston_DITPS	2026-06-29
MO_KC_BlueRiver_20260427__SRR39695371	SRR39695371	MO_KC_BlueRiver	2026-04-27
MA_Boston_DITPN_20260506__SRR39695372	SRR39695372	MA_Boston_DITPN	2026-05-06
MO_KC_BlueRiver_20260423__SRR39695373	SRR39695373	MO_KC_BlueRiver	2026-04-23
MA_Boston_DITPN_20260429__SRR39695374	SRR39695374	MA_Boston_DITPN	2026-04-29
MA_Boston_DITPN_20260422__SRR39695375	SRR39695375	MA_Boston_DITPN	2026-04-22
MA_Boston_DITPN_20260414__SRR39695376	SRR39695376	MA_Boston_DITPN	2026-04-14
FL_Miami_20260413__SRR39695377	SRR39695377	FL_Miami	2026-04-13
MA_Boston_DITPN_20260408__SRR39695378	SRR39695378	MA_Boston_DITPN	2026-04-08
CA_PaloAlto_20260622__SRR39695379	SRR39695379	CA_PaloAlto	2026-06-22
CA_PaloAlto_20260615__SRR39695380	SRR39695380	CA_PaloAlto	2026-06-15
CA_PaloAlto_20260608__SRR39695381	SRR39695381	CA_PaloAlto	2026-06-08
CA_PaloAlto_20260406__SRR39695382	SRR39695382	CA_PaloAlto	2026-04-06
CA_Ontario_20260406__SRR39695383	SRR39695383	CA_Ontario	2026-04-06
FL_Miami_20260629__SRR39695384	SRR39695384	FL_Miami	2026-06-29
CA_PaloAlto_20260518__SRR39695385	SRR39695385	CA_PaloAlto	2026-05-18
CA_PaloAlto_20260511__SRR39695386	SRR39695386	CA_PaloAlto	2026-05-11
MA_Boston_DITPS_20260622__SRR39695387	SRR39695387	MA_Boston_DITPS	2026-06-22
CA_PaloAlto_20260504__SRR39695388	SRR39695388	CA_PaloAlto	2026-05-04
FL_Miami_20260316__SRR39695389	SRR39695389	FL_Miami	2026-03-16
CA_PaloAlto_20260427__SRR39695390	SRR39695390	CA_PaloAlto	2026-04-27
CA_PaloAlto_20260413__SRR39695391	SRR39695391	CA_PaloAlto	2026-04-13
CA_PaloAlto_20260420__SRR39695392	SRR39695392	CA_PaloAlto	2026-04-20
