public_id	casper_code	sra_accession	collection_date	input_reads	diagnostic_reads	distinct_diagnostic_reads	max_diagnostic_kmers	distinct_diagnostic_reads_per_billion	positive
CA_Ontario_20250825	CA_Ontario	SRR36790980	2025-08-25	2294042350	0	0	0	0.000	no
CA_Ontario_20250827	CA_Ontario	SRR36790970	2025-08-27	2339340096	0	0	0	0.000	no
CA_Ontario_20250901	CA_Ontario	SRR36790957	2025-09-01	1788036102	0	0	0	0.000	no
CA_Ontario_20250903	CA_Ontario	SRR36790976	2025-09-03	1846097044	2	2	33	1.083	yes
CA_Ontario_20250908	CA_Ontario	SRR36790975	2025-09-08	2356144664	0	0	0	0.000	no
CA_Ontario_20250910	CA_Ontario	SRR36790974	2025-09-10	1493993074	0	0	0	0.000	no
CA_Ontario_20250915	CA_Ontario	SRR36790973	2025-09-15	2128871342	0	0	0	0.000	no
CA_Ontario_20250917	CA_Ontario	SRR36790972	2025-09-17	2736895406	0	0	0	0.000	no
CA_Ontario_20250922	CA_Ontario	SRR36790971	2025-09-22	1874506240	16	9	89	4.801	yes
CA_Ontario_20250924	CA_Ontario	SRR36790969	2025-09-24	2133592950	0	0	0	0.000	no
CA_Ontario_20250929	CA_Ontario	SRR36790967	2025-09-29	1823782982	0	0	0	0.000	no
CA_Ontario_20251001	CA_Ontario	SRR36790968	2025-10-01	2431683352	0	0	0	0.000	no
CA_Ontario_20251006	CA_Ontario	SRR36790966	2025-10-06	3258937848	0	0	0	0.000	no
CA_Ontario_20251008	CA_Ontario	SRR36790965	2025-10-08	2057898378	0	0	0	0.000	no
CA_Ontario_20251013	CA_Ontario	SRR36790964	2025-10-13	2609657160	0	0	0	0.000	no
CA_Ontario_20251019	CA_Ontario	SRR36790962	2025-10-19	1896411038	0	0	0	0.000	no
CA_Ontario_20251020	CA_Ontario	SRR36790963	2025-10-20	2563351962	0	0	0	0.000	no
CA_Ontario_20251023	CA_Ontario	SRR36790961	2025-10-23	2988138270	0	0	0	0.000	no
CA_Ontario_20251027	CA_Ontario	SRR36790960	2025-10-27	1699518202	0	0	0	0.000	no
CA_Ontario_20251029	CA_Ontario	SRR36790959	2025-10-29	1750201128	0	0	0	0.000	no
CA_Ontario_20251103	CA_Ontario	SRR36790958	2025-11-03	2470178842	0	0	0	0.000	no
CA_Ontario_20251105	CA_Ontario	SRR36790956	2025-11-05	2416774256	0	0	0	0.000	no
CA_Ontario_20251111	CA_Ontario	SRR36790981	2025-11-11	1768735910	0	0	0	0.000	no
CA_Ontario_20251118	CA_Ontario	SRR36790979	2025-11-18	1582481516	0	0	0	0.000	no
CA_Ontario_20251201	CA_Ontario	SRR36790978	2025-12-01	1224884758	0	0	0	0.000	no
CA_Ontario_20251208	CA_Ontario	SRR36790977	2025-12-08	1819509926	0	0	0	0.000	no
CA_Ontario_20251215	CA_Ontario	SRR37192085	2025-12-15	2064427622	0	0	0	0.000	no
CA_Ontario_20251229	CA_Ontario	SRR37192084	2025-12-29	1625085358	0	0	0	0.000	no
CA_Ontario_20260105	CA_Ontario	SRR37192083	2026-01-05	2006446930	0	0	0	0.000	no
CA_Ontario_20260112	CA_Ontario	SRR37192082	2026-01-12	1543125960	0	0	0	0.000	no
CA_Ontario_20260120	CA_Ontario	SRR37192081	2026-01-20	1567403508	0	0	0	0.000	no
CA_Ontario_20260126	CA_Ontario	SRR38294820	2026-01-26	2725076542	0	0	0	0.000	no
CA_Ontario_20260202	CA_Ontario	SRR38294811	2026-02-02	1313694452	0	0	0	0.000	no
CA_Ontario_20260209	CA_Ontario	SRR38294798	2026-02-09	2327557208	0	0	0	0.000	no
CA_Ontario_20260216	CA_Ontario	SRR38294792	2026-02-16	1235610362	0	0	0	0.000	no
CA_Ontario_20260223	CA_Ontario	SRR38294791	2026-02-23	1667620852	0	0	0	0.000	no
CA_Ontario_20260302	CA_Ontario	SRR38294790	2026-03-02	2843942210	0	0	0	0.000	no
CA_Ontario_20260311	CA_Ontario	SRR38294788	2026-03-11	1876517208	0	0	0	0.000	no
CA_Ontario_20260316	CA_Ontario	SRR38294789	2026-03-16	2429176034	0	0	0	0.000	no
CA_Ontario_20260323	CA_Ontario	SRR38294787	2026-03-23	1801661184	0	0	0	0.000	no
CA_Ontario_20260330	CA_Ontario	SRR38294970	2026-03-30	1116142216	0	0	0	0.000	no
CA_Ontario_20260406	CA_Ontario	SRR39695383	2026-04-06	1344157580	0	0	0	0.000	no
CA_Ontario_20260413	CA_Ontario	SRR39695241	2026-04-13	2375376074	62	24	100	10.104	yes
CA_Ontario_20260420	CA_Ontario	SRR39695239	2026-04-20	2249814424	0	0	0	0.000	no
CA_Ontario_20260427	CA_Ontario	SRR39695240	2026-04-27	1222111132	0	0	0	0.000	no
CA_Ontario_20260504	CA_Ontario	SRR39695238	2026-05-04	2379946624	0	0	0	0.000	no
CA_Ontario_20260511	CA_Ontario	SRR39695237	2026-05-11	1966681284	0	0	0	0.000	no
CA_Ontario_20260518	CA_Ontario	SRR39695235	2026-05-18	1386310712	0	0	0	0.000	no
CA_Ontario_20260525	CA_Ontario	SRR39695234	2026-05-25	2525152442	0	0	0	0.000	no
CA_Ontario_20260601	CA_Ontario	SRR39695232	2026-06-01	1324518016	0	0	0	0.000	no
CA_Ontario_20260608	CA_Ontario	SRR39695233	2026-06-08	2562986910	0	0	0	0.000	no
CA_Ontario_20260615	CA_Ontario	SRR39695231	2026-06-15	1410888294	0	0	0	0.000	no
CA_Ontario_20260622	CA_Ontario	SRR39695230	2026-06-22	1788042478	0	0	0	0.000	no
CA_PaloAlto_20250825	CA_PaloAlto	SRR37036134	2025-08-25	2024066446	0	0	0	0.000	no
CA_PaloAlto_20250902	CA_PaloAlto	SRR37036133	2025-09-02	1971696074	0	0	0	0.000	no
CA_PaloAlto_20250908	CA_PaloAlto	SRR37036126	2025-09-08	1986680648	0	0	0	0.000	no
CA_PaloAlto_20250915	CA_PaloAlto	SRR37036127	2025-09-15	2162924074	0	0	0	0.000	no
CA_PaloAlto_20250922	CA_PaloAlto	SRR37036125	2025-09-22	2751293536	0	0	0	0.000	no
CA_PaloAlto_20250929	CA_PaloAlto	SRR37036124	2025-09-29	1740371584	0	0	0	0.000	no
CA_PaloAlto_20251006	CA_PaloAlto	SRR37036123	2025-10-06	1723621368	0	0	0	0.000	no
CA_PaloAlto_20251014	CA_PaloAlto	SRR37036121	2025-10-14	2384246656	0	0	0	0.000	no
CA_PaloAlto_20251022	CA_PaloAlto	SRR37036122	2025-10-22	2679046582	0	0	0	0.000	no
CA_PaloAlto_20251027	CA_PaloAlto	SRR37036120	2025-10-27	2932718956	0	0	0	0.000	no
CA_PaloAlto_20251105	CA_PaloAlto	SRR37036131	2025-11-05	3300736762	0	0	0	0.000	no
CA_PaloAlto_20251110	CA_PaloAlto	SRR37036132	2025-11-10	2146522392	0	0	0	0.000	no
CA_PaloAlto_20251124	CA_PaloAlto	SRR37036130	2025-11-24	1362829678	0	0	0	0.000	no
CA_PaloAlto_20251201	CA_PaloAlto	SRR37036129	2025-12-01	1479586450	0	0	0	0.000	no
CA_PaloAlto_20251209	CA_PaloAlto	SRR37036128	2025-12-09	1819784206	0	0	0	0.000	no
CA_PaloAlto_20251216	CA_PaloAlto	SRR37181178	2025-12-16	2135510844	0	0	0	0.000	no
CA_PaloAlto_20251222	CA_PaloAlto	SRR37181156	2025-12-22	1744084566	0	0	0	0.000	no
CA_PaloAlto_20251229	CA_PaloAlto	SRR37181154	2025-12-29	2047565474	0	0	0	0.000	no
CA_PaloAlto_20260106	CA_PaloAlto	SRR37181155	2026-01-06	1949596204	0	0	0	0.000	no
CA_PaloAlto_20260112	CA_PaloAlto	SRR37181153	2026-01-12	1056314588	0	0	0	0.000	no
CA_PaloAlto_20260120	CA_PaloAlto	SRR37181152	2026-01-20	1203974358	0	0	0	0.000	no
CA_PaloAlto_20260126	CA_PaloAlto	SRR38294786	2026-01-26	2684046468	0	0	0	0.000	no
CA_PaloAlto_20260202	CA_PaloAlto	SRR38294967	2026-02-02	1311171012	0	0	0	0.000	no
CA_PaloAlto_20260209	CA_PaloAlto	SRR38294784	2026-02-09	2577909644	0	0	0	0.000	no
CA_PaloAlto_20260217	CA_PaloAlto	SRR38294782	2026-02-17	2423900262	0	0	0	0.000	no
CA_PaloAlto_20260224	CA_PaloAlto	SRR38294781	2026-02-24	1250830872	0	0	0	0.000	no
CA_PaloAlto_20260302	CA_PaloAlto	SRR38294780	2026-03-02	1695189128	0	0	0	0.000	no
CA_PaloAlto_20260309	CA_PaloAlto	SRR38294778	2026-03-09	2309791914	0	0	0	0.000	no
CA_PaloAlto_20260316	CA_PaloAlto	SRR38294779	2026-03-16	2049149540	0	0	0	0.000	no
CA_PaloAlto_20260323	CA_PaloAlto	SRR38294777	2026-03-23	1390197128	0	0	0	0.000	no
CA_PaloAlto_20260330	CA_PaloAlto	SRR38294776	2026-03-30	1821080648	0	0	0	0.000	no
CA_PaloAlto_20260406	CA_PaloAlto	SRR39695382	2026-04-06	1269009016	0	0	0	0.000	no
CA_PaloAlto_20260413	CA_PaloAlto	SRR39695391	2026-04-13	1479419586	0	0	0	0.000	no
CA_PaloAlto_20260420	CA_PaloAlto	SRR39695392	2026-04-20	1776661818	0	0	0	0.000	no
CA_PaloAlto_20260427	CA_PaloAlto	SRR39695390	2026-04-27	2527526222	0	0	0	0.000	no
CA_PaloAlto_20260504	CA_PaloAlto	SRR39695388	2026-05-04	1333793142	0	0	0	0.000	no
CA_PaloAlto_20260511	CA_PaloAlto	SRR39695386	2026-05-11	1720479730	0	0	0	0.000	no
CA_PaloAlto_20260518	CA_PaloAlto	SRR39695385	2026-05-18	1909388606	0	0	0	0.000	no
CA_PaloAlto_20260526	CA_PaloAlto	SRR39695343	2026-05-26	1547089486	0	0	0	0.000	no
CA_PaloAlto_20260602	CA_PaloAlto	SRR39695341	2026-06-02	2277456152	0	0	0	0.000	no
CA_PaloAlto_20260608	CA_PaloAlto	SRR39695381	2026-06-08	1229034962	0	0	0	0.000	no
CA_PaloAlto_20260615	CA_PaloAlto	SRR39695380	2026-06-15	2121711002	0	0	0	0.000	no
CA_PaloAlto_20260622	CA_PaloAlto	SRR39695379	2026-06-22	2095012800	2	1	68	0.477	yes
CA_PaloAlto_20260630	CA_PaloAlto	SRR39695344	2026-06-30	1090771732	0	0	0	0.000	no
CA_Riverside_20241209	CA_Riverside	SRR33038207	2024-12-09	1433656712	0	0	0	0.000	no
CA_Riverside_20241216	CA_Riverside	SRR33038053	2024-12-16	777600958	0	0	0	0.000	no
CA_Riverside_20241216	CA_Riverside	SRR33038054	2024-12-16	1102697248	0	0	0	0.000	no
CA_Riverside_20241223	CA_Riverside	SRR33037998	2024-12-23	963748978	0	0	0	0.000	no
CA_Riverside_20241223	CA_Riverside	SRR33038097	2024-12-23	672037580	0	0	0	0.000	no
CA_Riverside_20241229	CA_Riverside	SRR33038188	2024-12-29	769485518	0	0	0	0.000	no
CA_Riverside_20241229	CA_Riverside	SRR33038189	2024-12-29	1103861322	0	0	0	0.000	no
CA_Riverside_20250106	CA_Riverside	SRR33038171	2025-01-06	1057853338	0	0	0	0.000	no
CA_Riverside_20250106	CA_Riverside	SRR33038172	2025-01-06	738081288	0	0	0	0.000	no
CA_Riverside_20250113	CA_Riverside	SRR33038047	2025-01-13	1924857130	0	0	0	0.000	no
CA_Riverside_20250120	CA_Riverside	SRR33038036	2025-01-20	2102704850	0	0	0	0.000	no
CA_Riverside_20250203	CA_Riverside	SRR33038087	2025-02-03	1676256252	0	0	0	0.000	no
CA_Riverside_20250210	CA_Riverside	SRR33038161	2025-02-10	1690367620	0	0	0	0.000	no
CA_Riverside_20250217	CA_Riverside	SRR33038152	2025-02-17	2148884300	0	0	0	0.000	no
CA_Riverside_20250224	CA_Riverside	SRR33038142	2025-02-24	3156158250	0	0	0	0.000	no
CA_Riverside_20250303	CA_Riverside	SRR33038017	2025-03-03	2105067572	0	0	0	0.000	no
CA_Riverside_20250306	CA_Riverside	SRR33038079	2025-03-06	1488030616	0	0	0	0.000	no
CA_Riverside_20250310	CA_Riverside	SRR33038131	2025-03-10	1590051190	0	0	0	0.000	no
CA_Riverside_20250313	CA_Riverside	SRR35931385	2025-03-13	1578138486	0	0	0	0.000	no
CA_Riverside_20250317	CA_Riverside	SRR35931357	2025-03-17	2119135544	0	0	0	0.000	no
CA_Riverside_20250320	CA_Riverside	SRR35931384	2025-03-20	1272989716	0	0	0	0.000	no
CA_Riverside_20250324	CA_Riverside	SRR35931354	2025-03-24	1528812044	0	0	0	0.000	no
CA_Riverside_20250327	CA_Riverside	SRR35931341	2025-03-27	1514572072	0	0	0	0.000	no
CA_Riverside_20250331	CA_Riverside	SRR35931333	2025-03-31	1412068702	0	0	0	0.000	no
CA_Riverside_20250403	CA_Riverside	SRR35931365	2025-04-03	1975091236	0	0	0	0.000	no
CA_Riverside_20250407	CA_Riverside	SRR35931361	2025-04-07	2245570050	0	0	0	0.000	no
CA_Riverside_20250410	CA_Riverside	SRR35931344	2025-04-10	2236665084	0	0	0	0.000	no
CA_Riverside_20250414	CA_Riverside	SRR35931342	2025-04-14	2271573468	0	0	0	0.000	no
CA_Riverside_20250417	CA_Riverside	SRR35931358	2025-04-17	1509605542	0	0	0	0.000	no
CA_Riverside_20250421	CA_Riverside	SRR35931359	2025-04-21	1610529530	0	0	0	0.000	no
CA_Riverside_20250428	CA_Riverside	SRR35931360	2025-04-28	1442991024	0	0	0	0.000	no
CA_Riverside_20250429	CA_Riverside	SRR35931377	2025-04-29	1164459942	0	0	0	0.000	no
CA_Riverside_20250505	CA_Riverside	SRR35931379	2025-05-05	1453757808	0	0	0	0.000	no
CA_Riverside_20250508	CA_Riverside	SRR35931380	2025-05-08	1907214214	0	0	0	0.000	no
CA_Riverside_20250512	CA_Riverside	SRR35931381	2025-05-12	2198876654	0	0	0	0.000	no
CA_Riverside_20250515	CA_Riverside	SRR35931382	2025-05-15	1637921838	0	0	0	0.000	no
CA_Riverside_20250519	CA_Riverside	SRR35931383	2025-05-19	1947225206	0	0	0	0.000	no
CA_Riverside_20250522	CA_Riverside	SRR35931352	2025-05-22	2534580660	0	0	0	0.000	no
CA_Riverside_20250526	CA_Riverside	SRR35931369	2025-05-26	1994866054	0	0	0	0.000	no
CA_Riverside_20250529	CA_Riverside	SRR35931370	2025-05-29	2040884332	1	1	37	0.490	yes
CA_Riverside_20250602	CA_Riverside	SRR35931371	2025-06-02	2321237660	0	0	0	0.000	no
CA_Riverside_20250605	CA_Riverside	SRR35931372	2025-06-05	2932979042	0	0	0	0.000	no
CA_Riverside_20250609	CA_Riverside	SRR35931373	2025-06-09	3445843638	0	0	0	0.000	no
CA_Riverside_20250612	CA_Riverside	SRR35931374	2025-06-12	2905896276	0	0	0	0.000	no
CA_Riverside_20250616	CA_Riverside	SRR35931375	2025-06-16	2547819116	20	4	75	1.570	yes
CA_Riverside_20250619	CA_Riverside	SRR35931376	2025-06-19	2442044860	53	15	105	6.142	yes
CA_Riverside_20250623	CA_Riverside	SRR35931353	2025-06-23	2681441190	0	0	0	0.000	no
CA_Riverside_20250626	CA_Riverside	SRR35931355	2025-06-26	2401444450	0	0	0	0.000	no
CA_Riverside_20250630	CA_Riverside	SRR35931356	2025-06-30	2502319688	0	0	0	0.000	no
CA_Riverside_20250703	CA_Riverside	SRR35931351	2025-07-03	1957132542	0	0	0	0.000	no
CA_Riverside_20250707	CA_Riverside	SRR35931350	2025-07-07	1769498736	0	0	0	0.000	no
CA_Riverside_20250710	CA_Riverside	SRR35931349	2025-07-10	2097432266	0	0	0	0.000	no
CA_Riverside_20250714	CA_Riverside	SRR35931348	2025-07-14	2166343298	0	0	0	0.000	no
CA_Riverside_20250717	CA_Riverside	SRR35931347	2025-07-17	2072241464	0	0	0	0.000	no
CA_Riverside_20250721	CA_Riverside	SRR35931346	2025-07-21	1733039078	9	1	101	0.577	yes
CA_Riverside_20250731	CA_Riverside	SRR35931345	2025-07-31	1824124756	0	0	0	0.000	no
CA_Riverside_20250804	CA_Riverside	SRR35931343	2025-08-04	1848808270	10	6	84	3.245	yes
CA_Riverside_20250807	CA_Riverside	SRR35931364	2025-08-07	1857922326	1	1	101	0.538	yes
CA_Riverside_20250811	CA_Riverside	SRR35931363	2025-08-11	1791006770	0	0	0	0.000	no
CA_Riverside_20250814	CA_Riverside	SRR35931362	2025-08-14	1987129512	0	0	0	0.000	no
CA_Riverside_20250818	CA_Riverside	SRR35931340	2025-08-18	1881584346	0	0	0	0.000	no
CA_Riverside_20250821	CA_Riverside	SRR35931339	2025-08-21	1831747824	0	0	0	0.000	no
CA_Riverside_20250825	CA_Riverside	SRR35931338	2025-08-25	1914040388	0	0	0	0.000	no
CA_Riverside_20250828	CA_Riverside	SRR35931337	2025-08-28	1734734968	0	0	0	0.000	no
CA_Riverside_20250901	CA_Riverside	SRR35931336	2025-09-01	2120720326	0	0	0	0.000	no
CA_Riverside_20250908	CA_Riverside	SRR35931335	2025-09-08	1698578556	0	0	0	0.000	no
CA_Riverside_20250909	CA_Riverside	SRR35931334	2025-09-09	2267951092	0	0	0	0.000	no
CA_Riverside_20250911	CA_Riverside	SRR35931332	2025-09-11	1781644434	0	0	0	0.000	no
CA_Riverside_20250915	CA_Riverside	SRR35931331	2025-09-15	1828791108	0	0	0	0.000	no
CA_Riverside_20250918	CA_Riverside	SRR35931330	2025-09-18	1867829068	0	0	0	0.000	no
CA_Riverside_20250922	CA_Riverside	SRR35931329	2025-09-22	2218781396	0	0	0	0.000	no
CA_Riverside_20250925	CA_Riverside	SRR35931328	2025-09-25	1994232320	0	0	0	0.000	no
CA_Riverside_20250929	CA_Riverside	SRR35931327	2025-09-29	2164538674	0	0	0	0.000	no
CA_Riverside_20251002	CA_Riverside	SRR35931368	2025-10-02	1943600384	0	0	0	0.000	no
CA_Riverside_20251006	CA_Riverside	SRR35931367	2025-10-06	1639673280	0	0	0	0.000	no
CA_Riverside_20251009	CA_Riverside	SRR35931366	2025-10-09	2115792210	0	0	0	0.000	no
CA_Riverside_20251015	CA_Riverside	SRR36830275	2025-10-15	2465368676	0	0	0	0.000	no
CA_Riverside_20251016	CA_Riverside	SRR36830274	2025-10-16	2773650146	0	0	0	0.000	no
CA_Riverside_20251020	CA_Riverside	SRR36830266	2025-10-20	2438792008	0	0	0	0.000	no
CA_Riverside_20251023	CA_Riverside	SRR36830265	2025-10-23	2589357050	0	0	0	0.000	no
CA_Riverside_20251027	CA_Riverside	SRR36830264	2025-10-27	2353267894	0	0	0	0.000	no
CA_Riverside_20251030	CA_Riverside	SRR36830262	2025-10-30	2316247106	0	0	0	0.000	no
CA_Riverside_20251103	CA_Riverside	SRR36830263	2025-11-03	2117250702	0	0	0	0.000	no
CA_Riverside_20251105	CA_Riverside	SRR36830261	2025-11-05	2460350434	0	0	0	0.000	no
CA_Riverside_20251109	CA_Riverside	SRR36830260	2025-11-09	2039464424	0	0	0	0.000	no
CA_Riverside_20251113	CA_Riverside	SRR36830259	2025-11-13	2289107880	0	0	0	0.000	no
CA_Riverside_20251117	CA_Riverside	SRR36830272	2025-11-17	2120723006	0	0	0	0.000	no
CA_Riverside_20251120	CA_Riverside	SRR36830273	2025-11-20	1206394424	0	0	0	0.000	no
CA_Riverside_20251125	CA_Riverside	SRR36830271	2025-11-25	1168055214	0	0	0	0.000	no
CA_Riverside_20251127	CA_Riverside	SRR36830270	2025-11-27	1264786910	0	0	0	0.000	no
CA_Riverside_20251201	CA_Riverside	SRR36830269	2025-12-01	1477391140	0	0	0	0.000	no
CA_Riverside_20251204	CA_Riverside	SRR36830267	2025-12-04	1609138326	0	0	0	0.000	no
CA_Riverside_20251208	CA_Riverside	SRR36830268	2025-12-08	1633697654	0	0	0	0.000	no
CA_Riverside_20251215	CA_Riverside	SRR37092422	2025-12-15	1929722582	0	0	0	0.000	no
CA_Riverside_20251217	CA_Riverside	SRR37092421	2025-12-17	2065091450	0	0	0	0.000	no
CA_Riverside_20251218	CA_Riverside	SRR37092409	2025-12-18	1258692298	0	0	0	0.000	no
CA_Riverside_20251222	CA_Riverside	SRR37092404	2025-12-22	1898990544	0	0	0	0.000	no
CA_Riverside_20251229	CA_Riverside	SRR37092403	2025-12-29	1700648056	0	0	0	0.000	no
CA_Riverside_20260101	CA_Riverside	SRR38294982	2026-01-01	1107125540	0	0	0	0.000	no
CA_Riverside_20260105	CA_Riverside	SRR38294979	2026-01-05	1349105732	0	0	0	0.000	no
CA_Riverside_20260107	CA_Riverside	SRR38294978	2026-01-07	1854262324	0	0	0	0.000	no
CA_Riverside_20260112	CA_Riverside	SRR38294977	2026-01-12	1129245028	0	0	0	0.000	no
CA_Riverside_20260115	CA_Riverside	SRR38294976	2026-01-15	1616178336	0	0	0	0.000	no
CA_Riverside_20260119	CA_Riverside	SRR38294975	2026-01-19	1590481296	0	0	0	0.000	no
CA_Riverside_20260122	CA_Riverside	SRR38294974	2026-01-22	2349474218	0	0	0	0.000	no
CA_Riverside_20260126	CA_Riverside	SRR38294972	2026-01-26	2577812708	0	0	0	0.000	no
CA_Riverside_20260129	CA_Riverside	SRR38294973	2026-01-29	1560316268	0	0	0	0.000	no
CA_Riverside_20260202	CA_Riverside	SRR38294971	2026-02-02	1753949326	0	0	0	0.000	no
CA_Riverside_20260205	CA_Riverside	SRR38294969	2026-02-05	1621488290	0	0	0	0.000	no
CA_Riverside_20260209	CA_Riverside	SRR38294968	2026-02-09	1734369340	0	0	0	0.000	no
CA_Riverside_20260212	CA_Riverside	SRR38294965	2026-02-12	1452845144	0	0	0	0.000	no
CA_Riverside_20260216	CA_Riverside	SRR38294964	2026-02-16	1365470276	0	0	0	0.000	no
CA_Riverside_20260219	CA_Riverside	SRR38294963	2026-02-19	1637536130	0	0	0	0.000	no
CA_Riverside_20260226	CA_Riverside	SRR38294962	2026-02-26	1834170108	0	0	0	0.000	no
CA_Riverside_20260302	CA_Riverside	SRR38294960	2026-03-02	1699603318	0	0	0	0.000	no
CA_Riverside_20260305	CA_Riverside	SRR38294961	2026-03-05	2351685194	0	0	0	0.000	no
CA_Riverside_20260309	CA_Riverside	SRR38294959	2026-03-09	2560534694	0	0	0	0.000	no
CA_Riverside_20260312	CA_Riverside	SRR38294958	2026-03-12	2061794780	0	0	0	0.000	no
CA_Riverside_20260316	CA_Riverside	SRR38294957	2026-03-16	1971573108	0	0	0	0.000	no
CA_Riverside_20260319	CA_Riverside	SRR38294955	2026-03-19	1865376408	0	0	0	0.000	no
CA_Riverside_20260323	CA_Riverside	SRR38294954	2026-03-23	2054923824	0	0	0	0.000	no
CA_Riverside_20260326	CA_Riverside	SRR38294675	2026-03-26	1000259764	0	0	0	0.000	no
CA_Riverside_20260331	CA_Riverside	SRR38294674	2026-03-31	1250652132	0	0	0	0.000	no
CA_Riverside_20260402	CA_Riverside	SRR39695342	2026-04-02	1308397024	0	0	0	0.000	no
CA_Riverside_20260406	CA_Riverside	SRR39695073	2026-04-06	1084210218	0	0	0	0.000	no
CA_Riverside_20260409	CA_Riverside	SRR39695071	2026-04-09	2217325152	0	0	0	0.000	no
CA_Riverside_20260413	CA_Riverside	SRR39695072	2026-04-13	2199865044	0	0	0	0.000	no
CA_Riverside_20260416	CA_Riverside	SRR39695070	2026-04-16	2067374572	0	0	0	0.000	no
CA_Riverside_20260420	CA_Riverside	SRR39695069	2026-04-20	2159681568	0	0	0	0.000	no
CA_Riverside_20260423	CA_Riverside	SRR39695068	2026-04-23	1452631596	0	0	0	0.000	no
CA_Riverside_20260427	CA_Riverside	SRR39695066	2026-04-27	1490584188	0	0	0	0.000	no
CA_Riverside_20260430	CA_Riverside	SRR39695067	2026-04-30	1379135754	0	0	0	0.000	no
CA_Riverside_20260504	CA_Riverside	SRR39695064	2026-05-04	1329716746	0	0	0	0.000	no
CA_Riverside_20260507	CA_Riverside	SRR39694956	2026-05-07	1819391834	0	0	0	0.000	no
CA_Riverside_20260511	CA_Riverside	SRR39694952	2026-05-11	1530961348	0	0	0	0.000	no
CA_Riverside_20260514	CA_Riverside	SRR39694953	2026-05-14	1693772340	0	0	0	0.000	no
CA_Riverside_20260518	CA_Riverside	SRR39694951	2026-05-18	1278034756	0	0	0	0.000	no
CA_Riverside_20260521	CA_Riverside	SRR39694950	2026-05-21	1396387084	0	0	0	0.000	no
CA_Riverside_20260525	CA_Riverside	SRR39694949	2026-05-25	1375012266	0	0	0	0.000	no
CA_Riverside_20260528	CA_Riverside	SRR39694948	2026-05-28	1636271406	0	0	0	0.000	no
CA_Riverside_20260601	CA_Riverside	SRR39694947	2026-06-01	1787111504	0	0	0	0.000	no
CA_Riverside_20260604	CA_Riverside	SRR39694946	2026-06-04	1767471496	0	0	0	0.000	no
CA_Riverside_20260611	CA_Riverside	SRR39694945	2026-06-11	2238350032	0	0	0	0.000	no
CA_Riverside_20260615	CA_Riverside	SRR39694944	2026-06-15	2242097422	0	0	0	0.000	no
CA_Riverside_20260618	CA_Riverside	SRR39694934	2026-06-18	1110563530	0	0	0	0.000	no
CA_Riverside_20260622	CA_Riverside	SRR39694935	2026-06-22	1240916216	0	0	0	0.000	no
CA_Riverside_20260625	CA_Riverside	SRR39695065	2026-06-25	1348775602	0	0	0	0.000	no
CA_Riverside_20260629	CA_Riverside	SRR39695328	2026-06-29	1008412128	0	0	0	0.000	no
CA_Sacramento_20250828	CA_Sacramento	SRR36814890	2025-08-28	1922922770	0	0	0	0.000	no
CA_Sacramento_20250904	CA_Sacramento	SRR36814889	2025-09-04	1864366140	0	0	0	0.000	no
CA_Sacramento_20250909	CA_Sacramento	SRR36814887	2025-09-09	2637953252	0	0	0	0.000	no
CA_Sacramento_20250917	CA_Sacramento	SRR36814895	2025-09-17	2550684486	0	0	0	0.000	no
CA_Sacramento_20250925	CA_Sacramento	SRR36814894	2025-09-25	1683935706	0	0	0	0.000	no
CA_Sacramento_20251003	CA_Sacramento	SRR36814888	2025-10-03	2116148288	0	0	0	0.000	no
CA_Sacramento_20251010	CA_Sacramento	SRR36814886	2025-10-10	2295091006	0	0	0	0.000	no
CA_Sacramento_20251015	CA_Sacramento	SRR36814885	2025-10-15	2292434286	0	0	0	0.000	no
CA_Sacramento_20251023	CA_Sacramento	SRR36814884	2025-10-23	2950165070	0	0	0	0.000	no
CA_Sacramento_20251029	CA_Sacramento	SRR36814882	2025-10-29	3288597474	0	0	0	0.000	no
CA_Sacramento_20251105	CA_Sacramento	SRR36814883	2025-11-05	2743368600	0	0	0	0.000	no
CA_Sacramento_20251112	CA_Sacramento	SRR36814881	2025-11-12	2448818420	0	0	0	0.000	no
CA_Sacramento_20251120	CA_Sacramento	SRR36814880	2025-11-20	1648292818	0	0	0	0.000	no
CA_Sacramento_20251125	CA_Sacramento	SRR36814892	2025-11-25	1925685310	2	2	24	1.039	yes
CA_Sacramento_20251203	CA_Sacramento	SRR36814893	2025-12-03	1413675040	0	0	0	0.000	no
CA_Sacramento_20251211	CA_Sacramento	SRR36814891	2025-12-11	1636945612	0	0	0	0.000	no
CA_Sacramento_20251224	CA_Sacramento	SRR37092402	2025-12-24	2097657070	0	0	0	0.000	no
CA_Sacramento_20251229	CA_Sacramento	SRR37092401	2025-12-29	2808290000	0	0	0	0.000	no
CA_Sacramento_20260107	CA_Sacramento	SRR38294673	2026-01-07	1311790188	0	0	0	0.000	no
CA_Sacramento_20260114	CA_Sacramento	SRR38294672	2026-01-14	1567785190	0	0	0	0.000	no
CA_Sacramento_20260122	CA_Sacramento	SRR38294670	2026-01-22	1653781860	0	0	0	0.000	no
CA_Sacramento_20260128	CA_Sacramento	SRR38294671	2026-01-28	2601636042	0	0	0	0.000	no
CA_Sacramento_20260202	CA_Sacramento	SRR38294669	2026-02-02	1576095328	0	0	0	0.000	no
CA_Sacramento_20260212	CA_Sacramento	SRR38294893	2026-02-12	2740678132	0	0	0	0.000	no
CA_Sacramento_20260219	CA_Sacramento	SRR38294668	2026-02-19	964369192	0	0	0	0.000	no
CA_Sacramento_20260225	CA_Sacramento	SRR38294890	2026-02-25	1317805726	0	0	0	0.000	no
CA_Sacramento_20260305	CA_Sacramento	SRR38294888	2026-03-05	3380824932	0	0	0	0.000	no
CA_Sacramento_20260311	CA_Sacramento	SRR38294666	2026-03-11	2304008158	0	0	0	0.000	no
CA_Sacramento_20260319	CA_Sacramento	SRR38294665	2026-03-19	2494510888	0	0	0	0.000	no
CA_Sacramento_20260326	CA_Sacramento	SRR38294663	2026-03-26	1881549182	0	0	0	0.000	no
CA_Sacramento_20260402	CA_Sacramento	SRR39694936	2026-04-02	1416383470	0	0	0	0.000	no
CA_Sacramento_20260408	CA_Sacramento	SRR39694938	2026-04-08	1767307974	0	0	0	0.000	no
CA_Sacramento_20260415	CA_Sacramento	SRR39694937	2026-04-15	1673797222	0	0	0	0.000	no
CA_Sacramento_20260423	CA_Sacramento	SRR39694939	2026-04-23	1947190770	0	0	0	0.000	no
CA_Sacramento_20260430	CA_Sacramento	SRR39695117	2026-04-30	1123745432	0	0	0	0.000	no
CA_Sacramento_20260507	CA_Sacramento	SRR39695119	2026-05-07	2488955272	0	0	0	0.000	no
CA_Sacramento_20260513	CA_Sacramento	SRR39694942	2026-05-13	1142573538	0	0	0	0.000	no
CA_Sacramento_20260520	CA_Sacramento	SRR39695118	2026-05-20	1422960606	0	0	0	0.000	no
CA_Sacramento_20260528	CA_Sacramento	SRR39695120	2026-05-28	2185358208	0	0	0	0.000	no
CA_Sacramento_20260603	CA_Sacramento	SRR39695339	2026-06-03	1463877672	0	0	0	0.000	no
CA_Sacramento_20260611	CA_Sacramento	SRR39695340	2026-06-11	2493282378	0	0	0	0.000	no
CA_Sacramento_20260617	CA_Sacramento	SRR39695111	2026-06-17	1804677944	0	0	0	0.000	no
CA_Sacramento_20260625	CA_Sacramento	SRR39695114	2026-06-25	1282306584	0	0	0	0.000	no
CHI-A_20240908	CHI-A	SRR33038084	2024-09-08	1507476106	0	0	0	0.000	no
CHI-A_20240915	CHI-A	SRR33038069	2024-09-15	1726674978	0	0	0	0.000	no
CHI-A_20240922	CHI-A	SRR33038198	2024-09-22	1059504262	0	0	0	0.000	no
CHI-A_20240929	CHI-A	SRR33038041	2024-09-29	1122533296	0	0	0	0.000	no
CHI-A_20241006	CHI-A	SRR33038144	2024-10-06	1186718078	0	0	0	0.000	no
CHI-A_20241021	CHI-A	SRR33038009	2024-10-21	2476731166	0	0	0	0.000	no
CHI-A_20241027	CHI-A	SRR33038126	2024-10-27	2190542690	0	0	0	0.000	no
CHI-A_20241103	CHI-A	SRR33038121	2024-11-03	1465828896	0	0	0	0.000	no
CHI-A_20241110	CHI-A	SRR33038004	2024-11-10	1182179836	0	0	0	0.000	no
CHI-A_20241117	CHI-A	SRR33038116	2024-11-17	1115703508	0	0	0	0.000	no
CHI-A_20241124	CHI-A	SRR33038216	2024-11-24	1197283686	0	0	0	0.000	no
CHI-A_20241201	CHI-A	SRR33038073	2024-12-01	1400166388	0	0	0	0.000	no
CHI-A_20241208	CHI-A	SRR33038068	2024-12-08	1257699350	0	0	0	0.000	no
CHI-A_20241215	CHI-A	SRR33038064	2024-12-15	894952174	0	0	0	0.000	no
CHI-A_20241215	CHI-A	SRR33038065	2024-12-15	1271325742	0	0	0	0.000	no
CHI-A_20241222	CHI-A	SRR33038105	2024-12-22	1303358128	0	0	0	0.000	no
CHI-A_20241222	CHI-A	SRR33038107	2024-12-22	921379328	0	0	0	0.000	no
CHI-A_20241229	CHI-A	SRR33038181	2024-12-29	1236704302	0	0	0	0.000	no
CHI-A_20241229	CHI-A	SRR33038199	2024-12-29	874966662	0	0	0	0.000	no
CHI-A_20250105	CHI-A	SRR33038044	2025-01-05	1027809254	0	0	0	0.000	no
CHI-A_20250105	CHI-A	SRR33038046	2025-01-05	721854986	0	0	0	0.000	no
CHI-A_20250112	CHI-A	SRR33038167	2025-01-12	1440829014	0	0	0	0.000	no
CHI-A_20250126	CHI-A	SRR33038033	2025-01-26	1649368576	0	0	0	0.000	no
CHI-A_20250202	CHI-A	SRR33038090	2025-02-02	2165765024	0	0	0	0.000	no
CHI-A_20250210	CHI-A	SRR33038163	2025-02-10	1711847872	0	0	0	0.000	no
CHI-A_20250217	CHI-A	SRR33038158	2025-02-17	1526678612	0	0	0	0.000	no
CHI-A_20250223	CHI-A	SRR33038076	2025-02-23	2448559634	0	0	0	0.000	no
CHI-A_20250302	CHI-A	SRR33038022	2025-03-02	1837579294	0	0	0	0.000	no
CHI-A_20250309	CHI-A	SRR33038078	2025-03-09	1304484192	0	0	0	0.000	no
CHI-A_20250316	CHI-A	SRR35987634	2025-03-16	2019685936	0	0	0	0.000	no
CHI-A_20250323	CHI-A	SRR35987633	2025-03-23	1527297796	0	0	0	0.000	no
CHI-A_20250330	CHI-A	SRR35987586	2025-03-30	1482947772	0	0	0	0.000	no
CHI-A_20250406	CHI-A	SRR35987660	2025-04-06	2278658800	0	0	0	0.000	no
CHI-A_20250413	CHI-A	SRR35987614	2025-04-13	1948963430	0	0	0	0.000	no
CHI-A_20250420	CHI-A	SRR35987577	2025-04-20	1438074272	2	2	25	1.391	yes
CHI-A_20250427	CHI-A	SRR35987650	2025-04-27	1323895940	0	0	0	0.000	no
CHI-A_20250504	CHI-A	SRR35987575	2025-05-04	1299838840	0	0	0	0.000	no
CHI-A_20250511	CHI-A	SRR35987673	2025-05-11	2084515246	0	0	0	0.000	no
CHI-A_20250518	CHI-A	SRR35987636	2025-05-18	1714029476	0	0	0	0.000	no
CHI-A_20250525	CHI-A	SRR35987631	2025-05-25	2187920174	0	0	0	0.000	no
CHI-A_20250601	CHI-A	SRR35987624	2025-06-01	2039140898	0	0	0	0.000	no
CHI-A_20250608	CHI-A	SRR35987567	2025-06-08	2794337994	0	0	0	0.000	no
CHI-A_20250615	CHI-A	SRR35987592	2025-06-15	2892786076	0	0	0	0.000	no
CHI-A_20250622	CHI-A	SRR35987589	2025-06-22	3242989480	8	2	96	0.617	yes
CHI-A_20250629	CHI-A	SRR35987588	2025-06-29	2499769754	0	0	0	0.000	no
CHI-A_20250706	CHI-A	SRR35987654	2025-07-06	2099939436	0	0	0	0.000	no
CHI-A_20250713	CHI-A	SRR35987653	2025-07-13	1416143930	0	0	0	0.000	no
CHI-A_20250720	CHI-A	SRR35987652	2025-07-20	1705652488	0	0	0	0.000	no
CHI-A_20250727	CHI-A	SRR35987587	2025-07-27	1842911986	0	0	0	0.000	no
CHI-A_20250803	CHI-A	SRR35987670	2025-08-03	1868241616	0	0	0	0.000	no
CHI-A_20250810	CHI-A	SRR35987646	2025-08-10	1562442768	6	2	68	1.280	yes
CHI-A_20250817	CHI-A	SRR35987642	2025-08-17	1755068398	0	0	0	0.000	no
CHI-A_20250826	CHI-A	SRR35987641	2025-08-26	1599541588	0	0	0	0.000	no
CHI-A_20250831	CHI-A	SRR35987640	2025-08-31	2037159668	0	0	0	0.000	no
CHI-A_20250907	CHI-A	SRR35987639	2025-09-07	2510948576	0	0	0	0.000	no
CHI-A_20250914	CHI-A	SRR35987638	2025-09-14	1796268140	0	0	0	0.000	no
CHI-A_20250921	CHI-A	SRR35987637	2025-09-21	2372234544	0	0	0	0.000	no
CHI-A_20250928	CHI-A	SRR35987607	2025-09-28	1689819480	0	0	0	0.000	no
CHI-A_20251005	CHI-A	SRR35987663	2025-10-05	1116231632	0	0	0	0.000	no
CHI-A_20251012	CHI-A	SRR35987662	2025-10-12	2551978652	0	0	0	0.000	no
CHI-A_20251019	CHI-A	SRR35987661	2025-10-19	2791212248	0	0	0	0.000	no
CHI-A_20251026	CHI-A	SRR36832699	2025-10-26	2969301276	0	0	0	0.000	no
CHI-A_20251102	CHI-A	SRR36832698	2025-11-02	1869904392	0	0	0	0.000	no
CHI-A_20251109	CHI-A	SRR36832686	2025-11-09	2285994898	0	0	0	0.000	no
CHI-A_20251116	CHI-A	SRR36832672	2025-11-16	2692419210	0	0	0	0.000	no
CHI-A_20251123	CHI-A	SRR36832673	2025-11-23	1368404254	0	0	0	0.000	no
CHI-A_20251130	CHI-A	SRR36832674	2025-11-30	1496564236	0	0	0	0.000	no
CHI-A_20251207	CHI-A	SRR37089594	2025-12-07	1961457314	0	0	0	0.000	no
CHI-A_20251214	CHI-A	SRR37089593	2025-12-14	1886580006	0	0	0	0.000	no
CHI-A_20251221	CHI-A	SRR37089578	2025-12-21	1906092686	0	0	0	0.000	no
CHI-A_20251228	CHI-A	SRR37089572	2025-12-28	1280755894	0	0	0	0.000	no
CHI-A_20260104	CHI-A	SRR37089573	2026-01-04	1919868470	0	0	0	0.000	no
CHI-A_20260111	CHI-A	SRR38294664	2026-01-11	1183171070	0	0	0	0.000	no
CHI-A_20260118	CHI-A	SRR38294662	2026-01-18	1657040018	0	0	0	0.000	no
CHI-A_20260125	CHI-A	SRR38294895	2026-01-25	2561379182	0	0	0	0.000	no
CHI-A_20260201	CHI-A	SRR38294894	2026-02-01	1743980824	0	0	0	0.000	no
CHI-A_20260208	CHI-A	SRR38294892	2026-02-08	1811767594	0	0	0	0.000	no
CHI-A_20260215	CHI-A	SRR38294735	2026-02-15	1565960328	0	0	0	0.000	no
CHI-A_20260222	CHI-A	SRR38294736	2026-02-22	2947025966	0	0	0	0.000	no
CHI-A_20260301	CHI-A	SRR38294737	2026-03-01	3269603206	0	0	0	0.000	no
CHI-A_20260308	CHI-A	SRR38294739	2026-03-08	2586627452	0	0	0	0.000	no
CHI-A_20260315	CHI-A	SRR38294659	2026-03-15	2006258578	0	0	0	0.000	no
CHI-A_20260322	CHI-A	SRR38294660	2026-03-22	2085291670	0	0	0	0.000	no
CHI-A_20260329	CHI-A	SRR38294738	2026-03-29	1959547064	0	0	0	0.000	no
CHI-A_20260405	CHI-A	SRR39695113	2026-04-05	1284952044	0	0	0	0.000	no
CHI-A_20260412	CHI-A	SRR39695115	2026-04-12	1519949666	0	0	0	0.000	no
CHI-A_20260419	CHI-A	SRR39695116	2026-04-19	2367669924	0	0	0	0.000	no
CHI-A_20260426	CHI-A	SRR39695122	2026-04-26	2675757074	0	0	0	0.000	no
CHI-A_20260503	CHI-A	SRR39695123	2026-05-03	2120688782	0	0	0	0.000	no
CHI-A_20260510	CHI-A	SRR39695124	2026-05-10	1094573758	0	0	0	0.000	no
CHI-A_20260517	CHI-A	SRR39695337	2026-05-17	1237637012	0	0	0	0.000	no
CHI-A_20260524	CHI-A	SRR39695338	2026-05-24	2866787484	8	3	101	1.046	yes
CHI-A_20260531	CHI-A	SRR39695336	2026-05-31	2497640012	0	0	0	0.000	no
CHI-A_20260607	CHI-A	SRR39695335	2026-06-07	1434933102	0	0	0	0.000	no
CHI-A_20260614	CHI-A	SRR39695332	2026-06-14	2269033024	0	0	0	0.000	no
CHI-A_20260621	CHI-A	SRR39695331	2026-06-21	1746180718	0	0	0	0.000	no
CHI-A_20260628	CHI-A	SRR39695329	2026-06-28	1215508134	9	5	74	4.114	yes
CHI-B_20240908	CHI-B	SRR33038007	2024-09-08	1230623520	0	0	0	0.000	no
CHI-B_20240915	CHI-B	SRR33038066	2024-09-15	1519651582	0	0	0	0.000	no
CHI-B_20241021	CHI-B	SRR33038006	2024-10-21	2753969210	0	0	0	0.000	no
CHI-B_20241027	CHI-B	SRR33038127	2024-10-27	2149910926	0	0	0	0.000	no
CHI-B_20241103	CHI-B	SRR33038016	2024-11-03	1189268858	0	0	0	0.000	no
CHI-B_20241110	CHI-B	SRR33038002	2024-11-10	1408120628	0	0	0	0.000	no
CHI-B_20241117	CHI-B	SRR33038115	2024-11-17	1558855438	0	0	0	0.000	no
CHI-B_20241124	CHI-B	SRR33038214	2024-11-24	1477217478	0	0	0	0.000	no
CHI-B_20241201	CHI-B	SRR33038057	2024-12-01	1527373024	0	0	0	0.000	no
CHI-B_20241208	CHI-B	SRR33038067	2024-12-08	1487324410	0	0	0	0.000	no
CHI-B_20241215	CHI-B	SRR33038062	2024-12-15	722505896	0	0	0	0.000	no
CHI-B_20241215	CHI-B	SRR33038063	2024-12-15	1033201800	0	0	0	0.000	no
CHI-B_20241222	CHI-B	SRR33038102	2024-12-22	1407001250	0	0	0	0.000	no
CHI-B_20241222	CHI-B	SRR33038106	2024-12-22	1004391272	0	0	0	0.000	no
CHI-B_20241229	CHI-B	SRR33038184	2024-12-29	1328335468	0	0	0	0.000	no
CHI-B_20241229	CHI-B	SRR33038200	2024-12-29	946449984	0	0	0	0.000	no
CHI-B_20250105	CHI-B	SRR33038042	2025-01-05	965983898	0	0	0	0.000	no
CHI-B_20250105	CHI-B	SRR33038045	2025-01-05	670304508	0	0	0	0.000	no
CHI-B_20250112	CHI-B	SRR33038050	2025-01-12	1472249438	0	0	0	0.000	no
CHI-B_20250119	CHI-B	SRR33038039	2025-01-19	1806012476	0	0	0	0.000	no
CHI-B_20250126	CHI-B	SRR33038028	2025-01-26	1723790898	0	0	0	0.000	no
CHI-B_20250202	CHI-B	SRR33038088	2025-02-02	1627567634	0	0	0	0.000	no
CHI-B_20250217	CHI-B	SRR33038156	2025-02-17	1732142404	0	0	0	0.000	no
CHI-B_20250223	CHI-B	SRR33038141	2025-02-23	2275085102	0	0	0	0.000	no
CHI-B_20250303	CHI-B	SRR33038019	2025-03-03	1842449262	0	0	0	0.000	no
CHI-B_20250309	CHI-B	SRR33038077	2025-03-09	1527299004	0	0	0	0.000	no
CHI-B_20250316	CHI-B	SRR35987585	2025-03-16	1218853456	0	0	0	0.000	no
CHI-B_20250323	CHI-B	SRR35987584	2025-03-23	1393197160	0	0	0	0.000	no
CHI-B_20250330	CHI-B	SRR35987562	2025-03-30	1397390184	0	0	0	0.000	no
CHI-B_20250406	CHI-B	SRR35987557	2025-04-06	2322748712	0	0	0	0.000	no
CHI-B_20250413	CHI-B	SRR35987556	2025-04-13	2244137172	0	0	0	0.000	no
CHI-B_20250420	CHI-B	SRR35987555	2025-04-20	1434840440	0	0	0	0.000	no
CHI-B_20250427	CHI-B	SRR35987554	2025-04-27	1292284012	0	0	0	0.000	no
CHI-B_20250504	CHI-B	SRR35987553	2025-05-04	1334437190	0	0	0	0.000	no
CHI-B_20250511	CHI-B	SRR35987552	2025-05-11	2007991886	0	0	0	0.000	no
CHI-B_20250518	CHI-B	SRR35987551	2025-05-18	2140116010	0	0	0	0.000	no
CHI-B_20250525	CHI-B	SRR35987658	2025-05-25	2158263456	0	0	0	0.000	no
CHI-B_20250601	CHI-B	SRR35987657	2025-06-01	1910390424	0	0	0	0.000	no
CHI-B_20250608	CHI-B	SRR35987656	2025-06-08	2613828730	0	0	0	0.000	no
CHI-B_20250615	CHI-B	SRR35987655	2025-06-15	3098224746	0	0	0	0.000	no
CHI-B_20250622	CHI-B	SRR35987549	2025-06-22	3231948608	0	0	0	0.000	no
CHI-B_20250629	CHI-B	SRR35987548	2025-06-29	1933967484	0	0	0	0.000	no
CHI-B_20250706	CHI-B	SRR35987547	2025-07-06	1840583192	0	0	0	0.000	no
CHI-B_20250713	CHI-B	SRR35987546	2025-07-13	2103437970	0	0	0	0.000	no
CHI-B_20250720	CHI-B	SRR35987545	2025-07-20	1999438970	0	0	0	0.000	no
CHI-B_20250727	CHI-B	SRR35987615	2025-07-27	1755225394	0	0	0	0.000	no
CHI-B_20250803	CHI-B	SRR35987659	2025-08-03	1786549322	0	0	0	0.000	no
CHI-B_20250810	CHI-B	SRR35987601	2025-08-10	1827126376	26	6	82	3.284	yes
CHI-B_20250817	CHI-B	SRR35987600	2025-08-17	1904148094	0	0	0	0.000	no
CHI-B_20250831	CHI-B	SRR35987666	2025-08-31	1874112596	0	0	0	0.000	no
CHI-B_20250914	CHI-B	SRR35987665	2025-09-14	1810919700	0	0	0	0.000	no
CHI-B_20250921	CHI-B	SRR35987630	2025-09-21	1821132298	0	0	0	0.000	no
CHI-B_20250921	CHI-B	SRR35987664	2025-09-21	16088	0	0	0	0.000	no
CHI-B_20250928	CHI-B	SRR35987629	2025-09-28	1743550132	0	0	0	0.000	no
CHI-B_20251005	CHI-B	SRR35987628	2025-10-05	1759344006	0	0	0	0.000	no
CHI-B_20251012	CHI-B	SRR35987593	2025-10-12	2547081916	0	0	0	0.000	no
CHI-B_20251019	CHI-B	SRR35987594	2025-10-19	2783593336	0	0	0	0.000	no
CHI-B_20251026	CHI-B	SRR36832675	2025-10-26	1556763854	0	0	0	0.000	no
CHI-B_20251102	CHI-B	SRR36832676	2025-11-02	1553204244	0	0	0	0.000	no
CHI-B_20251109	CHI-B	SRR36832677	2025-11-09	2217169440	0	0	0	0.000	no
CHI-B_20251116	CHI-B	SRR36832678	2025-11-16	2469171760	0	0	0	0.000	no
CHI-B_20251123	CHI-B	SRR36832696	2025-11-23	1097071240	0	0	0	0.000	no
CHI-B_20251130	CHI-B	SRR36832697	2025-11-30	1380077430	0	0	0	0.000	no
CHI-B_20251207	CHI-B	SRR37089574	2025-12-07	2188929858	0	0	0	0.000	no
CHI-B_20251214	CHI-B	SRR37089575	2025-12-14	1693238584	0	0	0	0.000	no
CHI-B_20251221	CHI-B	SRR37089576	2025-12-21	2094537640	0	0	0	0.000	no
CHI-B_20251228	CHI-B	SRR37089577	2025-12-28	1851133594	0	0	0	0.000	no
CHI-B_20260104	CHI-B	SRR37089579	2026-01-04	2125760716	0	0	0	0.000	no
CHI-B_20260111	CHI-B	SRR38294740	2026-01-11	1015816586	0	0	0	0.000	no
CHI-B_20260118	CHI-B	SRR38294741	2026-01-18	1516604980	0	0	0	0.000	no
CHI-B_20260125	CHI-B	SRR38294742	2026-01-25	2368598716	0	0	0	0.000	no
CHI-B_20260201	CHI-B	SRR38294721	2026-02-01	1649092694	0	0	0	0.000	no
CHI-B_20260208	CHI-B	SRR38294743	2026-02-08	2186260824	0	0	0	0.000	no
CHI-B_20260215	CHI-B	SRR38294744	2026-02-15	1412980218	0	0	0	0.000	no
CHI-B_20260222	CHI-B	SRR38294724	2026-02-22	1419873478	0	0	0	0.000	no
CHI-B_20260301	CHI-B	SRR38294725	2026-03-01	3170756758	0	0	0	0.000	no
CHI-B_20260308	CHI-B	SRR38294727	2026-03-08	2282591662	0	0	0	0.000	no
CHI-B_20260315	CHI-B	SRR38294726	2026-03-15	1968205466	0	0	0	0.000	no
CHI-B_20260322	CHI-B	SRR38294728	2026-03-22	1675553802	0	0	0	0.000	no
CHI-B_20260329	CHI-B	SRR38294729	2026-03-29	1717869366	0	0	0	0.000	no
CHI-B_20260405	CHI-B	SRR39695334	2026-04-05	1182275764	0	0	0	0.000	no
CHI-B_20260412	CHI-B	SRR39695333	2026-04-12	1331571232	0	0	0	0.000	no
CHI-B_20260419	CHI-B	SRR39695058	2026-04-19	2018821934	0	0	0	0.000	no
CHI-B_20260426	CHI-B	SRR39695056	2026-04-26	2427497794	0	0	0	0.000	no
CHI-B_20260503	CHI-B	SRR39695055	2026-05-03	2598521178	0	0	0	0.000	no
CHI-B_20260510	CHI-B	SRR39695054	2026-05-10	1274536430	0	0	0	0.000	no
CHI-B_20260517	CHI-B	SRR39695052	2026-05-17	1438040696	0	0	0	0.000	no
CHI-B_20260524	CHI-B	SRR39695063	2026-05-24	2517015832	0	0	0	0.000	no
CHI-B_20260531	CHI-B	SRR39695062	2026-05-31	2367251906	0	0	0	0.000	no
CHI-B_20260607	CHI-B	SRR39695061	2026-06-07	1635374910	0	0	0	0.000	no
CHI-B_20260614	CHI-B	SRR39695059	2026-06-14	2117206864	0	0	0	0.000	no
CHI-B_20260628	CHI-B	SRR39695057	2026-06-28	1279474592	24	5	84	3.908	yes
CHI-C_20241118	CHI-C	SRR33038112	2024-11-18	1646141508	0	0	0	0.000	no
CHI-C_20241125	CHI-C	SRR33038211	2024-11-25	1350455978	0	0	0	0.000	no
CHI-C_20241209	CHI-C	SRR33038208	2024-12-09	1592059216	0	0	0	0.000	no
CHI-C_20241216	CHI-C	SRR33038056	2024-12-16	1253790462	0	0	0	0.000	no
CHI-C_20241216	CHI-C	SRR33038103	2024-12-16	1756161392	0	0	0	0.000	no
CHI-C_20241230	CHI-C	SRR33038182	2024-12-30	1361387670	0	0	0	0.000	no
CHI-C_20241230	CHI-C	SRR33038192	2024-12-30	947268440	0	0	0	0.000	no
CHI-C_20250106	CHI-C	SRR33038173	2025-01-06	952607052	0	0	0	0.000	no
CHI-C_20250106	CHI-C	SRR33038174	2025-01-06	1342013394	0	0	0	0.000	no
CHI-C_20250113	CHI-C	SRR33038048	2025-01-13	1540588328	0	0	0	0.000	no
CHI-C_20250202	CHI-C	SRR33038148	2025-02-02	1781068010	0	0	0	0.000	no
CHI-C_20250210	CHI-C	SRR33038162	2025-02-10	1779629376	0	0	0	0.000	no
CHI-C_20250220	CHI-C	SRR33038149	2025-02-20	2390936832	0	0	0	0.000	no
CHI-C_20250303	CHI-C	SRR33038018	2025-03-03	2134981446	0	0	0	0.000	no
CHI-C_20250310	CHI-C	SRR33038132	2025-03-10	1669867896	0	0	0	0.000	no
CHI-C_20250317	CHI-C	SRR35987613	2025-03-17	1024383030	0	0	0	0.000	no
CHI-C_20250324	CHI-C	SRR35987612	2025-03-24	713812744	0	0	0	0.000	no
CHI-C_20250331	CHI-C	SRR35987611	2025-03-31	1335755938	0	0	0	0.000	no
CHI-C_20250407	CHI-C	SRR35987610	2025-04-07	2280565574	0	0	0	0.000	no
CHI-C_20250414	CHI-C	SRR35987609	2025-04-14	2279613430	0	0	0	0.000	no
CHI-C_20250421	CHI-C	SRR35987608	2025-04-21	1345397900	0	0	0	0.000	no
CHI-C_20250428	CHI-C	SRR35987583	2025-04-28	1359176430	0	0	0	0.000	no
CHI-C_20250505	CHI-C	SRR35987582	2025-05-05	1583278414	0	0	0	0.000	no
CHI-C_20250512	CHI-C	SRR35987581	2025-05-12	1137595732	0	0	0	0.000	no
CHI-C_20250519	CHI-C	SRR35987580	2025-05-19	2104810580	0	0	0	0.000	no
CHI-C_20250602	CHI-C	SRR35987579	2025-06-02	2102002320	21	9	56	4.282	yes
CHI-C_20250609	CHI-C	SRR35987576	2025-06-09	2794369228	0	0	0	0.000	no
CHI-C_20250616	CHI-C	SRR35987571	2025-06-16	3115485118	0	0	0	0.000	no
CHI-C_20250623	CHI-C	SRR35987550	2025-06-23	2858062864	0	0	0	0.000	no
CHI-C_20250630	CHI-C	SRR35987568	2025-06-30	2892526650	0	0	0	0.000	no
CHI-C_20250714	CHI-C	SRR35987558	2025-07-14	1922880122	0	0	0	0.000	no
CHI-C_20250721	CHI-C	SRR35987674	2025-07-21	2157439286	0	0	0	0.000	no
CHI-C_20250728	CHI-C	SRR35987635	2025-07-28	1941158940	14	2	34	1.030	yes
CHI-C_20250804	CHI-C	SRR35987595	2025-08-04	1992811624	0	0	0	0.000	no
CHI-C_20250811	CHI-C	SRR35987596	2025-08-11	1918749706	0	0	0	0.000	no
CHI-C_20250818	CHI-C	SRR35987597	2025-08-18	1815240310	0	0	0	0.000	no
CHI-C_20250826	CHI-C	SRR35987598	2025-08-26	1958582168	0	0	0	0.000	no
CHI-C_20250908	CHI-C	SRR35987599	2025-09-08	2276333616	0	0	0	0.000	no
CHI-C_20250915	CHI-C	SRR35987625	2025-09-15	1782361148	0	0	0	0.000	no
CHI-C_20250922	CHI-C	SRR35987626	2025-09-22	2690906818	0	0	0	0.000	no
CHI-C_20250929	CHI-C	SRR35987627	2025-09-29	1730716766	0	0	0	0.000	no
CHI-C_20251006	CHI-C	SRR35987618	2025-10-06	2322448870	0	0	0	0.000	no
CHI-C_20251013	CHI-C	SRR35987621	2025-10-13	2573862992	0	0	0	0.000	no
CHI-C_20251020	CHI-C	SRR35987622	2025-10-20	2554310838	0	0	0	0.000	no
CHI-C_20251027	CHI-C	SRR36832695	2025-10-27	3231279638	0	0	0	0.000	no
CHI-C_20251103	CHI-C	SRR36832694	2025-11-03	3013864298	0	0	0	0.000	no
CHI-C_20251110	CHI-C	SRR36832693	2025-11-10	2540715292	0	0	0	0.000	no
CHI-C_20251117	CHI-C	SRR36832691	2025-11-17	1779991912	0	0	0	0.000	no
CHI-C_20251124	CHI-C	SRR36832692	2025-11-24	1369744778	0	0	0	0.000	no
CHI-C_20251201	CHI-C	SRR36832690	2025-12-01	1566242144	0	0	0	0.000	no
CHI-C_20251208	CHI-C	SRR37089592	2025-12-08	2442423312	0	0	0	0.000	no
CHI-C_20251215	CHI-C	SRR37089591	2025-12-15	2270544342	0	0	0	0.000	no
CHI-C_20251222	CHI-C	SRR37089590	2025-12-22	1712061902	0	0	0	0.000	no
CHI-C_20251229	CHI-C	SRR37089588	2025-12-29	1938337726	0	0	0	0.000	no
CHI-C_20260105	CHI-C	SRR37089589	2026-01-05	1735140748	0	0	0	0.000	no
CHI-C_20260112	CHI-C	SRR38294730	2026-01-12	1347743776	0	0	0	0.000	no
CHI-C_20260119	CHI-C	SRR38294723	2026-01-19	1893776212	0	0	0	0.000	no
CHI-C_20260126	CHI-C	SRR38294722	2026-01-26	2461595734	0	0	0	0.000	no
CHI-C_20260202	CHI-C	SRR38294719	2026-02-02	1621829456	0	0	0	0.000	no
CHI-C_20260209	CHI-C	SRR38294718	2026-02-09	2117125850	0	0	0	0.000	no
CHI-C_20260216	CHI-C	SRR38294717	2026-02-16	1456999960	0	0	0	0.000	no
CHI-C_20260223	CHI-C	SRR38294661	2026-02-23	1498077664	0	0	0	0.000	no
CHI-C_20260302	CHI-C	SRR38294658	2026-03-02	2794831482	0	0	0	0.000	no
CHI-C_20260309	CHI-C	SRR38294657	2026-03-09	2648613750	0	0	0	0.000	no
CHI-C_20260316	CHI-C	SRR38294655	2026-03-16	2293376782	0	0	0	0.000	no
CHI-C_20260323	CHI-C	SRR38294656	2026-03-23	1805558706	0	0	0	0.000	no
CHI-C_20260330	CHI-C	SRR38294716	2026-03-30	1734615010	0	0	0	0.000	no
CHI-C_20260406	CHI-C	SRR39695053	2026-04-06	1372217924	0	0	0	0.000	no
CHI-C_20260413	CHI-C	SRR39695050	2026-04-13	1412891804	0	0	0	0.000	no
CHI-C_20260420	CHI-C	SRR39694940	2026-04-20	2200989702	0	0	0	0.000	no
CHI-C_20260427	CHI-C	SRR39695099	2026-04-27	2537263854	0	0	0	0.000	no
CHI-C_20260504	CHI-C	SRR39695326	2026-05-04	2771394204	0	0	0	0.000	no
CHI-C_20260511	CHI-C	SRR39695325	2026-05-11	1283100468	0	0	0	0.000	no
CHI-C_20260518	CHI-C	SRR39694932	2026-05-18	1487304044	0	0	0	0.000	no
CHI-C_20260528	CHI-C	SRR39695078	2026-05-28	2537630284	0	0	0	0.000	no
CHI-C_20260601	CHI-C	SRR39695227	2026-06-01	2451805634	0	0	0	0.000	no
CHI-C_20260608	CHI-C	SRR39695112	2026-06-08	1234123270	0	0	0	0.000	no
CHI-C_20260615	CHI-C	SRR39695110	2026-06-15	2144972824	9	6	100	2.797	yes
CHI-C_20260622	CHI-C	SRR39695109	2026-06-22	1542719878	0	0	0	0.000	no
CHI-C_20260629	CHI-C	SRR39695108	2026-06-29	1278255434	0	0	0	0.000	no
CHI-D1_20240915	CHI-D1	SRR33038055	2024-09-15	1661858726	0	0	0	0.000	no
CHI-D1_20241027	CHI-D1	SRR33038125	2024-10-27	1949016302	0	0	0	0.000	no
CHI-D1_20241103	CHI-D1	SRR33038008	2024-11-03	1702048508	0	0	0	0.000	no
CHI-D1_20241110	CHI-D1	SRR33038001	2024-11-10	1596492018	0	0	0	0.000	no
CHI-D1_20241117	CHI-D1	SRR33038114	2024-11-17	1462427050	0	0	0	0.000	no
CHI-D1_20241124	CHI-D1	SRR33038213	2024-11-24	1348931678	0	0	0	0.000	no
CHI-D1_20241201	CHI-D1	SRR33038072	2024-12-01	1382563068	0	0	0	0.000	no
CHI-D1_20241208	CHI-D1	SRR33038210	2024-12-08	1336777946	0	0	0	0.000	no
CHI-D1_20241215	CHI-D1	SRR33038060	2024-12-15	1062660718	0	0	0	0.000	no
CHI-D1_20241215	CHI-D1	SRR33038061	2024-12-15	1499874532	0	0	0	0.000	no
CHI-D1_20241222	CHI-D1	SRR33038193	2024-12-22	732483942	0	0	0	0.000	no
CHI-D1_20241222	CHI-D1	SRR33038196	2024-12-22	1041652566	0	0	0	0.000	no
CHI-D1_20241229	CHI-D1	SRR33038183	2024-12-29	532000218	0	0	0	0.000	no
CHI-D1_20241229	CHI-D1	SRR33038186	2024-12-29	751768240	0	0	0	0.000	no
CHI-D1_20250105	CHI-D1	SRR33038092	2025-01-05	898208298	0	0	0	0.000	no
CHI-D1_20250105	CHI-D1	SRR33038177	2025-01-05	1275368590	0	0	0	0.000	no
CHI-D1_20250112	CHI-D1	SRR33038052	2025-01-12	1609925598	0	0	0	0.000	no
CHI-D1_20250119	CHI-D1	SRR33038038	2025-01-19	1626187632	0	0	0	0.000	no
CHI-D1_20250126	CHI-D1	SRR33038030	2025-01-26	1596129712	0	0	0	0.000	no
CHI-D1_20250202	CHI-D1	SRR33038147	2025-02-02	1456631088	0	0	0	0.000	no
CHI-D1_20250209	CHI-D1	SRR33038165	2025-02-09	1759224280	0	0	0	0.000	no
CHI-D1_20250217	CHI-D1	SRR33038153	2025-02-17	2165239566	0	0	0	0.000	no
CHI-D1_20250223	CHI-D1	SRR33038145	2025-02-23	2245285948	0	0	0	0.000	no
CHI-D1_20250302	CHI-D1	SRR33038021	2025-03-02	2546151152	0	0	0	0.000	no
CHI-D1_20250309	CHI-D1	SRR33038134	2025-03-09	1850833998	0	0	0	0.000	no
CHI-D1_20250316	CHI-D1	SRR37428234	2025-03-16	2224981572	0	0	0	0.000	no
CHI-D1_20250323	CHI-D1	SRR37428233	2025-03-23	1392040446	0	0	0	0.000	no
CHI-D1_20250330	CHI-D1	SRR37428221	2025-03-30	1628385544	0	0	0	0.000	no
CHI-D1_20250406	CHI-D1	SRR37428224	2025-04-06	2159983806	0	0	0	0.000	no
CHI-D1_20250413	CHI-D1	SRR37428208	2025-04-13	2123429692	0	0	0	0.000	no
CHI-D1_20250420	CHI-D1	SRR37428183	2025-04-20	1470209196	0	0	0	0.000	no
CHI-D1_20250427	CHI-D1	SRR37428187	2025-04-27	1234581814	0	0	0	0.000	no
CHI-D1_20250504	CHI-D1	SRR37428186	2025-05-04	1378183350	0	0	0	0.000	no
CHI-D1_20250511	CHI-D1	SRR37428185	2025-05-11	2442018254	0	0	0	0.000	no
CHI-D1_20250518	CHI-D1	SRR37428184	2025-05-18	2112451284	0	0	0	0.000	no
CHI-D1_20250525	CHI-D1	SRR37428232	2025-05-25	2132399390	0	0	0	0.000	no
CHI-D1_20250601	CHI-D1	SRR37428229	2025-06-01	1769886758	0	0	0	0.000	no
CHI-D1_20250608	CHI-D1	SRR35987570	2025-06-08	2779379036	0	0	0	0.000	no
CHI-D1_20250615	CHI-D1	SRR35987606	2025-06-15	3037551490	0	0	0	0.000	no
CHI-D1_20250622	CHI-D1	SRR35987604	2025-06-22	2987127598	0	0	0	0.000	no
CHI-D1_20250629	CHI-D1	SRR35987602	2025-06-29	2405678400	0	0	0	0.000	no
CHI-D1_20250706	CHI-D1	SRR37428228	2025-07-06	2087543918	0	0	0	0.000	no
CHI-D1_20250713	CHI-D1	SRR37428230	2025-07-13	1936575622	0	0	0	0.000	no
CHI-D1_20250720	CHI-D1	SRR37428231	2025-07-20	2094687876	0	0	0	0.000	no
CHI-D1_20250727	CHI-D1	SRR37428192	2025-07-27	2276125062	0	0	0	0.000	no
CHI-D1_20250803	CHI-D1	SRR37428193	2025-08-03	2008399524	0	0	0	0.000	no
CHI-D1_20250810	CHI-D1	SRR37428194	2025-08-10	1650107018	0	0	0	0.000	no
CHI-D1_20250817	CHI-D1	SRR37428207	2025-08-17	1845406144	0	0	0	0.000	no
CHI-D1_20250826	CHI-D1	SRR37428210	2025-08-26	1509764434	0	0	0	0.000	no
CHI-D1_20250831	CHI-D1	SRR37428223	2025-08-31	1686554482	0	0	0	0.000	no
CHI-D1_20250907	CHI-D1	SRR37428212	2025-09-07	2102105822	0	0	0	0.000	no
CHI-D1_20250914	CHI-D1	SRR37428213	2025-09-14	1732397490	0	0	0	0.000	no
CHI-D1_20250921	CHI-D1	SRR37428214	2025-09-21	7062	0	0	0	0.000	no
CHI-D1_20250921	CHI-D1	SRR37428215	2025-09-21	1587764100	0	0	0	0.000	no
CHI-D1_20250928	CHI-D1	SRR37428217	2025-09-28	1849121956	0	0	0	0.000	no
CHI-D1_20251005	CHI-D1	SRR37428216	2025-10-05	1861645668	0	0	0	0.000	no
CHI-D1_20251012	CHI-D1	SRR35987620	2025-10-12	2741485694	0	0	0	0.000	no
CHI-D1_20251019	CHI-D1	SRR35987616	2025-10-19	2498077940	0	0	0	0.000	no
CHI-D1_20251026	CHI-D1	SRR36832689	2025-10-26	2662930448	0	0	0	0.000	no
CHI-D1_20251102	CHI-D1	SRR36832688	2025-11-02	2252668836	0	0	0	0.000	no
CHI-D1_20251109	CHI-D1	SRR36832687	2025-11-09	2222660162	0	0	0	0.000	no
CHI-D1_20251116	CHI-D1	SRR36832685	2025-11-16	2925270298	0	0	0	0.000	no
CHI-D1_20251123	CHI-D1	SRR36832681	2025-11-23	1557921202	0	0	0	0.000	no
CHI-D1_20251130	CHI-D1	SRR36832680	2025-11-30	1413715724	0	0	0	0.000	no
CHI-D1_20251207	CHI-D1	SRR37089587	2025-12-07	1935950492	0	0	0	0.000	no
CHI-D1_20251214	CHI-D1	SRR37089586	2025-12-14	1951120962	0	0	0	0.000	no
CHI-D1_20251221	CHI-D1	SRR37089585	2025-12-21	2329638874	0	0	0	0.000	no
CHI-D1_20251228	CHI-D1	SRR37089583	2025-12-28	1730298218	0	0	0	0.000	no
CHI-D1_20260104	CHI-D1	SRR37089584	2026-01-04	1692295100	0	0	0	0.000	no
CHI-D1_20260111	CHI-D1	SRR38294715	2026-01-11	1268519502	0	0	0	0.000	no
CHI-D1_20260118	CHI-D1	SRR38294654	2026-01-18	1511648188	0	0	0	0.000	no
CHI-D1_20260125	CHI-D1	SRR38294653	2026-01-25	2126976148	0	0	0	0.000	no
CHI-D1_20260201	CHI-D1	SRR38294652	2026-02-01	1506766510	0	0	0	0.000	no
CHI-D1_20260208	CHI-D1	SRR38294650	2026-02-08	1962272080	0	0	0	0.000	no
CHI-D1_20260215	CHI-D1	SRR38294651	2026-02-15	1522005780	0	0	0	0.000	no
CHI-D1_20260222	CHI-D1	SRR38294648	2026-02-22	1635650588	0	0	0	0.000	no
CHI-D1_20260301	CHI-D1	SRR38294775	2026-03-01	2835245722	0	0	0	0.000	no
CHI-D1_20260308	CHI-D1	SRR38294774	2026-03-08	2794152502	0	0	0	0.000	no
CHI-D1_20260315	CHI-D1	SRR38294772	2026-03-15	1972916988	0	0	0	0.000	no
CHI-D1_20260322	CHI-D1	SRR38294770	2026-03-22	1975011856	0	0	0	0.000	no
CHI-D1_20260329	CHI-D1	SRR38294771	2026-03-29	2094920338	0	0	0	0.000	no
CHI-D1_20260405	CHI-D1	SRR39695106	2026-04-05	1110965092	0	0	0	0.000	no
CHI-D1_20260412	CHI-D1	SRR39695107	2026-04-12	1239606916	0	0	0	0.000	no
CHI-D1_20260419	CHI-D1	SRR39695105	2026-04-19	2169229082	0	0	0	0.000	no
CHI-D1_20260426	CHI-D1	SRR39695104	2026-04-26	2707303362	0	0	0	0.000	no
CHI-D1_20260503	CHI-D1	SRR39695103	2026-05-03	2999744442	0	0	0	0.000	no
CHI-D1_20260510	CHI-D1	SRR39695102	2026-05-10	1166687114	0	0	0	0.000	no
CHI-D1_20260517	CHI-D1	SRR39695100	2026-05-17	1317939646	0	0	0	0.000	no
CHI-D1_20260524	CHI-D1	SRR39694933	2026-05-24	2305959384	0	0	0	0.000	no
CHI-D1_20260531	CHI-D1	SRR39695077	2026-05-31	2329469230	0	0	0	0.000	no
CHI-D1_20260607	CHI-D1	SRR39695327	2026-06-07	1647662864	0	0	0	0.000	no
CHI-D1_20260614	CHI-D1	SRR39695040	2026-06-14	2475956132	0	0	0	0.000	no
CHI-D1_20260621	CHI-D1	SRR39695038	2026-06-21	1965804138	0	0	0	0.000	no
CHI-D1_20260628	CHI-D1	SRR39695039	2026-06-28	1248204330	0	0	0	0.000	no
CHI-D2_20240915	CHI-D2	SRR33038194	2024-09-15	1727659238	0	0	0	0.000	no
CHI-D2_20241027	CHI-D2	SRR33038124	2024-10-27	1904688248	0	0	0	0.000	no
CHI-D2_20241103	CHI-D2	SRR33038005	2024-11-03	1461991546	0	0	0	0.000	no
CHI-D2_20241110	CHI-D2	SRR33038000	2024-11-10	1523585224	0	0	0	0.000	no
CHI-D2_20241117	CHI-D2	SRR33038113	2024-11-17	1269484620	0	0	0	0.000	no
CHI-D2_20241124	CHI-D2	SRR33038212	2024-11-24	1568395224	0	0	0	0.000	no
CHI-D2_20241201	CHI-D2	SRR33038070	2024-12-01	1362864374	0	0	0	0.000	no
CHI-D2_20241208	CHI-D2	SRR33038209	2024-12-08	1717465932	0	0	0	0.000	no
CHI-D2_20241215	CHI-D2	SRR33038058	2024-12-15	872102724	0	0	0	0.000	no
CHI-D2_20241215	CHI-D2	SRR33038059	2024-12-15	1231874152	0	0	0	0.000	no
CHI-D2_20241222	CHI-D2	SRR33038195	2024-12-22	918762414	0	0	0	0.000	no
CHI-D2_20241222	CHI-D2	SRR33038197	2024-12-22	1309334214	0	0	0	0.000	no
CHI-D2_20241229	CHI-D2	SRR33038185	2024-12-29	924779868	0	0	0	0.000	no
CHI-D2_20241229	CHI-D2	SRR33038187	2024-12-29	1315213494	0	0	0	0.000	no
CHI-D2_20250105	CHI-D2	SRR33038175	2025-01-05	1128156030	0	0	0	0.000	no
CHI-D2_20250105	CHI-D2	SRR33038176	2025-01-05	1574279904	0	0	0	0.000	no
CHI-D2_20250112	CHI-D2	SRR33038049	2025-01-12	1649404814	0	0	0	0.000	no
CHI-D2_20250119	CHI-D2	SRR33038037	2025-01-19	4156486582	0	0	0	0.000	no
CHI-D2_20250126	CHI-D2	SRR33038026	2025-01-26	1818919858	0	0	0	0.000	no
CHI-D2_20250202	CHI-D2	SRR33038146	2025-02-02	1760059298	0	0	0	0.000	no
CHI-D2_20250209	CHI-D2	SRR33038164	2025-02-09	1791988364	0	0	0	0.000	no
CHI-D2_20250217	CHI-D2	SRR33038155	2025-02-17	2224906400	0	0	0	0.000	no
CHI-D2_20250223	CHI-D2	SRR33038143	2025-02-23	2048262566	0	0	0	0.000	no
CHI-D2_20250302	CHI-D2	SRR33038020	2025-03-02	1948228728	0	0	0	0.000	no
CHI-D2_20250309	CHI-D2	SRR33038133	2025-03-09	1804963900	0	0	0	0.000	no
CHI-D2_20250316	CHI-D2	SRR37428218	2025-03-16	1786538386	0	0	0	0.000	no
CHI-D2_20250323	CHI-D2	SRR37428219	2025-03-23	1475691824	0	0	0	0.000	no
CHI-D2_20250330	CHI-D2	SRR37428220	2025-03-30	1416121160	0	0	0	0.000	no
CHI-D2_20250406	CHI-D2	SRR37428225	2025-04-06	2105302538	0	0	0	0.000	no
CHI-D2_20250413	CHI-D2	SRR37428226	2025-04-13	2065356698	0	0	0	0.000	no
CHI-D2_20250420	CHI-D2	SRR37428227	2025-04-20	1213842150	0	0	0	0.000	no
CHI-D2_20250427	CHI-D2	SRR37428205	2025-04-27	1189048644	0	0	0	0.000	no
CHI-D2_20250504	CHI-D2	SRR37428203	2025-05-04	1389459974	0	0	0	0.000	no
CHI-D2_20250511	CHI-D2	SRR37428201	2025-05-11	2149057492	0	0	0	0.000	no
CHI-D2_20250518	CHI-D2	SRR37428200	2025-05-18	1976245652	0	0	0	0.000	no
CHI-D2_20250525	CHI-D2	SRR37428199	2025-05-25	2221811320	0	0	0	0.000	no
CHI-D2_20250601	CHI-D2	SRR37428204	2025-06-01	1300998366	0	0	0	0.000	no
CHI-D2_20250608	CHI-D2	SRR35987569	2025-06-08	2704468168	0	0	0	0.000	no
CHI-D2_20250615	CHI-D2	SRR35987605	2025-06-15	3183780226	0	0	0	0.000	no
CHI-D2_20250622	CHI-D2	SRR35987603	2025-06-22	3113704970	23	3	46	0.963	yes
CHI-D2_20250629	CHI-D2	SRR35987667	2025-06-29	2461799580	0	0	0	0.000	no
CHI-D2_20250706	CHI-D2	SRR37428202	2025-07-06	2164366448	0	0	0	0.000	no
CHI-D2_20250713	CHI-D2	SRR37428206	2025-07-13	1640681764	0	0	0	0.000	no
CHI-D2_20250720	CHI-D2	SRR37428211	2025-07-20	2056912374	0	0	0	0.000	no
CHI-D2_20250727	CHI-D2	SRR37428209	2025-07-27	1716436650	0	0	0	0.000	no
CHI-D2_20250803	CHI-D2	SRR37428195	2025-08-03	1584095158	0	0	0	0.000	no
CHI-D2_20250810	CHI-D2	SRR37428222	2025-08-10	1751472814	0	0	0	0.000	no
CHI-D2_20250817	CHI-D2	SRR37428198	2025-08-17	1540934818	0	0	0	0.000	no
CHI-D2_20250826	CHI-D2	SRR37428197	2025-08-26	1959394170	0	0	0	0.000	no
CHI-D2_20250831	CHI-D2	SRR37428196	2025-08-31	2105762588	0	0	0	0.000	no
CHI-D2_20250907	CHI-D2	SRR37428191	2025-09-07	2262532580	0	0	0	0.000	no
CHI-D2_20250914	CHI-D2	SRR37428190	2025-09-14	1655908722	0	0	0	0.000	no
CHI-D2_20250921	CHI-D2	SRR37428182	2025-09-21	2653524160	0	0	0	0.000	no
CHI-D2_20250928	CHI-D2	SRR37428189	2025-09-28	2170084460	0	0	0	0.000	no
CHI-D2_20251005	CHI-D2	SRR37428188	2025-10-05	1253535308	0	0	0	0.000	no
CHI-D2_20251012	CHI-D2	SRR35987617	2025-10-12	2678674020	0	0	0	0.000	no
CHI-D2_20251019	CHI-D2	SRR35987590	2025-10-19	2451234050	0	0	0	0.000	no
CHI-D2_20251026	CHI-D2	SRR36832679	2025-10-26	2957063056	0	0	0	0.000	no
CHI-D2_20251102	CHI-D2	SRR36832682	2025-11-02	2041291950	0	0	0	0.000	no
CHI-D2_20251109	CHI-D2	SRR36832683	2025-11-09	2346282196	0	0	0	0.000	no
CHI-D2_20251116	CHI-D2	SRR36832684	2025-11-16	2475778250	0	0	0	0.000	no
CHI-D2_20251123	CHI-D2	SRR36832670	2025-11-23	1168759312	0	0	0	0.000	no
CHI-D2_20251130	CHI-D2	SRR36832671	2025-11-30	1325035284	0	0	0	0.000	no
CHI-D2_20251207	CHI-D2	SRR37089580	2025-12-07	2254314474	0	0	0	0.000	no
CHI-D2_20251214	CHI-D2	SRR37089581	2025-12-14	1650066464	0	0	0	0.000	no
CHI-D2_20251221	CHI-D2	SRR37089582	2025-12-21	1416628136	0	0	0	0.000	no
CHI-D2_20251228	CHI-D2	SRR37089570	2025-12-28	1435578232	0	0	0	0.000	no
CHI-D2_20260104	CHI-D2	SRR37089571	2026-01-04	1462469118	0	0	0	0.000	no
CHI-D2_20260111	CHI-D2	SRR38294769	2026-01-11	1073478912	0	0	0	0.000	no
CHI-D2_20260118	CHI-D2	SRR38294951	2026-01-18	1564109332	0	0	0	0.000	no
CHI-D2_20260125	CHI-D2	SRR38294950	2026-01-25	2452056282	0	0	0	0.000	no
CHI-D2_20260201	CHI-D2	SRR38294768	2026-02-01	1469784586	0	0	0	0.000	no
CHI-D2_20260208	CHI-D2	SRR38294767	2026-02-08	1851876766	0	0	0	0.000	no
CHI-D2_20260215	CHI-D2	SRR38294766	2026-02-15	1574926564	0	0	0	0.000	no
CHI-D2_20260222	CHI-D2	SRR38294765	2026-02-22	1618658078	0	0	0	0.000	no
CHI-D2_20260301	CHI-D2	SRR38294763	2026-03-01	2575596486	0	0	0	0.000	no
CHI-D2_20260308	CHI-D2	SRR38294942	2026-03-08	2492310020	0	0	0	0.000	no
CHI-D2_20260315	CHI-D2	SRR38294713	2026-03-15	2335357562	0	0	0	0.000	no
CHI-D2_20260322	CHI-D2	SRR38294714	2026-03-22	1809145018	0	0	0	0.000	no
CHI-D2_20260329	CHI-D2	SRR38294712	2026-03-29	1923552340	0	0	0	0.000	no
CHI-D2_20260405	CHI-D2	SRR39695324	2026-04-05	1243693262	0	0	0	0.000	no
CHI-D2_20260412	CHI-D2	SRR39695322	2026-04-12	1644700448	0	0	0	0.000	no
CHI-D2_20260419	CHI-D2	SRR39695321	2026-04-19	1849380852	0	0	0	0.000	no
CHI-D2_20260426	CHI-D2	SRR39695320	2026-04-26	2467334780	0	0	0	0.000	no
CHI-D2_20260503	CHI-D2	SRR39695319	2026-05-03	2830695944	0	0	0	0.000	no
CHI-D2_20260510	CHI-D2	SRR39695317	2026-05-10	1307211784	0	0	0	0.000	no
CHI-D2_20260517	CHI-D2	SRR39695318	2026-05-17	1527177940	0	0	0	0.000	no
CHI-D2_20260524	CHI-D2	SRR39695316	2026-05-24	2507903526	0	0	0	0.000	no
CHI-D2_20260531	CHI-D2	SRR39695315	2026-05-31	2694258706	0	0	0	0.000	no
CHI-D2_20260607	CHI-D2	SRR39695051	2026-06-07	1646118272	0	0	0	0.000	no
CHI-D2_20260614	CHI-D2	SRR39695048	2026-06-14	2380208670	0	0	0	0.000	no
CHI-D2_20260621	CHI-D2	SRR39695049	2026-06-21	1964592912	0	0	0	0.000	no
CHI-D2_20260628	CHI-D2	SRR39695045	2026-06-28	1438143096	0	0	0	0.000	no
CHI-D3_20240908	CHI-D3	SRR33038120	2024-09-08	1191624226	0	0	0	0.000	no
CHI-D3_20240922	CHI-D3	SRR33038190	2024-09-22	735629866	0	0	0	0.000	no
CHI-D3_20240929	CHI-D3	SRR33038027	2024-09-29	799774938	0	0	0	0.000	no
CHI-D3_20241006	CHI-D3	SRR33038083	2024-10-06	1084186890	0	0	0	0.000	no
CHI-D3_20241021	CHI-D3	SRR33038130	2024-10-21	2497660028	0	0	0	0.000	no
FL_Miami_20250325	FL_Miami	SRR36995849	2025-03-25	2488384468	0	0	0	0.000	no
FL_Miami_20250325	FL_Miami	SRR36995863	2025-03-25	2518719080	0	0	0	0.000	no
FL_Miami_20250402	FL_Miami	SRR36995848	2025-04-02	3326458900	0	0	0	0.000	no
FL_Miami_20250408	FL_Miami	SRR36995846	2025-04-08	1288423940	0	0	0	0.000	no
FL_Miami_20250408	FL_Miami	SRR36995847	2025-04-08	2017613104	0	0	0	0.000	no
FL_Miami_20250415	FL_Miami	SRR36995844	2025-04-15	1665110828	0	0	0	0.000	no
FL_Miami_20250423	FL_Miami	SRR36995871	2025-04-23	1277568446	0	0	0	0.000	no
FL_Miami_20250423	FL_Miami	SRR36995878	2025-04-23	1543758172	0	0	0	0.000	no
FL_Miami_20250423	FL_Miami	SRR36995879	2025-04-23	2096222034	0	0	0	0.000	no
FL_Miami_20250429	FL_Miami	SRR36995857	2025-04-29	2691291532	0	0	0	0.000	no
FL_Miami_20250506	FL_Miami	SRR36995843	2025-05-06	2976142328	0	0	0	0.000	no
FL_Miami_20250506	FL_Miami	SRR36995845	2025-05-06	2761850196	0	0	0	0.000	no
FL_Miami_20250513	FL_Miami	SRR36995842	2025-05-13	3803603422	1	1	24	0.263	yes
FL_Miami_20250520	FL_Miami	SRR36995841	2025-05-20	1424061244	0	0	0	0.000	no
FL_Miami_20250527	FL_Miami	SRR36995840	2025-05-27	502913894	0	0	0	0.000	no
FL_Miami_20250603	FL_Miami	SRR36995839	2025-06-03	2220982846	0	0	0	0.000	no
FL_Miami_20250610	FL_Miami	SRR36995877	2025-06-10	2365831282	0	0	0	0.000	no
FL_Miami_20250617	FL_Miami	SRR36995876	2025-06-17	2370721880	0	0	0	0.000	no
FL_Miami_20250624	FL_Miami	SRR36995875	2025-06-24	881641980	0	0	0	0.000	no
FL_Miami_20250701	FL_Miami	SRR36995864	2025-07-01	2890617902	0	0	0	0.000	no
FL_Miami_20250708	FL_Miami	SRR36995865	2025-07-08	2320868242	0	0	0	0.000	no
FL_Miami_20250715	FL_Miami	SRR36995866	2025-07-15	1629030462	0	0	0	0.000	no
FL_Miami_20250722	FL_Miami	SRR36995867	2025-07-22	1731185462	0	0	0	0.000	no
FL_Miami_20250729	FL_Miami	SRR36995868	2025-07-29	2103992210	0	0	0	0.000	no
FL_Miami_20250805	FL_Miami	SRR36995869	2025-08-05	2526871842	0	0	0	0.000	no
FL_Miami_20250812	FL_Miami	SRR36995870	2025-08-12	2275617844	0	0	0	0.000	no
FL_Miami_20250819	FL_Miami	SRR36995872	2025-08-19	2081062746	0	0	0	0.000	no
FL_Miami_20250826	FL_Miami	SRR36995873	2025-08-26	2366779362	0	0	0	0.000	no
FL_Miami_20250902	FL_Miami	SRR36995874	2025-09-02	2276189784	0	0	0	0.000	no
FL_Miami_20250909	FL_Miami	SRR36995850	2025-09-09	2315852074	0	0	0	0.000	no
FL_Miami_20250916	FL_Miami	SRR36995851	2025-09-16	1883907410	0	0	0	0.000	no
FL_Miami_20250923	FL_Miami	SRR36995852	2025-09-23	1937486978	0	0	0	0.000	no
FL_Miami_20250930	FL_Miami	SRR36995853	2025-09-30	2238898702	0	0	0	0.000	no
FL_Miami_20251007	FL_Miami	SRR36995854	2025-10-07	2286827208	0	0	0	0.000	no
FL_Miami_20251014	FL_Miami	SRR36995855	2025-10-14	2811928700	0	0	0	0.000	no
FL_Miami_20251021	FL_Miami	SRR36995856	2025-10-21	2728943138	0	0	0	0.000	no
FL_Miami_20251028	FL_Miami	SRR36995858	2025-10-28	1834306972	0	0	0	0.000	no
FL_Miami_20251104	FL_Miami	SRR36995859	2025-11-04	2388257758	0	0	0	0.000	no
FL_Miami_20251111	FL_Miami	SRR37367571	2025-11-11	2280517970	0	0	0	0.000	no
FL_Miami_20251118	FL_Miami	SRR36995860	2025-11-18	2681039796	0	0	0	0.000	no
FL_Miami_20251125	FL_Miami	SRR36995861	2025-11-25	1938471348	0	0	0	0.000	no
FL_Miami_20251202	FL_Miami	SRR36995862	2025-12-02	2169455702	0	0	0	0.000	no
FL_Miami_20251209	FL_Miami	SRR37181174	2025-12-09	2307058886	0	0	0	0.000	no
FL_Miami_20251222	FL_Miami	SRR37181173	2025-12-22	2026672650	0	0	0	0.000	no
FL_Miami_20251229	FL_Miami	SRR37181162	2025-12-29	2584945594	0	0	0	0.000	no
FL_Miami_20260105	FL_Miami	SRR38294689	2026-01-05	1256299252	0	0	0	0.000	no
FL_Miami_20260105	FL_Miami	SRR38294732	2026-01-05	15352862	0	0	0	0.000	no
FL_Miami_20260112	FL_Miami	SRR37181150	2026-01-12	1271950320	0	0	0	0.000	no
FL_Miami_20260112	FL_Miami	SRR38294966	2026-01-12	39979120	0	0	0	0.000	no
FL_Miami_20260112	FL_Miami	SRR38294980	2026-01-12	2297961064	0	0	0	0.000	no
FL_Miami_20260119	FL_Miami	SRR37181172	2026-01-19	1242079446	0	0	0	0.000	no
FL_Miami_20260119	FL_Miami	SRR38294720	2026-01-19	2312072518	0	0	0	0.000	no
FL_Miami_20260126	FL_Miami	SRR38294706	2026-01-26	603539914	0	0	0	0.000	no
FL_Miami_20260126	FL_Miami	SRR38294711	2026-01-26	1652889272	0	0	0	0.000	no
FL_Miami_20260202	FL_Miami	SRR38294678	2026-02-02	1804834962	0	0	0	0.000	no
FL_Miami_20260202	FL_Miami	SRR38294710	2026-02-02	1493179388	0	0	0	0.000	no
FL_Miami_20260209	FL_Miami	SRR38294708	2026-02-09	1722926506	0	0	0	0.000	no
FL_Miami_20260209	FL_Miami	SRR39695047	2026-02-09	2021182216	0	0	0	0.000	no
FL_Miami_20260216	FL_Miami	SRR38294709	2026-02-16	2330359148	0	0	0	0.000	no
FL_Miami_20260216	FL_Miami	SRR39695193	2026-02-16	2840629492	0	0	0	0.000	no
FL_Miami_20260223	FL_Miami	SRR38294707	2026-02-23	1386576990	0	0	0	0.000	no
FL_Miami_20260223	FL_Miami	SRR38295002	2026-02-23	1677859138	0	0	0	0.000	no
FL_Miami_20260302	FL_Miami	SRR38294705	2026-03-02	1842384488	0	0	0	0.000	no
FL_Miami_20260302	FL_Miami	SRR38294907	2026-03-02	2362966930	0	0	0	0.000	no
FL_Miami_20260309	FL_Miami	SRR38294704	2026-03-09	3288484102	0	0	0	0.000	no
FL_Miami_20260309	FL_Miami	SRR39695139	2026-03-09	1797555606	0	0	0	0.000	no
FL_Miami_20260316	FL_Miami	SRR38294953	2026-03-16	1746252448	0	0	0	0.000	no
FL_Miami_20260316	FL_Miami	SRR39695389	2026-03-16	3258043398	0	0	0	0.000	no
FL_Miami_20260323	FL_Miami	SRR38294952	2026-03-23	2358869880	0	0	0	0.000	no
FL_Miami_20260330	FL_Miami	SRR38294948	2026-03-30	2181432276	0	0	0	0.000	no
FL_Miami_20260330	FL_Miami	SRR39695121	2026-03-30	2626734916	0	0	0	0.000	no
FL_Miami_20260406	FL_Miami	SRR39695043	2026-04-06	1245147374	0	0	0	0.000	no
FL_Miami_20260406	FL_Miami	SRR39695323	2026-04-06	2931990378	0	0	0	0.000	no
FL_Miami_20260413	FL_Miami	SRR39695044	2026-04-13	1611412308	0	0	0	0.000	no
FL_Miami_20260413	FL_Miami	SRR39695377	2026-04-13	1543291748	0	0	0	0.000	no
FL_Miami_20260420	FL_Miami	SRR39695042	2026-04-20	1740003058	0	0	0	0.000	no
FL_Miami_20260420	FL_Miami	SRR39695214	2026-04-20	3742195046	0	0	0	0.000	no
FL_Miami_20260427	FL_Miami	SRR39695041	2026-04-27	2519336730	0	0	0	0.000	no
FL_Miami_20260504	FL_Miami	SRR39695092	2026-05-04	1398354878	0	0	0	0.000	no
FL_Miami_20260511	FL_Miami	SRR39695090	2026-05-11	1765574456	0	0	0	0.000	no
FL_Miami_20260511	FL_Miami	SRR39695280	2026-05-11	2476319340	0	0	0	0.000	no
FL_Miami_20260518	FL_Miami	SRR39694976	2026-05-18	2705324822	0	0	0	0.000	no
FL_Miami_20260518	FL_Miami	SRR39695037	2026-05-18	2023661354	0	0	0	0.000	no
FL_Miami_20260526	FL_Miami	SRR39694958	2026-05-26	2501174442	0	0	0	0.000	no
FL_Miami_20260526	FL_Miami	SRR39695226	2026-05-26	1377013994	2	2	49	1.452	yes
FL_Miami_20260601	FL_Miami	SRR39695225	2026-06-01	2730800378	0	0	0	0.000	no
FL_Miami_20260601	FL_Miami	SRR39695246	2026-06-01	2690981528	0	0	0	0.000	no
FL_Miami_20260608	FL_Miami	SRR39695144	2026-06-08	3352650518	0	0	0	0.000	no
FL_Miami_20260608	FL_Miami	SRR39695224	2026-06-08	1682050494	9	4	62	2.378	yes
FL_Miami_20260615	FL_Miami	SRR39695136	2026-06-15	4390122438	0	0	0	0.000	no
FL_Miami_20260615	FL_Miami	SRR39695222	2026-06-15	2921365312	0	0	0	0.000	no
FL_Miami_20260622	FL_Miami	SRR39695130	2026-06-22	2373017100	0	0	0	0.000	no
FL_Miami_20260622	FL_Miami	SRR39695131	2026-06-22	2285122944	0	0	0	0.000	no
FL_Miami_20260622	FL_Miami	SRR39695221	2026-06-22	1572560120	0	0	0	0.000	no
FL_Miami_20260629	FL_Miami	SRR39695220	2026-06-29	1460560214	6	4	84	2.739	yes
FL_Miami_20260629	FL_Miami	SRR39695384	2026-06-29	3041688448	0	0	0	0.000	no
IA_Ottumwa_20250219	IA_Ottumwa	SRR35946918	2025-02-19	1924747086	0	0	0	0.000	no
IA_Ottumwa_20250226	IA_Ottumwa	SRR35946917	2025-02-26	2095838898	0	0	0	0.000	no
IA_Ottumwa_20250305	IA_Ottumwa	SRR35946906	2025-03-05	1904492190	0	0	0	0.000	no
IA_Ottumwa_20250312	IA_Ottumwa	SRR35946905	2025-03-12	1728827756	0	0	0	0.000	no
IA_Ottumwa_20250319	IA_Ottumwa	SRR35946894	2025-03-19	1753181664	0	0	0	0.000	no
IA_Ottumwa_20250326	IA_Ottumwa	SRR35946895	2025-03-26	1271665924	0	0	0	0.000	no
IA_Ottumwa_20250402	IA_Ottumwa	SRR35946896	2025-04-02	2136811002	0	0	0	0.000	no
IA_Ottumwa_20250409	IA_Ottumwa	SRR35946897	2025-04-09	2397210714	0	0	0	0.000	no
IA_Ottumwa_20250416	IA_Ottumwa	SRR35946898	2025-04-16	1244733042	0	0	0	0.000	no
IA_Ottumwa_20250425	IA_Ottumwa	SRR35946899	2025-04-25	1219818926	0	0	0	0.000	no
IA_Ottumwa_20250430	IA_Ottumwa	SRR35946916	2025-04-30	1394659956	0	0	0	0.000	no
IA_Ottumwa_20250507	IA_Ottumwa	SRR35946915	2025-05-07	1349232182	0	0	0	0.000	no
IA_Ottumwa_20250514	IA_Ottumwa	SRR35946914	2025-05-14	2032506246	0	0	0	0.000	no
IA_Ottumwa_20250521	IA_Ottumwa	SRR35946913	2025-05-21	1898101710	0	0	0	0.000	no
IA_Ottumwa_20250528	IA_Ottumwa	SRR35946912	2025-05-28	1883871714	0	0	0	0.000	no
IA_Ottumwa_20250604	IA_Ottumwa	SRR35946911	2025-06-04	2022814552	0	0	0	0.000	no
IA_Ottumwa_20250611	IA_Ottumwa	SRR35946910	2025-06-11	2714211796	0	0	0	0.000	no
IA_Ottumwa_20250618	IA_Ottumwa	SRR35946909	2025-06-18	3120107772	0	0	0	0.000	no
IA_Ottumwa_20250625	IA_Ottumwa	SRR35946908	2025-06-25	3287917734	0	0	0	0.000	no
IA_Ottumwa_20250702	IA_Ottumwa	SRR35946907	2025-07-02	2032432602	0	0	0	0.000	no
IA_Ottumwa_20250709	IA_Ottumwa	SRR35946901	2025-07-09	2025135382	0	0	0	0.000	no
IA_Ottumwa_20250716	IA_Ottumwa	SRR35946903	2025-07-16	2062210086	0	0	0	0.000	no
IA_Ottumwa_20250723	IA_Ottumwa	SRR35946904	2025-07-23	1824451000	0	0	0	0.000	no
IA_Ottumwa_20250730	IA_Ottumwa	SRR35946900	2025-07-30	1715456164	0	0	0	0.000	no
IA_Ottumwa_20250806	IA_Ottumwa	SRR35946902	2025-08-06	1870880336	0	0	0	0.000	no
IA_Ottumwa_20250814	IA_Ottumwa	SRR35946885	2025-08-14	1858546732	0	0	0	0.000	no
IA_Ottumwa_20250820	IA_Ottumwa	SRR35946886	2025-08-20	1849998694	0	0	0	0.000	no
IA_Ottumwa_20250827	IA_Ottumwa	SRR35946887	2025-08-27	2143429546	0	0	0	0.000	no
IA_Ottumwa_20250903	IA_Ottumwa	SRR35946888	2025-09-03	2046453120	0	0	0	0.000	no
IA_Ottumwa_20250910	IA_Ottumwa	SRR35946889	2025-09-10	1793403254	0	0	0	0.000	no
IA_Ottumwa_20250917	IA_Ottumwa	SRR35946890	2025-09-17	2722526898	0	0	0	0.000	no
IA_Ottumwa_20250924	IA_Ottumwa	SRR35946891	2025-09-24	2157772962	0	0	0	0.000	no
IA_Ottumwa_20251001	IA_Ottumwa	SRR35946892	2025-10-01	1583095794	0	0	0	0.000	no
IA_Ottumwa_20251008	IA_Ottumwa	SRR35946893	2025-10-08	1919734996	0	0	0	0.000	no
IA_Ottumwa_20251015	IA_Ottumwa	SRR36877034	2025-10-15	2589129444	0	0	0	0.000	no
IA_Ottumwa_20251022	IA_Ottumwa	SRR36877033	2025-10-22	3264907466	0	0	0	0.000	no
IA_Ottumwa_20251029	IA_Ottumwa	SRR36877021	2025-10-29	1940669500	0	0	0	0.000	no
IA_Ottumwa_20251105	IA_Ottumwa	SRR36876998	2025-11-05	2966166022	0	0	0	0.000	no
IA_Ottumwa_20251112	IA_Ottumwa	SRR36876974	2025-11-12	2035157264	0	0	0	0.000	no
IA_Ottumwa_20251119	IA_Ottumwa	SRR36877016	2025-11-19	1836835632	0	0	0	0.000	no
IA_Ottumwa_20251124	IA_Ottumwa	SRR36876961	2025-11-24	2205028200	0	0	0	0.000	no
IA_Ottumwa_20251203	IA_Ottumwa	SRR36876992	2025-12-03	1496288142	0	0	0	0.000	no
IA_Ottumwa_20251210	IA_Ottumwa	SRR36876983	2025-12-10	2221134660	0	0	0	0.000	no
IA_Ottumwa_20251217	IA_Ottumwa	SRR37092400	2025-12-17	1819314142	0	0	0	0.000	no
IA_Ottumwa_20251222	IA_Ottumwa	SRR37092399	2025-12-22	2382493384	0	0	0	0.000	no
IA_Ottumwa_20251231	IA_Ottumwa	SRR37092398	2025-12-31	2366942110	0	0	0	0.000	no
IA_Ottumwa_20260107	IA_Ottumwa	SRR38294949	2026-01-07	1225297688	0	0	0	0.000	no
IA_Ottumwa_20260114	IA_Ottumwa	SRR38294947	2026-01-14	1215807032	0	0	0	0.000	no
IA_Ottumwa_20260121	IA_Ottumwa	SRR38294946	2026-01-21	1483252390	9	2	50	1.348	yes
IA_Ottumwa_20260128	IA_Ottumwa	SRR38294945	2026-01-28	2681102084	0	0	0	0.000	no
IA_Ottumwa_20260204	IA_Ottumwa	SRR38294943	2026-02-04	1897744756	0	0	0	0.000	no
IA_Ottumwa_20260211	IA_Ottumwa	SRR38294939	2026-02-11	1764011416	0	0	0	0.000	no
IA_Ottumwa_20260218	IA_Ottumwa	SRR38294753	2026-02-18	1210313148	0	0	0	0.000	no
IA_Ottumwa_20260225	IA_Ottumwa	SRR38294703	2026-02-25	1200861368	0	0	0	0.000	no
IA_Ottumwa_20260304	IA_Ottumwa	SRR38294702	2026-03-04	2859391864	0	0	0	0.000	no
IA_Ottumwa_20260311	IA_Ottumwa	SRR38294701	2026-03-11	2664743152	0	0	0	0.000	no
IA_Ottumwa_20260318	IA_Ottumwa	SRR38294700	2026-03-18	2181742842	0	0	0	0.000	no
IA_Ottumwa_20260325	IA_Ottumwa	SRR38294699	2026-03-25	1881226478	0	0	0	0.000	no
IA_Ottumwa_20260401	IA_Ottumwa	SRR39695218	2026-04-01	1164314680	0	0	0	0.000	no
IA_Ottumwa_20260408	IA_Ottumwa	SRR39695219	2026-04-08	1499021178	0	0	0	0.000	no
IA_Ottumwa_20260415	IA_Ottumwa	SRR39695217	2026-04-15	1696426546	0	0	0	0.000	no
IA_Ottumwa_20260422	IA_Ottumwa	SRR39695216	2026-04-22	2355710774	0	0	0	0.000	no
IA_Ottumwa_20260506	IA_Ottumwa	SRR39695215	2026-05-06	2654025812	0	0	0	0.000	no
IA_Ottumwa_20260513	IA_Ottumwa	SRR39695213	2026-05-13	1214102700	0	0	0	0.000	no
IA_Ottumwa_20260520	IA_Ottumwa	SRR39695097	2026-05-20	1483528262	0	0	0	0.000	no
IA_Ottumwa_20260527	IA_Ottumwa	SRR39695096	2026-05-27	2543508414	0	0	0	0.000	no
IA_Ottumwa_20260603	IA_Ottumwa	SRR39695095	2026-06-03	1438591238	0	0	0	0.000	no
IA_Ottumwa_20260611	IA_Ottumwa	SRR39695094	2026-06-11	2980563646	0	0	0	0.000	no
IA_Ottumwa_20260617	IA_Ottumwa	SRR39695093	2026-06-17	2240982038	0	0	0	0.000	no
IA_Ottumwa_20260624	IA_Ottumwa	SRR39695091	2026-06-24	1312593424	0	0	0	0.000	no
ID_Boise_20241104	ID_Boise	SRR36876984	2024-11-04	3224632236	0	0	0	0.000	no
ID_Boise_20241202	ID_Boise	SRR36877030	2024-12-02	1491477776	0	0	0	0.000	no
ID_Boise_20241216	ID_Boise	SRR36877028	2024-12-16	1634046700	0	0	0	0.000	no
ID_Boise_20241223	ID_Boise	SRR36877029	2024-12-23	2619742018	0	0	0	0.000	no
ID_Boise_20241230	ID_Boise	SRR36877027	2024-12-30	1846852616	0	0	0	0.000	no
ID_Boise_20250106	ID_Boise	SRR36877026	2025-01-06	1597568240	0	0	0	0.000	no
ID_Boise_20250113	ID_Boise	SRR36877025	2025-01-13	1642704038	0	0	0	0.000	no
ID_Boise_20250120	ID_Boise	SRR36877024	2025-01-20	1613591274	0	0	0	0.000	no
ID_Boise_20250127	ID_Boise	SRR36877023	2025-01-27	1541507670	0	0	0	0.000	no
ID_Boise_20250203	ID_Boise	SRR36877008	2025-02-03	1649476740	0	0	0	0.000	no
ID_Boise_20250210	ID_Boise	SRR36877007	2025-02-10	1217322360	0	0	0	0.000	no
ID_Boise_20250224	ID_Boise	SRR36877006	2025-02-24	1225109824	0	0	0	0.000	no
ID_Boise_20250310	ID_Boise	SRR36877005	2025-03-10	1214566890	0	0	0	0.000	no
ID_Boise_20250317	ID_Boise	SRR36877004	2025-03-17	1200937496	0	0	0	0.000	no
ID_Boise_20250324	ID_Boise	SRR36877003	2025-03-24	1203567176	0	0	0	0.000	no
ID_Boise_20250331	ID_Boise	SRR36877002	2025-03-31	1203865958	0	0	0	0.000	no
ID_Boise_20250407	ID_Boise	SRR36877001	2025-04-07	1409813814	0	0	0	0.000	no
ID_Boise_20250414	ID_Boise	SRR36877000	2025-04-14	1450164162	0	0	0	0.000	no
ID_Boise_20250421	ID_Boise	SRR36876999	2025-04-21	1129341964	0	0	0	0.000	no
ID_Boise_20250428	ID_Boise	SRR36876997	2025-04-28	1185828770	0	0	0	0.000	no
ID_Boise_20250505	ID_Boise	SRR36876996	2025-05-05	1371552314	0	0	0	0.000	no
ID_Boise_20250512	ID_Boise	SRR36876995	2025-05-12	1913511620	0	0	0	0.000	no
ID_Boise_20250519	ID_Boise	SRR36876993	2025-05-19	2299677010	0	0	0	0.000	no
ID_Boise_20250526	ID_Boise	SRR36876980	2025-05-26	1799442622	0	0	0	0.000	no
ID_Boise_20250602	ID_Boise	SRR36876979	2025-06-02	2064389314	0	0	0	0.000	no
ID_Boise_20250609	ID_Boise	SRR36876978	2025-06-09	2617823426	0	0	0	0.000	no
ID_Boise_20250616	ID_Boise	SRR36876977	2025-06-16	2931546918	0	0	0	0.000	no
ID_Boise_20250623	ID_Boise	SRR36876976	2025-06-23	3382123316	0	0	0	0.000	no
ID_Boise_20250630	ID_Boise	SRR36876975	2025-06-30	2247334158	9	1	61	0.445	yes
ID_Boise_20250707	ID_Boise	SRR36876973	2025-07-07	1782579470	14	3	49	1.683	yes
ID_Boise_20250714	ID_Boise	SRR36876972	2025-07-14	2165285112	0	0	0	0.000	no
ID_Boise_20250721	ID_Boise	SRR36876971	2025-07-21	2206505820	0	0	0	0.000	no
ID_Boise_20250728	ID_Boise	SRR36876970	2025-07-28	1716304962	0	0	0	0.000	no
ID_Boise_20250804	ID_Boise	SRR36876967	2025-08-04	1319904302	0	0	0	0.000	no
ID_Boise_20250811	ID_Boise	SRR36877022	2025-08-11	1657388626	0	0	0	0.000	no
ID_Boise_20250818	ID_Boise	SRR36877019	2025-08-18	2194280918	0	0	0	0.000	no
ID_Boise_20250825	ID_Boise	SRR36877013	2025-08-25	1916551622	0	0	0	0.000	no
ID_Boise_20250901	ID_Boise	SRR36877015	2025-09-01	1665752406	0	0	0	0.000	no
ID_Boise_20250908	ID_Boise	SRR36877014	2025-09-08	1803287458	0	0	0	0.000	no
ID_Boise_20250915	ID_Boise	SRR36877017	2025-09-15	2445885272	0	0	0	0.000	no
ID_Boise_20250922	ID_Boise	SRR36877018	2025-09-22	2413621382	0	0	0	0.000	no
ID_Boise_20250929	ID_Boise	SRR36877020	2025-09-29	2065045958	0	0	0	0.000	no
ID_Boise_20251006	ID_Boise	SRR36876994	2025-10-06	2394849024	0	0	0	0.000	no
ID_Boise_20251013	ID_Boise	SRR36876955	2025-10-13	2180089652	0	0	0	0.000	no
ID_Boise_20251020	ID_Boise	SRR36876956	2025-10-20	2560340766	0	0	0	0.000	no
ID_Boise_20251027	ID_Boise	SRR36876957	2025-10-27	2702471848	0	0	0	0.000	no
ID_Boise_20251103	ID_Boise	SRR36876958	2025-11-03	2629273802	0	0	0	0.000	no
ID_Boise_20251110	ID_Boise	SRR36876960	2025-11-10	2281033466	0	0	0	0.000	no
ID_Boise_20251117	ID_Boise	SRR36876959	2025-11-17	2640661330	0	0	0	0.000	no
ID_Boise_20251124	ID_Boise	SRR36876962	2025-11-24	2117949902	0	0	0	0.000	no
ID_Boise_20251201	ID_Boise	SRR36876963	2025-12-01	1399206636	0	0	0	0.000	no
ID_Boise_20251208	ID_Boise	SRR36876964	2025-12-08	1648105360	0	0	0	0.000	no
ID_Boise_20251215	ID_Boise	SRR37092419	2025-12-15	2277365154	0	0	0	0.000	no
ID_Boise_20251222	ID_Boise	SRR37092420	2025-12-22	1976324544	0	0	0	0.000	no
ID_Boise_20251229	ID_Boise	SRR37092418	2025-12-29	1149496178	0	0	0	0.000	no
ID_Boise_20260105	ID_Boise	SRR38294698	2026-01-05	1514481860	0	0	0	0.000	no
ID_Boise_20260112	ID_Boise	SRR38294697	2026-01-12	1158760494	0	0	0	0.000	no
ID_Boise_20260119	ID_Boise	SRR38294696	2026-01-19	1668309386	0	0	0	0.000	no
ID_Boise_20260126	ID_Boise	SRR38294694	2026-01-26	2025031650	0	0	0	0.000	no
ID_Boise_20260202	ID_Boise	SRR38294692	2026-02-02	1762483880	0	0	0	0.000	no
ID_Boise_20260209	ID_Boise	SRR38294693	2026-02-09	1904776040	0	0	0	0.000	no
ID_Boise_20260216	ID_Boise	SRR38294690	2026-02-16	1371371530	0	0	0	0.000	no
ID_Boise_20260223	ID_Boise	SRR38294761	2026-02-23	1317351856	0	0	0	0.000	no
ID_Boise_20260302	ID_Boise	SRR38294760	2026-03-02	1434565756	0	0	0	0.000	no
ID_Boise_20260309	ID_Boise	SRR38294758	2026-03-09	2568836064	0	0	0	0.000	no
ID_Boise_20260316	ID_Boise	SRR38294759	2026-03-16	1921500728	0	0	0	0.000	no
ID_Boise_20260323	ID_Boise	SRR38294757	2026-03-23	2346760942	0	0	0	0.000	no
ID_Boise_20260330	ID_Boise	SRR38294756	2026-03-30	1988355774	0	0	0	0.000	no
ID_Boise_20260406	ID_Boise	SRR39695313	2026-04-06	1199860130	0	0	0	0.000	no
ID_Boise_20260413	ID_Boise	SRR39695312	2026-04-13	1470225004	0	0	0	0.000	no
ID_Boise_20260420	ID_Boise	SRR39695089	2026-04-20	1732345312	0	0	0	0.000	no
ID_Boise_20260427	ID_Boise	SRR39695088	2026-04-27	2616272700	0	0	0	0.000	no
ID_Boise_20260504	ID_Boise	SRR39695086	2026-05-04	2116552410	0	0	0	0.000	no
ID_Boise_20260511	ID_Boise	SRR39695084	2026-05-11	1529298864	0	0	0	0.000	no
ID_Boise_20260518	ID_Boise	SRR39695085	2026-05-18	2241506018	0	0	0	0.000	no
ID_Boise_20260601	ID_Boise	SRR39695083	2026-06-01	2399603276	0	0	0	0.000	no
ID_Boise_20260608	ID_Boise	SRR39695082	2026-06-08	1532776898	0	0	0	0.000	no
ID_Boise_20260615	ID_Boise	SRR39695081	2026-06-15	2459782516	0	0	0	0.000	no
ID_Boise_20260622	ID_Boise	SRR39695080	2026-06-22	2201433128	0	0	0	0.000	no
ID_Boise_20260629	ID_Boise	SRR39695079	2026-06-29	1323536108	10	5	75	3.778	yes
MA_Boston_DITPN_20240320	MA_Boston_DITPN	SRR33038201	2024-03-20	1220044656	0	0	0	0.000	no
MA_Boston_DITPN_20240911	MA_Boston_DITPN	SRR33038119	2024-09-11	1214272970	0	0	0	0.000	no
MA_Boston_DITPN_20240923	MA_Boston_DITPN	SRR33038094	2024-09-23	1515612844	0	0	0	0.000	no
MA_Boston_DITPN_20241002	MA_Boston_DITPN	SRR33038086	2024-10-02	1041363000	0	0	0	0.000	no
MA_Boston_DITPN_20241106	MA_Boston_DITPN	SRR33038003	2024-11-06	1839166798	0	0	0	0.000	no
MA_Boston_DITPN_20241113	MA_Boston_DITPN	SRR33038118	2024-11-13	1554602922	0	0	0	0.000	no
MA_Boston_DITPN_20241119	MA_Boston_DITPN	SRR33037999	2024-11-19	1641660300	0	0	0	0.000	no
MA_Boston_DITPN_20241127	MA_Boston_DITPN	SRR33038075	2024-11-27	1539203860	0	0	0	0.000	no
MA_Boston_DITPN_20241211	MA_Boston_DITPN	SRR33038205	2024-12-11	1215743350	0	0	0	0.000	no
MA_Boston_DITPN_20241211	MA_Boston_DITPN	SRR33038206	2024-12-11	842110584	0	0	0	0.000	no
MA_Boston_DITPN_20241218	MA_Boston_DITPN	SRR33038110	2024-12-18	957735062	0	0	0	0.000	no
MA_Boston_DITPN_20241218	MA_Boston_DITPN	SRR33038111	2024-12-18	659440608	0	0	0	0.000	no
MA_Boston_DITPN_20241226	MA_Boston_DITPN	SRR33038098	2024-12-26	853524984	0	0	0	0.000	no
MA_Boston_DITPN_20241226	MA_Boston_DITPN	SRR33038099	2024-12-26	1191301430	0	0	0	0.000	no
MA_Boston_DITPN_20250102	MA_Boston_DITPN	SRR33038178	2025-01-02	765379916	0	0	0	0.000	no
MA_Boston_DITPN_20250102	MA_Boston_DITPN	SRR33038180	2025-01-02	1076662612	0	0	0	0.000	no
MA_Boston_DITPN_20250108	MA_Boston_DITPN	SRR33038032	2025-01-08	1236064238	0	0	0	0.000	no
MA_Boston_DITPN_20250108	MA_Boston_DITPN	SRR33038170	2025-01-08	871671592	0	0	0	0.000	no
MA_Boston_DITPN_20250115	MA_Boston_DITPN	SRR33038089	2025-01-15	1257716696	0	0	0	0.000	no
MA_Boston_DITPN_20250122	MA_Boston_DITPN	SRR33038035	2025-01-22	2154334238	0	0	0	0.000	no
MA_Boston_DITPN_20250129	MA_Boston_DITPN	SRR33038093	2025-01-29	1313357052	0	0	0	0.000	no
MA_Boston_DITPN_20250205	MA_Boston_DITPN	SRR33038085	2025-02-05	2346573774	0	0	0	0.000	no
MA_Boston_DITPN_20250212	MA_Boston_DITPN	SRR33038136	2025-02-12	1270351334	0	0	0	0.000	no
MA_Boston_DITPN_20250212	MA_Boston_DITPN	SRR33038160	2025-02-12	2119462972	0	0	0	0.000	no
MA_Boston_DITPN_20250219	MA_Boston_DITPN	SRR33038100	2025-02-19	1848704464	0	0	0	0.000	no
MA_Boston_DITPN_20250219	MA_Boston_DITPN	SRR33038151	2025-02-19	2033095152	0	0	0	0.000	no
MA_Boston_DITPN_20250226	MA_Boston_DITPN	SRR33038024	2025-02-26	1713783606	0	0	0	0.000	no
MA_Boston_DITPN_20250226	MA_Boston_DITPN	SRR33038051	2025-02-26	2018933486	0	0	0	0.000	no
MA_Boston_DITPN_20250305	MA_Boston_DITPN	SRR33038082	2025-03-05	1596762584	0	0	0	0.000	no
MA_Boston_DITPN_20250312	MA_Boston_DITPN	SRR33038139	2025-03-12	1600956620	0	0	0	0.000	no
MA_Boston_DITPN_20250319	MA_Boston_DITPN	SRR37076062	2025-03-19	1732944742	0	0	0	0.000	no
MA_Boston_DITPN_20250319	MA_Boston_DITPN	SRR37367606	2025-03-19	2105229046	0	0	0	0.000	no
MA_Boston_DITPN_20250326	MA_Boston_DITPN	SRR37076061	2025-03-26	1427536768	0	0	0	0.000	no
MA_Boston_DITPN_20250326	MA_Boston_DITPN	SRR37367544	2025-03-26	2354589328	0	0	0	0.000	no
MA_Boston_DITPN_20250326	MA_Boston_DITPN	SRR37367545	2025-03-26	2391839116	0	0	0	0.000	no
MA_Boston_DITPN_20250402	MA_Boston_DITPN	SRR37076049	2025-04-02	1600647712	0	0	0	0.000	no
MA_Boston_DITPN_20250402	MA_Boston_DITPN	SRR37367540	2025-04-02	2664859414	0	0	0	0.000	no
MA_Boston_DITPN_20250402	MA_Boston_DITPN	SRR37367640	2025-04-02	2684712012	0	0	0	0.000	no
MA_Boston_DITPN_20250409	MA_Boston_DITPN	SRR37076039	2025-04-09	2317336498	0	0	0	0.000	no
MA_Boston_DITPN_20250409	MA_Boston_DITPN	SRR37367536	2025-04-09	3229708520	0	0	0	0.000	no
MA_Boston_DITPN_20250409	MA_Boston_DITPN	SRR37367537	2025-04-09	2706434264	0	0	0	0.000	no
MA_Boston_DITPN_20250423	MA_Boston_DITPN	SRR37076033	2025-04-23	1267523592	0	0	0	0.000	no
MA_Boston_DITPN_20250423	MA_Boston_DITPN	SRR37367529	2025-04-23	2680862602	0	0	0	0.000	no
MA_Boston_DITPN_20250423	MA_Boston_DITPN	SRR37367671	2025-04-23	980325280	0	0	0	0.000	no
MA_Boston_DITPN_20250423	MA_Boston_DITPN	SRR37367672	2025-04-23	2843741250	0	0	0	0.000	no
MA_Boston_DITPN_20250430	MA_Boston_DITPN	SRR37076034	2025-04-30	1180747686	0	0	0	0.000	no
MA_Boston_DITPN_20250430	MA_Boston_DITPN	SRR37367586	2025-04-30	2142249700	0	0	0	0.000	no
MA_Boston_DITPN_20250507	MA_Boston_DITPN	SRR37076035	2025-05-07	1429714462	0	0	0	0.000	no
MA_Boston_DITPN_20250507	MA_Boston_DITPN	SRR37367551	2025-05-07	2621407602	0	0	0	0.000	no
MA_Boston_DITPN_20250514	MA_Boston_DITPN	SRR37076036	2025-05-14	2199430094	0	0	0	0.000	no
MA_Boston_DITPN_20250514	MA_Boston_DITPN	SRR37367670	2025-05-14	1759195028	0	0	0	0.000	no
MA_Boston_DITPN_20250521	MA_Boston_DITPN	SRR37076037	2025-05-21	2042192852	0	0	0	0.000	no
MA_Boston_DITPN_20250521	MA_Boston_DITPN	SRR37367619	2025-05-21	445819566	0	0	0	0.000	no
MA_Boston_DITPN_20250528	MA_Boston_DITPN	SRR37076038	2025-05-28	2193238130	1	1	54	0.456	yes
MA_Boston_DITPN_20250528	MA_Boston_DITPN	SRR37367576	2025-05-28	2755294514	0	0	0	0.000	no
MA_Boston_DITPN_20250604	MA_Boston_DITPN	SRR37076059	2025-06-04	1772724498	0	0	0	0.000	no
MA_Boston_DITPN_20250604	MA_Boston_DITPN	SRR37367534	2025-06-04	2924125700	0	0	0	0.000	no
MA_Boston_DITPN_20250611	MA_Boston_DITPN	SRR37076060	2025-06-11	2755668944	0	0	0	0.000	no
MA_Boston_DITPN_20250611	MA_Boston_DITPN	SRR37367532	2025-06-11	2685802018	0	0	0	0.000	no
MA_Boston_DITPN_20250618	MA_Boston_DITPN	SRR37076058	2025-06-18	2636873064	0	0	0	0.000	no
MA_Boston_DITPN_20250618	MA_Boston_DITPN	SRR37367652	2025-06-18	2815623952	0	0	0	0.000	no
MA_Boston_DITPN_20250625	MA_Boston_DITPN	SRR37076057	2025-06-25	2600812440	0	0	0	0.000	no
MA_Boston_DITPN_20250625	MA_Boston_DITPN	SRR37367650	2025-06-25	3435914140	0	0	0	0.000	no
MA_Boston_DITPN_20250702	MA_Boston_DITPN	SRR37076056	2025-07-02	2194035980	10	2	100	0.912	yes
MA_Boston_DITPN_20250702	MA_Boston_DITPN	SRR37367648	2025-07-02	2560806424	0	0	0	0.000	no
MA_Boston_DITPN_20250709	MA_Boston_DITPN	SRR37059701	2025-07-09	940969424	4	3	100	3.188	yes
MA_Boston_DITPN_20250709	MA_Boston_DITPN	SRR37367552	2025-07-09	931324612	4	3	100	3.221	yes
MA_Boston_DITPN_20250709	MA_Boston_DITPN	SRR37367646	2025-07-09	2768379212	0	0	0	0.000	no
MA_Boston_DITPN_20250716	MA_Boston_DITPN	SRR37059702	2025-07-16	1090427410	0	0	0	0.000	no
MA_Boston_DITPN_20250716	MA_Boston_DITPN	SRR37367550	2025-07-16	1092160272	0	0	0	0.000	no
MA_Boston_DITPN_20250716	MA_Boston_DITPN	SRR37367644	2025-07-16	3234372860	20	4	71	1.237	yes
MA_Boston_DITPN_20250723	MA_Boston_DITPN	SRR37059703	2025-07-23	951538416	0	0	0	0.000	no
MA_Boston_DITPN_20250723	MA_Boston_DITPN	SRR37367549	2025-07-23	964395174	0	0	0	0.000	no
MA_Boston_DITPN_20250723	MA_Boston_DITPN	SRR37367639	2025-07-23	2170510470	0	0	0	0.000	no
MA_Boston_DITPN_20250730	MA_Boston_DITPN	SRR37059721	2025-07-30	932754114	0	0	0	0.000	no
MA_Boston_DITPN_20250730	MA_Boston_DITPN	SRR37367530	2025-07-30	943403396	0	0	0	0.000	no
MA_Boston_DITPN_20250730	MA_Boston_DITPN	SRR37367637	2025-07-30	1731484490	0	0	0	0.000	no
MA_Boston_DITPN_20250806	MA_Boston_DITPN	SRR37059723	2025-08-06	1132054274	0	0	0	0.000	no
MA_Boston_DITPN_20250806	MA_Boston_DITPN	SRR37367528	2025-08-06	1152455482	0	0	0	0.000	no
MA_Boston_DITPN_20250806	MA_Boston_DITPN	SRR37367635	2025-08-06	2752084696	0	0	0	0.000	no
MA_Boston_DITPN_20250813	MA_Boston_DITPN	SRR37059724	2025-08-13	977409484	2	2	34	2.046	yes
MA_Boston_DITPN_20250813	MA_Boston_DITPN	SRR37367527	2025-08-13	980129404	0	0	0	0.000	no
MA_Boston_DITPN_20250813	MA_Boston_DITPN	SRR37367633	2025-08-13	2774596900	6	3	71	1.081	yes
MA_Boston_DITPN_20250820	MA_Boston_DITPN	SRR37059725	2025-08-20	630881970	0	0	0	0.000	no
MA_Boston_DITPN_20250820	MA_Boston_DITPN	SRR37367526	2025-08-20	632167662	0	0	0	0.000	no
MA_Boston_DITPN_20250820	MA_Boston_DITPN	SRR37367631	2025-08-20	3060438360	8	4	63	1.307	yes
MA_Boston_DITPN_20250827	MA_Boston_DITPN	SRR37059726	2025-08-27	973878138	0	0	0	0.000	no
MA_Boston_DITPN_20250827	MA_Boston_DITPN	SRR37367525	2025-08-27	980858486	0	0	0	0.000	no
MA_Boston_DITPN_20250827	MA_Boston_DITPN	SRR37367605	2025-08-27	2218985704	0	0	0	0.000	no
MA_Boston_DITPN_20250903	MA_Boston_DITPN	SRR37059727	2025-09-03	982479490	0	0	0	0.000	no
MA_Boston_DITPN_20250903	MA_Boston_DITPN	SRR37367524	2025-09-03	986166168	0	0	0	0.000	no
MA_Boston_DITPN_20250903	MA_Boston_DITPN	SRR37367603	2025-09-03	2623813996	2	2	95	0.762	yes
MA_Boston_DITPN_20250910	MA_Boston_DITPN	SRR37059728	2025-09-10	940879982	0	0	0	0.000	no
MA_Boston_DITPN_20250910	MA_Boston_DITPN	SRR37367523	2025-09-10	949931946	0	0	0	0.000	no
MA_Boston_DITPN_20250910	MA_Boston_DITPN	SRR37367601	2025-09-10	2857699784	0	0	0	0.000	no
MA_Boston_DITPN_20250917	MA_Boston_DITPN	SRR37059690	2025-09-17	1325918084	0	0	0	0.000	no
MA_Boston_DITPN_20250917	MA_Boston_DITPN	SRR37367522	2025-09-17	1337523764	0	0	0	0.000	no
MA_Boston_DITPN_20250917	MA_Boston_DITPN	SRR37367599	2025-09-17	2360580426	0	0	0	0.000	no
MA_Boston_DITPN_20250924	MA_Boston_DITPN	SRR37059691	2025-09-24	976413784	0	0	0	0.000	no
MA_Boston_DITPN_20250924	MA_Boston_DITPN	SRR37367597	2025-09-24	2409796738	0	0	0	0.000	no
MA_Boston_DITPN_20250924	MA_Boston_DITPN	SRR37367625	2025-09-24	987347082	0	0	0	0.000	no
MA_Boston_DITPN_20251001	MA_Boston_DITPN	SRR37059710	2025-10-01	873900872	0	0	0	0.000	no
MA_Boston_DITPN_20251001	MA_Boston_DITPN	SRR37367561	2025-10-01	2673185834	0	0	0	0.000	no
MA_Boston_DITPN_20251001	MA_Boston_DITPN	SRR37367623	2025-10-01	877294458	0	0	0	0.000	no
MA_Boston_DITPN_20251008	MA_Boston_DITPN	SRR37059709	2025-10-08	1076832672	0	0	0	0.000	no
MA_Boston_DITPN_20251008	MA_Boston_DITPN	SRR37367518	2025-10-08	1076337474	0	0	0	0.000	no
MA_Boston_DITPN_20251008	MA_Boston_DITPN	SRR37367594	2025-10-08	2401079238	0	0	0	0.000	no
MA_Boston_DITPN_20251015	MA_Boston_DITPN	SRR37059708	2025-10-15	851704808	0	0	0	0.000	no
MA_Boston_DITPN_20251015	MA_Boston_DITPN	SRR37367517	2025-10-15	876965004	0	0	0	0.000	no
MA_Boston_DITPN_20251015	MA_Boston_DITPN	SRR37367592	2025-10-15	2057694198	0	0	0	0.000	no
MA_Boston_DITPN_20251022	MA_Boston_DITPN	SRR37059990	2025-10-22	1222334364	0	0	0	0.000	no
MA_Boston_DITPN_20251022	MA_Boston_DITPN	SRR37367516	2025-10-22	1229624620	0	0	0	0.000	no
MA_Boston_DITPN_20251022	MA_Boston_DITPN	SRR37367590	2025-10-22	2176545140	0	0	0	0.000	no
MA_Boston_DITPN_20251029	MA_Boston_DITPN	SRR37059979	2025-10-29	1006748836	0	0	0	0.000	no
MA_Boston_DITPN_20251029	MA_Boston_DITPN	SRR37367515	2025-10-29	1033966108	0	0	0	0.000	no
MA_Boston_DITPN_20251029	MA_Boston_DITPN	SRR37367588	2025-10-29	2845275204	0	0	0	0.000	no
MA_Boston_DITPN_20251105	MA_Boston_DITPN	SRR37059980	2025-11-05	1446813596	0	0	0	0.000	no
MA_Boston_DITPN_20251105	MA_Boston_DITPN	SRR37367514	2025-11-05	1467525400	0	0	0	0.000	no
MA_Boston_DITPN_20251105	MA_Boston_DITPN	SRR37367585	2025-11-05	3421501812	0	0	0	0.000	no
MA_Boston_DITPN_20251112	MA_Boston_DITPN	SRR37059981	2025-11-12	1128899774	0	0	0	0.000	no
MA_Boston_DITPN_20251112	MA_Boston_DITPN	SRR37367513	2025-11-12	1131624738	0	0	0	0.000	no
MA_Boston_DITPN_20251112	MA_Boston_DITPN	SRR37367569	2025-11-12	2509438946	0	0	0	0.000	no
MA_Boston_DITPN_20251119	MA_Boston_DITPN	SRR37059991	2025-11-19	867208846	0	0	0	0.000	no
MA_Boston_DITPN_20251119	MA_Boston_DITPN	SRR37367567	2025-11-19	2725328736	0	0	0	0.000	no
MA_Boston_DITPN_20251119	MA_Boston_DITPN	SRR37367629	2025-11-19	877694536	0	0	0	0.000	no
MA_Boston_DITPN_20251126	MA_Boston_DITPN	SRR37059992	2025-11-26	560612934	0	0	0	0.000	no
MA_Boston_DITPN_20251126	MA_Boston_DITPN	SRR37367565	2025-11-26	1893938724	0	0	0	0.000	no
MA_Boston_DITPN_20251126	MA_Boston_DITPN	SRR37367627	2025-11-26	562722808	0	0	0	0.000	no
MA_Boston_DITPN_20251203	MA_Boston_DITPN	SRR37059993	2025-12-03	639646706	0	0	0	0.000	no
MA_Boston_DITPN_20251203	MA_Boston_DITPN	SRR37367563	2025-12-03	2200362936	0	0	0	0.000	no
MA_Boston_DITPN_20251203	MA_Boston_DITPN	SRR37367669	2025-12-03	638209066	0	0	0	0.000	no
MA_Boston_DITPN_20251210	MA_Boston_DITPN	SRR37059994	2025-12-10	904602022	0	0	0	0.000	no
MA_Boston_DITPN_20251210	MA_Boston_DITPN	SRR37367519	2025-12-10	1878239438	0	0	0	0.000	no
MA_Boston_DITPN_20251210	MA_Boston_DITPN	SRR37367668	2025-12-10	902162882	0	0	0	0.000	no
MA_Boston_DITPN_20251217	MA_Boston_DITPN	SRR37367558	2025-12-17	3840668748	0	0	0	0.000	no
MA_Boston_DITPN_20251217	MA_Boston_DITPN	SRR37367667	2025-12-17	2517810402	0	0	0	0.000	no
MA_Boston_DITPN_20251223	MA_Boston_DITPN	SRR37367556	2025-12-23	2204750078	0	0	0	0.000	no
MA_Boston_DITPN_20251223	MA_Boston_DITPN	SRR37367666	2025-12-23	2339215084	0	0	0	0.000	no
MA_Boston_DITPN_20251230	MA_Boston_DITPN	SRR37367554	2025-12-30	2424699098	0	0	0	0.000	no
MA_Boston_DITPN_20251230	MA_Boston_DITPN	SRR37367665	2025-12-30	1625732352	0	0	0	0.000	no
MA_Boston_DITPN_20260107	MA_Boston_DITPN	SRR38294924	2026-01-07	4267952064	0	0	0	0.000	no
MA_Boston_DITPN_20260107	MA_Boston_DITPN	SRR38294944	2026-01-07	1504381444	0	0	0	0.000	no
MA_Boston_DITPN_20260114	MA_Boston_DITPN	SRR38294667	2026-01-14	2390861756	0	0	0	0.000	no
MA_Boston_DITPN_20260114	MA_Boston_DITPN	SRR38294754	2026-01-14	1156633970	0	0	0	0.000	no
MA_Boston_DITPN_20260121	MA_Boston_DITPN	SRR38294649	2026-01-21	1742975358	0	0	0	0.000	no
MA_Boston_DITPN_20260121	MA_Boston_DITPN	SRR38294731	2026-01-21	2102549796	0	0	0	0.000	no
MA_Boston_DITPN_20260128	MA_Boston_DITPN	SRR38294647	2026-01-28	2855793606	0	0	0	0.000	no
MA_Boston_DITPN_20260128	MA_Boston_DITPN	SRR38294941	2026-01-28	1266479932	0	0	0	0.000	no
MA_Boston_DITPN_20260204	MA_Boston_DITPN	SRR38294639	2026-02-04	1789594090	0	0	0	0.000	no
MA_Boston_DITPN_20260204	MA_Boston_DITPN	SRR38294646	2026-02-04	1340222220	0	0	0	0.000	no
MA_Boston_DITPN_20260211	MA_Boston_DITPN	SRR38294616	2026-02-11	3185387530	0	0	0	0.000	no
MA_Boston_DITPN_20260211	MA_Boston_DITPN	SRR38294751	2026-02-11	2054455456	0	0	0	0.000	no
MA_Boston_DITPN_20260219	MA_Boston_DITPN	SRR38294752	2026-02-19	1377930736	0	0	0	0.000	no
MA_Boston_DITPN_20260225	MA_Boston_DITPN	SRR38294750	2026-02-25	1400725712	0	0	0	0.000	no
MA_Boston_DITPN_20260225	MA_Boston_DITPN	SRR38294909	2026-02-25	1213699754	0	0	0	0.000	no
MA_Boston_DITPN_20260304	MA_Boston_DITPN	SRR38294748	2026-03-04	3051739048	0	0	0	0.000	no
MA_Boston_DITPN_20260304	MA_Boston_DITPN	SRR38294896	2026-03-04	2749211326	0	0	0	0.000	no
MA_Boston_DITPN_20260311	MA_Boston_DITPN	SRR38294691	2026-03-11	2217283142	0	0	0	0.000	no
MA_Boston_DITPN_20260311	MA_Boston_DITPN	SRR39695128	2026-03-11	1228134770	0	0	0	0.000	no
MA_Boston_DITPN_20260318	MA_Boston_DITPN	SRR38294688	2026-03-18	2493490164	0	0	0	0.000	no
MA_Boston_DITPN_20260318	MA_Boston_DITPN	SRR39695074	2026-03-18	2837327856	0	0	0	0.000	no
MA_Boston_DITPN_20260325	MA_Boston_DITPN	SRR38294686	2026-03-25	2213138412	0	0	0	0.000	no
MA_Boston_DITPN_20260401	MA_Boston_DITPN	SRR39695229	2026-04-01	1261421356	0	0	0	0.000	no
MA_Boston_DITPN_20260401	MA_Boston_DITPN	SRR39695330	2026-04-01	1505163238	0	0	0	0.000	no
MA_Boston_DITPN_20260408	MA_Boston_DITPN	SRR39695046	2026-04-08	2994362360	0	0	0	0.000	no
MA_Boston_DITPN_20260408	MA_Boston_DITPN	SRR39695378	2026-04-08	1450319660	0	0	0	0.000	no
MA_Boston_DITPN_20260414	MA_Boston_DITPN	SRR39695310	2026-04-14	1140787248	0	0	0	0.000	no
MA_Boston_DITPN_20260414	MA_Boston_DITPN	SRR39695376	2026-04-14	1572174850	0	0	0	0.000	no
MA_Boston_DITPN_20260422	MA_Boston_DITPN	SRR39695202	2026-04-22	4042669220	12	8	36	1.979	yes
MA_Boston_DITPN_20260422	MA_Boston_DITPN	SRR39695375	2026-04-22	1704239254	0	0	0	0.000	no
MA_Boston_DITPN_20260429	MA_Boston_DITPN	SRR39695192	2026-04-29	3811670926	0	0	0	0.000	no
MA_Boston_DITPN_20260429	MA_Boston_DITPN	SRR39695374	2026-04-29	1359096688	0	0	0	0.000	no
MA_Boston_DITPN_20260506	MA_Boston_DITPN	SRR39695372	2026-05-06	2045477518	0	0	0	0.000	no
MA_Boston_DITPN_20260513	MA_Boston_DITPN	SRR39694996	2026-05-13	3033357924	0	0	0	0.000	no
MA_Boston_DITPN_20260513	MA_Boston_DITPN	SRR39695314	2026-05-13	1338962024	0	0	0	0.000	no
MA_Boston_DITPN_20260520	MA_Boston_DITPN	SRR39695028	2026-05-20	1336502818	0	0	0	0.000	no
MA_Boston_DITPN_20260520	MA_Boston_DITPN	SRR39695266	2026-05-20	3850195098	0	0	0	0.000	no
MA_Boston_DITPN_20260527	MA_Boston_DITPN	SRR39695029	2026-05-27	2558057484	0	0	0	0.000	no
MA_Boston_DITPN_20260527	MA_Boston_DITPN	SRR39695251	2026-05-27	3151072952	0	0	0	0.000	no
MA_Boston_DITPN_20260602	MA_Boston_DITPN	SRR39694964	2026-06-02	3175410452	0	0	0	0.000	no
MA_Boston_DITPN_20260603	MA_Boston_DITPN	SRR39695027	2026-06-03	1579466960	0	0	0	0.000	no
MA_Boston_DITPN_20260610	MA_Boston_DITPN	SRR39695026	2026-06-10	2529836084	0	0	0	0.000	no
MA_Boston_DITPN_20260610	MA_Boston_DITPN	SRR39695143	2026-06-10	3026254336	0	0	0	0.000	no
MA_Boston_DITPN_20260617	MA_Boston_DITPN	SRR39695135	2026-06-17	3281834716	16	2	64	0.609	yes
MA_Boston_DITPN_20260617	MA_Boston_DITPN	SRR39695311	2026-06-17	2255553150	0	0	0	0.000	no
MA_Boston_DITPN_20260622	MA_Boston_DITPN	SRR39695127	2026-06-22	3057986738	0	0	0	0.000	no
MA_Boston_DITPN_20260622	MA_Boston_DITPN	SRR39695129	2026-06-22	2544202362	0	0	0	0.000	no
MA_Boston_DITPN_20260622	MA_Boston_DITPN	SRR39695309	2026-06-22	1826384778	0	0	0	0.000	no
MA_Boston_DITPN_20260629	MA_Boston_DITPN	SRR39695307	2026-06-29	1380060278	0	0	0	0.000	no
MA_Boston_DITPS_20240320	MA_Boston_DITPS	SRR33038191	2024-03-20	1013690530	0	0	0	0.000	no
MA_Boston_DITPS_20240911	MA_Boston_DITPS	SRR33038215	2024-09-11	1355753792	0	0	0	0.000	no
MA_Boston_DITPS_20240923	MA_Boston_DITPS	SRR33038031	2024-09-23	1685362308	0	0	0	0.000	no
MA_Boston_DITPS_20241002	MA_Boston_DITPS	SRR33038157	2024-10-02	1143597076	0	0	0	0.000	no
MA_Boston_DITPS_20241106	MA_Boston_DITPS	SRR33038071	2024-11-06	2017029850	0	0	0	0.000	no
MA_Boston_DITPS_20241113	MA_Boston_DITPS	SRR33038117	2024-11-13	1350138796	0	0	0	0.000	no
MA_Boston_DITPS_20241119	MA_Boston_DITPS	SRR33038202	2024-11-19	1495960924	0	0	0	0.000	no
MA_Boston_DITPS_20241127	MA_Boston_DITPS	SRR33038074	2024-11-27	1492980276	0	0	0	0.000	no
MA_Boston_DITPS_20241211	MA_Boston_DITPS	SRR33038203	2024-12-11	1105638454	0	0	0	0.000	no
MA_Boston_DITPS_20241211	MA_Boston_DITPS	SRR33038204	2024-12-11	779183124	0	0	0	0.000	no
MA_Boston_DITPS_20241218	MA_Boston_DITPS	SRR33038108	2024-12-18	1349999360	0	0	0	0.000	no
MA_Boston_DITPS_20241218	MA_Boston_DITPS	SRR33038109	2024-12-18	955129366	0	0	0	0.000	no
MA_Boston_DITPS_20241226	MA_Boston_DITPS	SRR33038101	2024-12-26	816879922	0	0	0	0.000	no
MA_Boston_DITPS_20241226	MA_Boston_DITPS	SRR33038104	2024-12-26	1186802496	0	0	0	0.000	no
MA_Boston_DITPS_20250102	MA_Boston_DITPS	SRR33038095	2025-01-02	831906408	0	0	0	0.000	no
MA_Boston_DITPS_20250102	MA_Boston_DITPS	SRR33038096	2025-01-02	1176349212	0	0	0	0.000	no
MA_Boston_DITPS_20250108	MA_Boston_DITPS	SRR33038168	2025-01-08	989493382	0	0	0	0.000	no
MA_Boston_DITPS_20250108	MA_Boston_DITPS	SRR33038169	2025-01-08	1413131186	0	0	0	0.000	no
MA_Boston_DITPS_20250115	MA_Boston_DITPS	SRR33038043	2025-01-15	2025413466	0	0	0	0.000	no
MA_Boston_DITPS_20250122	MA_Boston_DITPS	SRR33038034	2025-01-22	1966794560	0	0	0	0.000	no
MA_Boston_DITPS_20250129	MA_Boston_DITPS	SRR33038091	2025-01-29	1632340350	0	0	0	0.000	no
MA_Boston_DITPS_20250205	MA_Boston_DITPS	SRR33038166	2025-02-05	1500367002	0	0	0	0.000	no
MA_Boston_DITPS_20250212	MA_Boston_DITPS	SRR33038159	2025-02-12	2006902472	0	0	0	0.000	no
MA_Boston_DITPS_20250212	MA_Boston_DITPS	SRR33038179	2025-02-12	1839043028	0	0	0	0.000	no
MA_Boston_DITPS_20250219	MA_Boston_DITPS	SRR33038080	2025-02-19	1587528198	0	0	0	0.000	no
MA_Boston_DITPS_20250219	MA_Boston_DITPS	SRR33038150	2025-02-19	2245790024	0	0	0	0.000	no
MA_Boston_DITPS_20250226	MA_Boston_DITPS	SRR33038023	2025-02-26	1731081578	0	0	0	0.000	no
MA_Boston_DITPS_20250226	MA_Boston_DITPS	SRR33038029	2025-02-26	1641982608	0	0	0	0.000	no
MA_Boston_DITPS_20250305	MA_Boston_DITPS	SRR33038081	2025-03-05	1706700556	0	0	0	0.000	no
MA_Boston_DITPS_20250312	MA_Boston_DITPS	SRR33038137	2025-03-12	1706518708	0	0	0	0.000	no
MA_Boston_DITPS_20250319	MA_Boston_DITPS	SRR37076054	2025-03-19	1805671568	0	0	0	0.000	no
MA_Boston_DITPS_20250319	MA_Boston_DITPS	SRR37367607	2025-03-19	4521391966	0	0	0	0.000	no
MA_Boston_DITPS_20250326	MA_Boston_DITPS	SRR37076055	2025-03-26	1347789588	0	0	0	0.000	no
MA_Boston_DITPS_20250326	MA_Boston_DITPS	SRR37367641	2025-03-26	2281361818	0	0	0	0.000	no
MA_Boston_DITPS_20250326	MA_Boston_DITPS	SRR37367642	2025-03-26	2342349212	0	0	0	0.000	no
MA_Boston_DITPS_20250402	MA_Boston_DITPS	SRR37076053	2025-04-02	1397377536	0	0	0	0.000	no
MA_Boston_DITPS_20250402	MA_Boston_DITPS	SRR37367538	2025-04-02	3045810408	0	0	0	0.000	no
MA_Boston_DITPS_20250402	MA_Boston_DITPS	SRR37367539	2025-04-02	3060416248	0	0	0	0.000	no
MA_Boston_DITPS_20250409	MA_Boston_DITPS	SRR37076052	2025-04-09	2053748036	0	0	0	0.000	no
MA_Boston_DITPS_20250409	MA_Boston_DITPS	SRR37367535	2025-04-09	2157432928	0	0	0	0.000	no
MA_Boston_DITPS_20250409	MA_Boston_DITPS	SRR37367579	2025-04-09	1715925690	0	0	0	0.000	no
MA_Boston_DITPS_20250423	MA_Boston_DITPS	SRR37076051	2025-04-23	1227555542	0	0	0	0.000	no
MA_Boston_DITPS_20250423	MA_Boston_DITPS	SRR37367562	2025-04-23	2182735020	0	0	0	0.000	no
MA_Boston_DITPS_20250423	MA_Boston_DITPS	SRR37367595	2025-04-23	2596578158	0	0	0	0.000	no
MA_Boston_DITPS_20250423	MA_Boston_DITPS	SRR37367628	2025-04-23	957838094	0	0	0	0.000	no
MA_Boston_DITPS_20250430	MA_Boston_DITPS	SRR37076050	2025-04-30	1273955782	0	0	0	0.000	no
MA_Boston_DITPS_20250430	MA_Boston_DITPS	SRR37367521	2025-04-30	1853797236	0	0	0	0.000	no
MA_Boston_DITPS_20250507	MA_Boston_DITPS	SRR37076048	2025-05-07	1209815092	0	0	0	0.000	no
MA_Boston_DITPS_20250507	MA_Boston_DITPS	SRR37367626	2025-05-07	2546107344	0	0	0	0.000	no
MA_Boston_DITPS_20250514	MA_Boston_DITPS	SRR37076047	2025-05-14	1901067046	0	0	0	0.000	no
MA_Boston_DITPS_20250514	MA_Boston_DITPS	SRR37367659	2025-05-14	1700845412	0	0	0	0.000	no
MA_Boston_DITPS_20250521	MA_Boston_DITPS	SRR37076046	2025-05-21	1797943640	0	0	0	0.000	no
MA_Boston_DITPS_20250521	MA_Boston_DITPS	SRR37367611	2025-05-21	1903611106	0	0	0	0.000	no
MA_Boston_DITPS_20250528	MA_Boston_DITPS	SRR37076045	2025-05-28	1975673476	0	0	0	0.000	no
MA_Boston_DITPS_20250528	MA_Boston_DITPS	SRR37367543	2025-05-28	2415653052	0	0	0	0.000	no
MA_Boston_DITPS_20250604	MA_Boston_DITPS	SRR37076044	2025-06-04	2192862812	0	0	0	0.000	no
MA_Boston_DITPS_20250604	MA_Boston_DITPS	SRR37367533	2025-06-04	2787018432	0	0	0	0.000	no
MA_Boston_DITPS_20250611	MA_Boston_DITPS	SRR37076043	2025-06-11	2597845402	10	3	58	1.155	yes
MA_Boston_DITPS_20250611	MA_Boston_DITPS	SRR37367531	2025-06-11	2941179050	0	0	0	0.000	no
MA_Boston_DITPS_20250618	MA_Boston_DITPS	SRR37076042	2025-06-18	2950178650	0	0	0	0.000	no
MA_Boston_DITPS_20250618	MA_Boston_DITPS	SRR37367651	2025-06-18	2716184840	0	0	0	0.000	no
MA_Boston_DITPS_20250625	MA_Boston_DITPS	SRR37076041	2025-06-25	2872543102	12	2	52	0.696	yes
MA_Boston_DITPS_20250625	MA_Boston_DITPS	SRR37367649	2025-06-25	2673834682	0	0	0	0.000	no
MA_Boston_DITPS_20250702	MA_Boston_DITPS	SRR37076040	2025-07-02	1788419620	0	0	0	0.000	no
MA_Boston_DITPS_20250702	MA_Boston_DITPS	SRR37367647	2025-07-02	2374589032	0	0	0	0.000	no
MA_Boston_DITPS_20250709	MA_Boston_DITPS	SRR37059688	2025-07-09	946497780	0	0	0	0.000	no
MA_Boston_DITPS_20250709	MA_Boston_DITPS	SRR37367645	2025-07-09	2452217208	0	0	0	0.000	no
MA_Boston_DITPS_20250709	MA_Boston_DITPS	SRR37367664	2025-07-09	929168700	0	0	0	0.000	no
MA_Boston_DITPS_20250716	MA_Boston_DITPS	SRR37059687	2025-07-16	1012433238	0	0	0	0.000	no
MA_Boston_DITPS_20250716	MA_Boston_DITPS	SRR37367643	2025-07-16	4175241538	0	0	0	0.000	no
MA_Boston_DITPS_20250716	MA_Boston_DITPS	SRR37367663	2025-07-16	1023865818	0	0	0	0.000	no
MA_Boston_DITPS_20250723	MA_Boston_DITPS	SRR37059686	2025-07-23	1092568394	0	0	0	0.000	no
MA_Boston_DITPS_20250723	MA_Boston_DITPS	SRR37367638	2025-07-23	2040912998	0	0	0	0.000	no
MA_Boston_DITPS_20250723	MA_Boston_DITPS	SRR37367662	2025-07-23	1108193904	0	0	0	0.000	no
MA_Boston_DITPS_20250730	MA_Boston_DITPS	SRR37059685	2025-07-30	846969784	0	0	0	0.000	no
MA_Boston_DITPS_20250730	MA_Boston_DITPS	SRR37367636	2025-07-30	3401733314	0	0	0	0.000	no
MA_Boston_DITPS_20250730	MA_Boston_DITPS	SRR37367661	2025-07-30	853406392	0	0	0	0.000	no
MA_Boston_DITPS_20250806	MA_Boston_DITPS	SRR37059684	2025-08-06	934153924	0	0	0	0.000	no
MA_Boston_DITPS_20250806	MA_Boston_DITPS	SRR37367634	2025-08-06	2403637722	0	0	0	0.000	no
MA_Boston_DITPS_20250806	MA_Boston_DITPS	SRR37367660	2025-08-06	941006830	0	0	0	0.000	no
MA_Boston_DITPS_20250813	MA_Boston_DITPS	SRR37059720	2025-08-13	816318314	0	0	0	0.000	no
MA_Boston_DITPS_20250813	MA_Boston_DITPS	SRR37367632	2025-08-13	2275867286	0	0	0	0.000	no
MA_Boston_DITPS_20250813	MA_Boston_DITPS	SRR37367658	2025-08-13	818642030	0	0	0	0.000	no
MA_Boston_DITPS_20250820	MA_Boston_DITPS	SRR37059719	2025-08-20	868666122	0	0	0	0.000	no
MA_Boston_DITPS_20250820	MA_Boston_DITPS	SRR37367630	2025-08-20	2307599336	0	0	0	0.000	no
MA_Boston_DITPS_20250820	MA_Boston_DITPS	SRR37367657	2025-08-20	864514272	0	0	0	0.000	no
MA_Boston_DITPS_20250827	MA_Boston_DITPS	SRR37059718	2025-08-27	672142106	0	0	0	0.000	no
MA_Boston_DITPS_20250827	MA_Boston_DITPS	SRR37367604	2025-08-27	2504043690	0	0	0	0.000	no
MA_Boston_DITPS_20250827	MA_Boston_DITPS	SRR37367656	2025-08-27	680382610	0	0	0	0.000	no
MA_Boston_DITPS_20250903	MA_Boston_DITPS	SRR37059717	2025-09-03	946983474	0	0	0	0.000	no
MA_Boston_DITPS_20250903	MA_Boston_DITPS	SRR37367602	2025-09-03	2722015942	0	0	0	0.000	no
MA_Boston_DITPS_20250903	MA_Boston_DITPS	SRR37367655	2025-09-03	956643310	0	0	0	0.000	no
MA_Boston_DITPS_20250910	MA_Boston_DITPS	SRR37059716	2025-09-10	873406994	0	0	0	0.000	no
MA_Boston_DITPS_20250910	MA_Boston_DITPS	SRR37367600	2025-09-10	2393187812	0	0	0	0.000	no
MA_Boston_DITPS_20250910	MA_Boston_DITPS	SRR37367654	2025-09-10	886664180	4	4	47	4.511	yes
MA_Boston_DITPS_20250917	MA_Boston_DITPS	SRR37059715	2025-09-17	1297980034	0	0	0	0.000	no
MA_Boston_DITPS_20250917	MA_Boston_DITPS	SRR37367598	2025-09-17	3916732196	0	0	0	0.000	no
MA_Boston_DITPS_20250917	MA_Boston_DITPS	SRR37367653	2025-09-17	1312094940	0	0	0	0.000	no
MA_Boston_DITPS_20250924	MA_Boston_DITPS	SRR37059714	2025-09-24	1038976596	0	0	0	0.000	no
MA_Boston_DITPS_20250924	MA_Boston_DITPS	SRR37367596	2025-09-24	2169627650	0	0	0	0.000	no
MA_Boston_DITPS_20250924	MA_Boston_DITPS	SRR37367624	2025-09-24	1046548800	0	0	0	0.000	no
MA_Boston_DITPS_20251001	MA_Boston_DITPS	SRR37059713	2025-10-01	978636708	0	0	0	0.000	no
MA_Boston_DITPS_20251001	MA_Boston_DITPS	SRR37367560	2025-10-01	2569797630	0	0	0	0.000	no
MA_Boston_DITPS_20251001	MA_Boston_DITPS	SRR37367622	2025-10-01	975677478	0	0	0	0.000	no
MA_Boston_DITPS_20251008	MA_Boston_DITPS	SRR37059712	2025-10-08	1370222688	0	0	0	0.000	no
MA_Boston_DITPS_20251008	MA_Boston_DITPS	SRR37367593	2025-10-08	2043409174	0	0	0	0.000	no
MA_Boston_DITPS_20251008	MA_Boston_DITPS	SRR37367621	2025-10-08	1383375970	0	0	0	0.000	no
MA_Boston_DITPS_20251015	MA_Boston_DITPS	SRR37059711	2025-10-15	982705924	0	0	0	0.000	no
MA_Boston_DITPS_20251015	MA_Boston_DITPS	SRR37367591	2025-10-15	2314735236	0	0	0	0.000	no
MA_Boston_DITPS_20251015	MA_Boston_DITPS	SRR37367620	2025-10-15	1003875852	0	0	0	0.000	no
MA_Boston_DITPS_20251022	MA_Boston_DITPS	SRR37059996	2025-10-22	1172409038	0	0	0	0.000	no
MA_Boston_DITPS_20251022	MA_Boston_DITPS	SRR37367589	2025-10-22	2383570798	0	0	0	0.000	no
MA_Boston_DITPS_20251022	MA_Boston_DITPS	SRR37367618	2025-10-22	1172312248	0	0	0	0.000	no
MA_Boston_DITPS_20251029	MA_Boston_DITPS	SRR37059997	2025-10-29	1008402078	0	0	0	0.000	no
MA_Boston_DITPS_20251029	MA_Boston_DITPS	SRR37367587	2025-10-29	2820005894	0	0	0	0.000	no
MA_Boston_DITPS_20251029	MA_Boston_DITPS	SRR37367617	2025-10-29	1032882054	0	0	0	0.000	no
MA_Boston_DITPS_20251105	MA_Boston_DITPS	SRR37059998	2025-11-05	1614184634	0	0	0	0.000	no
MA_Boston_DITPS_20251105	MA_Boston_DITPS	SRR37367584	2025-11-05	1994559330	0	0	0	0.000	no
MA_Boston_DITPS_20251105	MA_Boston_DITPS	SRR37367616	2025-11-05	1621979264	0	0	0	0.000	no
MA_Boston_DITPS_20251112	MA_Boston_DITPS	SRR37059999	2025-11-12	1148925644	0	0	0	0.000	no
MA_Boston_DITPS_20251112	MA_Boston_DITPS	SRR37367568	2025-11-12	2525216362	0	0	0	0.000	no
MA_Boston_DITPS_20251112	MA_Boston_DITPS	SRR37367615	2025-11-12	1145805504	0	0	0	0.000	no
MA_Boston_DITPS_20251119	MA_Boston_DITPS	SRR37060000	2025-11-19	976536038	0	0	0	0.000	no
MA_Boston_DITPS_20251119	MA_Boston_DITPS	SRR37367566	2025-11-19	2250937244	0	0	0	0.000	no
MA_Boston_DITPS_20251119	MA_Boston_DITPS	SRR37367614	2025-11-19	983113472	0	0	0	0.000	no
MA_Boston_DITPS_20251126	MA_Boston_DITPS	SRR37059982	2025-11-26	650094258	0	0	0	0.000	no
MA_Boston_DITPS_20251126	MA_Boston_DITPS	SRR37367564	2025-11-26	2758779050	0	0	0	0.000	no
MA_Boston_DITPS_20251126	MA_Boston_DITPS	SRR37367608	2025-11-26	647279004	0	0	0	0.000	no
MA_Boston_DITPS_20251203	MA_Boston_DITPS	SRR37060001	2025-12-03	708798984	0	0	0	0.000	no
MA_Boston_DITPS_20251203	MA_Boston_DITPS	SRR37367520	2025-12-03	2586866968	0	0	0	0.000	no
MA_Boston_DITPS_20251203	MA_Boston_DITPS	SRR37367609	2025-12-03	704878698	0	0	0	0.000	no
MA_Boston_DITPS_20251210	MA_Boston_DITPS	SRR37060002	2025-12-10	865399092	0	0	0	0.000	no
MA_Boston_DITPS_20251210	MA_Boston_DITPS	SRR37367559	2025-12-10	3730318456	0	0	0	0.000	no
MA_Boston_DITPS_20251210	MA_Boston_DITPS	SRR37367610	2025-12-10	859490468	0	0	0	0.000	no
MA_Boston_DITPS_20251217	MA_Boston_DITPS	SRR37367541	2025-12-17	1916757996	0	0	0	0.000	no
MA_Boston_DITPS_20251217	MA_Boston_DITPS	SRR37367557	2025-12-17	3726178858	0	0	0	0.000	no
MA_Boston_DITPS_20251223	MA_Boston_DITPS	SRR37367542	2025-12-23	2165333684	0	0	0	0.000	no
MA_Boston_DITPS_20251223	MA_Boston_DITPS	SRR37367555	2025-12-23	2549031608	0	0	0	0.000	no
MA_Boston_DITPS_20251230	MA_Boston_DITPS	SRR37367553	2025-12-30	2183438192	0	0	0	0.000	no
MA_Boston_DITPS_20251230	MA_Boston_DITPS	SRR37367612	2025-12-30	1742324726	0	0	0	0.000	no
MA_Boston_DITPS_20260107	MA_Boston_DITPS	SRR38294685	2026-01-07	1227640742	0	0	0	0.000	no
MA_Boston_DITPS_20260107	MA_Boston_DITPS	SRR38294799	2026-01-07	2473730986	0	0	0	0.000	no
MA_Boston_DITPS_20260114	MA_Boston_DITPS	SRR38294684	2026-01-14	1219108514	0	0	0	0.000	no
MA_Boston_DITPS_20260114	MA_Boston_DITPS	SRR38294956	2026-01-14	4068086728	0	0	0	0.000	no
MA_Boston_DITPS_20260121	MA_Boston_DITPS	SRR38294682	2026-01-21	1696814122	0	0	0	0.000	no
MA_Boston_DITPS_20260121	MA_Boston_DITPS	SRR38294762	2026-01-21	1955266036	0	0	0	0.000	no
MA_Boston_DITPS_20260128	MA_Boston_DITPS	SRR38294683	2026-01-28	2434693984	0	0	0	0.000	no
MA_Boston_DITPS_20260128	MA_Boston_DITPS	SRR38294695	2026-01-28	1211856726	0	0	0	0.000	no
MA_Boston_DITPS_20260204	MA_Boston_DITPS	SRR38294628	2026-02-04	836046180	0	0	0	0.000	no
MA_Boston_DITPS_20260204	MA_Boston_DITPS	SRR38294681	2026-02-04	1447859396	0	0	0	0.000	no
MA_Boston_DITPS_20260211	MA_Boston_DITPS	SRR38294680	2026-02-11	1333645398	0	0	0	0.000	no
MA_Boston_DITPS_20260211	MA_Boston_DITPS	SRR38294937	2026-02-11	3503717074	0	0	0	0.000	no
MA_Boston_DITPS_20260219	MA_Boston_DITPS	SRR38294679	2026-02-19	1159995456	0	0	0	0.000	no
MA_Boston_DITPS_20260225	MA_Boston_DITPS	SRR38294677	2026-02-25	1283101758	0	0	0	0.000	no
MA_Boston_DITPS_20260225	MA_Boston_DITPS	SRR38294839	2026-02-25	1898059776	0	0	0	0.000	no
MA_Boston_DITPS_20260304	MA_Boston_DITPS	SRR38294676	2026-03-04	2764275072	0	0	0	0.000	no
MA_Boston_DITPS_20260304	MA_Boston_DITPS	SRR38294986	2026-03-04	2282265214	0	0	0	0.000	no
MA_Boston_DITPS_20260311	MA_Boston_DITPS	SRR38294626	2026-03-11	2380569994	0	0	0	0.000	no
MA_Boston_DITPS_20260311	MA_Boston_DITPS	SRR39695236	2026-03-11	1022931420	0	0	0	0.000	no
MA_Boston_DITPS_20260318	MA_Boston_DITPS	SRR38294624	2026-03-18	2426500514	0	0	0	0.000	no
MA_Boston_DITPS_20260318	MA_Boston_DITPS	SRR39694954	2026-03-18	2157610318	0	0	0	0.000	no
MA_Boston_DITPS_20260325	MA_Boston_DITPS	SRR38294625	2026-03-25	2073925074	0	0	0	0.000	no
MA_Boston_DITPS_20260401	MA_Boston_DITPS	SRR39695060	2026-04-01	1315884194	0	0	0	0.000	no
MA_Boston_DITPS_20260401	MA_Boston_DITPS	SRR39695308	2026-04-01	1287434586	0	0	0	0.000	no
MA_Boston_DITPS_20260408	MA_Boston_DITPS	SRR39695223	2026-04-08	2611466878	0	0	0	0.000	no
MA_Boston_DITPS_20260408	MA_Boston_DITPS	SRR39695306	2026-04-08	1137802646	0	0	0	0.000	no
MA_Boston_DITPS_20260414	MA_Boston_DITPS	SRR39695035	2026-04-14	681761462	0	0	0	0.000	no
MA_Boston_DITPS_20260414	MA_Boston_DITPS	SRR39695305	2026-04-14	1563299860	0	0	0	0.000	no
MA_Boston_DITPS_20260422	MA_Boston_DITPS	SRR39695304	2026-04-22	2367241254	0	0	0	0.000	no
MA_Boston_DITPS_20260422	MA_Boston_DITPS	SRR39695363	2026-04-22	3509240214	0	0	0	0.000	no
MA_Boston_DITPS_20260429	MA_Boston_DITPS	SRR39695296	2026-04-29	2847420258	0	0	0	0.000	no
MA_Boston_DITPS_20260429	MA_Boston_DITPS	SRR39695302	2026-04-29	1166664452	0	0	0	0.000	no
MA_Boston_DITPS_20260506	MA_Boston_DITPS	SRR39695303	2026-05-06	2710348996	0	0	0	0.000	no
MA_Boston_DITPS_20260513	MA_Boston_DITPS	SRR39694986	2026-05-13	2510246524	0	0	0	0.000	no
MA_Boston_DITPS_20260513	MA_Boston_DITPS	SRR39695300	2026-05-13	1231794472	0	0	0	0.000	no
MA_Boston_DITPS_20260520	MA_Boston_DITPS	SRR39695036	2026-05-20	1382056232	0	0	0	0.000	no
MA_Boston_DITPS_20260520	MA_Boston_DITPS	SRR39695154	2026-05-20	3572013558	0	0	0	0.000	no
MA_Boston_DITPS_20260527	MA_Boston_DITPS	SRR39695034	2026-05-27	2532074854	0	0	0	0.000	no
MA_Boston_DITPS_20260527	MA_Boston_DITPS	SRR39695249	2026-05-27	4273167334	0	0	0	0.000	no
MA_Boston_DITPS_20260602	MA_Boston_DITPS	SRR39695125	2026-06-02	3193029284	0	0	0	0.000	no
MA_Boston_DITPS_20260603	MA_Boston_DITPS	SRR39695033	2026-06-03	1493355872	0	0	0	0.000	no
MA_Boston_DITPS_20260610	MA_Boston_DITPS	SRR39695032	2026-06-10	2860298074	0	0	0	0.000	no
MA_Boston_DITPS_20260610	MA_Boston_DITPS	SRR39695142	2026-06-10	2670679670	0	0	0	0.000	no
MA_Boston_DITPS_20260617	MA_Boston_DITPS	SRR39695031	2026-06-17	2216108354	0	0	0	0.000	no
MA_Boston_DITPS_20260617	MA_Boston_DITPS	SRR39695134	2026-06-17	4391053300	0	0	0	0.000	no
MA_Boston_DITPS_20260622	MA_Boston_DITPS	SRR39695030	2026-06-22	1829183706	0	0	0	0.000	no
MA_Boston_DITPS_20260622	MA_Boston_DITPS	SRR39695126	2026-06-22	2713949948	0	0	0	0.000	no
MA_Boston_DITPS_20260622	MA_Boston_DITPS	SRR39695387	2026-06-22	3810886786	0	0	0	0.000	no
MA_Boston_DITPS_20260629	MA_Boston_DITPS	SRR39695370	2026-06-29	1193505444	0	0	0	0.000	no
MO_Columbia_20231226	MO_Columbia	SRR37092467	2023-12-26	1839097328	0	0	0	0.000	no
MO_Columbia_20240102	MO_Columbia	SRR35904078	2024-01-02	1751799378	0	0	0	0.000	no
MO_Columbia_20240102	MO_Columbia	SRR35904089	2024-01-02	1751799378	0	0	0	0.000	no
MO_Columbia_20240102	MO_Columbia	SRR35904090	2024-01-02	1751799380	0	0	0	0.000	no
MO_Columbia_20240109	MO_Columbia	SRR35904045	2024-01-09	1653710384	0	0	0	0.000	no
MO_Columbia_20240109	MO_Columbia	SRR35904056	2024-01-09	1653710384	0	0	0	0.000	no
MO_Columbia_20240109	MO_Columbia	SRR35904067	2024-01-09	1653710386	0	0	0	0.000	no
MO_Columbia_20240116	MO_Columbia	SRR35904034	2024-01-16	2703388732	0	0	0	0.000	no
MO_Columbia_20240213	MO_Columbia	SRR35904088	2024-02-13	3085467964	0	0	0	0.000	no
MO_Columbia_20240220	MO_Columbia	SRR35904086	2024-02-20	1434992034	0	0	0	0.000	no
MO_Columbia_20240220	MO_Columbia	SRR35904087	2024-02-20	1434992036	0	0	0	0.000	no
MO_Columbia_20240312	MO_Columbia	SRR35904083	2024-03-12	2710210784	0	0	0	0.000	no
MO_Columbia_20240416	MO_Columbia	SRR35904076	2024-04-16	1253715122	0	0	0	0.000	no
MO_Columbia_20240416	MO_Columbia	SRR35904077	2024-04-16	1253715124	0	0	0	0.000	no
MO_Columbia_20240423	MO_Columbia	SRR35904075	2024-04-23	2612298418	0	0	0	0.000	no
MO_Columbia_20240430	MO_Columbia	SRR35904074	2024-04-30	2150841966	0	0	0	0.000	no
MO_Columbia_20240507	MO_Columbia	SRR35904073	2024-05-07	2347156922	0	0	0	0.000	no
MO_Columbia_20240514	MO_Columbia	SRR35904072	2024-05-14	2180480086	0	0	0	0.000	no
MO_Columbia_20240521	MO_Columbia	SRR35904071	2024-05-21	2561438348	0	0	0	0.000	no
MO_Columbia_20240528	MO_Columbia	SRR35904070	2024-05-28	2153054910	0	0	0	0.000	no
MO_Columbia_20240618	MO_Columbia	SRR35904066	2024-06-18	1821472474	0	0	0	0.000	no
MO_Columbia_20240625	MO_Columbia	SRR35904065	2024-06-25	3829514794	0	0	0	0.000	no
MO_Columbia_20240702	MO_Columbia	SRR35904063	2024-07-02	1961455084	0	0	0	0.000	no
MO_Columbia_20240702	MO_Columbia	SRR35904064	2024-07-02	1961455086	0	0	0	0.000	no
MO_Columbia_20240709	MO_Columbia	SRR35904062	2024-07-09	501311756	0	0	0	0.000	no
MO_Columbia_20240723	MO_Columbia	SRR35904059	2024-07-23	1897371822	1	1	66	0.527	yes
MO_Columbia_20240723	MO_Columbia	SRR35904060	2024-07-23	1897371822	2	2	94	1.054	yes
MO_Columbia_20240806	MO_Columbia	SRR35904057	2024-08-06	2170120724	0	0	0	0.000	no
MO_Columbia_20240813	MO_Columbia	SRR35904055	2024-08-13	1462336534	0	0	0	0.000	no
MO_Columbia_20240820	MO_Columbia	SRR35904054	2024-08-20	1212146300	0	0	0	0.000	no
MO_Columbia_20240827	MO_Columbia	SRR35904053	2024-08-27	1245733950	0	0	0	0.000	no
MO_Columbia_20240903	MO_Columbia	SRR35904052	2024-09-03	1332244180	0	0	0	0.000	no
MO_Columbia_20240910	MO_Columbia	SRR35904051	2024-09-10	1283248218	0	0	0	0.000	no
MO_Columbia_20240917	MO_Columbia	SRR35904050	2024-09-17	1548058942	2	2	98	1.292	yes
MO_Columbia_20240924	MO_Columbia	SRR35904049	2024-09-24	1680365450	0	0	0	0.000	no
MO_Columbia_20241001	MO_Columbia	SRR35904048	2024-10-01	849776922	0	0	0	0.000	no
MO_Columbia_20241008	MO_Columbia	SRR35904047	2024-10-08	923477196	0	0	0	0.000	no
MO_Columbia_20241015	MO_Columbia	SRR35904046	2024-10-15	2626580778	0	0	0	0.000	no
MO_Columbia_20241022	MO_Columbia	SRR35904044	2024-10-22	2385797138	0	0	0	0.000	no
MO_Columbia_20241029	MO_Columbia	SRR35904043	2024-10-29	1865563844	0	0	0	0.000	no
MO_Columbia_20241105	MO_Columbia	SRR35904042	2024-11-05	2187913700	0	0	0	0.000	no
MO_Columbia_20241112	MO_Columbia	SRR35904041	2024-11-12	1368353944	0	0	0	0.000	no
MO_Columbia_20241119	MO_Columbia	SRR35904040	2024-11-19	1424089718	0	0	0	0.000	no
MO_Columbia_20241126	MO_Columbia	SRR35904039	2024-11-26	1791416864	0	0	0	0.000	no
MO_Columbia_20241203	MO_Columbia	SRR35904038	2024-12-03	1340965078	0	0	0	0.000	no
MO_Columbia_20241210	MO_Columbia	SRR35904037	2024-12-10	1489303774	0	0	0	0.000	no
MO_Columbia_20241217	MO_Columbia	SRR35904036	2024-12-17	1963222062	0	0	0	0.000	no
MO_Columbia_20241224	MO_Columbia	SRR35904035	2024-12-24	2662032406	0	0	0	0.000	no
MO_Columbia_20241231	MO_Columbia	SRR35904033	2024-12-31	3026694032	0	0	0	0.000	no
MO_Columbia_20250107	MO_Columbia	SRR35917740	2025-01-07	2166530616	0	0	0	0.000	no
MO_Columbia_20250114	MO_Columbia	SRR35917739	2025-01-14	1579493544	0	0	0	0.000	no
MO_Columbia_20250204	MO_Columbia	SRR35917721	2025-02-04	1836751986	0	0	0	0.000	no
MO_Columbia_20250211	MO_Columbia	SRR35917720	2025-02-11	1887825600	0	0	0	0.000	no
MO_Columbia_20250218	MO_Columbia	SRR35917719	2025-02-18	2074710036	0	0	0	0.000	no
MO_Columbia_20250304	MO_Columbia	SRR35917717	2025-03-04	1943674010	0	0	0	0.000	no
MO_Columbia_20250326	MO_Columbia	SRR35917737	2025-03-26	1355154208	0	0	0	0.000	no
MO_Columbia_20250422	MO_Columbia	SRR35917733	2025-04-22	1290276400	0	0	0	0.000	no
MO_Columbia_20250506	MO_Columbia	SRR35917731	2025-05-06	1387528904	0	0	0	0.000	no
MO_Columbia_20250513	MO_Columbia	SRR35917730	2025-05-13	1854437016	0	0	0	0.000	no
MO_Columbia_20250520	MO_Columbia	SRR35917729	2025-05-20	1977544344	0	0	0	0.000	no
MO_Columbia_20250527	MO_Columbia	SRR35917727	2025-05-27	1967925440	0	0	0	0.000	no
MO_Columbia_20250603	MO_Columbia	SRR35917726	2025-06-03	2323559310	0	0	0	0.000	no
MO_Columbia_20250610	MO_Columbia	SRR35917725	2025-06-10	2973696188	0	0	0	0.000	no
MO_Columbia_20250617	MO_Columbia	SRR35917724	2025-06-17	3187902292	0	0	0	0.000	no
MO_Columbia_20250624	MO_Columbia	SRR35917723	2025-06-24	3317021516	0	0	0	0.000	no
MO_Columbia_20250701	MO_Columbia	SRR37092466	2025-07-01	2169207642	0	0	0	0.000	no
MO_Columbia_20250708	MO_Columbia	SRR37092455	2025-07-08	2132761992	0	0	0	0.000	no
MO_Columbia_20250715	MO_Columbia	SRR37092448	2025-07-15	2262695798	0	0	0	0.000	no
MO_Columbia_20250722	MO_Columbia	SRR37092446	2025-07-22	1905868738	0	0	0	0.000	no
MO_Columbia_20250729	MO_Columbia	SRR37092442	2025-07-29	1701137396	22	4	74	2.351	yes
MO_Columbia_20250805	MO_Columbia	SRR37092443	2025-08-05	1867218310	0	0	0	0.000	no
MO_Columbia_20250812	MO_Columbia	SRR37092444	2025-08-12	1674523556	8	2	40	1.194	yes
MO_Columbia_20250819	MO_Columbia	SRR37092445	2025-08-19	1886084528	0	0	0	0.000	no
MO_Columbia_20250826	MO_Columbia	SRR37092465	2025-08-26	2196583948	0	0	0	0.000	no
MO_Columbia_20250902	MO_Columbia	SRR37092464	2025-09-02	2208817300	0	0	0	0.000	no
MO_Columbia_20250910	MO_Columbia	SRR37092462	2025-09-10	2241999332	0	0	0	0.000	no
MO_Columbia_20250916	MO_Columbia	SRR37092463	2025-09-16	2443480356	0	0	0	0.000	no
MO_Columbia_20250923	MO_Columbia	SRR37092461	2025-09-23	2084067272	0	0	0	0.000	no
MO_Columbia_20250930	MO_Columbia	SRR37092460	2025-09-30	2488608832	0	0	0	0.000	no
MO_Columbia_20251007	MO_Columbia	SRR37092459	2025-10-07	1787998166	0	0	0	0.000	no
MO_Columbia_20251014	MO_Columbia	SRR37092457	2025-10-14	2033602676	0	0	0	0.000	no
MO_Columbia_20251021	MO_Columbia	SRR37092458	2025-10-21	2831628344	0	0	0	0.000	no
MO_Columbia_20251028	MO_Columbia	SRR37092456	2025-10-28	2882400658	0	0	0	0.000	no
MO_Columbia_20251104	MO_Columbia	SRR37092454	2025-11-04	2806451894	0	0	0	0.000	no
MO_Columbia_20251112	MO_Columbia	SRR37092452	2025-11-12	2245949666	0	0	0	0.000	no
MO_Columbia_20251118	MO_Columbia	SRR37092453	2025-11-18	2061613072	0	0	0	0.000	no
MO_Columbia_20251125	MO_Columbia	SRR37092451	2025-11-25	1167384394	0	0	0	0.000	no
MO_Columbia_20251204	MO_Columbia	SRR37092450	2025-12-04	2488746732	0	0	0	0.000	no
MO_Columbia_20251208	MO_Columbia	SRR37092449	2025-12-08	1958224570	0	0	0	0.000	no
MO_Columbia_20251216	MO_Columbia	SRR37092417	2025-12-16	2295072198	0	0	0	0.000	no
MO_Columbia_20251223	MO_Columbia	SRR37092416	2025-12-23	2351072702	0	0	0	0.000	no
MO_Columbia_20251230	MO_Columbia	SRR37092414	2025-12-30	1077672708	0	0	0	0.000	no
MO_Columbia_20260106	MO_Columbia	SRR38294645	2026-01-06	1466668312	0	0	0	0.000	no
MO_Columbia_20260113	MO_Columbia	SRR38294643	2026-01-13	1153047654	0	0	0	0.000	no
MO_Columbia_20260120	MO_Columbia	SRR38294644	2026-01-20	1053742708	0	0	0	0.000	no
MO_Columbia_20260127	MO_Columbia	SRR38294642	2026-01-27	1844853534	0	0	0	0.000	no
MO_Columbia_20260203	MO_Columbia	SRR38294641	2026-02-03	1811211950	0	0	0	0.000	no
MO_Columbia_20260210	MO_Columbia	SRR38294640	2026-02-10	1785241370	0	0	0	0.000	no
MO_Columbia_20260217	MO_Columbia	SRR38294638	2026-02-17	2733172948	0	0	0	0.000	no
MO_Columbia_20260224	MO_Columbia	SRR38294636	2026-02-24	1167492598	0	0	0	0.000	no
MO_Columbia_20260303	MO_Columbia	SRR38294637	2026-03-03	1595241494	0	0	0	0.000	no
MO_Columbia_20260310	MO_Columbia	SRR38294635	2026-03-10	2393180402	0	0	0	0.000	no
MO_Columbia_20260317	MO_Columbia	SRR38294634	2026-03-17	1999747782	0	0	0	0.000	no
MO_Columbia_20260324	MO_Columbia	SRR38294633	2026-03-24	2370021294	0	0	0	0.000	no
MO_Columbia_20260331	MO_Columbia	SRR38294631	2026-03-31	1744772350	0	0	0	0.000	no
MO_Columbia_20260407	MO_Columbia	SRR39695368	2026-04-07	1482394136	0	0	0	0.000	no
MO_Columbia_20260414	MO_Columbia	SRR39695366	2026-04-14	1606285174	0	0	0	0.000	no
MO_Columbia_20260421	MO_Columbia	SRR39695025	2026-04-21	1606120152	0	0	0	0.000	no
MO_Columbia_20260428	MO_Columbia	SRR39695024	2026-04-28	2917925998	0	0	0	0.000	no
MO_Columbia_20260505	MO_Columbia	SRR39695212	2026-05-05	1387247566	0	0	0	0.000	no
MO_Columbia_20260512	MO_Columbia	SRR39695211	2026-05-12	1933593192	0	0	0	0.000	no
MO_Columbia_20260518	MO_Columbia	SRR39695210	2026-05-18	2051527646	0	0	0	0.000	no
MO_Columbia_20260526	MO_Columbia	SRR39695209	2026-05-26	1407572652	0	0	0	0.000	no
MO_Columbia_20260602	MO_Columbia	SRR39695208	2026-06-02	2452521346	0	0	0	0.000	no
MO_Columbia_20260609	MO_Columbia	SRR39695206	2026-06-09	1600356108	0	0	0	0.000	no
MO_Columbia_20260616	MO_Columbia	SRR39695207	2026-06-16	2004791534	0	0	0	0.000	no
MO_Columbia_20260623	MO_Columbia	SRR39695205	2026-06-23	1790728402	1	1	100	0.558	yes
MO_Columbia_20260630	MO_Columbia	SRR39695204	2026-06-30	1432994508	0	0	0	0.000	no
MO_KC_BlueRiver_20250812	MO_KC_BlueRiver	SRR37027369	2025-08-12	1720703838	0	0	0	0.000	no
MO_KC_BlueRiver_20250819	MO_KC_BlueRiver	SRR37027368	2025-08-19	1795086928	0	0	0	0.000	no
MO_KC_BlueRiver_20250826	MO_KC_BlueRiver	SRR37027357	2025-08-26	1717884932	0	0	0	0.000	no
MO_KC_BlueRiver_20250902	MO_KC_BlueRiver	SRR37027349	2025-09-02	1907635152	0	0	0	0.000	no
MO_KC_BlueRiver_20250909	MO_KC_BlueRiver	SRR37027348	2025-09-09	1980279200	0	0	0	0.000	no
MO_KC_BlueRiver_20250916	MO_KC_BlueRiver	SRR37027347	2025-09-16	2391199506	0	0	0	0.000	no
MO_KC_BlueRiver_20250923	MO_KC_BlueRiver	SRR37027346	2025-09-23	1986960976	0	0	0	0.000	no
MO_KC_BlueRiver_20250930	MO_KC_BlueRiver	SRR37027345	2025-09-30	2364739680	0	0	0	0.000	no
MO_KC_BlueRiver_20251007	MO_KC_BlueRiver	SRR37027344	2025-10-07	2180889298	0	0	0	0.000	no
MO_KC_BlueRiver_20251014	MO_KC_BlueRiver	SRR37027343	2025-10-14	1999980642	0	0	0	0.000	no
MO_KC_BlueRiver_20251021	MO_KC_BlueRiver	SRR37027367	2025-10-21	2340380696	0	0	0	0.000	no
MO_KC_BlueRiver_20251028	MO_KC_BlueRiver	SRR37027366	2025-10-28	1948737816	0	0	0	0.000	no
MO_KC_BlueRiver_20251104	MO_KC_BlueRiver	SRR37027365	2025-11-04	2717115424	0	0	0	0.000	no
MO_KC_BlueRiver_20251112	MO_KC_BlueRiver	SRR37027363	2025-11-12	2040377554	0	0	0	0.000	no
MO_KC_BlueRiver_20251118	MO_KC_BlueRiver	SRR37027364	2025-11-18	1841746702	0	0	0	0.000	no
MO_KC_BlueRiver_20251125	MO_KC_BlueRiver	SRR37027362	2025-11-25	1781106762	0	0	0	0.000	no
MO_KC_BlueRiver_20251202	MO_KC_BlueRiver	SRR37027361	2025-12-02	1217353410	0	0	0	0.000	no
MO_KC_BlueRiver_20251209	MO_KC_BlueRiver	SRR37027360	2025-12-09	1788588450	0	0	0	0.000	no
MO_KC_BlueRiver_20251216	MO_KC_BlueRiver	SRR37181170	2025-12-16	2259426432	0	0	0	0.000	no
MO_KC_BlueRiver_20251223	MO_KC_BlueRiver	SRR37181171	2025-12-23	2266151100	0	0	0	0.000	no
MO_KC_BlueRiver_20251230	MO_KC_BlueRiver	SRR37181169	2025-12-30	1879705812	0	0	0	0.000	no
MO_KC_BlueRiver_20260106	MO_KC_BlueRiver	SRR37181168	2026-01-06	2038818076	0	0	0	0.000	no
MO_KC_BlueRiver_20260113	MO_KC_BlueRiver	SRR37181167	2026-01-13	1107975310	0	0	0	0.000	no
MO_KC_BlueRiver_20260120	MO_KC_BlueRiver	SRR37181165	2026-01-20	1327284352	0	0	0	0.000	no
MO_KC_BlueRiver_20260127	MO_KC_BlueRiver	SRR38294632	2026-01-27	1587859568	0	0	0	0.000	no
MO_KC_BlueRiver_20260203	MO_KC_BlueRiver	SRR38294630	2026-02-03	1648298140	0	0	0	0.000	no
MO_KC_BlueRiver_20260210	MO_KC_BlueRiver	SRR38294629	2026-02-10	1927405250	0	0	0	0.000	no
MO_KC_BlueRiver_20260217	MO_KC_BlueRiver	SRR38294627	2026-02-17	2184536496	0	0	0	0.000	no
MO_KC_BlueRiver_20260224	MO_KC_BlueRiver	SRR38294934	2026-02-24	1358621180	0	0	0	0.000	no
MO_KC_BlueRiver_20260303	MO_KC_BlueRiver	SRR38294932	2026-03-03	1630281372	0	0	0	0.000	no
MO_KC_BlueRiver_20260310	MO_KC_BlueRiver	SRR38294933	2026-03-10	2022827078	0	0	0	0.000	no
MO_KC_BlueRiver_20260317	MO_KC_BlueRiver	SRR38294623	2026-03-17	2201291480	0	0	0	0.000	no
MO_KC_BlueRiver_20260324	MO_KC_BlueRiver	SRR38294622	2026-03-24	1188850626	0	0	0	0.000	no
MO_KC_BlueRiver_20260331	MO_KC_BlueRiver	SRR38294621	2026-03-31	1791724062	0	0	0	0.000	no
MO_KC_BlueRiver_20260407	MO_KC_BlueRiver	SRR39695203	2026-04-07	1024007490	0	0	0	0.000	no
MO_KC_BlueRiver_20260414	MO_KC_BlueRiver	SRR39695201	2026-04-14	1453592596	0	0	0	0.000	no
MO_KC_BlueRiver_20260421	MO_KC_BlueRiver	SRR39695200	2026-04-21	1396810642	0	0	0	0.000	no
MO_KC_BlueRiver_20260423	MO_KC_BlueRiver	SRR39695373	2026-04-23	2112753612	0	0	0	0.000	no
MO_KC_BlueRiver_20260427	MO_KC_BlueRiver	SRR39695371	2026-04-27	2572489060	0	0	0	0.000	no
MO_KC_BlueRiver_20260430	MO_KC_BlueRiver	SRR39695369	2026-04-30	1371358096	0	0	0	0.000	no
MO_KC_BlueRiver_20260504	MO_KC_BlueRiver	SRR39695367	2026-05-04	1321543474	0	0	0	0.000	no
MO_KC_BlueRiver_20260511	MO_KC_BlueRiver	SRR39695301	2026-05-11	1927947712	0	0	0	0.000	no
MO_KC_BlueRiver_20260514	MO_KC_BlueRiver	SRR39695298	2026-05-14	1342895348	0	0	0	0.000	no
MO_KC_BlueRiver_20260518	MO_KC_BlueRiver	SRR39695365	2026-05-18	2258680886	0	0	0	0.000	no
MO_KC_BlueRiver_20260521	MO_KC_BlueRiver	SRR39695364	2026-05-21	1364150316	0	0	0	0.000	no
MO_KC_BlueRiver_20260526	MO_KC_BlueRiver	SRR39695362	2026-05-26	1319260504	0	0	0	0.000	no
MO_KC_BlueRiver_20260601	MO_KC_BlueRiver	SRR39695360	2026-06-01	2644579854	0	0	0	0.000	no
MO_KC_BlueRiver_20260608	MO_KC_BlueRiver	SRR39695361	2026-06-08	1549507908	0	0	0	0.000	no
MO_KC_BlueRiver_20260611	MO_KC_BlueRiver	SRR39695358	2026-06-11	2390899620	0	0	0	0.000	no
MO_KC_BlueRiver_20260615	MO_KC_BlueRiver	SRR39695199	2026-06-15	2494129658	0	0	0	0.000	no
MO_KC_BlueRiver_20260618	MO_KC_BlueRiver	SRR39695198	2026-06-18	1705386714	3	3	77	1.759	yes
MO_KC_BlueRiver_20260628	MO_KC_BlueRiver	SRR39695196	2026-06-28	1162977918	10	6	51	5.159	yes
MO_KC_Westside_20251001	MO_KC_Westside	SRR37027358	2025-10-01	1741572528	0	0	0	0.000	no
MO_KC_Westside_20251021	MO_KC_Westside	SRR37027359	2025-10-21	2777934102	0	0	0	0.000	no
MO_KC_Westside_20251028	MO_KC_Westside	SRR37027356	2025-10-28	1886114688	0	0	0	0.000	no
MO_KC_Westside_20251104	MO_KC_Westside	SRR37027355	2025-11-04	2236459432	0	0	0	0.000	no
MO_KC_Westside_20251112	MO_KC_Westside	SRR37027353	2025-11-12	2136748886	0	0	0	0.000	no
MO_KC_Westside_20251117	MO_KC_Westside	SRR37027354	2025-11-17	2512678056	0	0	0	0.000	no
MO_KC_Westside_20251124	MO_KC_Westside	SRR37027352	2025-11-24	2141820688	0	0	0	0.000	no
MO_KC_Westside_20251202	MO_KC_Westside	SRR37027351	2025-12-02	1347937834	0	0	0	0.000	no
MO_KC_Westside_20251208	MO_KC_Westside	SRR37027350	2025-12-08	1937306040	0	0	0	0.000	no
MO_KC_Westside_20251215	MO_KC_Westside	SRR37181166	2025-12-15	2319324666	0	0	0	0.000	no
MO_KC_Westside_20251223	MO_KC_Westside	SRR37181164	2025-12-23	2152903874	0	0	0	0.000	no
MO_KC_Westside_20251229	MO_KC_Westside	SRR37181163	2025-12-29	1995180550	0	0	0	0.000	no
MO_KC_Westside_20260105	MO_KC_Westside	SRR37181160	2026-01-05	2000962648	0	0	0	0.000	no
MO_KC_Westside_20260113	MO_KC_Westside	SRR37181151	2026-01-13	1355747280	0	0	0	0.000	no
MO_KC_Westside_20260119	MO_KC_Westside	SRR37181185	2026-01-19	1052709270	0	0	0	0.000	no
MO_KC_Westside_20260127	MO_KC_Westside	SRR38294619	2026-01-27	1558799106	0	0	0	0.000	no
MO_KC_Westside_20260203	MO_KC_Westside	SRR38294620	2026-02-03	1591829752	0	0	0	0.000	no
MO_KC_Westside_20260209	MO_KC_Westside	SRR38294618	2026-02-09	1569981678	0	0	0	0.000	no
MO_KC_Westside_20260217	MO_KC_Westside	SRR38294615	2026-02-17	2305428220	0	0	0	0.000	no
MO_KC_Westside_20260224	MO_KC_Westside	SRR38294614	2026-02-24	1288495500	0	0	0	0.000	no
MO_KC_Westside_20260303	MO_KC_Westside	SRR38294612	2026-03-03	1629609820	0	0	0	0.000	no
MO_KC_Westside_20260310	MO_KC_Westside	SRR38294613	2026-03-10	2279880834	0	0	0	0.000	no
MO_KC_Westside_20260317	MO_KC_Westside	SRR38294611	2026-03-17	2302418636	0	0	0	0.000	no
MO_KC_Westside_20260324	MO_KC_Westside	SRR38294610	2026-03-24	1904163486	0	0	0	0.000	no
MO_KC_Westside_20260331	MO_KC_Westside	SRR38294609	2026-03-31	1589561102	0	0	0	0.000	no
MO_KC_Westside_20260407	MO_KC_Westside	SRR39695197	2026-04-07	1144125804	0	0	0	0.000	no
MO_KC_Westside_20260414	MO_KC_Westside	SRR39695195	2026-04-14	1419383458	0	0	0	0.000	no
MO_KC_Westside_20260420	MO_KC_Westside	SRR39695194	2026-04-20	1854838918	0	0	0	0.000	no
MO_KC_Westside_20260423	MO_KC_Westside	SRR39695191	2026-04-23	2137790392	0	0	0	0.000	no
MO_KC_Westside_20260427	MO_KC_Westside	SRR39695189	2026-04-27	2365474440	0	0	0	0.000	no
MO_KC_Westside_20260430	MO_KC_Westside	SRR39695190	2026-04-30	1362636224	0	0	0	0.000	no
MO_KC_Westside_20260504	MO_KC_Westside	SRR39695188	2026-05-04	1330827378	0	0	0	0.000	no
MO_KC_Westside_20260507	MO_KC_Westside	SRR39695187	2026-05-07	1504183312	0	0	0	0.000	no
MO_KC_Westside_20260511	MO_KC_Westside	SRR39695018	2026-05-11	1667847754	0	0	0	0.000	no
MO_KC_Westside_20260514	MO_KC_Westside	SRR39695017	2026-05-14	1056845794	0	0	0	0.000	no
MO_KC_Westside_20260518	MO_KC_Westside	SRR39695015	2026-05-18	2021428518	0	0	0	0.000	no
MO_KC_Westside_20260521	MO_KC_Westside	SRR39695299	2026-05-21	1329550878	0	0	0	0.000	no
MO_KC_Westside_20260526	MO_KC_Westside	SRR39695297	2026-05-26	1547218118	0	0	0	0.000	no
MO_KC_Westside_20260601	MO_KC_Westside	SRR39695295	2026-06-01	2502563656	0	0	0	0.000	no
MO_KC_Westside_20260608	MO_KC_Westside	SRR39695293	2026-06-08	1427822094	0	0	0	0.000	no
MO_KC_Westside_20260611	MO_KC_Westside	SRR39695294	2026-06-11	2829059540	0	0	0	0.000	no
MO_KC_Westside_20260615	MO_KC_Westside	SRR39695292	2026-06-15	2456060898	0	0	0	0.000	no
MO_KC_Westside_20260618	MO_KC_Westside	SRR39695291	2026-06-18	1588575876	5	1	71	0.629	yes
MO_KC_Westside_20260622	MO_KC_Westside	SRR39695290	2026-06-22	1782513422	0	0	0	0.000	no
MO_KC_Westside_20260629	MO_KC_Westside	SRR39695288	2026-06-29	1300505278	0	0	0	0.000	no
MO_Milan_20250224	MO_Milan	SRR36876965	2025-02-24	1867871784	0	0	0	0.000	no
MO_Milan_20250305	MO_Milan	SRR36876966	2025-03-05	2519923170	0	0	0	0.000	no
MO_Milan_20250312	MO_Milan	SRR35971519	2025-03-12	1238741962	0	0	0	0.000	no
MO_Milan_20250320	MO_Milan	SRR35971518	2025-03-20	1407006624	0	0	0	0.000	no
MO_Milan_20250327	MO_Milan	SRR35971507	2025-03-27	1394517414	0	0	0	0.000	no
MO_Milan_20250402	MO_Milan	SRR35971505	2025-04-02	1482325946	0	0	0	0.000	no
MO_Milan_20250409	MO_Milan	SRR35971504	2025-04-09	1738510788	0	0	0	0.000	no
MO_Milan_20250424	MO_Milan	SRR35971503	2025-04-24	1347554884	0	0	0	0.000	no
MO_Milan_20250507	MO_Milan	SRR35971501	2025-05-07	1397955394	0	0	0	0.000	no
MO_Milan_20250522	MO_Milan	SRR35971500	2025-05-22	1777543126	0	0	0	0.000	no
MO_Milan_20250612	MO_Milan	SRR35971499	2025-06-12	2208630402	0	0	0	0.000	no
MO_Milan_20250617	MO_Milan	SRR35971517	2025-06-17	2823532900	0	0	0	0.000	no
MO_Milan_20250626	MO_Milan	SRR35971516	2025-06-26	2637970276	0	0	0	0.000	no
MO_Milan_20250709	MO_Milan	SRR35971515	2025-07-09	1810033456	0	0	0	0.000	no
MO_Milan_20250724	MO_Milan	SRR35971514	2025-07-24	1642709604	0	0	0	0.000	no
MO_Milan_20250729	MO_Milan	SRR35971513	2025-07-29	1841221818	0	0	0	0.000	no
MO_Milan_20250813	MO_Milan	SRR35971512	2025-08-13	1734943226	0	0	0	0.000	no
MO_Milan_20250827	MO_Milan	SRR35971511	2025-08-27	1937279358	0	0	0	0.000	no
MO_Milan_20250910	MO_Milan	SRR35971510	2025-09-10	1523559110	0	0	0	0.000	no
MO_Milan_20250917	MO_Milan	SRR35971509	2025-09-17	2881497962	0	0	0	0.000	no
MO_Milan_20250924	MO_Milan	SRR35971508	2025-09-24	1756044438	0	0	0	0.000	no
MO_Milan_20251008	MO_Milan	SRR35971506	2025-10-08	1840155792	0	0	0	0.000	no
MO_Milan_20251022	MO_Milan	SRR36876969	2025-10-22	2400122470	0	0	0	0.000	no
MO_Milan_20251029	MO_Milan	SRR36877009	2025-10-29	2014278642	0	0	0	0.000	no
MO_Milan_20251105	MO_Milan	SRR36877010	2025-11-05	2511083608	0	0	0	0.000	no
MO_Milan_20251112	MO_Milan	SRR36877011	2025-11-12	2317822492	0	0	0	0.000	no
MO_Milan_20251119	MO_Milan	SRR36877012	2025-11-19	1676761414	0	0	0	0.000	no
MO_Milan_20251125	MO_Milan	SRR36876991	2025-11-25	1211180782	0	0	0	0.000	no
MO_Milan_20251210	MO_Milan	SRR36876990	2025-12-10	1598039164	0	0	0	0.000	no
MO_Milan_20251217	MO_Milan	SRR37367613	2025-12-17	1842075932	0	0	0	0.000	no
MO_Milan_20260106	MO_Milan	SRR38294607	2026-01-06	1717305354	0	0	0	0.000	no
MO_Milan_20260113	MO_Milan	SRR38294940	2026-01-13	974927562	0	0	0	0.000	no
MO_Milan_20260121	MO_Milan	SRR38294938	2026-01-21	1684951880	0	0	0	0.000	no
MO_Milan_20260126	MO_Milan	SRR38294936	2026-01-26	1927351830	0	0	0	0.000	no
MO_Milan_20260203	MO_Milan	SRR38294935	2026-02-03	1679877406	0	0	0	0.000	no
MO_Milan_20260207	MO_Milan	SRR38294882	2026-02-07	2038244876	0	0	0	0.000	no
MO_Milan_20260223	MO_Milan	SRR38294879	2026-02-23	1305101050	0	0	0	0.000	no
MO_Milan_20260309	MO_Milan	SRR38294931	2026-03-09	3045252848	0	0	0	0.000	no
MO_Milan_20260504	MO_Milan	SRR39695289	2026-05-04	1224138988	0	0	0	0.000	no
MO_Monett_20250610	MO_Monett	SRR35939776	2025-06-10	2551372784	0	0	0	0.000	no
MO_Monett_20250616	MO_Monett	SRR35939775	2025-06-16	3218906362	0	0	0	0.000	no
MO_Monett_20250623	MO_Monett	SRR35939765	2025-06-23	4486161416	0	0	0	0.000	no
MO_Monett_20250630	MO_Monett	SRR35939764	2025-06-30	2148427814	0	0	0	0.000	no
MO_Monett_20250707	MO_Monett	SRR35939763	2025-07-07	2104793520	0	0	0	0.000	no
MO_Monett_20250714	MO_Monett	SRR35939762	2025-07-14	1871841320	0	0	0	0.000	no
MO_Monett_20250721	MO_Monett	SRR35939761	2025-07-21	1864784520	0	0	0	0.000	no
MO_Monett_20250728	MO_Monett	SRR35939760	2025-07-28	1884751156	12	8	34	4.245	yes
MO_Monett_20250804	MO_Monett	SRR35939759	2025-08-04	1678826926	0	0	0	0.000	no
MO_Monett_20250811	MO_Monett	SRR35939758	2025-08-11	1870478394	0	0	0	0.000	no
MO_Monett_20250818	MO_Monett	SRR35939774	2025-08-18	1770423890	0	0	0	0.000	no
MO_Monett_20250825	MO_Monett	SRR35939773	2025-08-25	1751757980	0	0	0	0.000	no
MO_Monett_20250902	MO_Monett	SRR35939772	2025-09-02	1987943038	0	0	0	0.000	no
MO_Monett_20250908	MO_Monett	SRR35939771	2025-09-08	2159371794	0	0	0	0.000	no
MO_Monett_20250915	MO_Monett	SRR35939770	2025-09-15	2059551646	0	0	0	0.000	no
MO_Monett_20250922	MO_Monett	SRR35939769	2025-09-22	2595129020	0	0	0	0.000	no
MO_Monett_20250929	MO_Monett	SRR35939768	2025-09-29	2162077568	0	0	0	0.000	no
MO_Monett_20251006	MO_Monett	SRR35939767	2025-10-06	2539316144	0	0	0	0.000	no
MO_Monett_20251013	MO_Monett	SRR35939766	2025-10-13	2668809386	0	0	0	0.000	no
MO_Monett_20251027	MO_Monett	SRR36876982	2025-10-27	2637465204	0	0	0	0.000	no
MO_Monett_20251103	MO_Monett	SRR36876981	2025-11-03	2554666848	0	0	0	0.000	no
MO_Monett_20251110	MO_Monett	SRR36876968	2025-11-10	2353375514	0	0	0	0.000	no
MO_Monett_20251117	MO_Monett	SRR36876989	2025-11-17	2309495462	16	9	101	3.897	yes
MO_Monett_20251124	MO_Monett	SRR36876987	2025-11-24	1797760860	0	0	0	0.000	no
MO_Monett_20251201	MO_Monett	SRR36876986	2025-12-01	1326432806	0	0	0	0.000	no
MO_Monett_20251208	MO_Monett	SRR36876985	2025-12-08	1781900024	0	0	0	0.000	no
MO_Monett_20251222	MO_Monett	SRR37092415	2025-12-22	2286695148	0	0	0	0.000	no
MO_Monett_20251229	MO_Monett	SRR37092413	2025-12-29	1832293110	0	0	0	0.000	no
MO_Monett_20260105	MO_Monett	SRR38294930	2026-01-05	1661592134	0	0	0	0.000	no
MO_Monett_20260112	MO_Monett	SRR38294929	2026-01-12	1032299118	0	0	0	0.000	no
MO_Monett_20260119	MO_Monett	SRR38294927	2026-01-19	1151492642	0	0	0	0.000	no
MO_Monett_20260126	MO_Monett	SRR38294928	2026-01-26	2843659574	0	0	0	0.000	no
MO_Monett_20260202	MO_Monett	SRR38294617	2026-02-02	1598384054	0	0	0	0.000	no
MO_Monett_20260209	MO_Monett	SRR38294608	2026-02-09	1838305844	0	0	0	0.000	no
MO_Monett_20260216	MO_Monett	SRR38294606	2026-02-16	2402940636	0	0	0	0.000	no
MO_Monett_20260223	MO_Monett	SRR38294605	2026-02-23	1335197946	0	0	0	0.000	no
MO_Monett_20260302	MO_Monett	SRR38294604	2026-03-02	1621214304	0	0	0	0.000	no
MO_Monett_20260309	MO_Monett	SRR38294602	2026-03-09	2614134984	0	0	0	0.000	no
MO_Monett_20260316	MO_Monett	SRR38294603	2026-03-16	1827415520	0	0	0	0.000	no
MO_Monett_20260323	MO_Monett	SRR38294601	2026-03-23	2596238064	0	0	0	0.000	no
MO_Monett_20260330	MO_Monett	SRR38294600	2026-03-30	1808970670	0	0	0	0.000	no
MO_Monett_20260406	MO_Monett	SRR39695286	2026-04-06	1271683536	0	0	0	0.000	no
MO_Monett_20260413	MO_Monett	SRR39695023	2026-04-13	1793478870	0	0	0	0.000	no
MO_Monett_20260420	MO_Monett	SRR39695020	2026-04-20	1812604746	0	0	0	0.000	no
MO_Monett_20260427	MO_Monett	SRR39695021	2026-04-27	2361077892	0	0	0	0.000	no
MO_Monett_20260504	MO_Monett	SRR39695019	2026-05-04	1212046460	0	0	0	0.000	no
MO_Monett_20260511	MO_Monett	SRR39695175	2026-05-11	1877544994	0	0	0	0.000	no
MO_Monett_20260518	MO_Monett	SRR39695172	2026-05-18	1394139464	0	0	0	0.000	no
MO_Monett_20260526	MO_Monett	SRR39695010	2026-05-26	2319984496	0	0	0	0.000	no
MO_Monett_20260601	MO_Monett	SRR39695007	2026-06-01	2027280982	0	0	0	0.000	no
MO_Monett_20260608	MO_Monett	SRR39695008	2026-06-08	1413322242	0	0	0	0.000	no
MO_Monett_20260615	MO_Monett	SRR39695016	2026-06-15	2645863050	0	0	0	0.000	no
MO_Monett_20260622	MO_Monett	SRR39695014	2026-06-22	1866390888	7	5	103	2.679	yes
MO_Monett_20260629	MO_Monett	SRR39695012	2026-06-29	1260362736	0	0	0	0.000	no
MO_STL_Bissell_20250603	MO_STL_Bissell	SRR38294189	2025-06-03	1634007312	0	0	0	0.000	no
MO_STL_Bissell_20250605	MO_STL_Bissell	SRR38294188	2025-06-05	1719584968	0	0	0	0.000	no
MO_STL_Bissell_20250609	MO_STL_Bissell	SRR38294129	2025-06-09	2079373130	0	0	0	0.000	no
MO_STL_Bissell_20250612	MO_STL_Bissell	SRR38294154	2025-06-12	1747027872	0	0	0	0.000	no
MO_STL_Bissell_20250620	MO_STL_Bissell	SRR38294114	2025-06-20	2208557966	0	0	0	0.000	no
MO_STL_Bissell_20250624	MO_STL_Bissell	SRR38294086	2025-06-24	2134347708	0	0	0	0.000	no
MO_STL_Bissell_20250701	MO_STL_Bissell	SRR38294060	2025-07-01	705061272	0	0	0	0.000	no
MO_STL_Bissell_20250707	MO_STL_Bissell	SRR38294078	2025-07-07	1956325506	0	0	0	0.000	no
MO_STL_Bissell_20250717	MO_STL_Bissell	SRR38294147	2025-07-17	1785176818	0	0	0	0.000	no
MO_STL_Bissell_20250723	MO_STL_Bissell	SRR38294098	2025-07-23	1635547036	0	0	0	0.000	no
MO_STL_Bissell_20250728	MO_STL_Bissell	SRR38294187	2025-07-28	1776797906	0	0	0	0.000	no
MO_STL_Bissell_20250806	MO_STL_Bissell	SRR38294176	2025-08-06	1806834908	0	0	0	0.000	no
MO_STL_Bissell_20250811	MO_STL_Bissell	SRR38294134	2025-08-11	1824464992	0	0	0	0.000	no
MO_STL_Bissell_20250818	MO_STL_Bissell	SRR38294162	2025-08-18	1605938292	0	0	0	0.000	no
MO_STL_Bissell_20250825	MO_STL_Bissell	SRR38294164	2025-08-25	1782018192	0	0	0	0.000	no
MO_STL_Bissell_20250901	MO_STL_Bissell	SRR38294124	2025-09-01	2137774242	0	0	0	0.000	no
MO_STL_Bissell_20250908	MO_STL_Bissell	SRR38294126	2025-09-08	1710136732	0	0	0	0.000	no
MO_STL_Bissell_20250915	MO_STL_Bissell	SRR38294125	2025-09-15	1746306644	0	0	0	0.000	no
MO_STL_Bissell_20250922	MO_STL_Bissell	SRR38294127	2025-09-22	1826	0	0	0	0.000	no
MO_STL_Bissell_20250922	MO_STL_Bissell	SRR38294128	2025-09-22	1643241332	0	0	0	0.000	no
MO_STL_Bissell_20250929	MO_STL_Bissell	SRR38294130	2025-09-29	1631700132	0	0	0	0.000	no
MO_STL_Bissell_20251006	MO_STL_Bissell	SRR38294131	2025-10-06	2029940508	0	0	0	0.000	no
MO_STL_Bissell_20251013	MO_STL_Bissell	SRR38294133	2025-10-13	2167283084	0	0	0	0.000	no
MO_STL_Bissell_20251021	MO_STL_Bissell	SRR38294155	2025-10-21	2518297954	0	0	0	0.000	no
MO_STL_Bissell_20251027	MO_STL_Bissell	SRR38294153	2025-10-27	2929534570	0	0	0	0.000	no
MO_STL_Bissell_20251103	MO_STL_Bissell	SRR38294093	2025-11-03	2055642228	0	0	0	0.000	no
MO_STL_Bissell_20251112	MO_STL_Bissell	SRR38294092	2025-11-12	2371544798	0	0	0	0.000	no
MO_STL_Bissell_20251117	MO_STL_Bissell	SRR38294091	2025-11-17	2694607174	0	0	0	0.000	no
MO_STL_Bissell_20251124	MO_STL_Bissell	SRR38294089	2025-11-24	1954122204	0	0	0	0.000	no
MO_STL_Bissell_20251201	MO_STL_Bissell	SRR38294090	2025-12-01	1681413982	0	0	0	0.000	no
MO_STL_Bissell_20251208	MO_STL_Bissell	SRR38294152	2025-12-08	2001384832	0	0	0	0.000	no
MO_STL_Bissell_20251215	MO_STL_Bissell	SRR38294123	2025-12-15	2304473338	0	0	0	0.000	no
MO_STL_Bissell_20251222	MO_STL_Bissell	SRR38294122	2025-12-22	2632132858	0	0	0	0.000	no
MO_STL_Bissell_20251229	MO_STL_Bissell	SRR38294120	2025-12-29	1954491572	0	0	0	0.000	no
MO_STL_Bissell_20260105	MO_STL_Bissell	SRR38294746	2026-01-05	2186512538	0	0	0	0.000	no
MO_STL_Bissell_20260112	MO_STL_Bissell	SRR38294886	2026-01-12	1279572940	0	0	0	0.000	no
MO_STL_Bissell_20260119	MO_STL_Bissell	SRR38294885	2026-01-19	1140914554	0	0	0	0.000	no
MO_STL_Bissell_20260126	MO_STL_Bissell	SRR38294884	2026-01-26	1773961320	0	0	0	0.000	no
MO_STL_Bissell_20260202	MO_STL_Bissell	SRR38294883	2026-02-02	1277334112	0	0	0	0.000	no
MO_STL_Bissell_20260209	MO_STL_Bissell	SRR38294881	2026-02-09	1562843502	0	0	0	0.000	no
MO_STL_Bissell_20260216	MO_STL_Bissell	SRR38294859	2026-02-16	2356848542	0	0	0	0.000	no
MO_STL_Bissell_20260224	MO_STL_Bissell	SRR38294858	2026-02-24	1502848118	0	0	0	0.000	no
MO_STL_Bissell_20260302	MO_STL_Bissell	SRR38294880	2026-03-02	1706759850	0	0	0	0.000	no
MO_STL_Bissell_20260309	MO_STL_Bissell	SRR38294878	2026-03-09	2294006020	0	0	0	0.000	no
MO_STL_Bissell_20260316	MO_STL_Bissell	SRR38294877	2026-03-16	1823789384	0	0	0	0.000	no
MO_STL_Bissell_20260324	MO_STL_Bissell	SRR38294876	2026-03-24	2581204480	0	0	0	0.000	no
MO_STL_Bissell_20260330	MO_STL_Bissell	SRR38294874	2026-03-30	1731140370	0	0	0	0.000	no
MO_STL_Bissell_20260406	MO_STL_Bissell	SRR39695011	2026-04-06	1204873334	0	0	0	0.000	no
MO_STL_Bissell_20260414	MO_STL_Bissell	SRR39695186	2026-04-14	1500135230	0	0	0	0.000	no
MO_STL_Bissell_20260420	MO_STL_Bissell	SRR39695185	2026-04-20	1900033978	0	0	0	0.000	no
MO_STL_Bissell_20260427	MO_STL_Bissell	SRR39695184	2026-04-27	2462969428	0	0	0	0.000	no
MO_STL_Bissell_20260504	MO_STL_Bissell	SRR39695183	2026-05-04	1273893042	0	0	0	0.000	no
MO_STL_Bissell_20260506	MO_STL_Bissell	SRR39695181	2026-05-06	1509443084	0	0	0	0.000	no
MO_STL_Bissell_20260511	MO_STL_Bissell	SRR39695182	2026-05-11	1565054198	0	0	0	0.000	no
MO_STL_Bissell_20260518	MO_STL_Bissell	SRR39695180	2026-05-18	2015000638	0	0	0	0.000	no
MO_STL_Bissell_20260525	MO_STL_Bissell	SRR39695179	2026-05-25	1369660434	0	0	0	0.000	no
MO_STL_Bissell_20260602	MO_STL_Bissell	SRR39695177	2026-06-02	2264379610	0	0	0	0.000	no
MO_STL_Bissell_20260608	MO_STL_Bissell	SRR39695176	2026-06-08	1578535166	0	0	0	0.000	no
MO_STL_Bissell_20260615	MO_STL_Bissell	SRR39695174	2026-06-15	2161509718	0	0	0	0.000	no
MO_STL_Bissell_20260617	MO_STL_Bissell	SRR39695009	2026-06-17	1904189376	0	0	0	0.000	no
MO_STL_Bissell_20260630	MO_STL_Bissell	SRR39695276	2026-06-30	1725505468	0	0	0	0.000	no
MO_STL_Coldwater_20250603	MO_STL_Coldwater	SRR38294121	2025-06-03	1919567278	0	0	0	0.000	no
MO_STL_Coldwater_20250605	MO_STL_Coldwater	SRR38294119	2025-06-05	1689690414	0	0	0	0.000	no
MO_STL_Coldwater_20250609	MO_STL_Coldwater	SRR38294118	2025-06-09	1767504342	0	0	0	0.000	no
MO_STL_Coldwater_20250612	MO_STL_Coldwater	SRR38294117	2025-06-12	1652604750	0	0	0	0.000	no
MO_STL_Coldwater_20250617	MO_STL_Coldwater	SRR38294116	2025-06-17	1856783404	0	0	0	0.000	no
MO_STL_Coldwater_20250620	MO_STL_Coldwater	SRR38294115	2025-06-20	1893401222	0	0	0	0.000	no
MO_STL_Coldwater_20250626	MO_STL_Coldwater	SRR38294112	2025-06-26	1884492370	0	0	0	0.000	no
MO_STL_Coldwater_20250701	MO_STL_Coldwater	SRR38294113	2025-07-01	1595773042	0	0	0	0.000	no
MO_STL_Coldwater_20250707	MO_STL_Coldwater	SRR38294111	2025-07-07	1812263952	20	8	105	4.414	yes
MO_STL_Coldwater_20250714	MO_STL_Coldwater	SRR38294097	2025-07-14	1558668176	0	0	0	0.000	no
MO_STL_Coldwater_20250717	MO_STL_Coldwater	SRR38294096	2025-07-17	1581460278	0	0	0	0.000	no
MO_STL_Coldwater_20250723	MO_STL_Coldwater	SRR38294094	2025-07-23	1608445660	0	0	0	0.000	no
MO_STL_Coldwater_20250728	MO_STL_Coldwater	SRR38294095	2025-07-28	1549929554	0	0	0	0.000	no
MO_STL_Coldwater_20250806	MO_STL_Coldwater	SRR38294083	2025-08-06	1867894398	5	4	89	2.141	yes
MO_STL_Coldwater_20250811	MO_STL_Coldwater	SRR38294088	2025-08-11	1670926628	0	0	0	0.000	no
MO_STL_Coldwater_20250818	MO_STL_Coldwater	SRR38294087	2025-08-18	1532343280	0	0	0	0.000	no
MO_STL_Coldwater_20250825	MO_STL_Coldwater	SRR38294084	2025-08-25	1676908372	0	0	0	0.000	no
MO_STL_Coldwater_20250901	MO_STL_Coldwater	SRR38294070	2025-09-01	1668777482	0	0	0	0.000	no
MO_STL_Coldwater_20250908	MO_STL_Coldwater	SRR38294069	2025-09-08	1887102580	0	0	0	0.000	no
MO_STL_Coldwater_20250915	MO_STL_Coldwater	SRR38294067	2025-09-15	1702160424	0	0	0	0.000	no
MO_STL_Coldwater_20250922	MO_STL_Coldwater	SRR38294066	2025-09-22	1723601418	0	0	0	0.000	no
MO_STL_Coldwater_20250922	MO_STL_Coldwater	SRR38294068	2025-09-22	462	0	0	0	0.000	no
MO_STL_Coldwater_20250929	MO_STL_Coldwater	SRR38294065	2025-09-29	1949512672	0	0	0	0.000	no
MO_STL_Coldwater_20251006	MO_STL_Coldwater	SRR38294064	2025-10-06	1294331374	0	0	0	0.000	no
MO_STL_Coldwater_20251013	MO_STL_Coldwater	SRR38294063	2025-10-13	2195477608	0	0	0	0.000	no
MO_STL_Coldwater_20251021	MO_STL_Coldwater	SRR38294062	2025-10-21	2589041590	0	0	0	0.000	no
MO_STL_Coldwater_20251027	MO_STL_Coldwater	SRR38294061	2025-10-27	2703231756	1	1	21	0.370	yes
MO_STL_Coldwater_20251103	MO_STL_Coldwater	SRR38294059	2025-11-03	2724816380	0	0	0	0.000	no
MO_STL_Coldwater_20251112	MO_STL_Coldwater	SRR38294058	2025-11-12	2507868832	0	0	0	0.000	no
MO_STL_Coldwater_20251117	MO_STL_Coldwater	SRR38294085	2025-11-17	3101323840	0	0	0	0.000	no
MO_STL_Coldwater_20251124	MO_STL_Coldwater	SRR38294082	2025-11-24	1981255944	0	0	0	0.000	no
MO_STL_Coldwater_20251201	MO_STL_Coldwater	SRR38294081	2025-12-01	1531195856	0	0	0	0.000	no
MO_STL_Coldwater_20251208	MO_STL_Coldwater	SRR38294080	2025-12-08	1702359324	0	0	0	0.000	no
MO_STL_Coldwater_20251215	MO_STL_Coldwater	SRR38294079	2025-12-15	2399049626	0	0	0	0.000	no
MO_STL_Coldwater_20251222	MO_STL_Coldwater	SRR38294077	2025-12-22	2239892268	0	0	0	0.000	no
MO_STL_Coldwater_20251229	MO_STL_Coldwater	SRR38294107	2025-12-29	2094533676	0	0	0	0.000	no
MO_STL_Coldwater_20260105	MO_STL_Coldwater	SRR38294872	2026-01-05	2149294844	0	0	0	0.000	no
MO_STL_Coldwater_20260112	MO_STL_Coldwater	SRR38294873	2026-01-12	1271492738	0	0	0	0.000	no
MO_STL_Coldwater_20260119	MO_STL_Coldwater	SRR38294871	2026-01-19	1046884380	0	0	0	0.000	no
MO_STL_Coldwater_20260126	MO_STL_Coldwater	SRR38294870	2026-01-26	1663190226	0	0	0	0.000	no
MO_STL_Coldwater_20260202	MO_STL_Coldwater	SRR38294869	2026-02-02	1580188904	0	0	0	0.000	no
MO_STL_Coldwater_20260209	MO_STL_Coldwater	SRR38294867	2026-02-09	1885971490	0	0	0	0.000	no
MO_STL_Coldwater_20260216	MO_STL_Coldwater	SRR38294868	2026-02-16	2331542588	0	0	0	0.000	no
MO_STL_Coldwater_20260224	MO_STL_Coldwater	SRR38294866	2026-02-24	1297437114	0	0	0	0.000	no
MO_STL_Coldwater_20260302	MO_STL_Coldwater	SRR38294865	2026-03-02	1503338328	0	0	0	0.000	no
MO_STL_Coldwater_20260309	MO_STL_Coldwater	SRR38294863	2026-03-09	2459064130	0	0	0	0.000	no
MO_STL_Coldwater_20260316	MO_STL_Coldwater	SRR38294862	2026-03-16	2054844122	0	0	0	0.000	no
MO_STL_Coldwater_20260324	MO_STL_Coldwater	SRR38294860	2026-03-24	1997970162	0	0	0	0.000	no
MO_STL_Coldwater_20260330	MO_STL_Coldwater	SRR38294861	2026-03-30	1733320046	0	0	0	0.000	no
MO_STL_Coldwater_20260406	MO_STL_Coldwater	SRR39695275	2026-04-06	1252245590	0	0	0	0.000	no
MO_STL_Coldwater_20260414	MO_STL_Coldwater	SRR39695006	2026-04-14	1625570492	0	0	0	0.000	no
MO_STL_Coldwater_20260420	MO_STL_Coldwater	SRR39695005	2026-04-20	1549091588	0	0	0	0.000	no
MO_STL_Coldwater_20260427	MO_STL_Coldwater	SRR39695004	2026-04-27	2174463606	0	0	0	0.000	no
MO_STL_Coldwater_20260504	MO_STL_Coldwater	SRR39695002	2026-05-04	1331748650	0	0	0	0.000	no
MO_STL_Coldwater_20260506	MO_STL_Coldwater	SRR39695001	2026-05-06	1918415406	0	0	0	0.000	no
MO_STL_Coldwater_20260511	MO_STL_Coldwater	SRR39695000	2026-05-11	1787568590	0	0	0	0.000	no
MO_STL_Coldwater_20260518	MO_STL_Coldwater	SRR39694999	2026-05-18	2042279934	0	0	0	0.000	no
MO_STL_Coldwater_20260525	MO_STL_Coldwater	SRR39694998	2026-05-25	1658336638	0	0	0	0.000	no
MO_STL_Coldwater_20260602	MO_STL_Coldwater	SRR39695287	2026-06-02	2263985564	0	0	0	0.000	no
MO_STL_Coldwater_20260608	MO_STL_Coldwater	SRR39695284	2026-06-08	1507116036	0	0	0	0.000	no
MO_STL_Coldwater_20260615	MO_STL_Coldwater	SRR39695285	2026-06-15	2185269894	0	0	0	0.000	no
MO_STL_Coldwater_20260617	MO_STL_Coldwater	SRR39695283	2026-06-17	1767397304	0	0	0	0.000	no
MO_STL_Coldwater_20260630	MO_STL_Coldwater	SRR39695282	2026-06-30	1140602156	0	0	0	0.000	no
MO_STL_Lemay_20250603	MO_STL_Lemay	SRR38294076	2025-06-03	2104235086	0	0	0	0.000	no
MO_STL_Lemay_20250605	MO_STL_Lemay	SRR38294075	2025-06-05	305836222	0	0	0	0.000	no
MO_STL_Lemay_20250609	MO_STL_Lemay	SRR38294074	2025-06-09	1676769196	0	0	0	0.000	no
MO_STL_Lemay_20250612	MO_STL_Lemay	SRR38294072	2025-06-12	1623073486	0	0	0	0.000	no
MO_STL_Lemay_20250620	MO_STL_Lemay	SRR38294073	2025-06-20	1960144974	0	0	0	0.000	no
MO_STL_Lemay_20250626	MO_STL_Lemay	SRR38294071	2025-06-26	1844609280	0	0	0	0.000	no
MO_STL_Lemay_20250701	MO_STL_Lemay	SRR38294151	2025-07-01	1786418104	0	0	0	0.000	no
MO_STL_Lemay_20250707	MO_STL_Lemay	SRR38294150	2025-07-07	1660551832	0	0	0	0.000	no
MO_STL_Lemay_20250714	MO_STL_Lemay	SRR38294149	2025-07-14	1809136780	0	0	0	0.000	no
MO_STL_Lemay_20250723	MO_STL_Lemay	SRR38294148	2025-07-23	1600632050	0	0	0	0.000	no
MO_STL_Lemay_20250728	MO_STL_Lemay	SRR38294145	2025-07-28	1884652046	0	0	0	0.000	no
MO_STL_Lemay_20250806	MO_STL_Lemay	SRR38294146	2025-08-06	1754272758	2	2	56	1.140	yes
MO_STL_Lemay_20250811	MO_STL_Lemay	SRR38294144	2025-08-11	1628359928	0	0	0	0.000	no
MO_STL_Lemay_20250818	MO_STL_Lemay	SRR38294143	2025-08-18	1910306748	0	0	0	0.000	no
MO_STL_Lemay_20250825	MO_STL_Lemay	SRR38294142	2025-08-25	1400816918	0	0	0	0.000	no
MO_STL_Lemay_20250901	MO_STL_Lemay	SRR38294137	2025-09-01	2117433786	0	0	0	0.000	no
MO_STL_Lemay_20250908	MO_STL_Lemay	SRR38294138	2025-09-08	1748686664	0	0	0	0.000	no
MO_STL_Lemay_20250915	MO_STL_Lemay	SRR38294139	2025-09-15	1583139076	0	0	0	0.000	no
MO_STL_Lemay_20250922	MO_STL_Lemay	SRR38294110	2025-09-22	2167180216	0	0	0	0.000	no
MO_STL_Lemay_20250929	MO_STL_Lemay	SRR38294109	2025-09-29	2041754082	0	0	0	0.000	no
MO_STL_Lemay_20251006	MO_STL_Lemay	SRR38294140	2025-10-06	2163718628	0	0	0	0.000	no
MO_STL_Lemay_20251013	MO_STL_Lemay	SRR38294108	2025-10-13	2754257762	0	0	0	0.000	no
MO_STL_Lemay_20251021	MO_STL_Lemay	SRR38294106	2025-10-21	2862399910	0	0	0	0.000	no
MO_STL_Lemay_20251027	MO_STL_Lemay	SRR38294105	2025-10-27	2989077304	0	0	0	0.000	no
MO_STL_Lemay_20251103	MO_STL_Lemay	SRR38294104	2025-11-03	2939848242	0	0	0	0.000	no
MO_STL_Lemay_20251112	MO_STL_Lemay	SRR38294102	2025-11-12	2593797468	0	0	0	0.000	no
MO_STL_Lemay_20251117	MO_STL_Lemay	SRR38294103	2025-11-17	2536237704	0	0	0	0.000	no
MO_STL_Lemay_20251124	MO_STL_Lemay	SRR38294101	2025-11-24	2017107652	0	0	0	0.000	no
MO_STL_Lemay_20251201	MO_STL_Lemay	SRR38294100	2025-12-01	1405892296	0	0	0	0.000	no
MO_STL_Lemay_20251208	MO_STL_Lemay	SRR38294099	2025-12-08	1936913310	0	0	0	0.000	no
MO_STL_Lemay_20251215	MO_STL_Lemay	SRR38294186	2025-12-15	2314144188	0	0	0	0.000	no
MO_STL_Lemay_20251222	MO_STL_Lemay	SRR38294185	2025-12-22	2565495848	0	0	0	0.000	no
MO_STL_Lemay_20251229	MO_STL_Lemay	SRR38294183	2025-12-29	2218799440	0	0	0	0.000	no
MO_STL_Lemay_20260105	MO_STL_Lemay	SRR38294910	2026-01-05	1886656924	0	0	0	0.000	no
MO_STL_Lemay_20260112	MO_STL_Lemay	SRR38294749	2026-01-12	1255453460	0	0	0	0.000	no
MO_STL_Lemay_20260119	MO_STL_Lemay	SRR38294747	2026-01-19	1228046520	0	0	0	0.000	no
MO_STL_Lemay_20260126	MO_STL_Lemay	SRR38294857	2026-01-26	1664647656	0	0	0	0.000	no
MO_STL_Lemay_20260202	MO_STL_Lemay	SRR38294855	2026-02-02	1728976776	0	0	0	0.000	no
MO_STL_Lemay_20260209	MO_STL_Lemay	SRR38294925	2026-02-09	1989576498	0	0	0	0.000	no
MO_STL_Lemay_20260216	MO_STL_Lemay	SRR38294922	2026-02-16	2398061986	0	0	0	0.000	no
MO_STL_Lemay_20260224	MO_STL_Lemay	SRR38294921	2026-02-24	1239006650	0	0	0	0.000	no
MO_STL_Lemay_20260302	MO_STL_Lemay	SRR38294919	2026-03-02	1795343634	0	0	0	0.000	no
MO_STL_Lemay_20260309	MO_STL_Lemay	SRR38294920	2026-03-09	2631002734	0	0	0	0.000	no
MO_STL_Lemay_20260316	MO_STL_Lemay	SRR38294918	2026-03-16	1811335348	0	0	0	0.000	no
MO_STL_Lemay_20260324	MO_STL_Lemay	SRR38294917	2026-03-24	1803310162	0	0	0	0.000	no
MO_STL_Lemay_20260330	MO_STL_Lemay	SRR38294856	2026-03-30	1886702362	0	0	0	0.000	no
MO_STL_Lemay_20260406	MO_STL_Lemay	SRR39695281	2026-04-06	1169076864	0	0	0	0.000	no
MO_STL_Lemay_20260414	MO_STL_Lemay	SRR39695279	2026-04-14	1509388800	8	2	76	1.325	yes
MO_STL_Lemay_20260420	MO_STL_Lemay	SRR39695277	2026-04-20	1699338566	0	0	0	0.000	no
MO_STL_Lemay_20260427	MO_STL_Lemay	SRR39695278	2026-04-27	2787785632	0	0	0	0.000	no
MO_STL_Lemay_20260504	MO_STL_Lemay	SRR39695170	2026-05-04	1411433694	0	0	0	0.000	no
MO_STL_Lemay_20260506	MO_STL_Lemay	SRR39695169	2026-05-06	1836557262	0	0	0	0.000	no
MO_STL_Lemay_20260511	MO_STL_Lemay	SRR39695167	2026-05-11	1735854418	0	0	0	0.000	no
MO_STL_Lemay_20260518	MO_STL_Lemay	SRR39695168	2026-05-18	2256783992	0	0	0	0.000	no
MO_STL_Lemay_20260525	MO_STL_Lemay	SRR39695274	2026-05-25	1573900978	0	0	0	0.000	no
MO_STL_Lemay_20260602	MO_STL_Lemay	SRR39695273	2026-06-02	2112012798	0	0	0	0.000	no
MO_STL_Lemay_20260608	MO_STL_Lemay	SRR39694997	2026-06-08	1601152674	0	0	0	0.000	no
MO_STL_Lemay_20260615	MO_STL_Lemay	SRR39694995	2026-06-15	2208791594	0	0	0	0.000	no
MO_STL_Lemay_20260617	MO_STL_Lemay	SRR39694994	2026-06-17	1592129174	0	0	0	0.000	no
MO_STL_Lemay_20260630	MO_STL_Lemay	SRR39694993	2026-06-30	1327075632	12	5	71	3.768	yes
MO_STL_MORiver_20250620	MO_STL_MORiver	SRR38294184	2025-06-20	1998325312	5	1	73	0.500	yes
MO_STL_MORiver_20250624	MO_STL_MORiver	SRR38294182	2025-06-24	1472476434	0	0	0	0.000	no
MO_STL_MORiver_20250701	MO_STL_MORiver	SRR38294181	2025-07-01	1478502566	0	0	0	0.000	no
MO_STL_MORiver_20250710	MO_STL_MORiver	SRR38294180	2025-07-10	1722455918	6	1	25	0.581	yes
MO_STL_MORiver_20250714	MO_STL_MORiver	SRR38294178	2025-07-14	1655429286	4	3	100	1.812	yes
MO_STL_MORiver_20250723	MO_STL_MORiver	SRR38294179	2025-07-23	2026389800	0	0	0	0.000	no
MO_STL_MORiver_20250728	MO_STL_MORiver	SRR38294177	2025-07-28	1535455834	0	0	0	0.000	no
MO_STL_MORiver_20250806	MO_STL_MORiver	SRR38294175	2025-08-06	1796350602	0	0	0	0.000	no
MO_STL_MORiver_20250811	MO_STL_MORiver	SRR38294173	2025-08-11	1729003732	11	5	92	2.892	yes
MO_STL_MORiver_20250818	MO_STL_MORiver	SRR38294174	2025-08-18	1951697950	0	0	0	0.000	no
MO_STL_MORiver_20250825	MO_STL_MORiver	SRR38294172	2025-08-25	1803761534	0	0	0	0.000	no
MO_STL_MORiver_20250901	MO_STL_MORiver	SRR38294171	2025-09-01	2122076458	0	0	0	0.000	no
MO_STL_MORiver_20250908	MO_STL_MORiver	SRR38294170	2025-09-08	2345580246	0	0	0	0.000	no
MO_STL_MORiver_20250915	MO_STL_MORiver	SRR38294169	2025-09-15	1958665002	0	0	0	0.000	no
MO_STL_MORiver_20250922	MO_STL_MORiver	SRR38294168	2025-09-22	2547020924	0	0	0	0.000	no
MO_STL_MORiver_20250929	MO_STL_MORiver	SRR38294167	2025-09-29	1471651492	0	0	0	0.000	no
MO_STL_MORiver_20251006	MO_STL_MORiver	SRR38294132	2025-10-06	2431898478	0	0	0	0.000	no
MO_STL_MORiver_20251013	MO_STL_MORiver	SRR38294135	2025-10-13	2483740790	0	0	0	0.000	no
MO_STL_MORiver_20251021	MO_STL_MORiver	SRR38294136	2025-10-21	2316945976	0	0	0	0.000	no
MO_STL_MORiver_20251027	MO_STL_MORiver	SRR38294141	2025-10-27	2992624218	0	0	0	0.000	no
MO_STL_MORiver_20251103	MO_STL_MORiver	SRR38294165	2025-11-03	2574627602	4	2	40	0.777	yes
MO_STL_MORiver_20251112	MO_STL_MORiver	SRR38294166	2025-11-12	2503972614	0	0	0	0.000	no
MO_STL_MORiver_20251117	MO_STL_MORiver	SRR38294156	2025-11-17	2933786210	0	0	0	0.000	no
MO_STL_MORiver_20251124	MO_STL_MORiver	SRR38294157	2025-11-24	1910387356	0	0	0	0.000	no
MO_STL_MORiver_20251201	MO_STL_MORiver	SRR38294158	2025-12-01	1463139990	0	0	0	0.000	no
MO_STL_MORiver_20251208	MO_STL_MORiver	SRR38294159	2025-12-08	1775637086	0	0	0	0.000	no
MO_STL_MORiver_20251215	MO_STL_MORiver	SRR38294160	2025-12-15	1978272238	0	0	0	0.000	no
MO_STL_MORiver_20251222	MO_STL_MORiver	SRR38294161	2025-12-22	2373628452	0	0	0	0.000	no
MO_STL_MORiver_20251229	MO_STL_MORiver	SRR38294163	2025-12-29	2402026624	0	0	0	0.000	no
MO_STL_MORiver_20260105	MO_STL_MORiver	SRR38294853	2026-01-05	2070210672	0	0	0	0.000	no
MO_STL_MORiver_20260112	MO_STL_MORiver	SRR38294854	2026-01-12	1200149490	0	0	0	0.000	no
MO_STL_MORiver_20260119	MO_STL_MORiver	SRR38294916	2026-01-19	1133773426	0	0	0	0.000	no
MO_STL_MORiver_20260126	MO_STL_MORiver	SRR38294914	2026-01-26	1484358188	0	0	0	0.000	no
MO_STL_MORiver_20260202	MO_STL_MORiver	SRR38294912	2026-02-02	1578694470	0	0	0	0.000	no
MO_STL_MORiver_20260209	MO_STL_MORiver	SRR38294913	2026-02-09	1910177364	0	0	0	0.000	no
MO_STL_MORiver_20260216	MO_STL_MORiver	SRR38294849	2026-02-16	2567729686	0	0	0	0.000	no
MO_STL_MORiver_20260224	MO_STL_MORiver	SRR38294847	2026-02-24	1183283228	0	0	0	0.000	no
MO_STL_MORiver_20260302	MO_STL_MORiver	SRR38294846	2026-03-02	1490431686	0	0	0	0.000	no
MO_STL_MORiver_20260309	MO_STL_MORiver	SRR38294745	2026-03-09	2452518836	0	0	0	0.000	no
MO_STL_MORiver_20260316	MO_STL_MORiver	SRR38294889	2026-03-16	1944902872	0	0	0	0.000	no
MO_STL_MORiver_20260324	MO_STL_MORiver	SRR38295004	2026-03-24	1906738156	0	0	0	0.000	no
MO_STL_MORiver_20260330	MO_STL_MORiver	SRR38295003	2026-03-30	1680587286	0	0	0	0.000	no
MO_STL_MORiver_20260406	MO_STL_MORiver	SRR39694992	2026-04-06	1345778554	0	0	0	0.000	no
MO_STL_MORiver_20260414	MO_STL_MORiver	SRR39694990	2026-04-14	1560397724	0	0	0	0.000	no
MO_STL_MORiver_20260420	MO_STL_MORiver	SRR39694991	2026-04-20	1627750824	0	0	0	0.000	no
MO_STL_MORiver_20260427	MO_STL_MORiver	SRR39694989	2026-04-27	2220208000	0	0	0	0.000	no
MO_STL_MORiver_20260504	MO_STL_MORiver	SRR39694988	2026-05-04	1407856366	0	0	0	0.000	no
MO_STL_MORiver_20260506	MO_STL_MORiver	SRR39694987	2026-05-06	1925113532	0	0	0	0.000	no
MO_STL_MORiver_20260511	MO_STL_MORiver	SRR39694985	2026-05-11	1984891454	0	0	0	0.000	no
MO_STL_MORiver_20260518	MO_STL_MORiver	SRR39694984	2026-05-18	1838370120	0	0	0	0.000	no
MO_STL_MORiver_20260525	MO_STL_MORiver	SRR39695173	2026-05-25	1424437202	0	0	0	0.000	no
MO_STL_MORiver_20260602	MO_STL_MORiver	SRR39695171	2026-06-02	2723347542	0	0	0	0.000	no
MO_STL_MORiver_20260608	MO_STL_MORiver	SRR39694973	2026-06-08	1762173342	0	0	0	0.000	no
MO_STL_MORiver_20260615	MO_STL_MORiver	SRR39694969	2026-06-15	2039331008	0	0	0	0.000	no
MO_STL_MORiver_20260617	MO_STL_MORiver	SRR39695272	2026-06-17	1731622718	4	4	68	2.310	yes
MO_STL_MORiver_20260629	MO_STL_MORiver	SRR39695166	2026-06-29	1375689800	0	0	0	0.000	no
NYC-Hospital-A_20250828	NYC-Hospital-A	SRR37006695	2025-08-28	2246740014	0	0	0	0.000	no
NYC-Hospital-A_20250903	NYC-Hospital-A	SRR37006694	2025-09-03	4016917164	0	0	0	0.000	no
NYC-Hospital-A_20250912	NYC-Hospital-A	SRR37006672	2025-09-12	267482374	0	0	0	0.000	no
NYC-Hospital-A_20250912	NYC-Hospital-A	SRR37006682	2025-09-12	2002303698	0	0	0	0.000	no
NYC-Hospital-A_20251015	NYC-Hospital-A	SRR37006659	2025-10-15	307905894	0	0	0	0.000	no
NYC-Hospital-A_20251023	NYC-Hospital-A	SRR37006661	2025-10-23	266966976	0	0	0	0.000	no
NYC-Hospital-A_20251025	NYC-Hospital-A	SRR37006660	2025-10-25	323304692	0	0	0	0.000	no
NYC-Hospital-A_20251204	NYC-Hospital-A	SRR37367546	2025-12-04	394201894	0	0	0	0.000	no
NYC-Hospital-A_20251211	NYC-Hospital-A	SRR37367547	2025-12-11	482872900	0	0	0	0.000	no
NYC-Hospital-A_20251219	NYC-Hospital-A	SRR37367548	2025-12-19	349239906	0	0	0	0.000	no
NYC-Hospital-A_20251223	NYC-Hospital-A	SRR37367570	2025-12-23	310257918	0	0	0	0.000	no
NYC-Hospital-A_20260107	NYC-Hospital-A	SRR38295001	2026-01-07	309042556	0	0	0	0.000	no
NYC-Hospital-A_20260122	NYC-Hospital-A	SRR38295000	2026-01-22	394395138	0	0	0	0.000	no
NYC-Hospital-A_20260205	NYC-Hospital-A	SRR38294998	2026-02-05	1031745556	0	0	0	0.000	no
NYC-Hospital-A_20260210	NYC-Hospital-A	SRR38294996	2026-02-10	818264788	0	0	0	0.000	no
NYC-Hospital-A_20260211	NYC-Hospital-A	SRR38294999	2026-02-11	901684902	0	0	0	0.000	no
NYC-Hospital-A_20260220	NYC-Hospital-A	SRR38294997	2026-02-20	1161826540	0	0	0	0.000	no
NYC-Hospital-A_20260305	NYC-Hospital-A	SRR38294852	2026-03-05	332945010	0	0	0	0.000	no
NYC-Hospital-A_20260312	NYC-Hospital-A	SRR38294851	2026-03-12	393169382	0	0	0	0.000	no
NYC-Hospital-A_20260319	NYC-Hospital-A	SRR38294850	2026-03-19	438691824	0	0	0	0.000	no
NYC-Hospital-A_20260402	NYC-Hospital-A	SRR39695165	2026-04-02	1136656146	0	0	0	0.000	no
NYC-Hospital-A_20260409	NYC-Hospital-A	SRR39695164	2026-04-09	482680394	0	0	0	0.000	no
NYC-Hospital-A_20260416	NYC-Hospital-A	SRR39695162	2026-04-16	455727354	0	0	0	0.000	no
NYC-Hospital-A_20260501	NYC-Hospital-A	SRR39695161	2026-05-01	479420384	0	0	0	0.000	no
NYC-Hospital-A_20260507	NYC-Hospital-A	SRR39695160	2026-05-07	451900322	0	0	0	0.000	no
NYC-Hospital-A_20260514	NYC-Hospital-A	SRR39695158	2026-05-14	441750120	0	0	0	0.000	no
NYC-Hospital-A_20260604	NYC-Hospital-A	SRR39694983	2026-06-04	469939568	0	0	0	0.000	no
NYC-Hospital-A_20260618	NYC-Hospital-A	SRR39694982	2026-06-18	475883946	0	0	0	0.000	no
NYC-Hospital-B_20241018	NYC-Hospital-B	SRR37006663	2024-10-18	2621612004	0	0	0	0.000	no
NYC-Hospital-B_20250103	NYC-Hospital-B	SRR37006692	2025-01-03	2512913110	0	0	0	0.000	no
NYC-Hospital-B_20250130	NYC-Hospital-B	SRR37006691	2025-01-30	3581654100	0	0	0	0.000	no
NYC-Hospital-B_20250205	NYC-Hospital-B	SRR37006690	2025-02-05	1831356662	0	0	0	0.000	no
NYC-Hospital-B_20250220	NYC-Hospital-B	SRR37006689	2025-02-20	2461356124	0	0	0	0.000	no
NYC-Hospital-B_20250313	NYC-Hospital-B	SRR37006687	2025-03-13	2520736416	0	0	0	0.000	no
NYC-Hospital-B_20250319	NYC-Hospital-B	SRR37006688	2025-03-19	1776016768	0	0	0	0.000	no
NYC-Hospital-B_20250403	NYC-Hospital-B	SRR37006686	2025-04-03	1942289724	0	0	0	0.000	no
NYC-Hospital-B_20250409	NYC-Hospital-B	SRR37006685	2025-04-09	1980078188	0	0	0	0.000	no
NYC-Hospital-B_20250514	NYC-Hospital-B	SRR37006684	2025-05-14	2230250402	0	0	0	0.000	no
NYC-Hospital-B_20250520	NYC-Hospital-B	SRR37006683	2025-05-20	1874563632	0	0	0	0.000	no
NYC-Hospital-B_20250528	NYC-Hospital-B	SRR37006681	2025-05-28	1703949234	0	0	0	0.000	no
NYC-Hospital-B_20250604	NYC-Hospital-B	SRR37006680	2025-06-04	1877229772	0	0	0	0.000	no
NYC-Hospital-B_20250612	NYC-Hospital-B	SRR37006679	2025-06-12	2176018030	447	76	103	34.926	yes
NYC-Hospital-B_20250618	NYC-Hospital-B	SRR37006678	2025-06-18	2123990064	0	0	0	0.000	no
NYC-Hospital-B_20250624	NYC-Hospital-B	SRR37006677	2025-06-24	1858060050	0	0	0	0.000	no
NYC-Hospital-B_20251210	NYC-Hospital-B	SRR37181186	2025-12-10	417191054	0	0	0	0.000	no
NYC-Hospital-B_20251216	NYC-Hospital-B	SRR37181184	2025-12-16	372271916	0	0	0	0.000	no
NYC-Hospital-B_20251222	NYC-Hospital-B	SRR37181183	2025-12-22	390178046	0	0	0	0.000	no
NYC-Hospital-B_20251230	NYC-Hospital-B	SRR37181182	2025-12-30	410786738	0	0	0	0.000	no
NYC-Hospital-B_20260106	NYC-Hospital-B	SRR37181181	2026-01-06	308576538	0	0	0	0.000	no
NYC-Hospital-B_20260113	NYC-Hospital-B	SRR37181180	2026-01-13	317386530	0	0	0	0.000	no
NYC-Hospital-B_20260121	NYC-Hospital-B	SRR38294848	2026-01-21	226675200	0	0	0	0.000	no
NYC-Hospital-B_20260127	NYC-Hospital-B	SRR38294908	2026-01-27	520879336	0	0	0	0.000	no
NYC-Hospital-B_20260204	NYC-Hospital-B	SRR38294906	2026-02-04	388300632	0	0	0	0.000	no
NYC-Hospital-B_20260210	NYC-Hospital-B	SRR38294905	2026-02-10	903041428	0	0	0	0.000	no
NYC-Hospital-B_20260217	NYC-Hospital-B	SRR38294845	2026-02-17	310367336	0	0	0	0.000	no
NYC-Hospital-B_20260225	NYC-Hospital-B	SRR38294843	2026-02-25	29158952	0	0	0	0.000	no
NYC-Hospital-B_20260304	NYC-Hospital-B	SRR38294844	2026-03-04	300471674	0	0	0	0.000	no
NYC-Hospital-B_20260310	NYC-Hospital-B	SRR38294842	2026-03-10	396569962	0	0	0	0.000	no
NYC-Hospital-B_20260318	NYC-Hospital-B	SRR38294841	2026-03-18	384030940	0	0	0	0.000	no
NYC-Hospital-B_20260331	NYC-Hospital-B	SRR38294840	2026-03-31	1249868338	0	0	0	0.000	no
NYC-Hospital-B_20260407	NYC-Hospital-B	SRR39694980	2026-04-07	477835470	0	0	0	0.000	no
NYC-Hospital-B_20260414	NYC-Hospital-B	SRR39694981	2026-04-14	538723882	0	0	0	0.000	no
NYC-Hospital-B_20260428	NYC-Hospital-B	SRR39694979	2026-04-28	495267552	0	0	0	0.000	no
NYC-Hospital-B_20260505	NYC-Hospital-B	SRR39694978	2026-05-05	307470460	0	0	0	0.000	no
NYC-Hospital-C_20241113	NYC-Hospital-C	SRR37006676	2024-11-13	1600134562	0	0	0	0.000	no
NYC-Hospital-C_20250123	NYC-Hospital-C	SRR37006675	2025-01-23	1937604514	0	0	0	0.000	no
NYC-Hospital-C_20250827	NYC-Hospital-C	SRR37006674	2025-08-27	2009680512	0	0	0	0.000	no
NYC-Hospital-C_20250912	NYC-Hospital-C	SRR37006673	2025-09-12	2044537266	0	0	0	0.000	no
NYC-Hospital-C_20251204	NYC-Hospital-C	SRR37367572	2025-12-04	512973504	0	0	0	0.000	no
NYC-Hospital-C_20251210	NYC-Hospital-C	SRR37367573	2025-12-10	468590822	0	0	0	0.000	no
NYC-Hospital-C_20251217	NYC-Hospital-C	SRR37367574	2025-12-17	494262594	0	0	0	0.000	no
NYC-Hospital-C_20251222	NYC-Hospital-C	SRR37367575	2025-12-22	410654984	0	0	0	0.000	no
NYC-Hospital-C_20260107	NYC-Hospital-C	SRR38294838	2026-01-07	327905218	0	0	0	0.000	no
NYC-Hospital-C_20260113	NYC-Hospital-C	SRR38294837	2026-01-13	245705272	0	0	0	0.000	no
NYC-Hospital-C_20260120	NYC-Hospital-C	SRR38294836	2026-01-20	225013018	0	0	0	0.000	no
NYC-Hospital-C_20260128	NYC-Hospital-C	SRR38294835	2026-01-28	471500512	0	0	0	0.000	no
NYC-Hospital-C_20260204	NYC-Hospital-C	SRR38294834	2026-02-04	307507216	0	0	0	0.000	no
NYC-Hospital-C_20260212	NYC-Hospital-C	SRR38294833	2026-02-12	937038386	0	0	0	0.000	no
NYC-Hospital-C_20260218	NYC-Hospital-C	SRR38294831	2026-02-18	318980224	0	0	0	0.000	no
NYC-Hospital-C_20260226	NYC-Hospital-C	SRR38294832	2026-02-26	356245796	0	0	0	0.000	no
NYC-Hospital-C_20260304	NYC-Hospital-C	SRR38294830	2026-03-04	307290960	0	0	0	0.000	no
NYC-Hospital-C_20260310	NYC-Hospital-C	SRR38294829	2026-03-10	326238324	0	0	0	0.000	no
NYC-Hospital-C_20260318	NYC-Hospital-C	SRR38294911	2026-03-18	369766886	0	0	0	0.000	no
NYC-Hospital-C_20260414	NYC-Hospital-C	SRR39694977	2026-04-14	376303328	0	0	0	0.000	no
NYC-Hospital-C_20260422	NYC-Hospital-C	SRR39694974	2026-04-22	386880384	0	0	0	0.000	no
NYC-Hospital-C_20260430	NYC-Hospital-C	SRR39694971	2026-04-30	453496374	0	0	0	0.000	no
NYC-Hospital-C_20260507	NYC-Hospital-C	SRR39694972	2026-05-07	469131150	0	0	0	0.000	no
NYC-Hospital-C_20260514	NYC-Hospital-C	SRR39695150	2026-05-14	460564114	0	0	0	0.000	no
NYC-Hospital-C_20260520	NYC-Hospital-C	SRR39695148	2026-05-20	443951956	0	0	0	0.000	no
NYC-Hospital-C_20260527	NYC-Hospital-C	SRR39695271	2026-05-27	453775400	0	0	0	0.000	no
NYC-Hospital-C_20260602	NYC-Hospital-C	SRR39695269	2026-06-02	487218142	0	0	0	0.000	no
NYC-Hospital-C_20260608	NYC-Hospital-C	SRR39695270	2026-06-08	495960100	0	0	0	0.000	no
NYC-Hospital-C_20260615	NYC-Hospital-C	SRR39695268	2026-06-15	436218238	0	0	0	0.000	no
NYC-Hospital-C_20260623	NYC-Hospital-C	SRR39695267	2026-06-23	526615470	0	0	0	0.000	no
NYC-Hospital-D_20250902	NYC-Hospital-D	SRR37006671	2025-09-02	291743780	0	0	0	0.000	no
NYC-Hospital-D_20250909	NYC-Hospital-D	SRR37006670	2025-09-09	270085816	0	0	0	0.000	no
NYC-Hospital-D_20250916	NYC-Hospital-D	SRR37006669	2025-09-16	273036626	0	0	0	0.000	no
NYC-Hospital-D_20250930	NYC-Hospital-D	SRR37006668	2025-09-30	371750904	0	0	0	0.000	no
NYC-Hospital-D_20251014	NYC-Hospital-D	SRR37006667	2025-10-14	267473642	0	0	0	0.000	no
NYC-Hospital-D_20251021	NYC-Hospital-D	SRR37006665	2025-10-21	325896766	0	0	0	0.000	no
NYC-Hospital-D_20251028	NYC-Hospital-D	SRR37006666	2025-10-28	339972172	0	0	0	0.000	no
NYC-Hospital-D_20251105	NYC-Hospital-D	SRR37006656	2025-11-05	288755942	0	0	0	0.000	no
NYC-Hospital-D_20251113	NYC-Hospital-D	SRR37006657	2025-11-13	253377956	0	0	0	0.000	no
NYC-Hospital-D_20251118	NYC-Hospital-D	SRR37006658	2025-11-18	330678874	0	0	0	0.000	no
NYC-Hospital-D_20251125	NYC-Hospital-D	SRR37367577	2025-11-25	535566412	0	0	0	0.000	no
NYC-Hospital-D_20251202	NYC-Hospital-D	SRR37367578	2025-12-02	494431530	0	0	0	0.000	no
NYC-Hospital-D_20251209	NYC-Hospital-D	SRR37367580	2025-12-09	509108914	0	0	0	0.000	no
NYC-Hospital-D_20251210	NYC-Hospital-D	SRR37367581	2025-12-10	264549102	0	0	0	0.000	no
NYC-Hospital-D_20251217	NYC-Hospital-D	SRR37367582	2025-12-17	402619002	0	0	0	0.000	no
NYC-Hospital-D_20251223	NYC-Hospital-D	SRR37367583	2025-12-23	397924544	0	0	0	0.000	no
NYC-Hospital-D_20260107	NYC-Hospital-D	SRR38294983	2026-01-07	593684134	0	0	0	0.000	no
NYC-Hospital-D_20260113	NYC-Hospital-D	SRR38294981	2026-01-13	402697958	0	0	0	0.000	no
NYC-Hospital-D_20260120	NYC-Hospital-D	SRR38294904	2026-01-20	251753212	0	0	0	0.000	no
NYC-Hospital-D_20260128	NYC-Hospital-D	SRR38294902	2026-01-28	514175590	0	0	0	0.000	no
NYC-Hospital-D_20260210	NYC-Hospital-D	SRR38294903	2026-02-10	793406384	0	0	0	0.000	no
NYC-Hospital-D_20260218	NYC-Hospital-D	SRR38294901	2026-02-18	301831484	0	0	0	0.000	no
NYC-Hospital-D_20260303	NYC-Hospital-D	SRR38294900	2026-03-03	345063698	0	0	0	0.000	no
NYC-Hospital-D_20260310	NYC-Hospital-D	SRR38294899	2026-03-10	321823960	0	0	0	0.000	no
NYC-Hospital-D_20260317	NYC-Hospital-D	SRR38294897	2026-03-17	325643410	0	0	0	0.000	no
NYC-Hospital-D_20260331	NYC-Hospital-D	SRR38294898	2026-03-31	1259715950	0	0	0	0.000	no
NYC-Hospital-D_20260407	NYC-Hospital-D	SRR39695265	2026-04-07	519022752	0	0	0	0.000	no
NYC-Hospital-D_20260414	NYC-Hospital-D	SRR39695264	2026-04-14	454864516	0	0	0	0.000	no
NYC-Hospital-D_20260428	NYC-Hospital-D	SRR39695262	2026-04-28	380241194	0	0	0	0.000	no
OK-A_20250818	OK-A	SRR36861567	2025-08-18	1630145790	0	0	0	0.000	no
OK-A_20250826	OK-A	SRR36861566	2025-08-26	2042680830	0	0	0	0.000	no
OK-A_20250901	OK-A	SRR36861555	2025-09-01	1824901716	0	0	0	0.000	no
OK-A_20250909	OK-A	SRR36861544	2025-09-09	1968557370	0	0	0	0.000	no
OK-A_20250916	OK-A	SRR36861539	2025-09-16	2595071584	0	0	0	0.000	no
OK-A_20250923	OK-A	SRR36861537	2025-09-23	2058585314	0	0	0	0.000	no
OK-A_20250930	OK-A	SRR36861538	2025-09-30	1777050484	0	0	0	0.000	no
OK-A_20251007	OK-A	SRR36861536	2025-10-07	2171800504	0	0	0	0.000	no
OK-A_20251014	OK-A	SRR36861535	2025-10-14	2327774544	0	0	0	0.000	no
OK-A_20251021	OK-A	SRR36861534	2025-10-21	2349078610	0	0	0	0.000	no
OK-A_20251027	OK-A	SRR36861565	2025-10-27	2000664910	0	0	0	0.000	no
OK-A_20251104	OK-A	SRR36861564	2025-11-04	2364848708	0	0	0	0.000	no
OK-A_20251111	OK-A	SRR36861563	2025-11-11	2456826218	0	0	0	0.000	no
OK-A_20251118	OK-A	SRR36861561	2025-11-18	1990375002	0	0	0	0.000	no
OK-A_20251128	OK-A	SRR36861562	2025-11-28	1378155204	0	0	0	0.000	no
OK-A_20251202	OK-A	SRR36861560	2025-12-02	1366059944	0	0	0	0.000	no
OK-A_20251209	OK-A	SRR36861559	2025-12-09	1454345730	0	0	0	0.000	no
OK-A_20251216	OK-A	SRR37181179	2025-12-16	1828185704	0	0	0	0.000	no
OK-A_20251223	OK-A	SRR37181177	2025-12-23	2045292764	0	0	0	0.000	no
OK-A_20251230	OK-A	SRR37181176	2025-12-30	1699440118	0	0	0	0.000	no
OK-A_20260113	OK-A	SRR37181175	2026-01-13	1195194670	0	0	0	0.000	no
OK-A_20260120	OK-A	SRR38294995	2026-01-20	1830376068	0	0	0	0.000	no
OK-A_20260127	OK-A	SRR38294994	2026-01-27	2418179678	0	0	0	0.000	no
OK-A_20260203	OK-A	SRR38294993	2026-02-03	1624000320	0	0	0	0.000	no
OK-A_20260210	OK-A	SRR38294992	2026-02-10	1836874194	0	0	0	0.000	no
OK-A_20260217	OK-A	SRR38294990	2026-02-17	1228337300	0	0	0	0.000	no
OK-A_20260224	OK-A	SRR38294991	2026-02-24	1538223890	0	0	0	0.000	no
OK-A_20260303	OK-A	SRR38294989	2026-03-03	3021463942	0	0	0	0.000	no
OK-A_20260310	OK-A	SRR38294988	2026-03-10	2083557684	0	0	0	0.000	no
OK-A_20260317	OK-A	SRR38294987	2026-03-17	2073489480	0	0	0	0.000	no
OK-A_20260324	OK-A	SRR38294985	2026-03-24	2039888618	0	0	0	0.000	no
OK-A_20260331	OK-A	SRR38294984	2026-03-31	1293265082	0	0	0	0.000	no
OK-A_20260407	OK-A	SRR39695263	2026-04-07	1415361014	0	0	0	0.000	no
OK-A_20260414	OK-A	SRR39695261	2026-04-14	1374224166	0	0	0	0.000	no
OK-A_20260421	OK-A	SRR39695260	2026-04-21	1344689112	0	0	0	0.000	no
OK-A_20260428	OK-A	SRR39695159	2026-04-28	1151175764	0	0	0	0.000	no
OK-A_20260505	OK-A	SRR39695156	2026-05-05	2683976858	0	0	0	0.000	no
OK-A_20260512	OK-A	SRR39695157	2026-05-12	1070806908	0	0	0	0.000	no
OK-A_20260519	OK-A	SRR39695155	2026-05-19	1450566140	0	0	0	0.000	no
OK-A_20260526	OK-A	SRR39695153	2026-05-26	2427641824	0	0	0	0.000	no
OK-A_20260602	OK-A	SRR39695152	2026-06-02	3237734640	10	7	44	2.162	yes
OK-A_20260609	OK-A	SRR39695151	2026-06-09	2012475684	0	0	0	0.000	no
OK-A_20260616	OK-A	SRR39695149	2026-06-16	1929434228	0	0	0	0.000	no
OK-A_20260623	OK-A	SRR39694963	2026-06-23	1446843532	0	0	0	0.000	no
OK-B_20250818	OK-B	SRR36861558	2025-08-18	1847008990	0	0	0	0.000	no
OK-B_20250826	OK-B	SRR36861556	2025-08-26	2081857594	23	5	68	2.402	yes
OK-B_20250901	OK-B	SRR36861557	2025-09-01	1932956472	0	0	0	0.000	no
OK-B_20250909	OK-B	SRR36861554	2025-09-09	1905592048	0	0	0	0.000	no
OK-B_20250916	OK-B	SRR36861553	2025-09-16	2208380940	0	0	0	0.000	no
OK-B_20250923	OK-B	SRR36861551	2025-09-23	2205831304	0	0	0	0.000	no
OK-B_20250930	OK-B	SRR36861552	2025-09-30	1991465524	0	0	0	0.000	no
OK-B_20251007	OK-B	SRR36861550	2025-10-07	2135673434	0	0	0	0.000	no
OK-B_20251014	OK-B	SRR36861549	2025-10-14	2135243032	0	0	0	0.000	no
OK-B_20251021	OK-B	SRR36861548	2025-10-21	2158349114	0	0	0	0.000	no
OK-B_20251027	OK-B	SRR36861547	2025-10-27	1724415018	0	0	0	0.000	no
OK-B_20251104	OK-B	SRR36861546	2025-11-04	2702375060	0	0	0	0.000	no
OK-B_20251111	OK-B	SRR36861545	2025-11-11	2026146642	0	0	0	0.000	no
OK-B_20251118	OK-B	SRR36861543	2025-11-18	2050984532	0	0	0	0.000	no
OK-B_20251128	OK-B	SRR36861542	2025-11-28	1572906246	0	0	0	0.000	no
OK-B_20251202	OK-B	SRR36861541	2025-12-02	1190054496	0	0	0	0.000	no
OK-B_20251209	OK-B	SRR36861540	2025-12-09	2503629330	0	0	0	0.000	no
OK-B_20251216	OK-B	SRR37181161	2025-12-16	2376067382	0	0	0	0.000	no
OK-B_20251223	OK-B	SRR37181159	2025-12-23	1893393956	0	0	0	0.000	no
OK-B_20251230	OK-B	SRR37181158	2025-12-30	1848569350	0	0	0	0.000	no
OK-B_20260113	OK-B	SRR37181157	2026-01-13	1220929350	0	0	0	0.000	no
OK-B_20260120	OK-B	SRR38294807	2026-01-20	1637818818	0	0	0	0.000	no
OK-B_20260127	OK-B	SRR38294805	2026-01-27	2361354070	0	0	0	0.000	no
OK-B_20260203	OK-B	SRR38294828	2026-02-03	1919622714	0	0	0	0.000	no
OK-B_20260210	OK-B	SRR38294827	2026-02-10	1660820224	0	0	0	0.000	no
OK-B_20260217	OK-B	SRR38294825	2026-02-17	1217543230	0	0	0	0.000	no
OK-B_20260224	OK-B	SRR38294826	2026-02-24	1531900948	0	0	0	0.000	no
OK-B_20260303	OK-B	SRR38294824	2026-03-03	1971201014	0	0	0	0.000	no
OK-B_20260310	OK-B	SRR38294823	2026-03-10	2223133148	0	0	0	0.000	no
OK-B_20260317	OK-B	SRR38294822	2026-03-17	2720319500	0	0	0	0.000	no
OK-B_20260324	OK-B	SRR38294821	2026-03-24	2041894112	0	0	0	0.000	no
OK-B_20260331	OK-B	SRR38294819	2026-03-31	1271963874	0	0	0	0.000	no
OK-B_20260407	OK-B	SRR39694962	2026-04-07	1225023410	0	0	0	0.000	no
OK-B_20260414	OK-B	SRR39695147	2026-04-14	1676719286	0	0	0	0.000	no
OK-B_20260421	OK-B	SRR39695146	2026-04-21	1211555394	0	0	0	0.000	no
OK-B_20260428	OK-B	SRR39695145	2026-04-28	2791634404	0	0	0	0.000	no
OK-B_20260505	OK-B	SRR39695359	2026-05-05	2594985792	0	0	0	0.000	no
OK-B_20260512	OK-B	SRR39695356	2026-05-12	1046485610	0	0	0	0.000	no
OK-B_20260519	OK-B	SRR39695355	2026-05-19	1493077434	0	0	0	0.000	no
OK-B_20260526	OK-B	SRR39695354	2026-05-26	2212536356	0	0	0	0.000	no
OK-B_20260602	OK-B	SRR39695353	2026-06-02	2709395854	0	0	0	0.000	no
OK-B_20260609	OK-B	SRR39695351	2026-06-09	2401334330	0	0	0	0.000	no
OK-B_20260616	OK-B	SRR39695352	2026-06-16	2613109938	0	0	0	0.000	no
OK-B_20260623	OK-B	SRR39695350	2026-06-23	1177252326	0	0	0	0.000	no
Southern_California_20250416	Southern_California	SRR36876861	2025-04-16	1227275916	0	0	0	0.000	no
Southern_California_20250420	Southern_California	SRR36876860	2025-04-20	1171867060	0	0	0	0.000	no
Southern_California_20250423	Southern_California	SRR36876818	2025-04-23	1277486492	0	0	0	0.000	no
Southern_California_20250427	Southern_California	SRR36876843	2025-04-27	984446652	0	0	0	0.000	no
Southern_California_20250430	Southern_California	SRR36876798	2025-04-30	1504068294	0	0	0	0.000	no
Southern_California_20250504	Southern_California	SRR36876806	2025-05-04	1503705458	0	0	0	0.000	no
Southern_California_20250507	Southern_California	SRR36876824	2025-05-07	1850332126	0	0	0	0.000	no
Southern_California_20250511	Southern_California	SRR36876829	2025-05-11	2036076900	0	0	0	0.000	no
Southern_California_20250514	Southern_California	SRR36876830	2025-05-14	1630317612	0	0	0	0.000	no
Southern_California_20250518	Southern_California	SRR36876828	2025-05-18	1917656378	0	0	0	0.000	no
Southern_California_20250521	Southern_California	SRR36876858	2025-05-21	1785964592	0	0	0	0.000	no
Southern_California_20250525	Southern_California	SRR36876859	2025-05-25	2240677200	0	0	0	0.000	no
Southern_California_20250528	Southern_California	SRR36876857	2025-05-28	2195128746	0	0	0	0.000	no
Southern_California_20250601	Southern_California	SRR36876850	2025-06-01	1941022052	0	0	0	0.000	no
Southern_California_20250604	Southern_California	SRR36876851	2025-06-04	2408278992	0	0	0	0.000	no
Southern_California_20250608	Southern_California	SRR36876852	2025-06-08	2900520452	0	0	0	0.000	no
Southern_California_20250611	Southern_California	SRR36876854	2025-06-11	3104755058	0	0	0	0.000	no
Southern_California_20250615	Southern_California	SRR36876853	2025-06-15	2879824106	0	0	0	0.000	no
Southern_California_20250618	Southern_California	SRR36876855	2025-06-18	3286719004	0	0	0	0.000	no
Southern_California_20250622	Southern_California	SRR36876856	2025-06-22	3273620026	0	0	0	0.000	no
Southern_California_20250625	Southern_California	SRR36876820	2025-06-25	2590193544	0	0	0	0.000	no
Southern_California_20250629	Southern_California	SRR36876821	2025-06-29	2399862806	0	0	0	0.000	no
Southern_California_20250702	Southern_California	SRR36876822	2025-07-02	1956911434	0	0	0	0.000	no
Southern_California_20250706	Southern_California	SRR36876823	2025-07-06	1890325420	2	1	38	0.529	yes
Southern_California_20250709	Southern_California	SRR36876837	2025-07-09	1879712806	0	0	0	0.000	no
Southern_California_20250713	Southern_California	SRR36876838	2025-07-13	1998444086	0	0	0	0.000	no
Southern_California_20250716	Southern_California	SRR36876839	2025-07-16	1970831836	0	0	0	0.000	no
Southern_California_20250720	Southern_California	SRR36876840	2025-07-20	1559917814	0	0	0	0.000	no
Southern_California_20250723	Southern_California	SRR36876841	2025-07-23	1676328956	0	0	0	0.000	no
Southern_California_20250727	Southern_California	SRR36876842	2025-07-27	1635799086	0	0	0	0.000	no
Southern_California_20250730	Southern_California	SRR36876844	2025-07-30	1693499458	0	0	0	0.000	no
Southern_California_20250803	Southern_California	SRR36876845	2025-08-03	1809155392	0	0	0	0.000	no
Southern_California_20250806	Southern_California	SRR36876846	2025-08-06	1672441100	4	4	100	2.392	yes
Southern_California_20250810	Southern_California	SRR36876847	2025-08-10	1818876686	0	0	0	0.000	no
Southern_California_20250813	Southern_California	SRR36876849	2025-08-13	1944400240	0	0	0	0.000	no
Southern_California_20250817	Southern_California	SRR36876848	2025-08-17	1852378232	0	0	0	0.000	no
Southern_California_20250820	Southern_California	SRR36876819	2025-08-20	1993611406	0	0	0	0.000	no
Southern_California_20250824	Southern_California	SRR36876817	2025-08-24	1802750358	0	0	0	0.000	no
Southern_California_20250827	Southern_California	SRR36876816	2025-08-27	2015361094	0	0	0	0.000	no
Southern_California_20250903	Southern_California	SRR36876815	2025-09-03	1870001100	0	0	0	0.000	no
Southern_California_20250907	Southern_California	SRR36876836	2025-09-07	1242726076	0	0	0	0.000	no
Southern_California_20250910	Southern_California	SRR36876834	2025-09-10	1986785846	0	0	0	0.000	no
Southern_California_20250914	Southern_California	SRR36876813	2025-09-14	2056758922	0	0	0	0.000	no
Southern_California_20250917	Southern_California	SRR36876814	2025-09-17	1597800130	0	0	0	0.000	no
Southern_California_20250921	Southern_California	SRR36876812	2025-09-21	1769173912	0	0	0	0.000	no
Southern_California_20250924	Southern_California	SRR36876811	2025-09-24	1559005214	0	0	0	0.000	no
Southern_California_20250928	Southern_California	SRR36876810	2025-09-28	1748533904	0	0	0	0.000	no
Southern_California_20251001	Southern_California	SRR36876808	2025-10-01	1604173666	0	0	0	0.000	no
Southern_California_20251005	Southern_California	SRR36876809	2025-10-05	1251489972	0	0	0	0.000	no
Southern_California_20251009	Southern_California	SRR36876807	2025-10-09	2471463634	0	0	0	0.000	no
Southern_California_20251016	Southern_California	SRR36876805	2025-10-16	2242921326	0	0	0	0.000	no
Southern_California_20251019	Southern_California	SRR36876804	2025-10-19	2603031168	0	0	0	0.000	no
Southern_California_20251023	Southern_California	SRR36876803	2025-10-23	2141285742	0	0	0	0.000	no
Southern_California_20251026	Southern_California	SRR36876802	2025-10-26	2652725804	0	0	0	0.000	no
Southern_California_20251029	Southern_California	SRR36876800	2025-10-29	2091254956	0	0	0	0.000	no
Southern_California_20251102	Southern_California	SRR36876801	2025-11-02	1908164768	0	0	0	0.000	no
Southern_California_20251105	Southern_California	SRR36876799	2025-11-05	2649874396	0	0	0	0.000	no
Southern_California_20251109	Southern_California	SRR36876827	2025-11-09	2324605512	0	0	0	0.000	no
Southern_California_20251112	Southern_California	SRR36876826	2025-11-12	3037700990	0	0	0	0.000	no
Southern_California_20251116	Southern_California	SRR36876825	2025-11-16	2669877690	0	0	0	0.000	no
Southern_California_20251119	Southern_California	SRR36876797	2025-11-19	1970488982	0	0	0	0.000	no
Southern_California_20251123	Southern_California	SRR36876796	2025-11-23	1777419568	0	0	0	0.000	no
Southern_California_20251126	Southern_California	SRR36876835	2025-11-26	1270797424	0	0	0	0.000	no
Southern_California_20251130	Southern_California	SRR36876833	2025-11-30	1485258566	0	0	0	0.000	no
Southern_California_20251203	Southern_California	SRR36876832	2025-12-03	1573852044	0	0	0	0.000	no
Southern_California_20251207	Southern_California	SRR36876831	2025-12-07	1612796830	0	0	0	0.000	no
Southern_California_20251210	Southern_California	SRR37092412	2025-12-10	2113782104	0	0	0	0.000	no
Southern_California_20251214	Southern_California	SRR37092411	2025-12-14	1999266318	0	0	0	0.000	no
Southern_California_20251217	Southern_California	SRR37092410	2025-12-17	2302644040	0	0	0	0.000	no
Southern_California_20251221	Southern_California	SRR37092408	2025-12-21	2237640094	0	0	0	0.000	no
Southern_California_20251224	Southern_California	SRR37092407	2025-12-24	1823603822	0	0	0	0.000	no
Southern_California_20251228	Southern_California	SRR37092406	2025-12-28	1881657350	0	0	0	0.000	no
Southern_California_20251231	Southern_California	SRR37092405	2025-12-31	1428830604	0	0	0	0.000	no
Southern_California_20260104	Southern_California	SRR38294733	2026-01-04	626378434	0	0	0	0.000	no
Southern_California_20260104	Southern_California	SRR38294818	2026-01-04	1673552324	0	0	0	0.000	no
Southern_California_20260114	Southern_California	SRR38294817	2026-01-14	1072906702	0	0	0	0.000	no
Southern_California_20260114	Southern_California	SRR38294891	2026-01-14	1242615654	0	0	0	0.000	no
Southern_California_20260118	Southern_California	SRR38294734	2026-01-18	2216968230	0	0	0	0.000	no
Southern_California_20260118	Southern_California	SRR38294815	2026-01-18	1281991942	0	0	0	0.000	no
Southern_California_20260121	Southern_California	SRR38294773	2026-01-21	1104168664	0	0	0	0.000	no
Southern_California_20260121	Southern_California	SRR38294816	2026-01-21	1814336302	0	0	0	0.000	no
Southern_California_20260125	Southern_California	SRR38294764	2026-01-25	578061748	0	0	0	0.000	no
Southern_California_20260125	Southern_California	SRR38294814	2026-01-25	1662103608	0	0	0	0.000	no
Southern_California_20260128	Southern_California	SRR38294755	2026-01-28	1738121116	0	0	0	0.000	no
Southern_California_20260128	Southern_California	SRR38294813	2026-01-28	1395662654	0	0	0	0.000	no
Southern_California_20260201	Southern_California	SRR38294687	2026-02-01	1649587094	0	0	0	0.000	no
Southern_California_20260201	Southern_California	SRR38294812	2026-02-01	1721053326	0	0	0	0.000	no
Southern_California_20260204	Southern_California	SRR38294810	2026-02-04	1626922678	0	0	0	0.000	no
Southern_California_20260204	Southern_California	SRR39695076	2026-02-04	3145231494	0	0	0	0.000	no
Southern_California_20260208	Southern_California	SRR38294809	2026-02-08	1685504174	0	0	0	0.000	no
Southern_California_20260208	Southern_California	SRR39695075	2026-02-08	2688416006	0	0	0	0.000	no
Southern_California_20260211	Southern_California	SRR38294808	2026-02-11	3182885702	0	0	0	0.000	no
Southern_California_20260215	Southern_California	SRR38294785	2026-02-15	2494306626	0	0	0	0.000	no
Southern_California_20260215	Southern_California	SRR38294887	2026-02-15	2135898882	0	0	0	0.000	no
Southern_California_20260215	Southern_California	SRR38401629	2026-02-15	2101904000	0	0	0	0.000	no
Southern_California_20260215	Southern_California	SRR38401630	2026-02-15	2103009380	0	0	0	0.000	no
Southern_California_20260215	Southern_California	SRR38401631	2026-02-15	2131422560	0	0	0	0.000	no
Southern_California_20260215	Southern_California	SRR38401632	2026-02-15	2113262520	0	0	0	0.000	no
Southern_California_20260218	Southern_California	SRR38294783	2026-02-18	1370163922	0	0	0	0.000	no
Southern_California_20260218	Southern_California	SRR38294923	2026-02-18	994639316	0	0	0	0.000	no
Southern_California_20260222	Southern_California	SRR38294806	2026-02-22	1409765472	0	0	0	0.000	no
Southern_California_20260222	Southern_California	SRR38294915	2026-02-22	771173460	0	0	0	0.000	no
Southern_California_20260225	Southern_California	SRR38294804	2026-02-25	1493653760	0	0	0	0.000	no
Southern_California_20260301	Southern_California	SRR38294803	2026-03-01	1520560926	0	0	0	0.000	no
Southern_California_20260304	Southern_California	SRR38294802	2026-03-04	2162047312	0	0	0	0.000	no
Southern_California_20260304	Southern_California	SRR39694975	2026-03-04	1547786638	0	0	0	0.000	no
Southern_California_20260308	Southern_California	SRR38294800	2026-03-08	2603711408	0	0	0	0.000	no
Southern_California_20260308	Southern_California	SRR39695247	2026-03-08	1625963392	0	0	0	0.000	no
Southern_California_20260312	Southern_California	SRR38294801	2026-03-12	2070850016	0	0	0	0.000	no
Southern_California_20260315	Southern_California	SRR38294797	2026-03-15	2261144764	0	0	0	0.000	no
Southern_California_20260318	Southern_California	SRR38294796	2026-03-18	2404603860	0	0	0	0.000	no
Southern_California_20260322	Southern_California	SRR38294795	2026-03-22	2084465904	0	0	0	0.000	no
Southern_California_20260325	Southern_California	SRR38294793	2026-03-25	1849026502	0	0	0	0.000	no
Southern_California_20260325	Southern_California	SRR39694943	2026-03-25	2604970094	0	0	0	0.000	no
Southern_California_20260329	Southern_California	SRR38294794	2026-03-29	1817496670	0	0	0	0.000	no
Southern_California_20260329	Southern_California	SRR39694941	2026-03-29	1298122542	0	0	0	0.000	no
Southern_California_20260402	Southern_California	SRR39695228	2026-04-02	2388571884	0	0	0	0.000	no
Southern_California_20260402	Southern_California	SRR39695349	2026-04-02	1353990752	0	0	0	0.000	no
Southern_California_20260405	Southern_California	SRR39695101	2026-04-05	2403074384	0	0	0	0.000	no
Southern_California_20260405	Southern_California	SRR39695348	2026-04-05	1155224528	0	0	0	0.000	no
Southern_California_20260408	Southern_California	SRR39695098	2026-04-08	1708116214	0	0	0	0.000	no
Southern_California_20260408	Southern_California	SRR39695346	2026-04-08	1520913672	0	0	0	0.000	no
Southern_California_20260412	Southern_California	SRR39695087	2026-04-12	1850119324	0	0	0	0.000	no
Southern_California_20260412	Southern_California	SRR39695345	2026-04-12	1475179442	0	0	0	0.000	no
Southern_California_20260415	Southern_California	SRR39694970	2026-04-15	1722493278	0	0	0	0.000	no
Southern_California_20260419	Southern_California	SRR39694968	2026-04-19	1631697462	0	0	0	0.000	no
Southern_California_20260422	Southern_California	SRR39694966	2026-04-22	2801156156	0	0	0	0.000	no
Southern_California_20260426	Southern_California	SRR39694965	2026-04-26	2381990090	0	0	0	0.000	no
Southern_California_20260429	Southern_California	SRR39695022	2026-04-29	2262673214	0	0	0	0.000	no
Southern_California_20260429	Southern_California	SRR39695245	2026-04-29	1153734040	0	0	0	0.000	no
Southern_California_20260503	Southern_California	SRR39695013	2026-05-03	2806814360	0	0	0	0.000	no
Southern_California_20260503	Southern_California	SRR39695243	2026-05-03	1336274544	0	0	0	0.000	no
Southern_California_20260506	Southern_California	SRR39694960	2026-05-06	2035287166	0	0	0	0.000	no
Southern_California_20260506	Southern_California	SRR39695178	2026-05-06	3188760862	0	0	0	0.000	no
Southern_California_20260510	Southern_California	SRR39694961	2026-05-10	2032924760	0	0	0	0.000	no
Southern_California_20260510	Southern_California	SRR39695003	2026-05-10	3941603550	0	0	0	0.000	no
Southern_California_20260513	Southern_California	SRR39694959	2026-05-13	2259577788	0	0	0	0.000	no
Southern_California_20260517	Southern_California	SRR39694957	2026-05-17	2177692716	0	0	0	0.000	no
Southern_California_20260520	Southern_California	SRR39694955	2026-05-20	689837820	0	0	0	0.000	no
Southern_California_20260520	Southern_California	SRR39695357	2026-05-20	2991318700	0	0	0	0.000	no
Southern_California_20260524	Southern_California	SRR39695259	2026-05-24	1378071324	0	0	0	0.000	no
Southern_California_20260524	Southern_California	SRR39695347	2026-05-24	3215044212	0	0	0	0.000	no
Southern_California_20260527	Southern_California	SRR39695248	2026-05-27	3483221818	0	0	0	0.000	no
Southern_California_20260527	Southern_California	SRR39695257	2026-05-27	2497243328	0	0	0	0.000	no
Southern_California_20260531	Southern_California	SRR39694967	2026-05-31	3183385888	0	0	0	0.000	no
Southern_California_20260531	Southern_California	SRR39695258	2026-05-31	2495024376	0	0	0	0.000	no
Southern_California_20260603	Southern_California	SRR39695244	2026-06-03	3553673586	0	0	0	0.000	no
Southern_California_20260603	Southern_California	SRR39695256	2026-06-03	1459600454	0	0	0	0.000	no
Southern_California_20260607	Southern_California	SRR39695242	2026-06-07	3297633802	0	0	0	0.000	no
Southern_California_20260607	Southern_California	SRR39695255	2026-06-07	1404008738	0	0	0	0.000	no
Southern_California_20260610	Southern_California	SRR39695140	2026-06-10	2979118144	0	0	0	0.000	no
Southern_California_20260610	Southern_California	SRR39695141	2026-06-10	2449086018	0	0	0	0.000	no
Southern_California_20260610	Southern_California	SRR39695254	2026-06-10	2174992612	0	0	0	0.000	no
Southern_California_20260614	Southern_California	SRR39695137	2026-06-14	3141715874	0	0	0	0.000	no
Southern_California_20260614	Southern_California	SRR39695138	2026-06-14	2819584408	0	0	0	0.000	no
Southern_California_20260614	Southern_California	SRR39695252	2026-06-14	2598406506	0	0	0	0.000	no
Southern_California_20260617	Southern_California	SRR39695253	2026-06-17	1941085210	0	0	0	0.000	no
Southern_California_20260619	Southern_California	SRR39695133	2026-06-19	2600633700	0	0	0	0.000	no
Southern_California_20260621	Southern_California	SRR39695132	2026-06-21	2436168122	0	0	0	0.000	no
Southern_California_20260621	Southern_California	SRR39695250	2026-06-21	1843088316	0	0	0	0.000	no
