archive_path	kind	srr	bytes	sha256
provenance/nvd_version.txt	provenance		76	c8fbc9eb50b8e5e57692a5171f6a4c0ef6dba97d226c66818af1e17c944172c4
provenance/run_command.sh	provenance		2364	6f7814e71bf8f032adbcf1616ddd95cdb21cbbad89402bc8b44df07b88da0b48
provenance/taxonomically_screened.idx	provenance		11723	cbe0ada797652d4d25941b7aca4f54ac0f555b08a2aff9c69ab5a99c4061951e
provenance/taxonomically_screened_baits.fasta	provenance		65880	cfa078bafc668430b71012ad6ed7865dbe114ef6d424e34f1f66ec51e8418453
reads/2024-03-20_DNI_0__SRR33038201.target_enriched.fastq.gz	candidate_reads	SRR33038201	20	ac73670af3abed54ac6fb4695131f4099be9fbe39d6076c5d0264a6bbdae9d83
reads/2024-03-20_DSI_0__SRR33038191.target_enriched.fastq.gz	candidate_reads	SRR33038191	20	ac73670af3abed54ac6fb4695131f4099be9fbe39d6076c5d0264a6bbdae9d83
reads/2024-09-08_CHI-A_0__SRR33038084.target_enriched.fastq.gz	candidate_reads	SRR33038084	20	ac73670af3abed54ac6fb4695131f4099be9fbe39d6076c5d0264a6bbdae9d83
reads/2024-09-08_CHI-B_0__SRR33038007.target_enriched.fastq.gz	candidate_reads	SRR33038007	20	ac73670af3abed54ac6fb4695131f4099be9fbe39d6076c5d0264a6bbdae9d83
reads/2024-09-08_CHI-D_0__SRR33038120.target_enriched.fastq.gz	candidate_reads	SRR33038120	20	ac73670af3abed54ac6fb4695131f4099be9fbe39d6076c5d0264a6bbdae9d83
reads/2024-09-11_DNI_0__SRR33038119.target_enriched.fastq.gz	candidate_reads	SRR33038119	20	ac73670af3abed54ac6fb4695131f4099be9fbe39d6076c5d0264a6bbdae9d83
reads/2024-09-11_DSI_0__SRR33038215.target_enriched.fastq.gz	candidate_reads	SRR33038215	20	ac73670af3abed54ac6fb4695131f4099be9fbe39d6076c5d0264a6bbdae9d83
reads/2024-09-15_CHI-A_0__SRR33038069.target_enriched.fastq.gz	candidate_reads	SRR33038069	20	ac73670af3abed54ac6fb4695131f4099be9fbe39d6076c5d0264a6bbdae9d83
reads/2024-09-15_CHI-B_0__SRR33038066.target_enriched.fastq.gz	candidate_reads	SRR33038066	20	ac73670af3abed54ac6fb4695131f4099be9fbe39d6076c5d0264a6bbdae9d83
reads/2024-09-15_CHI-D_0__SRR33038055.target_enriched.fastq.gz	candidate_reads	SRR33038055	20	ac73670af3abed54ac6fb4695131f4099be9fbe39d6076c5d0264a6bbdae9d83
reads/2024-09-15_CHI-D_1__SRR33038194.target_enriched.fastq.gz	candidate_reads	SRR33038194	20	ac73670af3abed54ac6fb4695131f4099be9fbe39d6076c5d0264a6bbdae9d83
reads/2024-09-22_CHI-A_0__SRR33038198.target_enriched.fastq.gz	candidate_reads	SRR33038198	20	ac73670af3abed54ac6fb4695131f4099be9fbe39d6076c5d0264a6bbdae9d83
reads/2024-09-22_CHI-D_0__SRR33038190.target_enriched.fastq.gz	candidate_reads	SRR33038190	20	ac73670af3abed54ac6fb4695131f4099be9fbe39d6076c5d0264a6bbdae9d83
reads/2024-09-23_DNI_0__SRR33038094.target_enriched.fastq.gz	candidate_reads	SRR33038094	20	ac73670af3abed54ac6fb4695131f4099be9fbe39d6076c5d0264a6bbdae9d83
reads/2024-09-23_DSI_0__SRR33038031.target_enriched.fastq.gz	candidate_reads	SRR33038031	20	ac73670af3abed54ac6fb4695131f4099be9fbe39d6076c5d0264a6bbdae9d83
reads/2024-09-29_CHI-A_0__SRR33038041.target_enriched.fastq.gz	candidate_reads	SRR33038041	20	ac73670af3abed54ac6fb4695131f4099be9fbe39d6076c5d0264a6bbdae9d83
reads/2024-09-29_CHI-D_0__SRR33038027.target_enriched.fastq.gz	candidate_reads	SRR33038027	20	ac73670af3abed54ac6fb4695131f4099be9fbe39d6076c5d0264a6bbdae9d83
reads/2024-10-02_DNI_0__SRR33038086.target_enriched.fastq.gz	candidate_reads	SRR33038086	20	ac73670af3abed54ac6fb4695131f4099be9fbe39d6076c5d0264a6bbdae9d83
reads/2024-10-02_DSI_0__SRR33038157.target_enriched.fastq.gz	candidate_reads	SRR33038157	20	ac73670af3abed54ac6fb4695131f4099be9fbe39d6076c5d0264a6bbdae9d83
reads/2024-10-06_CHI-A_0__SRR33038144.target_enriched.fastq.gz	candidate_reads	SRR33038144	20	ac73670af3abed54ac6fb4695131f4099be9fbe39d6076c5d0264a6bbdae9d83
reads/2024-10-06_CHI-D_0__SRR33038083.target_enriched.fastq.gz	candidate_reads	SRR33038083	20	ac73670af3abed54ac6fb4695131f4099be9fbe39d6076c5d0264a6bbdae9d83
reads/2024-10-13_CHI-A_0__SRR33038015.target_enriched.fastq.gz	candidate_reads	SRR33038015	20	ac73670af3abed54ac6fb4695131f4099be9fbe39d6076c5d0264a6bbdae9d83
reads/2024-10-13_CHI-B_0__SRR33038014.target_enriched.fastq.gz	candidate_reads	SRR33038014	20	ac73670af3abed54ac6fb4695131f4099be9fbe39d6076c5d0264a6bbdae9d83
reads/2024-10-13_CHI-D_0__SRR33038013.target_enriched.fastq.gz	candidate_reads	SRR33038013	20	ac73670af3abed54ac6fb4695131f4099be9fbe39d6076c5d0264a6bbdae9d83
reads/2024-10-14_CHI-C_0__SRR33038012.target_enriched.fastq.gz	candidate_reads	SRR33038012	20	ac73670af3abed54ac6fb4695131f4099be9fbe39d6076c5d0264a6bbdae9d83
reads/2024-10-16_DNI_0__SRR33038011.target_enriched.fastq.gz	candidate_reads	SRR33038011	20	ac73670af3abed54ac6fb4695131f4099be9fbe39d6076c5d0264a6bbdae9d83
reads/2024-10-16_DSI_0__SRR33038010.target_enriched.fastq.gz	candidate_reads	SRR33038010	20	ac73670af3abed54ac6fb4695131f4099be9fbe39d6076c5d0264a6bbdae9d83
reads/2024-10-21_CHI-A_0__SRR33038009.target_enriched.fastq.gz	candidate_reads	SRR33038009	20	ac73670af3abed54ac6fb4695131f4099be9fbe39d6076c5d0264a6bbdae9d83
reads/2024-10-21_CHI-B_0__SRR33038006.target_enriched.fastq.gz	candidate_reads	SRR33038006	20	ac73670af3abed54ac6fb4695131f4099be9fbe39d6076c5d0264a6bbdae9d83
reads/2024-10-21_CHI-D_0__SRR33038130.target_enriched.fastq.gz	candidate_reads	SRR33038130	20	ac73670af3abed54ac6fb4695131f4099be9fbe39d6076c5d0264a6bbdae9d83
reads/2024-10-22_DNI_0__SRR33038129.target_enriched.fastq.gz	candidate_reads	SRR33038129	20	ac73670af3abed54ac6fb4695131f4099be9fbe39d6076c5d0264a6bbdae9d83
reads/2024-10-22_DSI_0__SRR33038128.target_enriched.fastq.gz	candidate_reads	SRR33038128	20	ac73670af3abed54ac6fb4695131f4099be9fbe39d6076c5d0264a6bbdae9d83
reads/2024-10-27_CHI-A_0__SRR33038126.target_enriched.fastq.gz	candidate_reads	SRR33038126	20	ac73670af3abed54ac6fb4695131f4099be9fbe39d6076c5d0264a6bbdae9d83
reads/2024-10-27_CHI-B_0__SRR33038127.target_enriched.fastq.gz	candidate_reads	SRR33038127	20	ac73670af3abed54ac6fb4695131f4099be9fbe39d6076c5d0264a6bbdae9d83
reads/2024-10-27_CHI-D_0__SRR33038125.target_enriched.fastq.gz	candidate_reads	SRR33038125	20	ac73670af3abed54ac6fb4695131f4099be9fbe39d6076c5d0264a6bbdae9d83
reads/2024-10-27_CHI-D_1__SRR33038124.target_enriched.fastq.gz	candidate_reads	SRR33038124	20	ac73670af3abed54ac6fb4695131f4099be9fbe39d6076c5d0264a6bbdae9d83
reads/2024-11-03_CHI-A_0__SRR33038121.target_enriched.fastq.gz	candidate_reads	SRR33038121	20	ac73670af3abed54ac6fb4695131f4099be9fbe39d6076c5d0264a6bbdae9d83
reads/2024-11-03_CHI-B_0__SRR33038016.target_enriched.fastq.gz	candidate_reads	SRR33038016	20	ac73670af3abed54ac6fb4695131f4099be9fbe39d6076c5d0264a6bbdae9d83
reads/2024-11-03_CHI-D_0__SRR33038008.target_enriched.fastq.gz	candidate_reads	SRR33038008	20	ac73670af3abed54ac6fb4695131f4099be9fbe39d6076c5d0264a6bbdae9d83
reads/2024-11-03_CHI-D_1__SRR33038005.target_enriched.fastq.gz	candidate_reads	SRR33038005	20	ac73670af3abed54ac6fb4695131f4099be9fbe39d6076c5d0264a6bbdae9d83
reads/2024-11-06_DNI_0__SRR33038003.target_enriched.fastq.gz	candidate_reads	SRR33038003	20	ac73670af3abed54ac6fb4695131f4099be9fbe39d6076c5d0264a6bbdae9d83
reads/2024-11-06_DSI_0__SRR33038071.target_enriched.fastq.gz	candidate_reads	SRR33038071	20	ac73670af3abed54ac6fb4695131f4099be9fbe39d6076c5d0264a6bbdae9d83
reads/2024-11-10_CHI-A_0__SRR33038004.target_enriched.fastq.gz	candidate_reads	SRR33038004	20	ac73670af3abed54ac6fb4695131f4099be9fbe39d6076c5d0264a6bbdae9d83
reads/2024-11-10_CHI-B_0__SRR33038002.target_enriched.fastq.gz	candidate_reads	SRR33038002	20	ac73670af3abed54ac6fb4695131f4099be9fbe39d6076c5d0264a6bbdae9d83
reads/2024-11-10_CHI-D_0__SRR33038001.target_enriched.fastq.gz	candidate_reads	SRR33038001	20	ac73670af3abed54ac6fb4695131f4099be9fbe39d6076c5d0264a6bbdae9d83
reads/2024-11-10_CHI-D_1__SRR33038000.target_enriched.fastq.gz	candidate_reads	SRR33038000	20	ac73670af3abed54ac6fb4695131f4099be9fbe39d6076c5d0264a6bbdae9d83
reads/2024-11-13_DNI_0__SRR33038118.target_enriched.fastq.gz	candidate_reads	SRR33038118	20	ac73670af3abed54ac6fb4695131f4099be9fbe39d6076c5d0264a6bbdae9d83
reads/2024-11-13_DSI_0__SRR33038117.target_enriched.fastq.gz	candidate_reads	SRR33038117	20	ac73670af3abed54ac6fb4695131f4099be9fbe39d6076c5d0264a6bbdae9d83
reads/2024-11-17_CHI-A_0__SRR33038116.target_enriched.fastq.gz	candidate_reads	SRR33038116	20	ac73670af3abed54ac6fb4695131f4099be9fbe39d6076c5d0264a6bbdae9d83
reads/2024-11-17_CHI-B_0__SRR33038115.target_enriched.fastq.gz	candidate_reads	SRR33038115	20	ac73670af3abed54ac6fb4695131f4099be9fbe39d6076c5d0264a6bbdae9d83
reads/2024-11-17_CHI-D_0__SRR33038114.target_enriched.fastq.gz	candidate_reads	SRR33038114	20	ac73670af3abed54ac6fb4695131f4099be9fbe39d6076c5d0264a6bbdae9d83
reads/2024-11-17_CHI-D_1__SRR33038113.target_enriched.fastq.gz	candidate_reads	SRR33038113	20	ac73670af3abed54ac6fb4695131f4099be9fbe39d6076c5d0264a6bbdae9d83
reads/2024-11-18_CHI-C_0__SRR33038112.target_enriched.fastq.gz	candidate_reads	SRR33038112	20	ac73670af3abed54ac6fb4695131f4099be9fbe39d6076c5d0264a6bbdae9d83
reads/2024-11-19_DNI_0__SRR33037999.target_enriched.fastq.gz	candidate_reads	SRR33037999	20	ac73670af3abed54ac6fb4695131f4099be9fbe39d6076c5d0264a6bbdae9d83
reads/2024-11-19_DSI_0__SRR33038202.target_enriched.fastq.gz	candidate_reads	SRR33038202	20	ac73670af3abed54ac6fb4695131f4099be9fbe39d6076c5d0264a6bbdae9d83
reads/2024-11-24_CHI-A_0__SRR33038216.target_enriched.fastq.gz	candidate_reads	SRR33038216	20	ac73670af3abed54ac6fb4695131f4099be9fbe39d6076c5d0264a6bbdae9d83
reads/2024-11-24_CHI-B_0__SRR33038214.target_enriched.fastq.gz	candidate_reads	SRR33038214	20	ac73670af3abed54ac6fb4695131f4099be9fbe39d6076c5d0264a6bbdae9d83
reads/2024-11-24_CHI-D_0__SRR33038213.target_enriched.fastq.gz	candidate_reads	SRR33038213	20	ac73670af3abed54ac6fb4695131f4099be9fbe39d6076c5d0264a6bbdae9d83
reads/2024-11-24_CHI-D_1__SRR33038212.target_enriched.fastq.gz	candidate_reads	SRR33038212	20	ac73670af3abed54ac6fb4695131f4099be9fbe39d6076c5d0264a6bbdae9d83
reads/2024-11-25_CHI-C_0__SRR33038211.target_enriched.fastq.gz	candidate_reads	SRR33038211	20	ac73670af3abed54ac6fb4695131f4099be9fbe39d6076c5d0264a6bbdae9d83
reads/2024-11-27_DNI_0__SRR33038075.target_enriched.fastq.gz	candidate_reads	SRR33038075	20	ac73670af3abed54ac6fb4695131f4099be9fbe39d6076c5d0264a6bbdae9d83
reads/2024-11-27_DSI_0__SRR33038074.target_enriched.fastq.gz	candidate_reads	SRR33038074	20	ac73670af3abed54ac6fb4695131f4099be9fbe39d6076c5d0264a6bbdae9d83
reads/2024-12-01_CHI-A_0__SRR33038073.target_enriched.fastq.gz	candidate_reads	SRR33038073	20	ac73670af3abed54ac6fb4695131f4099be9fbe39d6076c5d0264a6bbdae9d83
reads/2024-12-01_CHI-B_0__SRR33038057.target_enriched.fastq.gz	candidate_reads	SRR33038057	20	ac73670af3abed54ac6fb4695131f4099be9fbe39d6076c5d0264a6bbdae9d83
reads/2024-12-01_CHI-D_0__SRR33038072.target_enriched.fastq.gz	candidate_reads	SRR33038072	20	ac73670af3abed54ac6fb4695131f4099be9fbe39d6076c5d0264a6bbdae9d83
reads/2024-12-01_CHI-D_1__SRR33038070.target_enriched.fastq.gz	candidate_reads	SRR33038070	20	ac73670af3abed54ac6fb4695131f4099be9fbe39d6076c5d0264a6bbdae9d83
reads/2024-12-08_CHI-A_0__SRR33038068.target_enriched.fastq.gz	candidate_reads	SRR33038068	20	ac73670af3abed54ac6fb4695131f4099be9fbe39d6076c5d0264a6bbdae9d83
reads/2024-12-08_CHI-B_0__SRR33038067.target_enriched.fastq.gz	candidate_reads	SRR33038067	20	ac73670af3abed54ac6fb4695131f4099be9fbe39d6076c5d0264a6bbdae9d83
reads/2024-12-08_CHI-D_0__SRR33038210.target_enriched.fastq.gz	candidate_reads	SRR33038210	20	ac73670af3abed54ac6fb4695131f4099be9fbe39d6076c5d0264a6bbdae9d83
reads/2024-12-08_CHI-D_1__SRR33038209.target_enriched.fastq.gz	candidate_reads	SRR33038209	20	ac73670af3abed54ac6fb4695131f4099be9fbe39d6076c5d0264a6bbdae9d83
reads/2024-12-09_CHI-C_0__SRR33038208.target_enriched.fastq.gz	candidate_reads	SRR33038208	20	ac73670af3abed54ac6fb4695131f4099be9fbe39d6076c5d0264a6bbdae9d83
reads/2024-12-09_Riverside_0__SRR33038207.target_enriched.fastq.gz	candidate_reads	SRR33038207	20	ac73670af3abed54ac6fb4695131f4099be9fbe39d6076c5d0264a6bbdae9d83
reads/2024-12-11_DNI_0__SRR33038205.target_enriched.fastq.gz	candidate_reads	SRR33038205	20	ac73670af3abed54ac6fb4695131f4099be9fbe39d6076c5d0264a6bbdae9d83
reads/2024-12-11_DNI_0__SRR33038206.target_enriched.fastq.gz	candidate_reads	SRR33038206	20	ac73670af3abed54ac6fb4695131f4099be9fbe39d6076c5d0264a6bbdae9d83
reads/2024-12-11_DSI_0__SRR33038203.target_enriched.fastq.gz	candidate_reads	SRR33038203	20	ac73670af3abed54ac6fb4695131f4099be9fbe39d6076c5d0264a6bbdae9d83
reads/2024-12-11_DSI_0__SRR33038204.target_enriched.fastq.gz	candidate_reads	SRR33038204	20	ac73670af3abed54ac6fb4695131f4099be9fbe39d6076c5d0264a6bbdae9d83
reads/2024-12-15_CHI-A_0__SRR33038064.target_enriched.fastq.gz	candidate_reads	SRR33038064	20	ac73670af3abed54ac6fb4695131f4099be9fbe39d6076c5d0264a6bbdae9d83
reads/2024-12-15_CHI-A_0__SRR33038065.target_enriched.fastq.gz	candidate_reads	SRR33038065	20	ac73670af3abed54ac6fb4695131f4099be9fbe39d6076c5d0264a6bbdae9d83
reads/2024-12-15_CHI-B_0__SRR33038062.target_enriched.fastq.gz	candidate_reads	SRR33038062	20	ac73670af3abed54ac6fb4695131f4099be9fbe39d6076c5d0264a6bbdae9d83
reads/2024-12-15_CHI-B_0__SRR33038063.target_enriched.fastq.gz	candidate_reads	SRR33038063	20	ac73670af3abed54ac6fb4695131f4099be9fbe39d6076c5d0264a6bbdae9d83
reads/2024-12-15_CHI-D_0__SRR33038060.target_enriched.fastq.gz	candidate_reads	SRR33038060	20	ac73670af3abed54ac6fb4695131f4099be9fbe39d6076c5d0264a6bbdae9d83
reads/2024-12-15_CHI-D_0__SRR33038061.target_enriched.fastq.gz	candidate_reads	SRR33038061	20	ac73670af3abed54ac6fb4695131f4099be9fbe39d6076c5d0264a6bbdae9d83
reads/2024-12-15_CHI-D_1__SRR33038058.target_enriched.fastq.gz	candidate_reads	SRR33038058	20	ac73670af3abed54ac6fb4695131f4099be9fbe39d6076c5d0264a6bbdae9d83
reads/2024-12-15_CHI-D_1__SRR33038059.target_enriched.fastq.gz	candidate_reads	SRR33038059	20	ac73670af3abed54ac6fb4695131f4099be9fbe39d6076c5d0264a6bbdae9d83
reads/2024-12-16_CHI-C_0__SRR33038056.target_enriched.fastq.gz	candidate_reads	SRR33038056	20	ac73670af3abed54ac6fb4695131f4099be9fbe39d6076c5d0264a6bbdae9d83
reads/2024-12-16_CHI-C_0__SRR33038103.target_enriched.fastq.gz	candidate_reads	SRR33038103	20	ac73670af3abed54ac6fb4695131f4099be9fbe39d6076c5d0264a6bbdae9d83
reads/2024-12-16_Riverside_0__SRR33038053.target_enriched.fastq.gz	candidate_reads	SRR33038053	20	ac73670af3abed54ac6fb4695131f4099be9fbe39d6076c5d0264a6bbdae9d83
reads/2024-12-16_Riverside_0__SRR33038054.target_enriched.fastq.gz	candidate_reads	SRR33038054	20	ac73670af3abed54ac6fb4695131f4099be9fbe39d6076c5d0264a6bbdae9d83
reads/2024-12-18_DNI_0__SRR33038110.target_enriched.fastq.gz	candidate_reads	SRR33038110	20	ac73670af3abed54ac6fb4695131f4099be9fbe39d6076c5d0264a6bbdae9d83
reads/2024-12-18_DNI_0__SRR33038111.target_enriched.fastq.gz	candidate_reads	SRR33038111	20	ac73670af3abed54ac6fb4695131f4099be9fbe39d6076c5d0264a6bbdae9d83
reads/2024-12-18_DSI_0__SRR33038108.target_enriched.fastq.gz	candidate_reads	SRR33038108	20	ac73670af3abed54ac6fb4695131f4099be9fbe39d6076c5d0264a6bbdae9d83
reads/2024-12-18_DSI_0__SRR33038109.target_enriched.fastq.gz	candidate_reads	SRR33038109	20	ac73670af3abed54ac6fb4695131f4099be9fbe39d6076c5d0264a6bbdae9d83
reads/2024-12-22_CHI-A_0__SRR33038105.target_enriched.fastq.gz	candidate_reads	SRR33038105	20	ac73670af3abed54ac6fb4695131f4099be9fbe39d6076c5d0264a6bbdae9d83
reads/2024-12-22_CHI-A_0__SRR33038107.target_enriched.fastq.gz	candidate_reads	SRR33038107	20	ac73670af3abed54ac6fb4695131f4099be9fbe39d6076c5d0264a6bbdae9d83
reads/2024-12-22_CHI-B_0__SRR33038102.target_enriched.fastq.gz	candidate_reads	SRR33038102	20	ac73670af3abed54ac6fb4695131f4099be9fbe39d6076c5d0264a6bbdae9d83
reads/2024-12-22_CHI-B_0__SRR33038106.target_enriched.fastq.gz	candidate_reads	SRR33038106	20	ac73670af3abed54ac6fb4695131f4099be9fbe39d6076c5d0264a6bbdae9d83
reads/2024-12-22_CHI-D_0__SRR33038193.target_enriched.fastq.gz	candidate_reads	SRR33038193	20	ac73670af3abed54ac6fb4695131f4099be9fbe39d6076c5d0264a6bbdae9d83
reads/2024-12-22_CHI-D_0__SRR33038196.target_enriched.fastq.gz	candidate_reads	SRR33038196	20	ac73670af3abed54ac6fb4695131f4099be9fbe39d6076c5d0264a6bbdae9d83
reads/2024-12-22_CHI-D_1__SRR33038195.target_enriched.fastq.gz	candidate_reads	SRR33038195	20	ac73670af3abed54ac6fb4695131f4099be9fbe39d6076c5d0264a6bbdae9d83
reads/2024-12-22_CHI-D_1__SRR33038197.target_enriched.fastq.gz	candidate_reads	SRR33038197	20	ac73670af3abed54ac6fb4695131f4099be9fbe39d6076c5d0264a6bbdae9d83
reads/2024-12-23_Riverside_0__SRR33037998.target_enriched.fastq.gz	candidate_reads	SRR33037998	20	ac73670af3abed54ac6fb4695131f4099be9fbe39d6076c5d0264a6bbdae9d83
reads/2024-12-23_Riverside_0__SRR33038097.target_enriched.fastq.gz	candidate_reads	SRR33038097	20	ac73670af3abed54ac6fb4695131f4099be9fbe39d6076c5d0264a6bbdae9d83
reads/2024-12-26_DNI_0__SRR33038098.target_enriched.fastq.gz	candidate_reads	SRR33038098	20	ac73670af3abed54ac6fb4695131f4099be9fbe39d6076c5d0264a6bbdae9d83
reads/2024-12-26_DNI_0__SRR33038099.target_enriched.fastq.gz	candidate_reads	SRR33038099	20	ac73670af3abed54ac6fb4695131f4099be9fbe39d6076c5d0264a6bbdae9d83
reads/2024-12-26_DSI_0__SRR33038101.target_enriched.fastq.gz	candidate_reads	SRR33038101	20	ac73670af3abed54ac6fb4695131f4099be9fbe39d6076c5d0264a6bbdae9d83
reads/2024-12-26_DSI_0__SRR33038104.target_enriched.fastq.gz	candidate_reads	SRR33038104	20	ac73670af3abed54ac6fb4695131f4099be9fbe39d6076c5d0264a6bbdae9d83
reads/2024-12-29_CHI-A_0__SRR33038181.target_enriched.fastq.gz	candidate_reads	SRR33038181	20	ac73670af3abed54ac6fb4695131f4099be9fbe39d6076c5d0264a6bbdae9d83
reads/2024-12-29_CHI-A_0__SRR33038199.target_enriched.fastq.gz	candidate_reads	SRR33038199	20	ac73670af3abed54ac6fb4695131f4099be9fbe39d6076c5d0264a6bbdae9d83
reads/2024-12-29_CHI-B_0__SRR33038184.target_enriched.fastq.gz	candidate_reads	SRR33038184	20	ac73670af3abed54ac6fb4695131f4099be9fbe39d6076c5d0264a6bbdae9d83
reads/2024-12-29_CHI-B_0__SRR33038200.target_enriched.fastq.gz	candidate_reads	SRR33038200	20	ac73670af3abed54ac6fb4695131f4099be9fbe39d6076c5d0264a6bbdae9d83
reads/2024-12-29_CHI-D_0__SRR33038183.target_enriched.fastq.gz	candidate_reads	SRR33038183	20	ac73670af3abed54ac6fb4695131f4099be9fbe39d6076c5d0264a6bbdae9d83
reads/2024-12-29_CHI-D_0__SRR33038186.target_enriched.fastq.gz	candidate_reads	SRR33038186	20	ac73670af3abed54ac6fb4695131f4099be9fbe39d6076c5d0264a6bbdae9d83
reads/2024-12-29_CHI-D_1__SRR33038185.target_enriched.fastq.gz	candidate_reads	SRR33038185	20	ac73670af3abed54ac6fb4695131f4099be9fbe39d6076c5d0264a6bbdae9d83
reads/2024-12-29_CHI-D_1__SRR33038187.target_enriched.fastq.gz	candidate_reads	SRR33038187	20	ac73670af3abed54ac6fb4695131f4099be9fbe39d6076c5d0264a6bbdae9d83
reads/2024-12-29_Riverside_0__SRR33038188.target_enriched.fastq.gz	candidate_reads	SRR33038188	20	ac73670af3abed54ac6fb4695131f4099be9fbe39d6076c5d0264a6bbdae9d83
reads/2024-12-29_Riverside_0__SRR33038189.target_enriched.fastq.gz	candidate_reads	SRR33038189	20	ac73670af3abed54ac6fb4695131f4099be9fbe39d6076c5d0264a6bbdae9d83
reads/2024-12-30_CHI-C_0__SRR33038182.target_enriched.fastq.gz	candidate_reads	SRR33038182	20	ac73670af3abed54ac6fb4695131f4099be9fbe39d6076c5d0264a6bbdae9d83
reads/2024-12-30_CHI-C_0__SRR33038192.target_enriched.fastq.gz	candidate_reads	SRR33038192	20	ac73670af3abed54ac6fb4695131f4099be9fbe39d6076c5d0264a6bbdae9d83
reads/2025-01-02_DNI_0__SRR33038178.target_enriched.fastq.gz	candidate_reads	SRR33038178	20	ac73670af3abed54ac6fb4695131f4099be9fbe39d6076c5d0264a6bbdae9d83
reads/2025-01-02_DNI_0__SRR33038180.target_enriched.fastq.gz	candidate_reads	SRR33038180	20	ac73670af3abed54ac6fb4695131f4099be9fbe39d6076c5d0264a6bbdae9d83
reads/2025-01-02_DSI_0__SRR33038095.target_enriched.fastq.gz	candidate_reads	SRR33038095	20	ac73670af3abed54ac6fb4695131f4099be9fbe39d6076c5d0264a6bbdae9d83
reads/2025-01-02_DSI_0__SRR33038096.target_enriched.fastq.gz	candidate_reads	SRR33038096	20	ac73670af3abed54ac6fb4695131f4099be9fbe39d6076c5d0264a6bbdae9d83
reads/2025-01-05_CHI-A_0__SRR33038044.target_enriched.fastq.gz	candidate_reads	SRR33038044	20	ac73670af3abed54ac6fb4695131f4099be9fbe39d6076c5d0264a6bbdae9d83
reads/2025-01-05_CHI-A_0__SRR33038046.target_enriched.fastq.gz	candidate_reads	SRR33038046	20	ac73670af3abed54ac6fb4695131f4099be9fbe39d6076c5d0264a6bbdae9d83
reads/2025-01-05_CHI-B_0__SRR33038042.target_enriched.fastq.gz	candidate_reads	SRR33038042	20	ac73670af3abed54ac6fb4695131f4099be9fbe39d6076c5d0264a6bbdae9d83
reads/2025-01-05_CHI-B_0__SRR33038045.target_enriched.fastq.gz	candidate_reads	SRR33038045	20	ac73670af3abed54ac6fb4695131f4099be9fbe39d6076c5d0264a6bbdae9d83
reads/2025-01-05_CHI-D_0__SRR33038092.target_enriched.fastq.gz	candidate_reads	SRR33038092	20	ac73670af3abed54ac6fb4695131f4099be9fbe39d6076c5d0264a6bbdae9d83
reads/2025-01-05_CHI-D_0__SRR33038177.target_enriched.fastq.gz	candidate_reads	SRR33038177	20	ac73670af3abed54ac6fb4695131f4099be9fbe39d6076c5d0264a6bbdae9d83
reads/2025-01-05_CHI-D_1__SRR33038175.target_enriched.fastq.gz	candidate_reads	SRR33038175	20	ac73670af3abed54ac6fb4695131f4099be9fbe39d6076c5d0264a6bbdae9d83
reads/2025-01-05_CHI-D_1__SRR33038176.target_enriched.fastq.gz	candidate_reads	SRR33038176	20	ac73670af3abed54ac6fb4695131f4099be9fbe39d6076c5d0264a6bbdae9d83
reads/2025-01-06_CHI-C_0__SRR33038173.target_enriched.fastq.gz	candidate_reads	SRR33038173	20	ac73670af3abed54ac6fb4695131f4099be9fbe39d6076c5d0264a6bbdae9d83
reads/2025-01-06_CHI-C_0__SRR33038174.target_enriched.fastq.gz	candidate_reads	SRR33038174	20	ac73670af3abed54ac6fb4695131f4099be9fbe39d6076c5d0264a6bbdae9d83
reads/2025-01-06_Riverside_0__SRR33038171.target_enriched.fastq.gz	candidate_reads	SRR33038171	20	ac73670af3abed54ac6fb4695131f4099be9fbe39d6076c5d0264a6bbdae9d83
reads/2025-01-06_Riverside_0__SRR33038172.target_enriched.fastq.gz	candidate_reads	SRR33038172	20	ac73670af3abed54ac6fb4695131f4099be9fbe39d6076c5d0264a6bbdae9d83
reads/2025-01-08_DNI_0__SRR33038032.target_enriched.fastq.gz	candidate_reads	SRR33038032	20	ac73670af3abed54ac6fb4695131f4099be9fbe39d6076c5d0264a6bbdae9d83
reads/2025-01-08_DNI_0__SRR33038170.target_enriched.fastq.gz	candidate_reads	SRR33038170	20	ac73670af3abed54ac6fb4695131f4099be9fbe39d6076c5d0264a6bbdae9d83
reads/2025-01-08_DSI_0__SRR33038168.target_enriched.fastq.gz	candidate_reads	SRR33038168	20	ac73670af3abed54ac6fb4695131f4099be9fbe39d6076c5d0264a6bbdae9d83
reads/2025-01-08_DSI_0__SRR33038169.target_enriched.fastq.gz	candidate_reads	SRR33038169	20	ac73670af3abed54ac6fb4695131f4099be9fbe39d6076c5d0264a6bbdae9d83
reads/2025-01-12_CHI-A_0__SRR33038167.target_enriched.fastq.gz	candidate_reads	SRR33038167	20	ac73670af3abed54ac6fb4695131f4099be9fbe39d6076c5d0264a6bbdae9d83
reads/2025-01-12_CHI-B_0__SRR33038050.target_enriched.fastq.gz	candidate_reads	SRR33038050	20	ac73670af3abed54ac6fb4695131f4099be9fbe39d6076c5d0264a6bbdae9d83
reads/2025-01-12_CHI-D_0__SRR33038052.target_enriched.fastq.gz	candidate_reads	SRR33038052	20	ac73670af3abed54ac6fb4695131f4099be9fbe39d6076c5d0264a6bbdae9d83
reads/2025-01-12_CHI-D_1__SRR33038049.target_enriched.fastq.gz	candidate_reads	SRR33038049	20	ac73670af3abed54ac6fb4695131f4099be9fbe39d6076c5d0264a6bbdae9d83
reads/2025-01-13_CHI-C_0__SRR33038048.target_enriched.fastq.gz	candidate_reads	SRR33038048	20	ac73670af3abed54ac6fb4695131f4099be9fbe39d6076c5d0264a6bbdae9d83
reads/2025-01-13_Riverside_0__SRR33038047.target_enriched.fastq.gz	candidate_reads	SRR33038047	20	ac73670af3abed54ac6fb4695131f4099be9fbe39d6076c5d0264a6bbdae9d83
reads/2025-01-15_DNI_0__SRR33038089.target_enriched.fastq.gz	candidate_reads	SRR33038089	20	ac73670af3abed54ac6fb4695131f4099be9fbe39d6076c5d0264a6bbdae9d83
reads/2025-01-15_DSI_0__SRR33038043.target_enriched.fastq.gz	candidate_reads	SRR33038043	20	ac73670af3abed54ac6fb4695131f4099be9fbe39d6076c5d0264a6bbdae9d83
reads/2025-01-19_CHI-A_0__SRR33038040.target_enriched.fastq.gz	candidate_reads	SRR33038040	20	ac73670af3abed54ac6fb4695131f4099be9fbe39d6076c5d0264a6bbdae9d83
reads/2025-01-19_CHI-B_0__SRR33038039.target_enriched.fastq.gz	candidate_reads	SRR33038039	20	ac73670af3abed54ac6fb4695131f4099be9fbe39d6076c5d0264a6bbdae9d83
reads/2025-01-19_CHI-D_0__SRR33038038.target_enriched.fastq.gz	candidate_reads	SRR33038038	20	ac73670af3abed54ac6fb4695131f4099be9fbe39d6076c5d0264a6bbdae9d83
reads/2025-01-19_CHI-D_1__SRR33038037.target_enriched.fastq.gz	candidate_reads	SRR33038037	20	ac73670af3abed54ac6fb4695131f4099be9fbe39d6076c5d0264a6bbdae9d83
reads/2025-01-20_Riverside_0__SRR33038036.target_enriched.fastq.gz	candidate_reads	SRR33038036	20	ac73670af3abed54ac6fb4695131f4099be9fbe39d6076c5d0264a6bbdae9d83
reads/2025-01-22_DNI_0__SRR33038035.target_enriched.fastq.gz	candidate_reads	SRR33038035	20	ac73670af3abed54ac6fb4695131f4099be9fbe39d6076c5d0264a6bbdae9d83
reads/2025-01-22_DSI_0__SRR33038034.target_enriched.fastq.gz	candidate_reads	SRR33038034	20	ac73670af3abed54ac6fb4695131f4099be9fbe39d6076c5d0264a6bbdae9d83
reads/2025-01-26_CHI-A_0__SRR33038033.target_enriched.fastq.gz	candidate_reads	SRR33038033	20	ac73670af3abed54ac6fb4695131f4099be9fbe39d6076c5d0264a6bbdae9d83
reads/2025-01-26_CHI-B_0__SRR33038028.target_enriched.fastq.gz	candidate_reads	SRR33038028	20	ac73670af3abed54ac6fb4695131f4099be9fbe39d6076c5d0264a6bbdae9d83
reads/2025-01-26_CHI-D_0__SRR33038030.target_enriched.fastq.gz	candidate_reads	SRR33038030	20	ac73670af3abed54ac6fb4695131f4099be9fbe39d6076c5d0264a6bbdae9d83
reads/2025-01-26_CHI-D_1__SRR33038026.target_enriched.fastq.gz	candidate_reads	SRR33038026	20	ac73670af3abed54ac6fb4695131f4099be9fbe39d6076c5d0264a6bbdae9d83
reads/2025-01-27_Riverside_0__SRR33038025.target_enriched.fastq.gz	candidate_reads	SRR33038025	20	ac73670af3abed54ac6fb4695131f4099be9fbe39d6076c5d0264a6bbdae9d83
reads/2025-01-29_DNI_0__SRR33038093.target_enriched.fastq.gz	candidate_reads	SRR33038093	20	ac73670af3abed54ac6fb4695131f4099be9fbe39d6076c5d0264a6bbdae9d83
reads/2025-01-29_DSI_0__SRR33038091.target_enriched.fastq.gz	candidate_reads	SRR33038091	20	ac73670af3abed54ac6fb4695131f4099be9fbe39d6076c5d0264a6bbdae9d83
reads/2025-02-02_CHI-A_0__SRR33038090.target_enriched.fastq.gz	candidate_reads	SRR33038090	20	ac73670af3abed54ac6fb4695131f4099be9fbe39d6076c5d0264a6bbdae9d83
reads/2025-02-02_CHI-B_0__SRR33038088.target_enriched.fastq.gz	candidate_reads	SRR33038088	20	ac73670af3abed54ac6fb4695131f4099be9fbe39d6076c5d0264a6bbdae9d83
reads/2025-02-02_CHI-C_0__SRR33038148.target_enriched.fastq.gz	candidate_reads	SRR33038148	20	ac73670af3abed54ac6fb4695131f4099be9fbe39d6076c5d0264a6bbdae9d83
reads/2025-02-02_CHI-D_0__SRR33038147.target_enriched.fastq.gz	candidate_reads	SRR33038147	20	ac73670af3abed54ac6fb4695131f4099be9fbe39d6076c5d0264a6bbdae9d83
reads/2025-02-02_CHI-D_1__SRR33038146.target_enriched.fastq.gz	candidate_reads	SRR33038146	20	ac73670af3abed54ac6fb4695131f4099be9fbe39d6076c5d0264a6bbdae9d83
reads/2025-02-03_Riverside_0__SRR33038087.target_enriched.fastq.gz	candidate_reads	SRR33038087	20	ac73670af3abed54ac6fb4695131f4099be9fbe39d6076c5d0264a6bbdae9d83
reads/2025-02-05_DNI_0__SRR33038085.target_enriched.fastq.gz	candidate_reads	SRR33038085	20	ac73670af3abed54ac6fb4695131f4099be9fbe39d6076c5d0264a6bbdae9d83
reads/2025-02-05_DSI_0__SRR33038166.target_enriched.fastq.gz	candidate_reads	SRR33038166	20	ac73670af3abed54ac6fb4695131f4099be9fbe39d6076c5d0264a6bbdae9d83
reads/2025-02-09_CHI-D_0__SRR33038165.target_enriched.fastq.gz	candidate_reads	SRR33038165	20	ac73670af3abed54ac6fb4695131f4099be9fbe39d6076c5d0264a6bbdae9d83
reads/2025-02-09_CHI-D_1__SRR33038164.target_enriched.fastq.gz	candidate_reads	SRR33038164	20	ac73670af3abed54ac6fb4695131f4099be9fbe39d6076c5d0264a6bbdae9d83
reads/2025-02-10_CHI-A_0__SRR33038163.target_enriched.fastq.gz	candidate_reads	SRR33038163	20	ac73670af3abed54ac6fb4695131f4099be9fbe39d6076c5d0264a6bbdae9d83
reads/2025-02-10_CHI-C_0__SRR33038162.target_enriched.fastq.gz	candidate_reads	SRR33038162	20	ac73670af3abed54ac6fb4695131f4099be9fbe39d6076c5d0264a6bbdae9d83
reads/2025-02-10_Riverside_0__SRR33038161.target_enriched.fastq.gz	candidate_reads	SRR33038161	20	ac73670af3abed54ac6fb4695131f4099be9fbe39d6076c5d0264a6bbdae9d83
reads/2025-02-12_DNI_0__SRR33038160.target_enriched.fastq.gz	candidate_reads	SRR33038160	20	ac73670af3abed54ac6fb4695131f4099be9fbe39d6076c5d0264a6bbdae9d83
reads/2025-02-12_DSI_0__SRR33038159.target_enriched.fastq.gz	candidate_reads	SRR33038159	20	ac73670af3abed54ac6fb4695131f4099be9fbe39d6076c5d0264a6bbdae9d83
reads/2025-02-17_CHI-A_0__SRR33038158.target_enriched.fastq.gz	candidate_reads	SRR33038158	20	ac73670af3abed54ac6fb4695131f4099be9fbe39d6076c5d0264a6bbdae9d83
reads/2025-02-17_CHI-B_0__SRR33038156.target_enriched.fastq.gz	candidate_reads	SRR33038156	20	ac73670af3abed54ac6fb4695131f4099be9fbe39d6076c5d0264a6bbdae9d83
reads/2025-02-17_CHI-D_0__SRR33038153.target_enriched.fastq.gz	candidate_reads	SRR33038153	20	ac73670af3abed54ac6fb4695131f4099be9fbe39d6076c5d0264a6bbdae9d83
reads/2025-02-17_CHI-D_1__SRR33038155.target_enriched.fastq.gz	candidate_reads	SRR33038155	20	ac73670af3abed54ac6fb4695131f4099be9fbe39d6076c5d0264a6bbdae9d83
reads/2025-02-17_Riverside_0__SRR33038152.target_enriched.fastq.gz	candidate_reads	SRR33038152	20	ac73670af3abed54ac6fb4695131f4099be9fbe39d6076c5d0264a6bbdae9d83
reads/2025-02-19_DNI_0__SRR33038151.target_enriched.fastq.gz	candidate_reads	SRR33038151	20	ac73670af3abed54ac6fb4695131f4099be9fbe39d6076c5d0264a6bbdae9d83
reads/2025-02-19_DSI_0__SRR33038150.target_enriched.fastq.gz	candidate_reads	SRR33038150	20	ac73670af3abed54ac6fb4695131f4099be9fbe39d6076c5d0264a6bbdae9d83
reads/2025-02-20_CHI-C_0__SRR33038149.target_enriched.fastq.gz	candidate_reads	SRR33038149	20	ac73670af3abed54ac6fb4695131f4099be9fbe39d6076c5d0264a6bbdae9d83
reads/2025-02-23_CHI-A_0__SRR33038076.target_enriched.fastq.gz	candidate_reads	SRR33038076	20	ac73670af3abed54ac6fb4695131f4099be9fbe39d6076c5d0264a6bbdae9d83
reads/2025-02-23_CHI-B_0__SRR33038141.target_enriched.fastq.gz	candidate_reads	SRR33038141	20	ac73670af3abed54ac6fb4695131f4099be9fbe39d6076c5d0264a6bbdae9d83
reads/2025-02-23_CHI-D_0__SRR33038145.target_enriched.fastq.gz	candidate_reads	SRR33038145	20	ac73670af3abed54ac6fb4695131f4099be9fbe39d6076c5d0264a6bbdae9d83
reads/2025-02-23_CHI-D_1__SRR33038143.target_enriched.fastq.gz	candidate_reads	SRR33038143	20	ac73670af3abed54ac6fb4695131f4099be9fbe39d6076c5d0264a6bbdae9d83
reads/2025-02-24_Riverside_0__SRR33038142.target_enriched.fastq.gz	candidate_reads	SRR33038142	20	ac73670af3abed54ac6fb4695131f4099be9fbe39d6076c5d0264a6bbdae9d83
reads/2025-02-26_DNI_0__SRR33038024.target_enriched.fastq.gz	candidate_reads	SRR33038024	20	ac73670af3abed54ac6fb4695131f4099be9fbe39d6076c5d0264a6bbdae9d83
reads/2025-02-26_DSI_0__SRR33038023.target_enriched.fastq.gz	candidate_reads	SRR33038023	20	ac73670af3abed54ac6fb4695131f4099be9fbe39d6076c5d0264a6bbdae9d83
reads/2025-03-02_CHI-A_0__SRR33038022.target_enriched.fastq.gz	candidate_reads	SRR33038022	20	ac73670af3abed54ac6fb4695131f4099be9fbe39d6076c5d0264a6bbdae9d83
reads/2025-03-02_CHI-D_0__SRR33038021.target_enriched.fastq.gz	candidate_reads	SRR33038021	20	ac73670af3abed54ac6fb4695131f4099be9fbe39d6076c5d0264a6bbdae9d83
reads/2025-03-02_CHI-D_1__SRR33038020.target_enriched.fastq.gz	candidate_reads	SRR33038020	20	ac73670af3abed54ac6fb4695131f4099be9fbe39d6076c5d0264a6bbdae9d83
reads/2025-03-03_CHI-B_0__SRR33038019.target_enriched.fastq.gz	candidate_reads	SRR33038019	20	ac73670af3abed54ac6fb4695131f4099be9fbe39d6076c5d0264a6bbdae9d83
reads/2025-03-03_CHI-C_0__SRR33038018.target_enriched.fastq.gz	candidate_reads	SRR33038018	20	ac73670af3abed54ac6fb4695131f4099be9fbe39d6076c5d0264a6bbdae9d83
reads/2025-03-03_Riverside_0__SRR33038017.target_enriched.fastq.gz	candidate_reads	SRR33038017	20	ac73670af3abed54ac6fb4695131f4099be9fbe39d6076c5d0264a6bbdae9d83
reads/2025-03-05_DNI_0__SRR33038082.target_enriched.fastq.gz	candidate_reads	SRR33038082	20	ac73670af3abed54ac6fb4695131f4099be9fbe39d6076c5d0264a6bbdae9d83
reads/2025-03-05_DSI_0__SRR33038081.target_enriched.fastq.gz	candidate_reads	SRR33038081	20	ac73670af3abed54ac6fb4695131f4099be9fbe39d6076c5d0264a6bbdae9d83
reads/2025-03-06_Riverside_0__SRR33038079.target_enriched.fastq.gz	candidate_reads	SRR33038079	20	ac73670af3abed54ac6fb4695131f4099be9fbe39d6076c5d0264a6bbdae9d83
reads/2025-03-09_CHI-A_0__SRR33038078.target_enriched.fastq.gz	candidate_reads	SRR33038078	20	ac73670af3abed54ac6fb4695131f4099be9fbe39d6076c5d0264a6bbdae9d83
reads/2025-03-09_CHI-B_0__SRR33038077.target_enriched.fastq.gz	candidate_reads	SRR33038077	20	ac73670af3abed54ac6fb4695131f4099be9fbe39d6076c5d0264a6bbdae9d83
reads/2025-03-09_CHI-D_0__SRR33038134.target_enriched.fastq.gz	candidate_reads	SRR33038134	20	ac73670af3abed54ac6fb4695131f4099be9fbe39d6076c5d0264a6bbdae9d83
reads/2025-03-09_CHI-D_1__SRR33038133.target_enriched.fastq.gz	candidate_reads	SRR33038133	20	ac73670af3abed54ac6fb4695131f4099be9fbe39d6076c5d0264a6bbdae9d83
reads/2025-03-10_CHI-C_0__SRR33038132.target_enriched.fastq.gz	candidate_reads	SRR33038132	20	ac73670af3abed54ac6fb4695131f4099be9fbe39d6076c5d0264a6bbdae9d83
reads/2025-03-10_Riverside_0__SRR33038131.target_enriched.fastq.gz	candidate_reads	SRR33038131	20	ac73670af3abed54ac6fb4695131f4099be9fbe39d6076c5d0264a6bbdae9d83
reads/2025-03-12_DNI_0__SRR33038139.target_enriched.fastq.gz	candidate_reads	SRR33038139	20	ac73670af3abed54ac6fb4695131f4099be9fbe39d6076c5d0264a6bbdae9d83
reads/2025-03-12_DSI_0__SRR33038137.target_enriched.fastq.gz	candidate_reads	SRR33038137	20	ac73670af3abed54ac6fb4695131f4099be9fbe39d6076c5d0264a6bbdae9d83
reads/CARiverside_20250313__SRR35931385.target_enriched.fastq.gz	candidate_reads	SRR35931385	20	ac73670af3abed54ac6fb4695131f4099be9fbe39d6076c5d0264a6bbdae9d83
reads/CARiverside_20250317__SRR35931357.target_enriched.fastq.gz	candidate_reads	SRR35931357	20	ac73670af3abed54ac6fb4695131f4099be9fbe39d6076c5d0264a6bbdae9d83
reads/CARiverside_20250320__SRR35931384.target_enriched.fastq.gz	candidate_reads	SRR35931384	20	ac73670af3abed54ac6fb4695131f4099be9fbe39d6076c5d0264a6bbdae9d83
reads/CARiverside_20250324__SRR35931354.target_enriched.fastq.gz	candidate_reads	SRR35931354	20	ac73670af3abed54ac6fb4695131f4099be9fbe39d6076c5d0264a6bbdae9d83
reads/CARiverside_20250327__SRR35931341.target_enriched.fastq.gz	candidate_reads	SRR35931341	20	ac73670af3abed54ac6fb4695131f4099be9fbe39d6076c5d0264a6bbdae9d83
reads/CARiverside_20250331__SRR35931333.target_enriched.fastq.gz	candidate_reads	SRR35931333	20	ac73670af3abed54ac6fb4695131f4099be9fbe39d6076c5d0264a6bbdae9d83
reads/CARiverside_20250403__SRR35931365.target_enriched.fastq.gz	candidate_reads	SRR35931365	20	ac73670af3abed54ac6fb4695131f4099be9fbe39d6076c5d0264a6bbdae9d83
reads/CARiverside_20250407__SRR35931361.target_enriched.fastq.gz	candidate_reads	SRR35931361	20	ac73670af3abed54ac6fb4695131f4099be9fbe39d6076c5d0264a6bbdae9d83
reads/CARiverside_20250410__SRR35931344.target_enriched.fastq.gz	candidate_reads	SRR35931344	20	ac73670af3abed54ac6fb4695131f4099be9fbe39d6076c5d0264a6bbdae9d83
reads/CARiverside_20250414__SRR35931342.target_enriched.fastq.gz	candidate_reads	SRR35931342	20	ac73670af3abed54ac6fb4695131f4099be9fbe39d6076c5d0264a6bbdae9d83
reads/CARiverside_20250417__SRR35931358.target_enriched.fastq.gz	candidate_reads	SRR35931358	20	ac73670af3abed54ac6fb4695131f4099be9fbe39d6076c5d0264a6bbdae9d83
reads/CARiverside_20250421__SRR35931359.target_enriched.fastq.gz	candidate_reads	SRR35931359	20	ac73670af3abed54ac6fb4695131f4099be9fbe39d6076c5d0264a6bbdae9d83
reads/CARiverside_20250428__SRR35931360.target_enriched.fastq.gz	candidate_reads	SRR35931360	20	ac73670af3abed54ac6fb4695131f4099be9fbe39d6076c5d0264a6bbdae9d83
reads/CARiverside_20250429__SRR35931377.target_enriched.fastq.gz	candidate_reads	SRR35931377	20	ac73670af3abed54ac6fb4695131f4099be9fbe39d6076c5d0264a6bbdae9d83
reads/CARiverside_20250505__SRR35931379.target_enriched.fastq.gz	candidate_reads	SRR35931379	20	ac73670af3abed54ac6fb4695131f4099be9fbe39d6076c5d0264a6bbdae9d83
reads/CARiverside_20250508__SRR35931380.target_enriched.fastq.gz	candidate_reads	SRR35931380	20	ac73670af3abed54ac6fb4695131f4099be9fbe39d6076c5d0264a6bbdae9d83
reads/CARiverside_20250512__SRR35931381.target_enriched.fastq.gz	candidate_reads	SRR35931381	20	ac73670af3abed54ac6fb4695131f4099be9fbe39d6076c5d0264a6bbdae9d83
reads/CARiverside_20250515__SRR35931382.target_enriched.fastq.gz	candidate_reads	SRR35931382	20	ac73670af3abed54ac6fb4695131f4099be9fbe39d6076c5d0264a6bbdae9d83
reads/CARiverside_20250519__SRR35931383.target_enriched.fastq.gz	candidate_reads	SRR35931383	20	ac73670af3abed54ac6fb4695131f4099be9fbe39d6076c5d0264a6bbdae9d83
reads/CARiverside_20250522__SRR35931352.target_enriched.fastq.gz	candidate_reads	SRR35931352	20	ac73670af3abed54ac6fb4695131f4099be9fbe39d6076c5d0264a6bbdae9d83
reads/CARiverside_20250526__SRR35931369.target_enriched.fastq.gz	candidate_reads	SRR35931369	20	ac73670af3abed54ac6fb4695131f4099be9fbe39d6076c5d0264a6bbdae9d83
reads/CARiverside_20250529__SRR35931370.target_enriched.fastq.gz	candidate_reads	SRR35931370	318	f3d3d16746f3c25bad1385d2381219027cfe86e1c74eab5668710e60895ff37b
reads/CARiverside_20250602__SRR35931371.target_enriched.fastq.gz	candidate_reads	SRR35931371	20	ac73670af3abed54ac6fb4695131f4099be9fbe39d6076c5d0264a6bbdae9d83
reads/CARiverside_20250605__SRR35931372.target_enriched.fastq.gz	candidate_reads	SRR35931372	20	ac73670af3abed54ac6fb4695131f4099be9fbe39d6076c5d0264a6bbdae9d83
reads/CARiverside_20250609__SRR35931373.target_enriched.fastq.gz	candidate_reads	SRR35931373	20	ac73670af3abed54ac6fb4695131f4099be9fbe39d6076c5d0264a6bbdae9d83
reads/CARiverside_20250612__SRR35931374.target_enriched.fastq.gz	candidate_reads	SRR35931374	20	ac73670af3abed54ac6fb4695131f4099be9fbe39d6076c5d0264a6bbdae9d83
reads/CARiverside_20250616__SRR35931375.target_enriched.fastq.gz	candidate_reads	SRR35931375	2293	6531c720734192040f4a6fe28a65f9020e370299678eda44d9a722622c3d7349
reads/CARiverside_20250619__SRR35931376.target_enriched.fastq.gz	candidate_reads	SRR35931376	7226	134667ded0a4c28aacbd7a43f8ab69ee9c5959cdd038ce1f1a4af76123809267
reads/CARiverside_20250623__SRR35931353.target_enriched.fastq.gz	candidate_reads	SRR35931353	20	ac73670af3abed54ac6fb4695131f4099be9fbe39d6076c5d0264a6bbdae9d83
reads/CARiverside_20250626__SRR35931355.target_enriched.fastq.gz	candidate_reads	SRR35931355	20	ac73670af3abed54ac6fb4695131f4099be9fbe39d6076c5d0264a6bbdae9d83
reads/CARiverside_20250630__SRR35931356.target_enriched.fastq.gz	candidate_reads	SRR35931356	20	ac73670af3abed54ac6fb4695131f4099be9fbe39d6076c5d0264a6bbdae9d83
reads/CARiverside_20250703__SRR35931351.target_enriched.fastq.gz	candidate_reads	SRR35931351	20	ac73670af3abed54ac6fb4695131f4099be9fbe39d6076c5d0264a6bbdae9d83
reads/CARiverside_20250707__SRR35931350.target_enriched.fastq.gz	candidate_reads	SRR35931350	20	ac73670af3abed54ac6fb4695131f4099be9fbe39d6076c5d0264a6bbdae9d83
reads/CARiverside_20250710__SRR35931349.target_enriched.fastq.gz	candidate_reads	SRR35931349	20	ac73670af3abed54ac6fb4695131f4099be9fbe39d6076c5d0264a6bbdae9d83
reads/CARiverside_20250714__SRR35931348.target_enriched.fastq.gz	candidate_reads	SRR35931348	20	ac73670af3abed54ac6fb4695131f4099be9fbe39d6076c5d0264a6bbdae9d83
reads/CARiverside_20250717__SRR35931347.target_enriched.fastq.gz	candidate_reads	SRR35931347	20	ac73670af3abed54ac6fb4695131f4099be9fbe39d6076c5d0264a6bbdae9d83
reads/CARiverside_20250721__SRR35931346.target_enriched.fastq.gz	candidate_reads	SRR35931346	2033	b5cdc21d4fb5db7afdce1118f477109333dc6d2401c77da1c3d4aa4416724c99
reads/CASPER-250423-FL_Miami-R1-A1_illumina_part_1__SRR36995871.target_enriched.fastq.gz	candidate_reads	SRR36995871	20	ac73670af3abed54ac6fb4695131f4099be9fbe39d6076c5d0264a6bbdae9d83
reads/CASPER-250423-FL_Miami-R1-A1_illumina_part_1__SRR36995878.target_enriched.fastq.gz	candidate_reads	SRR36995878	20	ac73670af3abed54ac6fb4695131f4099be9fbe39d6076c5d0264a6bbdae9d83
reads/CASPER-250423-FL_Miami-R1-A1_illumina_part_1__SRR36995879.target_enriched.fastq.gz	candidate_reads	SRR36995879	20	ac73670af3abed54ac6fb4695131f4099be9fbe39d6076c5d0264a6bbdae9d83
reads/CASPER-250423-MA_Boston_DITPN-R1-A1_illumina_part_1__SRR37367529.target_enriched.fastq.gz	candidate_reads	SRR37367529	20	ac73670af3abed54ac6fb4695131f4099be9fbe39d6076c5d0264a6bbdae9d83
reads/CASPER-250423-MA_Boston_DITPN-R1-A1_illumina_part_1__SRR37367671.target_enriched.fastq.gz	candidate_reads	SRR37367671	20	ac73670af3abed54ac6fb4695131f4099be9fbe39d6076c5d0264a6bbdae9d83
reads/CASPER-250423-MA_Boston_DITPN-R1-A1_illumina_part_1__SRR37367672.target_enriched.fastq.gz	candidate_reads	SRR37367672	20	ac73670af3abed54ac6fb4695131f4099be9fbe39d6076c5d0264a6bbdae9d83
reads/CASPER-250423-MA_Boston_DITPS-R1-A1_illumina_part_1__SRR37367562.target_enriched.fastq.gz	candidate_reads	SRR37367562	20	ac73670af3abed54ac6fb4695131f4099be9fbe39d6076c5d0264a6bbdae9d83
reads/CASPER-250423-MA_Boston_DITPS-R1-A1_illumina_part_1__SRR37367595.target_enriched.fastq.gz	candidate_reads	SRR37367595	20	ac73670af3abed54ac6fb4695131f4099be9fbe39d6076c5d0264a6bbdae9d83
reads/CASPER-250423-MA_Boston_DITPS-R1-A1_illumina_part_1__SRR37367628.target_enriched.fastq.gz	candidate_reads	SRR37367628	20	ac73670af3abed54ac6fb4695131f4099be9fbe39d6076c5d0264a6bbdae9d83
reads/CASPER-250429-FL_Miami-R1-A1_illumina__SRR36995857.target_enriched.fastq.gz	candidate_reads	SRR36995857	20	ac73670af3abed54ac6fb4695131f4099be9fbe39d6076c5d0264a6bbdae9d83
reads/CASPER-250430-MA_Boston_DITPN-R1-A1_illumina__SRR37367586.target_enriched.fastq.gz	candidate_reads	SRR37367586	20	ac73670af3abed54ac6fb4695131f4099be9fbe39d6076c5d0264a6bbdae9d83
reads/CASPER-250430-MA_Boston_DITPS-R1-A1_illumina__SRR37367521.target_enriched.fastq.gz	candidate_reads	SRR37367521	20	ac73670af3abed54ac6fb4695131f4099be9fbe39d6076c5d0264a6bbdae9d83
reads/CASPER-250506-FL_Miami-R1-A1_illumina_part_1__SRR36995843.target_enriched.fastq.gz	candidate_reads	SRR36995843	20	ac73670af3abed54ac6fb4695131f4099be9fbe39d6076c5d0264a6bbdae9d83
reads/CASPER-250506-FL_Miami-R1-A1_illumina_part_1__SRR36995845.target_enriched.fastq.gz	candidate_reads	SRR36995845	20	ac73670af3abed54ac6fb4695131f4099be9fbe39d6076c5d0264a6bbdae9d83
reads/CASPER-250507-MA_Boston_DITPN-R1-A1_illumina__SRR37367551.target_enriched.fastq.gz	candidate_reads	SRR37367551	20	ac73670af3abed54ac6fb4695131f4099be9fbe39d6076c5d0264a6bbdae9d83
reads/CASPER-250507-MA_Boston_DITPS-R1-A1_illumina__SRR37367626.target_enriched.fastq.gz	candidate_reads	SRR37367626	20	ac73670af3abed54ac6fb4695131f4099be9fbe39d6076c5d0264a6bbdae9d83
reads/CASPER-250513-FL_Miami-R1-A1_illumina__SRR36995842.target_enriched.fastq.gz	candidate_reads	SRR36995842	271	205d4fc683268e63921c6068ab32f3df6be45590455488da506ce72a99fbc6f4
reads/CASPER-250514-MA_Boston_DITPN-R1-A1_illumina__SRR37367670.target_enriched.fastq.gz	candidate_reads	SRR37367670	20	ac73670af3abed54ac6fb4695131f4099be9fbe39d6076c5d0264a6bbdae9d83
reads/CASPER-250514-MA_Boston_DITPS-R1-A1_illumina__SRR37367659.target_enriched.fastq.gz	candidate_reads	SRR37367659	20	ac73670af3abed54ac6fb4695131f4099be9fbe39d6076c5d0264a6bbdae9d83
reads/CASPER-250520-FL_Miami-R1-A1_illumina__SRR36995841.target_enriched.fastq.gz	candidate_reads	SRR36995841	20	ac73670af3abed54ac6fb4695131f4099be9fbe39d6076c5d0264a6bbdae9d83
reads/CASPER-250521-MA_Boston_DITPN-R1-A1_illumina__SRR37367619.target_enriched.fastq.gz	candidate_reads	SRR37367619	20	ac73670af3abed54ac6fb4695131f4099be9fbe39d6076c5d0264a6bbdae9d83
reads/CASPER-250521-MA_Boston_DITPS-R1-A1_illumina__SRR37367611.target_enriched.fastq.gz	candidate_reads	SRR37367611	20	ac73670af3abed54ac6fb4695131f4099be9fbe39d6076c5d0264a6bbdae9d83
reads/CASPER-250527-FL_Miami-R1-A1_illumina__SRR36995840.target_enriched.fastq.gz	candidate_reads	SRR36995840	20	ac73670af3abed54ac6fb4695131f4099be9fbe39d6076c5d0264a6bbdae9d83
reads/CASPER-250528-MA_Boston_DITPN-R1-A1_illumina__SRR37367576.target_enriched.fastq.gz	candidate_reads	SRR37367576	20	ac73670af3abed54ac6fb4695131f4099be9fbe39d6076c5d0264a6bbdae9d83
reads/CASPER-250528-MA_Boston_DITPS-R1-A1_illumina__SRR37367543.target_enriched.fastq.gz	candidate_reads	SRR37367543	20	ac73670af3abed54ac6fb4695131f4099be9fbe39d6076c5d0264a6bbdae9d83
reads/CASPER-250603-FL_Miami-R1-A1_illumina__SRR36995839.target_enriched.fastq.gz	candidate_reads	SRR36995839	20	ac73670af3abed54ac6fb4695131f4099be9fbe39d6076c5d0264a6bbdae9d83
reads/CASPER-250604-MA_Boston_DITPN-R1-A1_illumina__SRR37367534.target_enriched.fastq.gz	candidate_reads	SRR37367534	20	ac73670af3abed54ac6fb4695131f4099be9fbe39d6076c5d0264a6bbdae9d83
reads/CASPER-250604-MA_Boston_DITPS-R1-A1_illumina__SRR37367533.target_enriched.fastq.gz	candidate_reads	SRR37367533	20	ac73670af3abed54ac6fb4695131f4099be9fbe39d6076c5d0264a6bbdae9d83
reads/CASPER-250610-FL_Miami-R1-A1_illumina__SRR36995877.target_enriched.fastq.gz	candidate_reads	SRR36995877	20	ac73670af3abed54ac6fb4695131f4099be9fbe39d6076c5d0264a6bbdae9d83
reads/CASPER-250611-MA_Boston_DITPN-R1-A1_illumina__SRR37367532.target_enriched.fastq.gz	candidate_reads	SRR37367532	20	ac73670af3abed54ac6fb4695131f4099be9fbe39d6076c5d0264a6bbdae9d83
reads/CASPER-250611-MA_Boston_DITPS-R1-A1_illumina__SRR37367531.target_enriched.fastq.gz	candidate_reads	SRR37367531	20	ac73670af3abed54ac6fb4695131f4099be9fbe39d6076c5d0264a6bbdae9d83
reads/CASPER-250617-FL_Miami-R1-A1_illumina__SRR36995876.target_enriched.fastq.gz	candidate_reads	SRR36995876	20	ac73670af3abed54ac6fb4695131f4099be9fbe39d6076c5d0264a6bbdae9d83
reads/CASPER-250618-MA_Boston_DITPN-R1-A1_illumina__SRR37367652.target_enriched.fastq.gz	candidate_reads	SRR37367652	20	ac73670af3abed54ac6fb4695131f4099be9fbe39d6076c5d0264a6bbdae9d83
reads/CASPER-250618-MA_Boston_DITPS-R1-A1_illumina__SRR37367651.target_enriched.fastq.gz	candidate_reads	SRR37367651	20	ac73670af3abed54ac6fb4695131f4099be9fbe39d6076c5d0264a6bbdae9d83
reads/CASPER-250624-FL_Miami-R1-A1_illumina__SRR36995875.target_enriched.fastq.gz	candidate_reads	SRR36995875	20	ac73670af3abed54ac6fb4695131f4099be9fbe39d6076c5d0264a6bbdae9d83
reads/CASPER-250625-MA_Boston_DITPN-R1-A1_illumina__SRR37367650.target_enriched.fastq.gz	candidate_reads	SRR37367650	20	ac73670af3abed54ac6fb4695131f4099be9fbe39d6076c5d0264a6bbdae9d83
reads/CASPER-250625-MA_Boston_DITPS-R1-A1_illumina__SRR37367649.target_enriched.fastq.gz	candidate_reads	SRR37367649	20	ac73670af3abed54ac6fb4695131f4099be9fbe39d6076c5d0264a6bbdae9d83
reads/CASPER-250701-FL_Miami-R1-A1_illumina__SRR36995864.target_enriched.fastq.gz	candidate_reads	SRR36995864	20	ac73670af3abed54ac6fb4695131f4099be9fbe39d6076c5d0264a6bbdae9d83
reads/CASPER-250702-MA_Boston_DITPN-R1-A1_illumina__SRR37367648.target_enriched.fastq.gz	candidate_reads	SRR37367648	20	ac73670af3abed54ac6fb4695131f4099be9fbe39d6076c5d0264a6bbdae9d83
reads/CASPER-250702-MA_Boston_DITPS-R1-A1_illumina__SRR37367647.target_enriched.fastq.gz	candidate_reads	SRR37367647	20	ac73670af3abed54ac6fb4695131f4099be9fbe39d6076c5d0264a6bbdae9d83
reads/CASPER-250708-FL_Miami-R1-A2_illumina__SRR36995865.target_enriched.fastq.gz	candidate_reads	SRR36995865	20	ac73670af3abed54ac6fb4695131f4099be9fbe39d6076c5d0264a6bbdae9d83
reads/CASPER-250709-MA_Boston_DITPN-R1-A1_illumina__SRR37367646.target_enriched.fastq.gz	candidate_reads	SRR37367646	20	ac73670af3abed54ac6fb4695131f4099be9fbe39d6076c5d0264a6bbdae9d83
reads/CASPER-250709-MA_Boston_DITPS-R1-A1_illumina__SRR37367645.target_enriched.fastq.gz	candidate_reads	SRR37367645	20	ac73670af3abed54ac6fb4695131f4099be9fbe39d6076c5d0264a6bbdae9d83
reads/CASPER-250715-FL_Miami-R1-A2_illumina__SRR36995866.target_enriched.fastq.gz	candidate_reads	SRR36995866	20	ac73670af3abed54ac6fb4695131f4099be9fbe39d6076c5d0264a6bbdae9d83
reads/CASPER-250716-MA_Boston_DITPN-R1-A2_illumina__SRR37367644.target_enriched.fastq.gz	candidate_reads	SRR37367644	2228	f6d578b58dded846d3255e20d4f0e3051a84306a709a2d5205e4789564a50acd
reads/CASPER-250716-MA_Boston_DITPS-R1-A2_illumina__SRR37367643.target_enriched.fastq.gz	candidate_reads	SRR37367643	20	ac73670af3abed54ac6fb4695131f4099be9fbe39d6076c5d0264a6bbdae9d83
reads/CASPER-250722-FL_Miami-R1-A1_illumina__SRR36995867.target_enriched.fastq.gz	candidate_reads	SRR36995867	20	ac73670af3abed54ac6fb4695131f4099be9fbe39d6076c5d0264a6bbdae9d83
reads/CASPER-250723-MA_Boston_DITPN-R1-A1_illumina__SRR37367639.target_enriched.fastq.gz	candidate_reads	SRR37367639	20	ac73670af3abed54ac6fb4695131f4099be9fbe39d6076c5d0264a6bbdae9d83
reads/CASPER-250723-MA_Boston_DITPS-R1-A1_illumina__SRR37367638.target_enriched.fastq.gz	candidate_reads	SRR37367638	20	ac73670af3abed54ac6fb4695131f4099be9fbe39d6076c5d0264a6bbdae9d83
reads/CASPER-250729-FL_Miami-R1-A1_illumina__SRR36995868.target_enriched.fastq.gz	candidate_reads	SRR36995868	20	ac73670af3abed54ac6fb4695131f4099be9fbe39d6076c5d0264a6bbdae9d83
reads/CASPER-250730-MA_Boston_DITPN-R1-A1_illumina__SRR37367637.target_enriched.fastq.gz	candidate_reads	SRR37367637	20	ac73670af3abed54ac6fb4695131f4099be9fbe39d6076c5d0264a6bbdae9d83
reads/CASPER-250730-MA_Boston_DITPS-R1-A1_illumina__SRR37367636.target_enriched.fastq.gz	candidate_reads	SRR37367636	20	ac73670af3abed54ac6fb4695131f4099be9fbe39d6076c5d0264a6bbdae9d83
reads/CASPER-250805-FL_Miami-R1-A1_illumina__SRR36995869.target_enriched.fastq.gz	candidate_reads	SRR36995869	20	ac73670af3abed54ac6fb4695131f4099be9fbe39d6076c5d0264a6bbdae9d83
reads/CASPER-250806-MA_Boston_DITPN-R1-A1_illumina__SRR37367635.target_enriched.fastq.gz	candidate_reads	SRR37367635	20	ac73670af3abed54ac6fb4695131f4099be9fbe39d6076c5d0264a6bbdae9d83
reads/CASPER-250806-MA_Boston_DITPS-R1-A1_illumina__SRR37367634.target_enriched.fastq.gz	candidate_reads	SRR37367634	20	ac73670af3abed54ac6fb4695131f4099be9fbe39d6076c5d0264a6bbdae9d83
reads/CASPER-250812-FL_Miami-R1-A1_illumina__SRR36995870.target_enriched.fastq.gz	candidate_reads	SRR36995870	20	ac73670af3abed54ac6fb4695131f4099be9fbe39d6076c5d0264a6bbdae9d83
reads/CASPER-250813-MA_Boston_DITPN-R1-A1_illumina__SRR37367633.target_enriched.fastq.gz	candidate_reads	SRR37367633	794	88d4f8cbf6ce8e3e0509f7329a0a669c850906be2e081e5b3d94af3a4f1a56e4
reads/CASPER-250813-MA_Boston_DITPS-R1-A1_illumina__SRR37367632.target_enriched.fastq.gz	candidate_reads	SRR37367632	20	ac73670af3abed54ac6fb4695131f4099be9fbe39d6076c5d0264a6bbdae9d83
reads/CASPER-250819-FL_Miami-R1-A1_illumina__SRR36995872.target_enriched.fastq.gz	candidate_reads	SRR36995872	20	ac73670af3abed54ac6fb4695131f4099be9fbe39d6076c5d0264a6bbdae9d83
reads/CASPER-250820-MA_Boston_DITPN-R1-A1_illumina__SRR37367631.target_enriched.fastq.gz	candidate_reads	SRR37367631	1026	838012e3e25584262a78481d8e12c702f33af64c7d935f393648770e6ee13164
reads/CASPER-250820-MA_Boston_DITPS-R1-A1_illumina__SRR37367630.target_enriched.fastq.gz	candidate_reads	SRR37367630	20	ac73670af3abed54ac6fb4695131f4099be9fbe39d6076c5d0264a6bbdae9d83
reads/CASPER-250826-FL_Miami-R1-A1_illumina__SRR36995873.target_enriched.fastq.gz	candidate_reads	SRR36995873	20	ac73670af3abed54ac6fb4695131f4099be9fbe39d6076c5d0264a6bbdae9d83
reads/CASPER-250827-MA_Boston_DITPN-R1-A1_illumina__SRR37367605.target_enriched.fastq.gz	candidate_reads	SRR37367605	20	ac73670af3abed54ac6fb4695131f4099be9fbe39d6076c5d0264a6bbdae9d83
reads/CASPER-250827-MA_Boston_DITPS-R1-A1_illumina__SRR37367604.target_enriched.fastq.gz	candidate_reads	SRR37367604	20	ac73670af3abed54ac6fb4695131f4099be9fbe39d6076c5d0264a6bbdae9d83
reads/CASPER-250902-FL_Miami-R1-A1_illumina__SRR36995874.target_enriched.fastq.gz	candidate_reads	SRR36995874	20	ac73670af3abed54ac6fb4695131f4099be9fbe39d6076c5d0264a6bbdae9d83
reads/CASPER-250903-MA_Boston_DITPN-R1-A1_illumina__SRR37367603.target_enriched.fastq.gz	candidate_reads	SRR37367603	295	51ffdbede8c9a46d34ecf3ef8b5e60d41591a16e363662513f49c66ace6d80b5
reads/CASPER-250903-MA_Boston_DITPS-R1-A1_illumina__SRR37367602.target_enriched.fastq.gz	candidate_reads	SRR37367602	20	ac73670af3abed54ac6fb4695131f4099be9fbe39d6076c5d0264a6bbdae9d83
reads/CASPER-250909-FL_Miami-R1-A1_illumina__SRR36995850.target_enriched.fastq.gz	candidate_reads	SRR36995850	20	ac73670af3abed54ac6fb4695131f4099be9fbe39d6076c5d0264a6bbdae9d83
reads/CASPER-250910-MA_Boston_DITPN-R1-A1_illumina__SRR37367601.target_enriched.fastq.gz	candidate_reads	SRR37367601	20	ac73670af3abed54ac6fb4695131f4099be9fbe39d6076c5d0264a6bbdae9d83
reads/CASPER-250910-MA_Boston_DITPS-R1-A1_illumina__SRR37367600.target_enriched.fastq.gz	candidate_reads	SRR37367600	20	ac73670af3abed54ac6fb4695131f4099be9fbe39d6076c5d0264a6bbdae9d83
reads/CASPER-250916-FL_Miami-R1-A1_illumina__SRR36995851.target_enriched.fastq.gz	candidate_reads	SRR36995851	20	ac73670af3abed54ac6fb4695131f4099be9fbe39d6076c5d0264a6bbdae9d83
reads/CASPER-250917-MA_Boston_DITPN-R1-A1_illumina__SRR37367599.target_enriched.fastq.gz	candidate_reads	SRR37367599	20	ac73670af3abed54ac6fb4695131f4099be9fbe39d6076c5d0264a6bbdae9d83
reads/CASPER-250917-MA_Boston_DITPS-R1-A1_illumina__SRR37367598.target_enriched.fastq.gz	candidate_reads	SRR37367598	20	ac73670af3abed54ac6fb4695131f4099be9fbe39d6076c5d0264a6bbdae9d83
reads/CASPER-250923-FL_Miami-R1-A1_illumina__SRR36995852.target_enriched.fastq.gz	candidate_reads	SRR36995852	20	ac73670af3abed54ac6fb4695131f4099be9fbe39d6076c5d0264a6bbdae9d83
reads/CASPER-250924-MA_Boston_DITPN-R1-A1_illumina__SRR37367597.target_enriched.fastq.gz	candidate_reads	SRR37367597	20	ac73670af3abed54ac6fb4695131f4099be9fbe39d6076c5d0264a6bbdae9d83
reads/CASPER-250924-MA_Boston_DITPS-R1-A1_illumina__SRR37367596.target_enriched.fastq.gz	candidate_reads	SRR37367596	20	ac73670af3abed54ac6fb4695131f4099be9fbe39d6076c5d0264a6bbdae9d83
reads/CASPER-250930-FL_Miami-R1-A1_illumina__SRR36995853.target_enriched.fastq.gz	candidate_reads	SRR36995853	20	ac73670af3abed54ac6fb4695131f4099be9fbe39d6076c5d0264a6bbdae9d83
reads/CASPER-251001-MA_Boston_DITPN-R1-A1_illumina__SRR37367561.target_enriched.fastq.gz	candidate_reads	SRR37367561	20	ac73670af3abed54ac6fb4695131f4099be9fbe39d6076c5d0264a6bbdae9d83
reads/CASPER-251001-MA_Boston_DITPS-R1-A1_illumina__SRR37367560.target_enriched.fastq.gz	candidate_reads	SRR37367560	20	ac73670af3abed54ac6fb4695131f4099be9fbe39d6076c5d0264a6bbdae9d83
reads/CASPER-251007-FL_Miami-R1-A1_illumina__SRR36995854.target_enriched.fastq.gz	candidate_reads	SRR36995854	20	ac73670af3abed54ac6fb4695131f4099be9fbe39d6076c5d0264a6bbdae9d83
reads/CASPER-251008-MA_Boston_DITPN-R1-A1_illumina__SRR37367594.target_enriched.fastq.gz	candidate_reads	SRR37367594	20	ac73670af3abed54ac6fb4695131f4099be9fbe39d6076c5d0264a6bbdae9d83
reads/CASPER-251008-MA_Boston_DITPS-R1-A1_illumina__SRR37367593.target_enriched.fastq.gz	candidate_reads	SRR37367593	20	ac73670af3abed54ac6fb4695131f4099be9fbe39d6076c5d0264a6bbdae9d83
reads/CASPER-251014-FL_Miami-R1-A1_illumina__SRR36995855.target_enriched.fastq.gz	candidate_reads	SRR36995855	20	ac73670af3abed54ac6fb4695131f4099be9fbe39d6076c5d0264a6bbdae9d83
reads/CASPER-251015-MA_Boston_DITPN-R1-A1_illumina__SRR37367592.target_enriched.fastq.gz	candidate_reads	SRR37367592	20	ac73670af3abed54ac6fb4695131f4099be9fbe39d6076c5d0264a6bbdae9d83
reads/CASPER-251015-MA_Boston_DITPS-R1-A1_illumina__SRR37367591.target_enriched.fastq.gz	candidate_reads	SRR37367591	20	ac73670af3abed54ac6fb4695131f4099be9fbe39d6076c5d0264a6bbdae9d83
reads/CASPER-251021-FL_Miami-R1-A1_illumina__SRR36995856.target_enriched.fastq.gz	candidate_reads	SRR36995856	20	ac73670af3abed54ac6fb4695131f4099be9fbe39d6076c5d0264a6bbdae9d83
reads/CASPER-251022-MA_Boston_DITPN-R1-A1_illumina__SRR37367590.target_enriched.fastq.gz	candidate_reads	SRR37367590	20	ac73670af3abed54ac6fb4695131f4099be9fbe39d6076c5d0264a6bbdae9d83
reads/CASPER-251022-MA_Boston_DITPS-R1-A1_illumina__SRR37367589.target_enriched.fastq.gz	candidate_reads	SRR37367589	20	ac73670af3abed54ac6fb4695131f4099be9fbe39d6076c5d0264a6bbdae9d83
reads/CASPER-251028-FL_Miami-R1-A1_illumina__SRR36995858.target_enriched.fastq.gz	candidate_reads	SRR36995858	20	ac73670af3abed54ac6fb4695131f4099be9fbe39d6076c5d0264a6bbdae9d83
reads/CASPER-251029-MA_Boston_DITPN-R1-A1_illumina__SRR37367588.target_enriched.fastq.gz	candidate_reads	SRR37367588	20	ac73670af3abed54ac6fb4695131f4099be9fbe39d6076c5d0264a6bbdae9d83
reads/CASPER-251029-MA_Boston_DITPS-R1-A1_illumina__SRR37367587.target_enriched.fastq.gz	candidate_reads	SRR37367587	20	ac73670af3abed54ac6fb4695131f4099be9fbe39d6076c5d0264a6bbdae9d83
reads/CASPER-251104-FL_Miami-R1-A1_illumina__SRR36995859.target_enriched.fastq.gz	candidate_reads	SRR36995859	20	ac73670af3abed54ac6fb4695131f4099be9fbe39d6076c5d0264a6bbdae9d83
reads/CASPER-251105-MA_Boston_DITPN-R1-A1_illumina__SRR37367585.target_enriched.fastq.gz	candidate_reads	SRR37367585	20	ac73670af3abed54ac6fb4695131f4099be9fbe39d6076c5d0264a6bbdae9d83
reads/CASPER-251105-MA_Boston_DITPS-R1-A1_illumina__SRR37367584.target_enriched.fastq.gz	candidate_reads	SRR37367584	20	ac73670af3abed54ac6fb4695131f4099be9fbe39d6076c5d0264a6bbdae9d83
reads/CASPER-251111-FL_Miami-R1-A1_illumina_True__SRR37367571.target_enriched.fastq.gz	candidate_reads	SRR37367571	20	ac73670af3abed54ac6fb4695131f4099be9fbe39d6076c5d0264a6bbdae9d83
reads/CASPER-251112-MA_Boston_DITPN-R1-A1_illumina_True__SRR37367569.target_enriched.fastq.gz	candidate_reads	SRR37367569	20	ac73670af3abed54ac6fb4695131f4099be9fbe39d6076c5d0264a6bbdae9d83
reads/CASPER-251112-MA_Boston_DITPS-R1-A1_illumina_True__SRR37367568.target_enriched.fastq.gz	candidate_reads	SRR37367568	20	ac73670af3abed54ac6fb4695131f4099be9fbe39d6076c5d0264a6bbdae9d83
reads/CASPER-251118-FL_Miami-R1-A1_illumina__SRR36995860.target_enriched.fastq.gz	candidate_reads	SRR36995860	20	ac73670af3abed54ac6fb4695131f4099be9fbe39d6076c5d0264a6bbdae9d83
reads/CASPER-251119-MA_Boston_DITPN-R1-A1_illumina__SRR37367567.target_enriched.fastq.gz	candidate_reads	SRR37367567	20	ac73670af3abed54ac6fb4695131f4099be9fbe39d6076c5d0264a6bbdae9d83
reads/CASPER-251119-MA_Boston_DITPS-R1-A1_illumina__SRR37367566.target_enriched.fastq.gz	candidate_reads	SRR37367566	20	ac73670af3abed54ac6fb4695131f4099be9fbe39d6076c5d0264a6bbdae9d83
reads/CASPER-251125-FL_Miami-R1-A1_illumina__SRR36995861.target_enriched.fastq.gz	candidate_reads	SRR36995861	20	ac73670af3abed54ac6fb4695131f4099be9fbe39d6076c5d0264a6bbdae9d83
reads/CASPER-251126-MA_Boston_DITPN-R1-A1_illumina__SRR37367565.target_enriched.fastq.gz	candidate_reads	SRR37367565	20	ac73670af3abed54ac6fb4695131f4099be9fbe39d6076c5d0264a6bbdae9d83
reads/CASPER-251126-MA_Boston_DITPS-R1-A1_illumina__SRR37367564.target_enriched.fastq.gz	candidate_reads	SRR37367564	20	ac73670af3abed54ac6fb4695131f4099be9fbe39d6076c5d0264a6bbdae9d83
reads/CASPER-251202-FL_Miami-R1-A1_illumina__SRR36995862.target_enriched.fastq.gz	candidate_reads	SRR36995862	20	ac73670af3abed54ac6fb4695131f4099be9fbe39d6076c5d0264a6bbdae9d83
reads/CASPER-251203-MA_Boston_DITPN-R1-A1_illumina__SRR37367563.target_enriched.fastq.gz	candidate_reads	SRR37367563	20	ac73670af3abed54ac6fb4695131f4099be9fbe39d6076c5d0264a6bbdae9d83
reads/CASPER-251203-MA_Boston_DITPS-R1-A1_illumina__SRR37367520.target_enriched.fastq.gz	candidate_reads	SRR37367520	20	ac73670af3abed54ac6fb4695131f4099be9fbe39d6076c5d0264a6bbdae9d83
reads/CASPER-251209-FL_Miami-R1-A1_illumina__SRR37181174.target_enriched.fastq.gz	candidate_reads	SRR37181174	20	ac73670af3abed54ac6fb4695131f4099be9fbe39d6076c5d0264a6bbdae9d83
reads/CASPER-251210-MA_Boston_DITPN-R1-A1_illumina__SRR37367519.target_enriched.fastq.gz	candidate_reads	SRR37367519	20	ac73670af3abed54ac6fb4695131f4099be9fbe39d6076c5d0264a6bbdae9d83
reads/CASPER-251210-MA_Boston_DITPS-R1-A1_illumina__SRR37367559.target_enriched.fastq.gz	candidate_reads	SRR37367559	20	ac73670af3abed54ac6fb4695131f4099be9fbe39d6076c5d0264a6bbdae9d83
reads/CASPER-251217-MA_Boston_DITPN-R1-A1_illumina__SRR37367558.target_enriched.fastq.gz	candidate_reads	SRR37367558	20	ac73670af3abed54ac6fb4695131f4099be9fbe39d6076c5d0264a6bbdae9d83
reads/CASPER-251217-MA_Boston_DITPS-R1-A1_illumina__SRR37367557.target_enriched.fastq.gz	candidate_reads	SRR37367557	20	ac73670af3abed54ac6fb4695131f4099be9fbe39d6076c5d0264a6bbdae9d83
reads/CASPER-251222-FL_Miami-R1_illumina__SRR37181173.target_enriched.fastq.gz	candidate_reads	SRR37181173	20	ac73670af3abed54ac6fb4695131f4099be9fbe39d6076c5d0264a6bbdae9d83
reads/CASPER-251223-MA_Boston_DITPN-R1_illumina__SRR37367556.target_enriched.fastq.gz	candidate_reads	SRR37367556	20	ac73670af3abed54ac6fb4695131f4099be9fbe39d6076c5d0264a6bbdae9d83
reads/CASPER-251223-MA_Boston_DITPS-R1_illumina__SRR37367555.target_enriched.fastq.gz	candidate_reads	SRR37367555	20	ac73670af3abed54ac6fb4695131f4099be9fbe39d6076c5d0264a6bbdae9d83
reads/CASPER-251229-FL_Miami-R1-A1_illumina__SRR37181162.target_enriched.fastq.gz	candidate_reads	SRR37181162	20	ac73670af3abed54ac6fb4695131f4099be9fbe39d6076c5d0264a6bbdae9d83
reads/CASPER-251230-MA_Boston_DITPN-R1-A1_illumina__SRR37367554.target_enriched.fastq.gz	candidate_reads	SRR37367554	20	ac73670af3abed54ac6fb4695131f4099be9fbe39d6076c5d0264a6bbdae9d83
reads/CASPER-251230-MA_Boston_DITPS-R1-A1_illumina__SRR37367553.target_enriched.fastq.gz	candidate_reads	SRR37367553	20	ac73670af3abed54ac6fb4695131f4099be9fbe39d6076c5d0264a6bbdae9d83
reads/CASPER-260104-Southern_California-R1-A1__SRR38294733.target_enriched.fastq.gz	candidate_reads	SRR38294733	20	ac73670af3abed54ac6fb4695131f4099be9fbe39d6076c5d0264a6bbdae9d83
reads/CASPER-260105-FL_Miami-R1-A1__SRR38294689.target_enriched.fastq.gz	candidate_reads	SRR38294689	20	ac73670af3abed54ac6fb4695131f4099be9fbe39d6076c5d0264a6bbdae9d83
reads/CASPER-260105-FL_Miami-R1-A1__SRR38294732.target_enriched.fastq.gz	candidate_reads	SRR38294732	20	ac73670af3abed54ac6fb4695131f4099be9fbe39d6076c5d0264a6bbdae9d83
reads/CASPER-260107-MA_Boston_DITPN-R1-A1__SRR38294924.target_enriched.fastq.gz	candidate_reads	SRR38294924	20	ac73670af3abed54ac6fb4695131f4099be9fbe39d6076c5d0264a6bbdae9d83
reads/CASPER-260107-MA_Boston_DITPS-R1-A1__SRR38294799.target_enriched.fastq.gz	candidate_reads	SRR38294799	20	ac73670af3abed54ac6fb4695131f4099be9fbe39d6076c5d0264a6bbdae9d83
reads/CASPER-260112-FL_Miami-R1-A1__SRR38294966.target_enriched.fastq.gz	candidate_reads	SRR38294966	20	ac73670af3abed54ac6fb4695131f4099be9fbe39d6076c5d0264a6bbdae9d83
reads/CASPER-260112-FL_Miami-R1-A1__SRR38294980.target_enriched.fastq.gz	candidate_reads	SRR38294980	20	ac73670af3abed54ac6fb4695131f4099be9fbe39d6076c5d0264a6bbdae9d83
reads/CASPER-260114-MA_Boston_DITPN-R1-A1__SRR38294667.target_enriched.fastq.gz	candidate_reads	SRR38294667	20	ac73670af3abed54ac6fb4695131f4099be9fbe39d6076c5d0264a6bbdae9d83
reads/CASPER-260114-MA_Boston_DITPS-R1-A1__SRR38294956.target_enriched.fastq.gz	candidate_reads	SRR38294956	20	ac73670af3abed54ac6fb4695131f4099be9fbe39d6076c5d0264a6bbdae9d83
reads/CASPER-260114-Southern_California-R1-A1__SRR38294891.target_enriched.fastq.gz	candidate_reads	SRR38294891	20	ac73670af3abed54ac6fb4695131f4099be9fbe39d6076c5d0264a6bbdae9d83
reads/CASPER-260118-Southern_California-R1-A1__SRR38294734.target_enriched.fastq.gz	candidate_reads	SRR38294734	20	ac73670af3abed54ac6fb4695131f4099be9fbe39d6076c5d0264a6bbdae9d83
reads/CASPER-260119-FL_Miami-R1-A1__SRR38294720.target_enriched.fastq.gz	candidate_reads	SRR38294720	20	ac73670af3abed54ac6fb4695131f4099be9fbe39d6076c5d0264a6bbdae9d83
reads/CASPER-260121-MA_Boston_DITPN-R1-A1__SRR38294731.target_enriched.fastq.gz	candidate_reads	SRR38294731	20	ac73670af3abed54ac6fb4695131f4099be9fbe39d6076c5d0264a6bbdae9d83
reads/CASPER-260121-MA_Boston_DITPS-R1-A1__SRR38294762.target_enriched.fastq.gz	candidate_reads	SRR38294762	20	ac73670af3abed54ac6fb4695131f4099be9fbe39d6076c5d0264a6bbdae9d83
reads/CASPER-260121-Southern_California-R1-A1__SRR38294773.target_enriched.fastq.gz	candidate_reads	SRR38294773	20	ac73670af3abed54ac6fb4695131f4099be9fbe39d6076c5d0264a6bbdae9d83
reads/CASPER-260125-Southern_California-R1-A1__SRR38294764.target_enriched.fastq.gz	candidate_reads	SRR38294764	20	ac73670af3abed54ac6fb4695131f4099be9fbe39d6076c5d0264a6bbdae9d83
reads/CASPER-260126-FL_Miami-R1-A1__SRR38294706.target_enriched.fastq.gz	candidate_reads	SRR38294706	20	ac73670af3abed54ac6fb4695131f4099be9fbe39d6076c5d0264a6bbdae9d83
reads/CASPER-260128-MA_Boston_DITPN-R1-A1__SRR38294941.target_enriched.fastq.gz	candidate_reads	SRR38294941	20	ac73670af3abed54ac6fb4695131f4099be9fbe39d6076c5d0264a6bbdae9d83
reads/CASPER-260128-MA_Boston_DITPS-R1-A1__SRR38294695.target_enriched.fastq.gz	candidate_reads	SRR38294695	20	ac73670af3abed54ac6fb4695131f4099be9fbe39d6076c5d0264a6bbdae9d83
reads/CASPER-260128-Southern_California-R1-A1__SRR38294755.target_enriched.fastq.gz	candidate_reads	SRR38294755	20	ac73670af3abed54ac6fb4695131f4099be9fbe39d6076c5d0264a6bbdae9d83
reads/CASPER-260201-Southern_California-R1-A1__SRR38294687.target_enriched.fastq.gz	candidate_reads	SRR38294687	20	ac73670af3abed54ac6fb4695131f4099be9fbe39d6076c5d0264a6bbdae9d83
reads/CASPER-260202-FL_Miami-R1-A1__SRR38294678.target_enriched.fastq.gz	candidate_reads	SRR38294678	20	ac73670af3abed54ac6fb4695131f4099be9fbe39d6076c5d0264a6bbdae9d83
reads/CASPER-260204-MA_Boston_DITPN-R1-A1__SRR38294639.target_enriched.fastq.gz	candidate_reads	SRR38294639	20	ac73670af3abed54ac6fb4695131f4099be9fbe39d6076c5d0264a6bbdae9d83
reads/CASPER-260204-MA_Boston_DITPS-R1-A1__SRR38294628.target_enriched.fastq.gz	candidate_reads	SRR38294628	20	ac73670af3abed54ac6fb4695131f4099be9fbe39d6076c5d0264a6bbdae9d83
reads/CASPER-260204-Southern_California-R1-A2__SRR39695076.target_enriched.fastq.gz	candidate_reads	SRR39695076	20	ac73670af3abed54ac6fb4695131f4099be9fbe39d6076c5d0264a6bbdae9d83
reads/CASPER-260208-Southern_California-R1-A2__SRR39695075.target_enriched.fastq.gz	candidate_reads	SRR39695075	20	ac73670af3abed54ac6fb4695131f4099be9fbe39d6076c5d0264a6bbdae9d83
reads/CASPER-260209-FL_Miami-R1-A2__SRR39695047.target_enriched.fastq.gz	candidate_reads	SRR39695047	20	ac73670af3abed54ac6fb4695131f4099be9fbe39d6076c5d0264a6bbdae9d83
reads/CASPER-260211-MA_Boston_DITPN-R1-A1__SRR38294616.target_enriched.fastq.gz	candidate_reads	SRR38294616	20	ac73670af3abed54ac6fb4695131f4099be9fbe39d6076c5d0264a6bbdae9d83
reads/CASPER-260211-MA_Boston_DITPS-R2-A1__SRR38294937.target_enriched.fastq.gz	candidate_reads	SRR38294937	20	ac73670af3abed54ac6fb4695131f4099be9fbe39d6076c5d0264a6bbdae9d83
reads/CASPER-260211-Southern_California-R1-A1__SRR38294926.target_enriched.fastq.gz	candidate_reads	SRR38294926	20	ac73670af3abed54ac6fb4695131f4099be9fbe39d6076c5d0264a6bbdae9d83
reads/CASPER-260215-Southern_California-R1-A1__SRR38294887.target_enriched.fastq.gz	candidate_reads	SRR38294887	20	ac73670af3abed54ac6fb4695131f4099be9fbe39d6076c5d0264a6bbdae9d83
reads/CASPER-260215-Southern_California-R1-A1__SRR38401629.target_enriched.fastq.gz	candidate_reads	SRR38401629	20	ac73670af3abed54ac6fb4695131f4099be9fbe39d6076c5d0264a6bbdae9d83
reads/CASPER-260215-Southern_California-R1-A1__SRR38401630.target_enriched.fastq.gz	candidate_reads	SRR38401630	20	ac73670af3abed54ac6fb4695131f4099be9fbe39d6076c5d0264a6bbdae9d83
reads/CASPER-260215-Southern_California-R1-A1__SRR38401631.target_enriched.fastq.gz	candidate_reads	SRR38401631	20	ac73670af3abed54ac6fb4695131f4099be9fbe39d6076c5d0264a6bbdae9d83
reads/CASPER-260215-Southern_California-R1-A1__SRR38401632.target_enriched.fastq.gz	candidate_reads	SRR38401632	20	ac73670af3abed54ac6fb4695131f4099be9fbe39d6076c5d0264a6bbdae9d83
reads/CASPER-260216-FL_Miami-R1-A2__SRR39695193.target_enriched.fastq.gz	candidate_reads	SRR39695193	20	ac73670af3abed54ac6fb4695131f4099be9fbe39d6076c5d0264a6bbdae9d83
reads/CASPER-260218-MA_Boston_DITPN-R1-A1__SRR38294875.target_enriched.fastq.gz	candidate_reads	SRR38294875	20	ac73670af3abed54ac6fb4695131f4099be9fbe39d6076c5d0264a6bbdae9d83
reads/CASPER-260218-MA_Boston_DITPS-R1-A1__SRR38294864.target_enriched.fastq.gz	candidate_reads	SRR38294864	20	ac73670af3abed54ac6fb4695131f4099be9fbe39d6076c5d0264a6bbdae9d83
reads/CASPER-260218-Southern_California-R1-A1__SRR38294923.target_enriched.fastq.gz	candidate_reads	SRR38294923	20	ac73670af3abed54ac6fb4695131f4099be9fbe39d6076c5d0264a6bbdae9d83
reads/CASPER-260222-Southern_California-R1-A1__SRR38294915.target_enriched.fastq.gz	candidate_reads	SRR38294915	20	ac73670af3abed54ac6fb4695131f4099be9fbe39d6076c5d0264a6bbdae9d83
reads/CASPER-260224-FL_Miami-R1-A1__SRR38295002.target_enriched.fastq.gz	candidate_reads	SRR38295002	20	ac73670af3abed54ac6fb4695131f4099be9fbe39d6076c5d0264a6bbdae9d83
reads/CASPER-260225-MA_Boston_DITPN-R1-A1__SRR38294909.target_enriched.fastq.gz	candidate_reads	SRR38294909	20	ac73670af3abed54ac6fb4695131f4099be9fbe39d6076c5d0264a6bbdae9d83
reads/CASPER-260225-MA_Boston_DITPS-R1-A1__SRR38294839.target_enriched.fastq.gz	candidate_reads	SRR38294839	20	ac73670af3abed54ac6fb4695131f4099be9fbe39d6076c5d0264a6bbdae9d83
reads/CASPER-260302-FL_Miami-R1-A1__SRR38294907.target_enriched.fastq.gz	candidate_reads	SRR38294907	20	ac73670af3abed54ac6fb4695131f4099be9fbe39d6076c5d0264a6bbdae9d83
reads/CASPER-260304-MA_Boston_DITPN-R1-A1__SRR38294896.target_enriched.fastq.gz	candidate_reads	SRR38294896	20	ac73670af3abed54ac6fb4695131f4099be9fbe39d6076c5d0264a6bbdae9d83
reads/CASPER-260304-MA_Boston_DITPS-R1-A1__SRR38294986.target_enriched.fastq.gz	candidate_reads	SRR38294986	20	ac73670af3abed54ac6fb4695131f4099be9fbe39d6076c5d0264a6bbdae9d83
reads/CASPER-260304-Southern_California-R1-A1__SRR39694975.target_enriched.fastq.gz	candidate_reads	SRR39694975	20	ac73670af3abed54ac6fb4695131f4099be9fbe39d6076c5d0264a6bbdae9d83
reads/CASPER-260308-Southern_California-R1-A1__SRR39695247.target_enriched.fastq.gz	candidate_reads	SRR39695247	20	ac73670af3abed54ac6fb4695131f4099be9fbe39d6076c5d0264a6bbdae9d83
reads/CASPER-260309-FL_Miami-R1-A1__SRR39695139.target_enriched.fastq.gz	candidate_reads	SRR39695139	20	ac73670af3abed54ac6fb4695131f4099be9fbe39d6076c5d0264a6bbdae9d83
reads/CASPER-260311-MA_Boston_DITPN-R1-A1__SRR39695128.target_enriched.fastq.gz	candidate_reads	SRR39695128	20	ac73670af3abed54ac6fb4695131f4099be9fbe39d6076c5d0264a6bbdae9d83
reads/CASPER-260311-MA_Boston_DITPS-R1-A1__SRR39695236.target_enriched.fastq.gz	candidate_reads	SRR39695236	20	ac73670af3abed54ac6fb4695131f4099be9fbe39d6076c5d0264a6bbdae9d83
reads/CASPER-260316-FL_Miami-R1-A2__SRR39695389.target_enriched.fastq.gz	candidate_reads	SRR39695389	20	ac73670af3abed54ac6fb4695131f4099be9fbe39d6076c5d0264a6bbdae9d83
reads/CASPER-260318-MA_Boston_DITPN-R1-A2__SRR39695074.target_enriched.fastq.gz	candidate_reads	SRR39695074	20	ac73670af3abed54ac6fb4695131f4099be9fbe39d6076c5d0264a6bbdae9d83
reads/CASPER-260318-MA_Boston_DITPS-R1-A2__SRR39694954.target_enriched.fastq.gz	candidate_reads	SRR39694954	20	ac73670af3abed54ac6fb4695131f4099be9fbe39d6076c5d0264a6bbdae9d83
reads/CASPER-260325-Southern_California-R1-A1__SRR39694943.target_enriched.fastq.gz	candidate_reads	SRR39694943	20	ac73670af3abed54ac6fb4695131f4099be9fbe39d6076c5d0264a6bbdae9d83
reads/CASPER-260329-Southern_California-R1-A1__SRR39694941.target_enriched.fastq.gz	candidate_reads	SRR39694941	20	ac73670af3abed54ac6fb4695131f4099be9fbe39d6076c5d0264a6bbdae9d83
reads/CASPER-260330-FL_Miami-R1-A2__SRR39695121.target_enriched.fastq.gz	candidate_reads	SRR39695121	20	ac73670af3abed54ac6fb4695131f4099be9fbe39d6076c5d0264a6bbdae9d83
reads/CASPER-260401-MA_Boston_DITPN-R1-A1__SRR39695330.target_enriched.fastq.gz	candidate_reads	SRR39695330	20	ac73670af3abed54ac6fb4695131f4099be9fbe39d6076c5d0264a6bbdae9d83
reads/CASPER-260401-MA_Boston_DITPS-R1-A1__SRR39695060.target_enriched.fastq.gz	candidate_reads	SRR39695060	20	ac73670af3abed54ac6fb4695131f4099be9fbe39d6076c5d0264a6bbdae9d83
reads/CASPER-260402-Southern_California-R1-A2__SRR39695228.target_enriched.fastq.gz	candidate_reads	SRR39695228	20	ac73670af3abed54ac6fb4695131f4099be9fbe39d6076c5d0264a6bbdae9d83
reads/CASPER-260405-Southern_California-R1-A2__SRR39695101.target_enriched.fastq.gz	candidate_reads	SRR39695101	20	ac73670af3abed54ac6fb4695131f4099be9fbe39d6076c5d0264a6bbdae9d83
reads/CASPER-260406-FL_Miami-R1-A2__SRR39695323.target_enriched.fastq.gz	candidate_reads	SRR39695323	20	ac73670af3abed54ac6fb4695131f4099be9fbe39d6076c5d0264a6bbdae9d83
reads/CASPER-260408-MA_Boston_DITPN-R1-A2__SRR39695046.target_enriched.fastq.gz	candidate_reads	SRR39695046	20	ac73670af3abed54ac6fb4695131f4099be9fbe39d6076c5d0264a6bbdae9d83
reads/CASPER-260408-MA_Boston_DITPS-R1-A2__SRR39695223.target_enriched.fastq.gz	candidate_reads	SRR39695223	20	ac73670af3abed54ac6fb4695131f4099be9fbe39d6076c5d0264a6bbdae9d83
reads/CASPER-260408-Southern_California-R1-A1__SRR39695098.target_enriched.fastq.gz	candidate_reads	SRR39695098	20	ac73670af3abed54ac6fb4695131f4099be9fbe39d6076c5d0264a6bbdae9d83
reads/CASPER-260412-Southern_California-R1-A1__SRR39695087.target_enriched.fastq.gz	candidate_reads	SRR39695087	20	ac73670af3abed54ac6fb4695131f4099be9fbe39d6076c5d0264a6bbdae9d83
reads/CASPER-260413-FL_Miami-R1-A1__SRR39695377.target_enriched.fastq.gz	candidate_reads	SRR39695377	20	ac73670af3abed54ac6fb4695131f4099be9fbe39d6076c5d0264a6bbdae9d83
reads/CASPER-260414-MA_Boston_DITPN-R1-A1__SRR39695310.target_enriched.fastq.gz	candidate_reads	SRR39695310	20	ac73670af3abed54ac6fb4695131f4099be9fbe39d6076c5d0264a6bbdae9d83
reads/CASPER-260414-MA_Boston_DITPS-R1-A1__SRR39695035.target_enriched.fastq.gz	candidate_reads	SRR39695035	20	ac73670af3abed54ac6fb4695131f4099be9fbe39d6076c5d0264a6bbdae9d83
reads/CASPER-260420-FL_Miami-R1-A2__SRR39695214.target_enriched.fastq.gz	candidate_reads	SRR39695214	20	ac73670af3abed54ac6fb4695131f4099be9fbe39d6076c5d0264a6bbdae9d83
reads/CASPER-260422-MA_Boston_DITPN-R1-A1__SRR39695202.target_enriched.fastq.gz	candidate_reads	SRR39695202	1652	4417627614a4bad85a3d8c419ea6283b2d13381b990e51c32026da4812fff979
reads/CASPER-260422-MA_Boston_DITPS-RI-A1__SRR39695363.target_enriched.fastq.gz	candidate_reads	SRR39695363	20	ac73670af3abed54ac6fb4695131f4099be9fbe39d6076c5d0264a6bbdae9d83
reads/CASPER-260429-MA_Boston_DITPN-R1-A1__SRR39695192.target_enriched.fastq.gz	candidate_reads	SRR39695192	20	ac73670af3abed54ac6fb4695131f4099be9fbe39d6076c5d0264a6bbdae9d83
reads/CASPER-260429-MA_Boston_DITPS-RI-A2__SRR39695296.target_enriched.fastq.gz	candidate_reads	SRR39695296	20	ac73670af3abed54ac6fb4695131f4099be9fbe39d6076c5d0264a6bbdae9d83
reads/CASPER-260429-Southern_California-R1-A2__SRR39695022.target_enriched.fastq.gz	candidate_reads	SRR39695022	20	ac73670af3abed54ac6fb4695131f4099be9fbe39d6076c5d0264a6bbdae9d83
reads/CASPER-260503-Southern_California-R1-A2__SRR39695013.target_enriched.fastq.gz	candidate_reads	SRR39695013	20	ac73670af3abed54ac6fb4695131f4099be9fbe39d6076c5d0264a6bbdae9d83
reads/CASPER-260506-Southern_California-R1-A1__SRR39695178.target_enriched.fastq.gz	candidate_reads	SRR39695178	20	ac73670af3abed54ac6fb4695131f4099be9fbe39d6076c5d0264a6bbdae9d83
reads/CASPER-260510-Southern_California-R1-A1__SRR39695003.target_enriched.fastq.gz	candidate_reads	SRR39695003	20	ac73670af3abed54ac6fb4695131f4099be9fbe39d6076c5d0264a6bbdae9d83
reads/CASPER-260511-FL_Miami-R1-A1__SRR39695280.target_enriched.fastq.gz	candidate_reads	SRR39695280	20	ac73670af3abed54ac6fb4695131f4099be9fbe39d6076c5d0264a6bbdae9d83
reads/CASPER-260513-MA_Boston_DITPN-R1-A1__SRR39694996.target_enriched.fastq.gz	candidate_reads	SRR39694996	20	ac73670af3abed54ac6fb4695131f4099be9fbe39d6076c5d0264a6bbdae9d83
reads/CASPER-260513-MA_Boston_DITPS-R1-A1__SRR39694986.target_enriched.fastq.gz	candidate_reads	SRR39694986	20	ac73670af3abed54ac6fb4695131f4099be9fbe39d6076c5d0264a6bbdae9d83
reads/CASPER-260513-Southern_California-R1-A1__SRR39695163.target_enriched.fastq.gz	candidate_reads	SRR39695163	20	ac73670af3abed54ac6fb4695131f4099be9fbe39d6076c5d0264a6bbdae9d83
reads/CASPER-260518-FL_Miami-R1-A1__SRR39694976.target_enriched.fastq.gz	candidate_reads	SRR39694976	20	ac73670af3abed54ac6fb4695131f4099be9fbe39d6076c5d0264a6bbdae9d83
reads/CASPER-260520-MA_Boston_DITPN-R1-A1__SRR39695266.target_enriched.fastq.gz	candidate_reads	SRR39695266	20	ac73670af3abed54ac6fb4695131f4099be9fbe39d6076c5d0264a6bbdae9d83
reads/CASPER-260520-MA_Boston_DITPS-R1-A1__SRR39695154.target_enriched.fastq.gz	candidate_reads	SRR39695154	20	ac73670af3abed54ac6fb4695131f4099be9fbe39d6076c5d0264a6bbdae9d83
reads/CASPER-260520-Southern_California-R1-A1__SRR39695357.target_enriched.fastq.gz	candidate_reads	SRR39695357	20	ac73670af3abed54ac6fb4695131f4099be9fbe39d6076c5d0264a6bbdae9d83
reads/CASPER-260524-Southern_California-R1-A1__SRR39695347.target_enriched.fastq.gz	candidate_reads	SRR39695347	20	ac73670af3abed54ac6fb4695131f4099be9fbe39d6076c5d0264a6bbdae9d83
reads/CASPER-260526-FL_Miami-R1-A1__SRR39694958.target_enriched.fastq.gz	candidate_reads	SRR39694958	20	ac73670af3abed54ac6fb4695131f4099be9fbe39d6076c5d0264a6bbdae9d83
reads/CASPER-260527-MA_Boston_DITPN-R1-A1__SRR39695251.target_enriched.fastq.gz	candidate_reads	SRR39695251	20	ac73670af3abed54ac6fb4695131f4099be9fbe39d6076c5d0264a6bbdae9d83
reads/CASPER-260527-MA_Boston_DITPS-R1-A1__SRR39695249.target_enriched.fastq.gz	candidate_reads	SRR39695249	20	ac73670af3abed54ac6fb4695131f4099be9fbe39d6076c5d0264a6bbdae9d83
reads/CASPER-260527-Southern_California-R1-A1__SRR39695248.target_enriched.fastq.gz	candidate_reads	SRR39695248	20	ac73670af3abed54ac6fb4695131f4099be9fbe39d6076c5d0264a6bbdae9d83
reads/CASPER-260531-Southern_California-R1-A1__SRR39694967.target_enriched.fastq.gz	candidate_reads	SRR39694967	20	ac73670af3abed54ac6fb4695131f4099be9fbe39d6076c5d0264a6bbdae9d83
reads/CASPER-260601-FL_Miami-R1-A1__SRR39695246.target_enriched.fastq.gz	candidate_reads	SRR39695246	20	ac73670af3abed54ac6fb4695131f4099be9fbe39d6076c5d0264a6bbdae9d83
reads/CASPER-260602-MA_Boston_DITPN-R1-A1__SRR39694964.target_enriched.fastq.gz	candidate_reads	SRR39694964	20	ac73670af3abed54ac6fb4695131f4099be9fbe39d6076c5d0264a6bbdae9d83
reads/CASPER-260602-MA_Boston_DITPS-R1-A1__SRR39695125.target_enriched.fastq.gz	candidate_reads	SRR39695125	20	ac73670af3abed54ac6fb4695131f4099be9fbe39d6076c5d0264a6bbdae9d83
reads/CASPER-260603-Southern_California-R1-A1__SRR39695244.target_enriched.fastq.gz	candidate_reads	SRR39695244	20	ac73670af3abed54ac6fb4695131f4099be9fbe39d6076c5d0264a6bbdae9d83
reads/CASPER-260607-Southern_California-R1-A1__SRR39695242.target_enriched.fastq.gz	candidate_reads	SRR39695242	20	ac73670af3abed54ac6fb4695131f4099be9fbe39d6076c5d0264a6bbdae9d83
reads/CASPER-260608-FL_Miami-R1-A1__SRR39695144.target_enriched.fastq.gz	candidate_reads	SRR39695144	20	ac73670af3abed54ac6fb4695131f4099be9fbe39d6076c5d0264a6bbdae9d83
reads/CASPER-260610-MA_Boston_DITPN-R1-A1__SRR39695143.target_enriched.fastq.gz	candidate_reads	SRR39695143	20	ac73670af3abed54ac6fb4695131f4099be9fbe39d6076c5d0264a6bbdae9d83
reads/CASPER-260610-MA_Boston_DITPS-R1-A1__SRR39695142.target_enriched.fastq.gz	candidate_reads	SRR39695142	20	ac73670af3abed54ac6fb4695131f4099be9fbe39d6076c5d0264a6bbdae9d83
reads/CASPER-260610-Southern_California-R1-A1__SRR39695141.target_enriched.fastq.gz	candidate_reads	SRR39695141	20	ac73670af3abed54ac6fb4695131f4099be9fbe39d6076c5d0264a6bbdae9d83
reads/CASPER-260610-Southern_California-R1-A2__SRR39695140.target_enriched.fastq.gz	candidate_reads	SRR39695140	20	ac73670af3abed54ac6fb4695131f4099be9fbe39d6076c5d0264a6bbdae9d83
reads/CASPER-260614-Southern_California-R1-A1__SRR39695138.target_enriched.fastq.gz	candidate_reads	SRR39695138	20	ac73670af3abed54ac6fb4695131f4099be9fbe39d6076c5d0264a6bbdae9d83
reads/CASPER-260614-Southern_California-R1-A2__SRR39695137.target_enriched.fastq.gz	candidate_reads	SRR39695137	20	ac73670af3abed54ac6fb4695131f4099be9fbe39d6076c5d0264a6bbdae9d83
reads/CASPER-260616-FL_Miami-R1-A1__SRR39695136.target_enriched.fastq.gz	candidate_reads	SRR39695136	20	ac73670af3abed54ac6fb4695131f4099be9fbe39d6076c5d0264a6bbdae9d83
reads/CASPER-260617-MA_Boston_DITPN-R1-A1__SRR39695135.target_enriched.fastq.gz	candidate_reads	SRR39695135	1969	10a1ef64424cc352b60117a1e0ed3a7a7cdc93082ece7605d75c19a165cc212f
reads/CASPER-260617-MA_Boston_DITPS-R1-A1__SRR39695134.target_enriched.fastq.gz	candidate_reads	SRR39695134	20	ac73670af3abed54ac6fb4695131f4099be9fbe39d6076c5d0264a6bbdae9d83
reads/CASPER-260619-Southern_California-R1-A1__SRR39695133.target_enriched.fastq.gz	candidate_reads	SRR39695133	20	ac73670af3abed54ac6fb4695131f4099be9fbe39d6076c5d0264a6bbdae9d83
reads/CASPER-260621-Southern_California-R1-A1__SRR39695132.target_enriched.fastq.gz	candidate_reads	SRR39695132	20	ac73670af3abed54ac6fb4695131f4099be9fbe39d6076c5d0264a6bbdae9d83
reads/CASPER-260622-FL_Miami-R1-A1__SRR39695131.target_enriched.fastq.gz	candidate_reads	SRR39695131	20	ac73670af3abed54ac6fb4695131f4099be9fbe39d6076c5d0264a6bbdae9d83
reads/CASPER-260622-FL_Miami-R1-A2__SRR39695130.target_enriched.fastq.gz	candidate_reads	SRR39695130	20	ac73670af3abed54ac6fb4695131f4099be9fbe39d6076c5d0264a6bbdae9d83
reads/CASPER-260622-MA_Boston_DITPN-R1-A1__SRR39695129.target_enriched.fastq.gz	candidate_reads	SRR39695129	20	ac73670af3abed54ac6fb4695131f4099be9fbe39d6076c5d0264a6bbdae9d83
reads/CASPER-260622-MA_Boston_DITPN-R1-A2__SRR39695127.target_enriched.fastq.gz	candidate_reads	SRR39695127	20	ac73670af3abed54ac6fb4695131f4099be9fbe39d6076c5d0264a6bbdae9d83
reads/CASPER-260622-MA_Boston_DITPS-R1-A1__SRR39695126.target_enriched.fastq.gz	candidate_reads	SRR39695126	20	ac73670af3abed54ac6fb4695131f4099be9fbe39d6076c5d0264a6bbdae9d83
reads/CASPER-260622-MA_Boston_DITPS-R1-A2__SRR39695387.target_enriched.fastq.gz	candidate_reads	SRR39695387	20	ac73670af3abed54ac6fb4695131f4099be9fbe39d6076c5d0264a6bbdae9d83
reads/CASPER-260629-FL_Miami-R1-A2__SRR39695384.target_enriched.fastq.gz	candidate_reads	SRR39695384	20	ac73670af3abed54ac6fb4695131f4099be9fbe39d6076c5d0264a6bbdae9d83
reads/CA_Ontario_20250825__SRR36790980.target_enriched.fastq.gz	candidate_reads	SRR36790980	20	ac73670af3abed54ac6fb4695131f4099be9fbe39d6076c5d0264a6bbdae9d83
reads/CA_Ontario_20250827__SRR36790970.target_enriched.fastq.gz	candidate_reads	SRR36790970	20	ac73670af3abed54ac6fb4695131f4099be9fbe39d6076c5d0264a6bbdae9d83
reads/CA_Ontario_20250901__SRR36790957.target_enriched.fastq.gz	candidate_reads	SRR36790957	20	ac73670af3abed54ac6fb4695131f4099be9fbe39d6076c5d0264a6bbdae9d83
reads/CA_Ontario_20250903__SRR36790976.target_enriched.fastq.gz	candidate_reads	SRR36790976	302	35beb0ecadff6aa76e1bfb9547f2f5b16e3d37e17d0499ff88cf4343b17a1887
reads/CA_Ontario_20250908__SRR36790975.target_enriched.fastq.gz	candidate_reads	SRR36790975	20	ac73670af3abed54ac6fb4695131f4099be9fbe39d6076c5d0264a6bbdae9d83
reads/CA_Ontario_20250910__SRR36790974.target_enriched.fastq.gz	candidate_reads	SRR36790974	20	ac73670af3abed54ac6fb4695131f4099be9fbe39d6076c5d0264a6bbdae9d83
reads/CA_Ontario_20250915__SRR36790973.target_enriched.fastq.gz	candidate_reads	SRR36790973	20	ac73670af3abed54ac6fb4695131f4099be9fbe39d6076c5d0264a6bbdae9d83
reads/CA_Ontario_20250917__SRR36790972.target_enriched.fastq.gz	candidate_reads	SRR36790972	20	ac73670af3abed54ac6fb4695131f4099be9fbe39d6076c5d0264a6bbdae9d83
reads/CA_Ontario_20250922__SRR36790971.target_enriched.fastq.gz	candidate_reads	SRR36790971	3788	584686141484024167f324f32d1e8ece47365c3e0cfba9dce271644ce481ba8f
reads/CA_Ontario_20250924__SRR36790969.target_enriched.fastq.gz	candidate_reads	SRR36790969	20	ac73670af3abed54ac6fb4695131f4099be9fbe39d6076c5d0264a6bbdae9d83
reads/CA_Ontario_20250929__SRR36790967.target_enriched.fastq.gz	candidate_reads	SRR36790967	20	ac73670af3abed54ac6fb4695131f4099be9fbe39d6076c5d0264a6bbdae9d83
reads/CA_Ontario_20251001__SRR36790968.target_enriched.fastq.gz	candidate_reads	SRR36790968	20	ac73670af3abed54ac6fb4695131f4099be9fbe39d6076c5d0264a6bbdae9d83
reads/CA_Ontario_20251006__SRR36790966.target_enriched.fastq.gz	candidate_reads	SRR36790966	20	ac73670af3abed54ac6fb4695131f4099be9fbe39d6076c5d0264a6bbdae9d83
reads/CA_Ontario_20251008__SRR36790965.target_enriched.fastq.gz	candidate_reads	SRR36790965	20	ac73670af3abed54ac6fb4695131f4099be9fbe39d6076c5d0264a6bbdae9d83
reads/CA_Ontario_20251013__SRR36790964.target_enriched.fastq.gz	candidate_reads	SRR36790964	20	ac73670af3abed54ac6fb4695131f4099be9fbe39d6076c5d0264a6bbdae9d83
reads/CA_Ontario_20251019__SRR36790962.target_enriched.fastq.gz	candidate_reads	SRR36790962	20	ac73670af3abed54ac6fb4695131f4099be9fbe39d6076c5d0264a6bbdae9d83
reads/CA_Ontario_20251020__SRR36790963.target_enriched.fastq.gz	candidate_reads	SRR36790963	20	ac73670af3abed54ac6fb4695131f4099be9fbe39d6076c5d0264a6bbdae9d83
reads/CA_Ontario_20251023__SRR36790961.target_enriched.fastq.gz	candidate_reads	SRR36790961	20	ac73670af3abed54ac6fb4695131f4099be9fbe39d6076c5d0264a6bbdae9d83
reads/CA_Ontario_20251027__SRR36790960.target_enriched.fastq.gz	candidate_reads	SRR36790960	20	ac73670af3abed54ac6fb4695131f4099be9fbe39d6076c5d0264a6bbdae9d83
reads/CA_Ontario_20251029__SRR36790959.target_enriched.fastq.gz	candidate_reads	SRR36790959	20	ac73670af3abed54ac6fb4695131f4099be9fbe39d6076c5d0264a6bbdae9d83
reads/CA_Ontario_20251103__SRR36790958.target_enriched.fastq.gz	candidate_reads	SRR36790958	20	ac73670af3abed54ac6fb4695131f4099be9fbe39d6076c5d0264a6bbdae9d83
reads/CA_Ontario_20251105__SRR36790956.target_enriched.fastq.gz	candidate_reads	SRR36790956	20	ac73670af3abed54ac6fb4695131f4099be9fbe39d6076c5d0264a6bbdae9d83
reads/CA_Ontario_20251111__SRR36790981.target_enriched.fastq.gz	candidate_reads	SRR36790981	20	ac73670af3abed54ac6fb4695131f4099be9fbe39d6076c5d0264a6bbdae9d83
reads/CA_Ontario_20251118__SRR36790979.target_enriched.fastq.gz	candidate_reads	SRR36790979	20	ac73670af3abed54ac6fb4695131f4099be9fbe39d6076c5d0264a6bbdae9d83
reads/CA_Ontario_20251201__SRR36790978.target_enriched.fastq.gz	candidate_reads	SRR36790978	20	ac73670af3abed54ac6fb4695131f4099be9fbe39d6076c5d0264a6bbdae9d83
reads/CA_Ontario_20251208__SRR36790977.target_enriched.fastq.gz	candidate_reads	SRR36790977	20	ac73670af3abed54ac6fb4695131f4099be9fbe39d6076c5d0264a6bbdae9d83
reads/CA_Ontario_20251215__SRR37192085.target_enriched.fastq.gz	candidate_reads	SRR37192085	20	ac73670af3abed54ac6fb4695131f4099be9fbe39d6076c5d0264a6bbdae9d83
reads/CA_Ontario_20251229__SRR37192084.target_enriched.fastq.gz	candidate_reads	SRR37192084	20	ac73670af3abed54ac6fb4695131f4099be9fbe39d6076c5d0264a6bbdae9d83
reads/CA_Ontario_20260105__SRR37192083.target_enriched.fastq.gz	candidate_reads	SRR37192083	20	ac73670af3abed54ac6fb4695131f4099be9fbe39d6076c5d0264a6bbdae9d83
reads/CA_Ontario_20260112__SRR37192082.target_enriched.fastq.gz	candidate_reads	SRR37192082	20	ac73670af3abed54ac6fb4695131f4099be9fbe39d6076c5d0264a6bbdae9d83
reads/CA_Ontario_20260120__SRR37192081.target_enriched.fastq.gz	candidate_reads	SRR37192081	20	ac73670af3abed54ac6fb4695131f4099be9fbe39d6076c5d0264a6bbdae9d83
reads/CA_Ontario_20260126__SRR38294820.target_enriched.fastq.gz	candidate_reads	SRR38294820	20	ac73670af3abed54ac6fb4695131f4099be9fbe39d6076c5d0264a6bbdae9d83
reads/CA_Ontario_20260202__SRR38294811.target_enriched.fastq.gz	candidate_reads	SRR38294811	20	ac73670af3abed54ac6fb4695131f4099be9fbe39d6076c5d0264a6bbdae9d83
reads/CA_Ontario_20260209__SRR38294798.target_enriched.fastq.gz	candidate_reads	SRR38294798	20	ac73670af3abed54ac6fb4695131f4099be9fbe39d6076c5d0264a6bbdae9d83
reads/CA_Ontario_20260216__SRR38294792.target_enriched.fastq.gz	candidate_reads	SRR38294792	20	ac73670af3abed54ac6fb4695131f4099be9fbe39d6076c5d0264a6bbdae9d83
reads/CA_Ontario_20260223__SRR38294791.target_enriched.fastq.gz	candidate_reads	SRR38294791	20	ac73670af3abed54ac6fb4695131f4099be9fbe39d6076c5d0264a6bbdae9d83
reads/CA_Ontario_20260302__SRR38294790.target_enriched.fastq.gz	candidate_reads	SRR38294790	20	ac73670af3abed54ac6fb4695131f4099be9fbe39d6076c5d0264a6bbdae9d83
reads/CA_Ontario_20260311__SRR38294788.target_enriched.fastq.gz	candidate_reads	SRR38294788	20	ac73670af3abed54ac6fb4695131f4099be9fbe39d6076c5d0264a6bbdae9d83
reads/CA_Ontario_20260316__SRR38294789.target_enriched.fastq.gz	candidate_reads	SRR38294789	20	ac73670af3abed54ac6fb4695131f4099be9fbe39d6076c5d0264a6bbdae9d83
reads/CA_Ontario_20260323__SRR38294787.target_enriched.fastq.gz	candidate_reads	SRR38294787	20	ac73670af3abed54ac6fb4695131f4099be9fbe39d6076c5d0264a6bbdae9d83
reads/CA_Ontario_20260330__SRR38294970.target_enriched.fastq.gz	candidate_reads	SRR38294970	20	ac73670af3abed54ac6fb4695131f4099be9fbe39d6076c5d0264a6bbdae9d83
reads/CA_Ontario_20260406__SRR39695383.target_enriched.fastq.gz	candidate_reads	SRR39695383	20	ac73670af3abed54ac6fb4695131f4099be9fbe39d6076c5d0264a6bbdae9d83
reads/CA_Ontario_20260413__SRR39695241.target_enriched.fastq.gz	candidate_reads	SRR39695241	10042	b80d300f6235dbbcc2987548d6ef3149343ef13ea10c59251e847325a3241f9a
reads/CA_Ontario_20260420__SRR39695239.target_enriched.fastq.gz	candidate_reads	SRR39695239	20	ac73670af3abed54ac6fb4695131f4099be9fbe39d6076c5d0264a6bbdae9d83
reads/CA_Ontario_20260427__SRR39695240.target_enriched.fastq.gz	candidate_reads	SRR39695240	20	ac73670af3abed54ac6fb4695131f4099be9fbe39d6076c5d0264a6bbdae9d83
reads/CA_Ontario_20260504__SRR39695238.target_enriched.fastq.gz	candidate_reads	SRR39695238	20	ac73670af3abed54ac6fb4695131f4099be9fbe39d6076c5d0264a6bbdae9d83
reads/CA_Ontario_20260511__SRR39695237.target_enriched.fastq.gz	candidate_reads	SRR39695237	20	ac73670af3abed54ac6fb4695131f4099be9fbe39d6076c5d0264a6bbdae9d83
reads/CA_Ontario_20260518__SRR39695235.target_enriched.fastq.gz	candidate_reads	SRR39695235	20	ac73670af3abed54ac6fb4695131f4099be9fbe39d6076c5d0264a6bbdae9d83
reads/CA_Ontario_20260525__SRR39695234.target_enriched.fastq.gz	candidate_reads	SRR39695234	20	ac73670af3abed54ac6fb4695131f4099be9fbe39d6076c5d0264a6bbdae9d83
reads/CA_Ontario_20260601__SRR39695232.target_enriched.fastq.gz	candidate_reads	SRR39695232	20	ac73670af3abed54ac6fb4695131f4099be9fbe39d6076c5d0264a6bbdae9d83
reads/CA_Ontario_20260608__SRR39695233.target_enriched.fastq.gz	candidate_reads	SRR39695233	20	ac73670af3abed54ac6fb4695131f4099be9fbe39d6076c5d0264a6bbdae9d83
reads/CA_Ontario_20260615__SRR39695231.target_enriched.fastq.gz	candidate_reads	SRR39695231	20	ac73670af3abed54ac6fb4695131f4099be9fbe39d6076c5d0264a6bbdae9d83
reads/CA_Ontario_20260622__SRR39695230.target_enriched.fastq.gz	candidate_reads	SRR39695230	20	ac73670af3abed54ac6fb4695131f4099be9fbe39d6076c5d0264a6bbdae9d83
reads/CA_PaloAlto_20250825__SRR37036134.target_enriched.fastq.gz	candidate_reads	SRR37036134	20	ac73670af3abed54ac6fb4695131f4099be9fbe39d6076c5d0264a6bbdae9d83
reads/CA_PaloAlto_20250902__SRR37036133.target_enriched.fastq.gz	candidate_reads	SRR37036133	20	ac73670af3abed54ac6fb4695131f4099be9fbe39d6076c5d0264a6bbdae9d83
reads/CA_PaloAlto_20250908__SRR37036126.target_enriched.fastq.gz	candidate_reads	SRR37036126	20	ac73670af3abed54ac6fb4695131f4099be9fbe39d6076c5d0264a6bbdae9d83
reads/CA_PaloAlto_20250915__SRR37036127.target_enriched.fastq.gz	candidate_reads	SRR37036127	20	ac73670af3abed54ac6fb4695131f4099be9fbe39d6076c5d0264a6bbdae9d83
reads/CA_PaloAlto_20250922__SRR37036125.target_enriched.fastq.gz	candidate_reads	SRR37036125	20	ac73670af3abed54ac6fb4695131f4099be9fbe39d6076c5d0264a6bbdae9d83
reads/CA_PaloAlto_20250929__SRR37036124.target_enriched.fastq.gz	candidate_reads	SRR37036124	20	ac73670af3abed54ac6fb4695131f4099be9fbe39d6076c5d0264a6bbdae9d83
reads/CA_PaloAlto_20251006__SRR37036123.target_enriched.fastq.gz	candidate_reads	SRR37036123	20	ac73670af3abed54ac6fb4695131f4099be9fbe39d6076c5d0264a6bbdae9d83
reads/CA_PaloAlto_20251014__SRR37036121.target_enriched.fastq.gz	candidate_reads	SRR37036121	20	ac73670af3abed54ac6fb4695131f4099be9fbe39d6076c5d0264a6bbdae9d83
reads/CA_PaloAlto_20251022__SRR37036122.target_enriched.fastq.gz	candidate_reads	SRR37036122	20	ac73670af3abed54ac6fb4695131f4099be9fbe39d6076c5d0264a6bbdae9d83
reads/CA_PaloAlto_20251027__SRR37036120.target_enriched.fastq.gz	candidate_reads	SRR37036120	20	ac73670af3abed54ac6fb4695131f4099be9fbe39d6076c5d0264a6bbdae9d83
reads/CA_PaloAlto_20251105__SRR37036131.target_enriched.fastq.gz	candidate_reads	SRR37036131	20	ac73670af3abed54ac6fb4695131f4099be9fbe39d6076c5d0264a6bbdae9d83
reads/CA_PaloAlto_20251110__SRR37036132.target_enriched.fastq.gz	candidate_reads	SRR37036132	20	ac73670af3abed54ac6fb4695131f4099be9fbe39d6076c5d0264a6bbdae9d83
reads/CA_PaloAlto_20251124__SRR37036130.target_enriched.fastq.gz	candidate_reads	SRR37036130	20	ac73670af3abed54ac6fb4695131f4099be9fbe39d6076c5d0264a6bbdae9d83
reads/CA_PaloAlto_20251201__SRR37036129.target_enriched.fastq.gz	candidate_reads	SRR37036129	20	ac73670af3abed54ac6fb4695131f4099be9fbe39d6076c5d0264a6bbdae9d83
reads/CA_PaloAlto_20251209__SRR37036128.target_enriched.fastq.gz	candidate_reads	SRR37036128	20	ac73670af3abed54ac6fb4695131f4099be9fbe39d6076c5d0264a6bbdae9d83
reads/CA_PaloAlto_20251216__SRR37181178.target_enriched.fastq.gz	candidate_reads	SRR37181178	20	ac73670af3abed54ac6fb4695131f4099be9fbe39d6076c5d0264a6bbdae9d83
reads/CA_PaloAlto_20251222__SRR37181156.target_enriched.fastq.gz	candidate_reads	SRR37181156	20	ac73670af3abed54ac6fb4695131f4099be9fbe39d6076c5d0264a6bbdae9d83
reads/CA_PaloAlto_20251229__SRR37181154.target_enriched.fastq.gz	candidate_reads	SRR37181154	20	ac73670af3abed54ac6fb4695131f4099be9fbe39d6076c5d0264a6bbdae9d83
reads/CA_PaloAlto_20260106__SRR37181155.target_enriched.fastq.gz	candidate_reads	SRR37181155	20	ac73670af3abed54ac6fb4695131f4099be9fbe39d6076c5d0264a6bbdae9d83
reads/CA_PaloAlto_20260112__SRR37181153.target_enriched.fastq.gz	candidate_reads	SRR37181153	20	ac73670af3abed54ac6fb4695131f4099be9fbe39d6076c5d0264a6bbdae9d83
reads/CA_PaloAlto_20260120__SRR37181152.target_enriched.fastq.gz	candidate_reads	SRR37181152	20	ac73670af3abed54ac6fb4695131f4099be9fbe39d6076c5d0264a6bbdae9d83
reads/CA_PaloAlto_20260126__SRR38294786.target_enriched.fastq.gz	candidate_reads	SRR38294786	20	ac73670af3abed54ac6fb4695131f4099be9fbe39d6076c5d0264a6bbdae9d83
reads/CA_PaloAlto_20260202__SRR38294967.target_enriched.fastq.gz	candidate_reads	SRR38294967	20	ac73670af3abed54ac6fb4695131f4099be9fbe39d6076c5d0264a6bbdae9d83
reads/CA_PaloAlto_20260209__SRR38294784.target_enriched.fastq.gz	candidate_reads	SRR38294784	20	ac73670af3abed54ac6fb4695131f4099be9fbe39d6076c5d0264a6bbdae9d83
reads/CA_PaloAlto_20260217__SRR38294782.target_enriched.fastq.gz	candidate_reads	SRR38294782	20	ac73670af3abed54ac6fb4695131f4099be9fbe39d6076c5d0264a6bbdae9d83
reads/CA_PaloAlto_20260224__SRR38294781.target_enriched.fastq.gz	candidate_reads	SRR38294781	20	ac73670af3abed54ac6fb4695131f4099be9fbe39d6076c5d0264a6bbdae9d83
reads/CA_PaloAlto_20260302__SRR38294780.target_enriched.fastq.gz	candidate_reads	SRR38294780	20	ac73670af3abed54ac6fb4695131f4099be9fbe39d6076c5d0264a6bbdae9d83
reads/CA_PaloAlto_20260309__SRR38294778.target_enriched.fastq.gz	candidate_reads	SRR38294778	20	ac73670af3abed54ac6fb4695131f4099be9fbe39d6076c5d0264a6bbdae9d83
reads/CA_PaloAlto_20260316__SRR38294779.target_enriched.fastq.gz	candidate_reads	SRR38294779	20	ac73670af3abed54ac6fb4695131f4099be9fbe39d6076c5d0264a6bbdae9d83
reads/CA_PaloAlto_20260323__SRR38294777.target_enriched.fastq.gz	candidate_reads	SRR38294777	20	ac73670af3abed54ac6fb4695131f4099be9fbe39d6076c5d0264a6bbdae9d83
reads/CA_PaloAlto_20260330__SRR38294776.target_enriched.fastq.gz	candidate_reads	SRR38294776	20	ac73670af3abed54ac6fb4695131f4099be9fbe39d6076c5d0264a6bbdae9d83
reads/CA_PaloAlto_20260406__SRR39695382.target_enriched.fastq.gz	candidate_reads	SRR39695382	20	ac73670af3abed54ac6fb4695131f4099be9fbe39d6076c5d0264a6bbdae9d83
reads/CA_PaloAlto_20260413__SRR39695391.target_enriched.fastq.gz	candidate_reads	SRR39695391	20	ac73670af3abed54ac6fb4695131f4099be9fbe39d6076c5d0264a6bbdae9d83
reads/CA_PaloAlto_20260420__SRR39695392.target_enriched.fastq.gz	candidate_reads	SRR39695392	20	ac73670af3abed54ac6fb4695131f4099be9fbe39d6076c5d0264a6bbdae9d83
reads/CA_PaloAlto_20260427__SRR39695390.target_enriched.fastq.gz	candidate_reads	SRR39695390	20	ac73670af3abed54ac6fb4695131f4099be9fbe39d6076c5d0264a6bbdae9d83
reads/CA_PaloAlto_20260504__SRR39695388.target_enriched.fastq.gz	candidate_reads	SRR39695388	20	ac73670af3abed54ac6fb4695131f4099be9fbe39d6076c5d0264a6bbdae9d83
reads/CA_PaloAlto_20260511__SRR39695386.target_enriched.fastq.gz	candidate_reads	SRR39695386	20	ac73670af3abed54ac6fb4695131f4099be9fbe39d6076c5d0264a6bbdae9d83
reads/CA_PaloAlto_20260518__SRR39695385.target_enriched.fastq.gz	candidate_reads	SRR39695385	20	ac73670af3abed54ac6fb4695131f4099be9fbe39d6076c5d0264a6bbdae9d83
reads/CA_PaloAlto_20260526__SRR39695343.target_enriched.fastq.gz	candidate_reads	SRR39695343	20	ac73670af3abed54ac6fb4695131f4099be9fbe39d6076c5d0264a6bbdae9d83
reads/CA_PaloAlto_20260602__SRR39695341.target_enriched.fastq.gz	candidate_reads	SRR39695341	20	ac73670af3abed54ac6fb4695131f4099be9fbe39d6076c5d0264a6bbdae9d83
reads/CA_PaloAlto_20260608__SRR39695381.target_enriched.fastq.gz	candidate_reads	SRR39695381	20	ac73670af3abed54ac6fb4695131f4099be9fbe39d6076c5d0264a6bbdae9d83
reads/CA_PaloAlto_20260615__SRR39695380.target_enriched.fastq.gz	candidate_reads	SRR39695380	20	ac73670af3abed54ac6fb4695131f4099be9fbe39d6076c5d0264a6bbdae9d83
reads/CA_PaloAlto_20260622__SRR39695379.target_enriched.fastq.gz	candidate_reads	SRR39695379	501	0fb15ef5ea1944307dd6f42c2fa36437409c526030d44a0c06ec880b0cc3ecd7
reads/CA_PaloAlto_20260630__SRR39695344.target_enriched.fastq.gz	candidate_reads	SRR39695344	20	ac73670af3abed54ac6fb4695131f4099be9fbe39d6076c5d0264a6bbdae9d83
reads/CA_Riverside_20250731__SRR35931345.target_enriched.fastq.gz	candidate_reads	SRR35931345	20	ac73670af3abed54ac6fb4695131f4099be9fbe39d6076c5d0264a6bbdae9d83
reads/CA_Riverside_20250804__SRR35931343.target_enriched.fastq.gz	candidate_reads	SRR35931343	1304	745311cda69c55ffb5b70ddb36ccc85caa148f26590cb01b9d174ba40f835ca7
reads/CA_Riverside_20250807__SRR35931364.target_enriched.fastq.gz	candidate_reads	SRR35931364	261	0611ba3cb1ade660286ece194ecc5c53eab00b41dbbcc9109a9361650349f03a
reads/CA_Riverside_20250811__SRR35931363.target_enriched.fastq.gz	candidate_reads	SRR35931363	20	ac73670af3abed54ac6fb4695131f4099be9fbe39d6076c5d0264a6bbdae9d83
reads/CA_Riverside_20250814__SRR35931362.target_enriched.fastq.gz	candidate_reads	SRR35931362	20	ac73670af3abed54ac6fb4695131f4099be9fbe39d6076c5d0264a6bbdae9d83
reads/CA_Riverside_20250818a__SRR35931340.target_enriched.fastq.gz	candidate_reads	SRR35931340	20	ac73670af3abed54ac6fb4695131f4099be9fbe39d6076c5d0264a6bbdae9d83
reads/CA_Riverside_20250821__SRR35931339.target_enriched.fastq.gz	candidate_reads	SRR35931339	20	ac73670af3abed54ac6fb4695131f4099be9fbe39d6076c5d0264a6bbdae9d83
reads/CA_Riverside_20250825__SRR35931338.target_enriched.fastq.gz	candidate_reads	SRR35931338	20	ac73670af3abed54ac6fb4695131f4099be9fbe39d6076c5d0264a6bbdae9d83
reads/CA_Riverside_20250828__SRR35931337.target_enriched.fastq.gz	candidate_reads	SRR35931337	20	ac73670af3abed54ac6fb4695131f4099be9fbe39d6076c5d0264a6bbdae9d83
reads/CA_Riverside_20250901__SRR35931336.target_enriched.fastq.gz	candidate_reads	SRR35931336	20	ac73670af3abed54ac6fb4695131f4099be9fbe39d6076c5d0264a6bbdae9d83
reads/CA_Riverside_20250908__SRR35931335.target_enriched.fastq.gz	candidate_reads	SRR35931335	20	ac73670af3abed54ac6fb4695131f4099be9fbe39d6076c5d0264a6bbdae9d83
reads/CA_Riverside_20250909__SRR35931334.target_enriched.fastq.gz	candidate_reads	SRR35931334	20	ac73670af3abed54ac6fb4695131f4099be9fbe39d6076c5d0264a6bbdae9d83
reads/CA_Riverside_20250911__SRR35931332.target_enriched.fastq.gz	candidate_reads	SRR35931332	20	ac73670af3abed54ac6fb4695131f4099be9fbe39d6076c5d0264a6bbdae9d83
reads/CA_Riverside_20250915__SRR35931331.target_enriched.fastq.gz	candidate_reads	SRR35931331	20	ac73670af3abed54ac6fb4695131f4099be9fbe39d6076c5d0264a6bbdae9d83
reads/CA_Riverside_20250918__SRR35931330.target_enriched.fastq.gz	candidate_reads	SRR35931330	20	ac73670af3abed54ac6fb4695131f4099be9fbe39d6076c5d0264a6bbdae9d83
reads/CA_Riverside_20250922__SRR35931329.target_enriched.fastq.gz	candidate_reads	SRR35931329	20	ac73670af3abed54ac6fb4695131f4099be9fbe39d6076c5d0264a6bbdae9d83
reads/CA_Riverside_20250925__SRR35931328.target_enriched.fastq.gz	candidate_reads	SRR35931328	20	ac73670af3abed54ac6fb4695131f4099be9fbe39d6076c5d0264a6bbdae9d83
reads/CA_Riverside_20250929__SRR35931327.target_enriched.fastq.gz	candidate_reads	SRR35931327	20	ac73670af3abed54ac6fb4695131f4099be9fbe39d6076c5d0264a6bbdae9d83
reads/CA_Riverside_20251002__SRR35931368.target_enriched.fastq.gz	candidate_reads	SRR35931368	20	ac73670af3abed54ac6fb4695131f4099be9fbe39d6076c5d0264a6bbdae9d83
reads/CA_Riverside_20251006__SRR35931367.target_enriched.fastq.gz	candidate_reads	SRR35931367	20	ac73670af3abed54ac6fb4695131f4099be9fbe39d6076c5d0264a6bbdae9d83
reads/CA_Riverside_20251009__SRR35931366.target_enriched.fastq.gz	candidate_reads	SRR35931366	20	ac73670af3abed54ac6fb4695131f4099be9fbe39d6076c5d0264a6bbdae9d83
reads/CA_Riverside_20251015__SRR36830275.target_enriched.fastq.gz	candidate_reads	SRR36830275	20	ac73670af3abed54ac6fb4695131f4099be9fbe39d6076c5d0264a6bbdae9d83
reads/CA_Riverside_20251016__SRR36830274.target_enriched.fastq.gz	candidate_reads	SRR36830274	20	ac73670af3abed54ac6fb4695131f4099be9fbe39d6076c5d0264a6bbdae9d83
reads/CA_Riverside_20251020__SRR36830266.target_enriched.fastq.gz	candidate_reads	SRR36830266	20	ac73670af3abed54ac6fb4695131f4099be9fbe39d6076c5d0264a6bbdae9d83
reads/CA_Riverside_20251023__SRR36830265.target_enriched.fastq.gz	candidate_reads	SRR36830265	20	ac73670af3abed54ac6fb4695131f4099be9fbe39d6076c5d0264a6bbdae9d83
reads/CA_Riverside_20251027__SRR36830264.target_enriched.fastq.gz	candidate_reads	SRR36830264	20	ac73670af3abed54ac6fb4695131f4099be9fbe39d6076c5d0264a6bbdae9d83
reads/CA_Riverside_20251030__SRR36830262.target_enriched.fastq.gz	candidate_reads	SRR36830262	20	ac73670af3abed54ac6fb4695131f4099be9fbe39d6076c5d0264a6bbdae9d83
reads/CA_Riverside_20251103__SRR36830263.target_enriched.fastq.gz	candidate_reads	SRR36830263	20	ac73670af3abed54ac6fb4695131f4099be9fbe39d6076c5d0264a6bbdae9d83
reads/CA_Riverside_20251105__SRR36830261.target_enriched.fastq.gz	candidate_reads	SRR36830261	20	ac73670af3abed54ac6fb4695131f4099be9fbe39d6076c5d0264a6bbdae9d83
reads/CA_Riverside_20251109__SRR36830260.target_enriched.fastq.gz	candidate_reads	SRR36830260	20	ac73670af3abed54ac6fb4695131f4099be9fbe39d6076c5d0264a6bbdae9d83
reads/CA_Riverside_20251113__SRR36830259.target_enriched.fastq.gz	candidate_reads	SRR36830259	20	ac73670af3abed54ac6fb4695131f4099be9fbe39d6076c5d0264a6bbdae9d83
reads/CA_Riverside_20251117__SRR36830272.target_enriched.fastq.gz	candidate_reads	SRR36830272	20	ac73670af3abed54ac6fb4695131f4099be9fbe39d6076c5d0264a6bbdae9d83
reads/CA_Riverside_20251120__SRR36830273.target_enriched.fastq.gz	candidate_reads	SRR36830273	20	ac73670af3abed54ac6fb4695131f4099be9fbe39d6076c5d0264a6bbdae9d83
reads/CA_Riverside_20251125__SRR36830271.target_enriched.fastq.gz	candidate_reads	SRR36830271	20	ac73670af3abed54ac6fb4695131f4099be9fbe39d6076c5d0264a6bbdae9d83
reads/CA_Riverside_20251127__SRR36830270.target_enriched.fastq.gz	candidate_reads	SRR36830270	20	ac73670af3abed54ac6fb4695131f4099be9fbe39d6076c5d0264a6bbdae9d83
reads/CA_Riverside_20251201__SRR36830269.target_enriched.fastq.gz	candidate_reads	SRR36830269	20	ac73670af3abed54ac6fb4695131f4099be9fbe39d6076c5d0264a6bbdae9d83
reads/CA_Riverside_20251204__SRR36830267.target_enriched.fastq.gz	candidate_reads	SRR36830267	20	ac73670af3abed54ac6fb4695131f4099be9fbe39d6076c5d0264a6bbdae9d83
reads/CA_Riverside_20251208__SRR36830268.target_enriched.fastq.gz	candidate_reads	SRR36830268	20	ac73670af3abed54ac6fb4695131f4099be9fbe39d6076c5d0264a6bbdae9d83
reads/CA_Riverside_20251215__SRR37092422.target_enriched.fastq.gz	candidate_reads	SRR37092422	20	ac73670af3abed54ac6fb4695131f4099be9fbe39d6076c5d0264a6bbdae9d83
reads/CA_Riverside_20251217__SRR37092421.target_enriched.fastq.gz	candidate_reads	SRR37092421	20	ac73670af3abed54ac6fb4695131f4099be9fbe39d6076c5d0264a6bbdae9d83
reads/CA_Riverside_20251218__SRR37092409.target_enriched.fastq.gz	candidate_reads	SRR37092409	20	ac73670af3abed54ac6fb4695131f4099be9fbe39d6076c5d0264a6bbdae9d83
reads/CA_Riverside_20251222__SRR37092404.target_enriched.fastq.gz	candidate_reads	SRR37092404	20	ac73670af3abed54ac6fb4695131f4099be9fbe39d6076c5d0264a6bbdae9d83
reads/CA_Riverside_20251229__SRR37092403.target_enriched.fastq.gz	candidate_reads	SRR37092403	20	ac73670af3abed54ac6fb4695131f4099be9fbe39d6076c5d0264a6bbdae9d83
reads/CA_Riverside_20260101__SRR38294982.target_enriched.fastq.gz	candidate_reads	SRR38294982	20	ac73670af3abed54ac6fb4695131f4099be9fbe39d6076c5d0264a6bbdae9d83
reads/CA_Riverside_20260105__SRR38294979.target_enriched.fastq.gz	candidate_reads	SRR38294979	20	ac73670af3abed54ac6fb4695131f4099be9fbe39d6076c5d0264a6bbdae9d83
reads/CA_Riverside_20260107__SRR38294978.target_enriched.fastq.gz	candidate_reads	SRR38294978	20	ac73670af3abed54ac6fb4695131f4099be9fbe39d6076c5d0264a6bbdae9d83
reads/CA_Riverside_20260112__SRR38294977.target_enriched.fastq.gz	candidate_reads	SRR38294977	20	ac73670af3abed54ac6fb4695131f4099be9fbe39d6076c5d0264a6bbdae9d83
reads/CA_Riverside_20260115__SRR38294976.target_enriched.fastq.gz	candidate_reads	SRR38294976	20	ac73670af3abed54ac6fb4695131f4099be9fbe39d6076c5d0264a6bbdae9d83
reads/CA_Riverside_20260119__SRR38294975.target_enriched.fastq.gz	candidate_reads	SRR38294975	20	ac73670af3abed54ac6fb4695131f4099be9fbe39d6076c5d0264a6bbdae9d83
reads/CA_Riverside_20260122__SRR38294974.target_enriched.fastq.gz	candidate_reads	SRR38294974	20	ac73670af3abed54ac6fb4695131f4099be9fbe39d6076c5d0264a6bbdae9d83
reads/CA_Riverside_20260126__SRR38294972.target_enriched.fastq.gz	candidate_reads	SRR38294972	20	ac73670af3abed54ac6fb4695131f4099be9fbe39d6076c5d0264a6bbdae9d83
reads/CA_Riverside_20260129__SRR38294973.target_enriched.fastq.gz	candidate_reads	SRR38294973	20	ac73670af3abed54ac6fb4695131f4099be9fbe39d6076c5d0264a6bbdae9d83
reads/CA_Riverside_20260202__SRR38294971.target_enriched.fastq.gz	candidate_reads	SRR38294971	20	ac73670af3abed54ac6fb4695131f4099be9fbe39d6076c5d0264a6bbdae9d83
reads/CA_Riverside_20260205__SRR38294969.target_enriched.fastq.gz	candidate_reads	SRR38294969	20	ac73670af3abed54ac6fb4695131f4099be9fbe39d6076c5d0264a6bbdae9d83
reads/CA_Riverside_20260209__SRR38294968.target_enriched.fastq.gz	candidate_reads	SRR38294968	20	ac73670af3abed54ac6fb4695131f4099be9fbe39d6076c5d0264a6bbdae9d83
reads/CA_Riverside_20260212__SRR38294965.target_enriched.fastq.gz	candidate_reads	SRR38294965	20	ac73670af3abed54ac6fb4695131f4099be9fbe39d6076c5d0264a6bbdae9d83
reads/CA_Riverside_20260216__SRR38294964.target_enriched.fastq.gz	candidate_reads	SRR38294964	20	ac73670af3abed54ac6fb4695131f4099be9fbe39d6076c5d0264a6bbdae9d83
reads/CA_Riverside_20260219__SRR38294963.target_enriched.fastq.gz	candidate_reads	SRR38294963	20	ac73670af3abed54ac6fb4695131f4099be9fbe39d6076c5d0264a6bbdae9d83
reads/CA_Riverside_20260226__SRR38294962.target_enriched.fastq.gz	candidate_reads	SRR38294962	20	ac73670af3abed54ac6fb4695131f4099be9fbe39d6076c5d0264a6bbdae9d83
reads/CA_Riverside_20260302__SRR38294960.target_enriched.fastq.gz	candidate_reads	SRR38294960	20	ac73670af3abed54ac6fb4695131f4099be9fbe39d6076c5d0264a6bbdae9d83
reads/CA_Riverside_20260305__SRR38294961.target_enriched.fastq.gz	candidate_reads	SRR38294961	20	ac73670af3abed54ac6fb4695131f4099be9fbe39d6076c5d0264a6bbdae9d83
reads/CA_Riverside_20260309__SRR38294959.target_enriched.fastq.gz	candidate_reads	SRR38294959	20	ac73670af3abed54ac6fb4695131f4099be9fbe39d6076c5d0264a6bbdae9d83
reads/CA_Riverside_20260312__SRR38294958.target_enriched.fastq.gz	candidate_reads	SRR38294958	20	ac73670af3abed54ac6fb4695131f4099be9fbe39d6076c5d0264a6bbdae9d83
reads/CA_Riverside_20260316__SRR38294957.target_enriched.fastq.gz	candidate_reads	SRR38294957	20	ac73670af3abed54ac6fb4695131f4099be9fbe39d6076c5d0264a6bbdae9d83
reads/CA_Riverside_20260319__SRR38294955.target_enriched.fastq.gz	candidate_reads	SRR38294955	20	ac73670af3abed54ac6fb4695131f4099be9fbe39d6076c5d0264a6bbdae9d83
reads/CA_Riverside_20260323__SRR38294954.target_enriched.fastq.gz	candidate_reads	SRR38294954	20	ac73670af3abed54ac6fb4695131f4099be9fbe39d6076c5d0264a6bbdae9d83
reads/CA_Riverside_20260326__SRR38294675.target_enriched.fastq.gz	candidate_reads	SRR38294675	20	ac73670af3abed54ac6fb4695131f4099be9fbe39d6076c5d0264a6bbdae9d83
reads/CA_Riverside_20260331__SRR38294674.target_enriched.fastq.gz	candidate_reads	SRR38294674	20	ac73670af3abed54ac6fb4695131f4099be9fbe39d6076c5d0264a6bbdae9d83
reads/CA_Riverside_20260402__SRR39695342.target_enriched.fastq.gz	candidate_reads	SRR39695342	20	ac73670af3abed54ac6fb4695131f4099be9fbe39d6076c5d0264a6bbdae9d83
reads/CA_Riverside_20260406__SRR39695073.target_enriched.fastq.gz	candidate_reads	SRR39695073	20	ac73670af3abed54ac6fb4695131f4099be9fbe39d6076c5d0264a6bbdae9d83
reads/CA_Riverside_20260409__SRR39695071.target_enriched.fastq.gz	candidate_reads	SRR39695071	20	ac73670af3abed54ac6fb4695131f4099be9fbe39d6076c5d0264a6bbdae9d83
reads/CA_Riverside_20260413__SRR39695072.target_enriched.fastq.gz	candidate_reads	SRR39695072	20	ac73670af3abed54ac6fb4695131f4099be9fbe39d6076c5d0264a6bbdae9d83
reads/CA_Riverside_20260416__SRR39695070.target_enriched.fastq.gz	candidate_reads	SRR39695070	20	ac73670af3abed54ac6fb4695131f4099be9fbe39d6076c5d0264a6bbdae9d83
reads/CA_Riverside_20260420__SRR39695069.target_enriched.fastq.gz	candidate_reads	SRR39695069	20	ac73670af3abed54ac6fb4695131f4099be9fbe39d6076c5d0264a6bbdae9d83
reads/CA_Riverside_20260423__SRR39695068.target_enriched.fastq.gz	candidate_reads	SRR39695068	20	ac73670af3abed54ac6fb4695131f4099be9fbe39d6076c5d0264a6bbdae9d83
reads/CA_Riverside_20260427__SRR39695066.target_enriched.fastq.gz	candidate_reads	SRR39695066	20	ac73670af3abed54ac6fb4695131f4099be9fbe39d6076c5d0264a6bbdae9d83
reads/CA_Riverside_20260430__SRR39695067.target_enriched.fastq.gz	candidate_reads	SRR39695067	20	ac73670af3abed54ac6fb4695131f4099be9fbe39d6076c5d0264a6bbdae9d83
reads/CA_Riverside_20260504__SRR39695064.target_enriched.fastq.gz	candidate_reads	SRR39695064	20	ac73670af3abed54ac6fb4695131f4099be9fbe39d6076c5d0264a6bbdae9d83
reads/CA_Riverside_20260507__SRR39694956.target_enriched.fastq.gz	candidate_reads	SRR39694956	20	ac73670af3abed54ac6fb4695131f4099be9fbe39d6076c5d0264a6bbdae9d83
reads/CA_Riverside_20260511__SRR39694952.target_enriched.fastq.gz	candidate_reads	SRR39694952	20	ac73670af3abed54ac6fb4695131f4099be9fbe39d6076c5d0264a6bbdae9d83
reads/CA_Riverside_20260514__SRR39694953.target_enriched.fastq.gz	candidate_reads	SRR39694953	20	ac73670af3abed54ac6fb4695131f4099be9fbe39d6076c5d0264a6bbdae9d83
reads/CA_Riverside_20260518__SRR39694951.target_enriched.fastq.gz	candidate_reads	SRR39694951	20	ac73670af3abed54ac6fb4695131f4099be9fbe39d6076c5d0264a6bbdae9d83
reads/CA_Riverside_20260521__SRR39694950.target_enriched.fastq.gz	candidate_reads	SRR39694950	20	ac73670af3abed54ac6fb4695131f4099be9fbe39d6076c5d0264a6bbdae9d83
reads/CA_Riverside_20260525__SRR39694949.target_enriched.fastq.gz	candidate_reads	SRR39694949	20	ac73670af3abed54ac6fb4695131f4099be9fbe39d6076c5d0264a6bbdae9d83
reads/CA_Riverside_20260528__SRR39694948.target_enriched.fastq.gz	candidate_reads	SRR39694948	20	ac73670af3abed54ac6fb4695131f4099be9fbe39d6076c5d0264a6bbdae9d83
reads/CA_Riverside_20260601__SRR39694947.target_enriched.fastq.gz	candidate_reads	SRR39694947	20	ac73670af3abed54ac6fb4695131f4099be9fbe39d6076c5d0264a6bbdae9d83
reads/CA_Riverside_20260604__SRR39694946.target_enriched.fastq.gz	candidate_reads	SRR39694946	20	ac73670af3abed54ac6fb4695131f4099be9fbe39d6076c5d0264a6bbdae9d83
reads/CA_Riverside_20260611__SRR39694945.target_enriched.fastq.gz	candidate_reads	SRR39694945	20	ac73670af3abed54ac6fb4695131f4099be9fbe39d6076c5d0264a6bbdae9d83
reads/CA_Riverside_20260615__SRR39694944.target_enriched.fastq.gz	candidate_reads	SRR39694944	20	ac73670af3abed54ac6fb4695131f4099be9fbe39d6076c5d0264a6bbdae9d83
reads/CA_Riverside_20260618__SRR39694934.target_enriched.fastq.gz	candidate_reads	SRR39694934	20	ac73670af3abed54ac6fb4695131f4099be9fbe39d6076c5d0264a6bbdae9d83
reads/CA_Riverside_20260622__SRR39694935.target_enriched.fastq.gz	candidate_reads	SRR39694935	20	ac73670af3abed54ac6fb4695131f4099be9fbe39d6076c5d0264a6bbdae9d83
reads/CA_Riverside_20260625__SRR39695065.target_enriched.fastq.gz	candidate_reads	SRR39695065	20	ac73670af3abed54ac6fb4695131f4099be9fbe39d6076c5d0264a6bbdae9d83
reads/CA_Riverside_20260629__SRR39695328.target_enriched.fastq.gz	candidate_reads	SRR39695328	20	ac73670af3abed54ac6fb4695131f4099be9fbe39d6076c5d0264a6bbdae9d83
reads/CA_Sacramento_20250917__SRR36814895.target_enriched.fastq.gz	candidate_reads	SRR36814895	20	ac73670af3abed54ac6fb4695131f4099be9fbe39d6076c5d0264a6bbdae9d83
reads/CA_Sacramento_20250925__SRR36814894.target_enriched.fastq.gz	candidate_reads	SRR36814894	20	ac73670af3abed54ac6fb4695131f4099be9fbe39d6076c5d0264a6bbdae9d83
reads/CA_Sacramento_20251003__SRR36814888.target_enriched.fastq.gz	candidate_reads	SRR36814888	20	ac73670af3abed54ac6fb4695131f4099be9fbe39d6076c5d0264a6bbdae9d83
reads/CA_Sacramento_20251010__SRR36814886.target_enriched.fastq.gz	candidate_reads	SRR36814886	20	ac73670af3abed54ac6fb4695131f4099be9fbe39d6076c5d0264a6bbdae9d83
reads/CA_Sacramento_20251015__SRR36814885.target_enriched.fastq.gz	candidate_reads	SRR36814885	20	ac73670af3abed54ac6fb4695131f4099be9fbe39d6076c5d0264a6bbdae9d83
reads/CA_Sacramento_20251023__SRR36814884.target_enriched.fastq.gz	candidate_reads	SRR36814884	20	ac73670af3abed54ac6fb4695131f4099be9fbe39d6076c5d0264a6bbdae9d83
reads/CA_Sacramento_20251029__SRR36814882.target_enriched.fastq.gz	candidate_reads	SRR36814882	20	ac73670af3abed54ac6fb4695131f4099be9fbe39d6076c5d0264a6bbdae9d83
reads/CA_Sacramento_20251105__SRR36814883.target_enriched.fastq.gz	candidate_reads	SRR36814883	20	ac73670af3abed54ac6fb4695131f4099be9fbe39d6076c5d0264a6bbdae9d83
reads/CA_Sacramento_20251112__SRR36814881.target_enriched.fastq.gz	candidate_reads	SRR36814881	20	ac73670af3abed54ac6fb4695131f4099be9fbe39d6076c5d0264a6bbdae9d83
reads/CA_Sacramento_20251120__SRR36814880.target_enriched.fastq.gz	candidate_reads	SRR36814880	20	ac73670af3abed54ac6fb4695131f4099be9fbe39d6076c5d0264a6bbdae9d83
reads/CA_Sacramento_20251125__SRR36814892.target_enriched.fastq.gz	candidate_reads	SRR36814892	270	d25310f0b10178594206b652a4cd68627d35eb016ff626d9855aa2fdcf6297e3
reads/CA_Sacramento_20251203__SRR36814893.target_enriched.fastq.gz	candidate_reads	SRR36814893	20	ac73670af3abed54ac6fb4695131f4099be9fbe39d6076c5d0264a6bbdae9d83
reads/CA_Sacramento_20251211__SRR36814891.target_enriched.fastq.gz	candidate_reads	SRR36814891	20	ac73670af3abed54ac6fb4695131f4099be9fbe39d6076c5d0264a6bbdae9d83
reads/CA_Sacramento_20251224__SRR37092402.target_enriched.fastq.gz	candidate_reads	SRR37092402	20	ac73670af3abed54ac6fb4695131f4099be9fbe39d6076c5d0264a6bbdae9d83
reads/CA_Sacramento_20251229__SRR37092401.target_enriched.fastq.gz	candidate_reads	SRR37092401	20	ac73670af3abed54ac6fb4695131f4099be9fbe39d6076c5d0264a6bbdae9d83
reads/CA_Sacramento_20260107__SRR38294673.target_enriched.fastq.gz	candidate_reads	SRR38294673	20	ac73670af3abed54ac6fb4695131f4099be9fbe39d6076c5d0264a6bbdae9d83
reads/CA_Sacramento_20260114__SRR38294672.target_enriched.fastq.gz	candidate_reads	SRR38294672	20	ac73670af3abed54ac6fb4695131f4099be9fbe39d6076c5d0264a6bbdae9d83
reads/CA_Sacramento_20260122__SRR38294670.target_enriched.fastq.gz	candidate_reads	SRR38294670	20	ac73670af3abed54ac6fb4695131f4099be9fbe39d6076c5d0264a6bbdae9d83
reads/CA_Sacramento_20260128__SRR38294671.target_enriched.fastq.gz	candidate_reads	SRR38294671	20	ac73670af3abed54ac6fb4695131f4099be9fbe39d6076c5d0264a6bbdae9d83
reads/CA_Sacramento_20260202__SRR38294669.target_enriched.fastq.gz	candidate_reads	SRR38294669	20	ac73670af3abed54ac6fb4695131f4099be9fbe39d6076c5d0264a6bbdae9d83
reads/CA_Sacramento_20260212__SRR38294893.target_enriched.fastq.gz	candidate_reads	SRR38294893	20	ac73670af3abed54ac6fb4695131f4099be9fbe39d6076c5d0264a6bbdae9d83
reads/CA_Sacramento_20260219__SRR38294668.target_enriched.fastq.gz	candidate_reads	SRR38294668	20	ac73670af3abed54ac6fb4695131f4099be9fbe39d6076c5d0264a6bbdae9d83
reads/CA_Sacramento_20260225__SRR38294890.target_enriched.fastq.gz	candidate_reads	SRR38294890	20	ac73670af3abed54ac6fb4695131f4099be9fbe39d6076c5d0264a6bbdae9d83
reads/CA_Sacramento_20260305__SRR38294888.target_enriched.fastq.gz	candidate_reads	SRR38294888	20	ac73670af3abed54ac6fb4695131f4099be9fbe39d6076c5d0264a6bbdae9d83
reads/CA_Sacramento_20260311__SRR38294666.target_enriched.fastq.gz	candidate_reads	SRR38294666	20	ac73670af3abed54ac6fb4695131f4099be9fbe39d6076c5d0264a6bbdae9d83
reads/CA_Sacramento_20260319__SRR38294665.target_enriched.fastq.gz	candidate_reads	SRR38294665	20	ac73670af3abed54ac6fb4695131f4099be9fbe39d6076c5d0264a6bbdae9d83
reads/CA_Sacramento_20260326__SRR38294663.target_enriched.fastq.gz	candidate_reads	SRR38294663	20	ac73670af3abed54ac6fb4695131f4099be9fbe39d6076c5d0264a6bbdae9d83
reads/CA_Sacramento_20260402__SRR39694936.target_enriched.fastq.gz	candidate_reads	SRR39694936	1027	2a3d205b869579c7ecb575c4d8865016db7e1093f9ba1ad76c02d0e6b3f1df18
reads/CA_Sacramento_20260408__SRR39694938.target_enriched.fastq.gz	candidate_reads	SRR39694938	20	ac73670af3abed54ac6fb4695131f4099be9fbe39d6076c5d0264a6bbdae9d83
reads/CA_Sacramento_20260415__SRR39694937.target_enriched.fastq.gz	candidate_reads	SRR39694937	20	ac73670af3abed54ac6fb4695131f4099be9fbe39d6076c5d0264a6bbdae9d83
reads/CA_Sacramento_20260423__SRR39694939.target_enriched.fastq.gz	candidate_reads	SRR39694939	20	ac73670af3abed54ac6fb4695131f4099be9fbe39d6076c5d0264a6bbdae9d83
reads/CA_Sacramento_20260430__SRR39695117.target_enriched.fastq.gz	candidate_reads	SRR39695117	20	ac73670af3abed54ac6fb4695131f4099be9fbe39d6076c5d0264a6bbdae9d83
reads/CA_Sacramento_20260507__SRR39695119.target_enriched.fastq.gz	candidate_reads	SRR39695119	20	ac73670af3abed54ac6fb4695131f4099be9fbe39d6076c5d0264a6bbdae9d83
reads/CA_Sacramento_20260513__SRR39694942.target_enriched.fastq.gz	candidate_reads	SRR39694942	20	ac73670af3abed54ac6fb4695131f4099be9fbe39d6076c5d0264a6bbdae9d83
reads/CA_Sacramento_20260520__SRR39695118.target_enriched.fastq.gz	candidate_reads	SRR39695118	20	ac73670af3abed54ac6fb4695131f4099be9fbe39d6076c5d0264a6bbdae9d83
reads/CA_Sacramento_20260528__SRR39695120.target_enriched.fastq.gz	candidate_reads	SRR39695120	20	ac73670af3abed54ac6fb4695131f4099be9fbe39d6076c5d0264a6bbdae9d83
reads/CA_Sacramento_20260603__SRR39695339.target_enriched.fastq.gz	candidate_reads	SRR39695339	20	ac73670af3abed54ac6fb4695131f4099be9fbe39d6076c5d0264a6bbdae9d83
reads/CA_Sacramento_20260611__SRR39695340.target_enriched.fastq.gz	candidate_reads	SRR39695340	20	ac73670af3abed54ac6fb4695131f4099be9fbe39d6076c5d0264a6bbdae9d83
reads/CA_Sacramento_20260617__SRR39695111.target_enriched.fastq.gz	candidate_reads	SRR39695111	20	ac73670af3abed54ac6fb4695131f4099be9fbe39d6076c5d0264a6bbdae9d83
reads/CA_Sacramento_20260625__SRR39695114.target_enriched.fastq.gz	candidate_reads	SRR39695114	20	ac73670af3abed54ac6fb4695131f4099be9fbe39d6076c5d0264a6bbdae9d83
reads/CA_Sacramento__20250828__SRR36814890.target_enriched.fastq.gz	candidate_reads	SRR36814890	20	ac73670af3abed54ac6fb4695131f4099be9fbe39d6076c5d0264a6bbdae9d83
reads/CA_Sacramento__20250904__SRR36814889.target_enriched.fastq.gz	candidate_reads	SRR36814889	20	ac73670af3abed54ac6fb4695131f4099be9fbe39d6076c5d0264a6bbdae9d83
reads/CA_Sacramento__20250909__SRR36814887.target_enriched.fastq.gz	candidate_reads	SRR36814887	20	ac73670af3abed54ac6fb4695131f4099be9fbe39d6076c5d0264a6bbdae9d83
reads/CHI-A_20250316__SRR35987634.target_enriched.fastq.gz	candidate_reads	SRR35987634	20	ac73670af3abed54ac6fb4695131f4099be9fbe39d6076c5d0264a6bbdae9d83
reads/CHI-A_20250323__SRR35987633.target_enriched.fastq.gz	candidate_reads	SRR35987633	20	ac73670af3abed54ac6fb4695131f4099be9fbe39d6076c5d0264a6bbdae9d83
reads/CHI-A_20250330__SRR35987586.target_enriched.fastq.gz	candidate_reads	SRR35987586	20	ac73670af3abed54ac6fb4695131f4099be9fbe39d6076c5d0264a6bbdae9d83
reads/CHI-A_20250406__SRR35987660.target_enriched.fastq.gz	candidate_reads	SRR35987660	20	ac73670af3abed54ac6fb4695131f4099be9fbe39d6076c5d0264a6bbdae9d83
reads/CHI-A_20250413__SRR35987614.target_enriched.fastq.gz	candidate_reads	SRR35987614	20	ac73670af3abed54ac6fb4695131f4099be9fbe39d6076c5d0264a6bbdae9d83
reads/CHI-A_20250420__SRR35987577.target_enriched.fastq.gz	candidate_reads	SRR35987577	269	f529fccdf6494ee631072594184253b9de74bb2cc3bb8b1b157eea2a16664d1c
reads/CHI-A_20250427__SRR35987650.target_enriched.fastq.gz	candidate_reads	SRR35987650	20	ac73670af3abed54ac6fb4695131f4099be9fbe39d6076c5d0264a6bbdae9d83
reads/CHI-A_20250504__SRR35987575.target_enriched.fastq.gz	candidate_reads	SRR35987575	20	ac73670af3abed54ac6fb4695131f4099be9fbe39d6076c5d0264a6bbdae9d83
reads/CHI-A_20250511__SRR35987673.target_enriched.fastq.gz	candidate_reads	SRR35987673	20	ac73670af3abed54ac6fb4695131f4099be9fbe39d6076c5d0264a6bbdae9d83
reads/CHI-A_20250518__SRR35987636.target_enriched.fastq.gz	candidate_reads	SRR35987636	20	ac73670af3abed54ac6fb4695131f4099be9fbe39d6076c5d0264a6bbdae9d83
reads/CHI-A_20250525__SRR35987631.target_enriched.fastq.gz	candidate_reads	SRR35987631	20	ac73670af3abed54ac6fb4695131f4099be9fbe39d6076c5d0264a6bbdae9d83
reads/CHI-A_20250601__SRR35987624.target_enriched.fastq.gz	candidate_reads	SRR35987624	20	ac73670af3abed54ac6fb4695131f4099be9fbe39d6076c5d0264a6bbdae9d83
reads/CHI-A_20250608__SRR35987567.target_enriched.fastq.gz	candidate_reads	SRR35987567	20	ac73670af3abed54ac6fb4695131f4099be9fbe39d6076c5d0264a6bbdae9d83
reads/CHI-A_20250615__SRR35987592.target_enriched.fastq.gz	candidate_reads	SRR35987592	20	ac73670af3abed54ac6fb4695131f4099be9fbe39d6076c5d0264a6bbdae9d83
reads/CHI-A_20250622__SRR35987589.target_enriched.fastq.gz	candidate_reads	SRR35987589	963	e8349d0d20770e96d0825b8aa58db0c1862defa00e8ae3378713d46da5685c85
reads/CHI-A_20250629__SRR35987588.target_enriched.fastq.gz	candidate_reads	SRR35987588	20	ac73670af3abed54ac6fb4695131f4099be9fbe39d6076c5d0264a6bbdae9d83
reads/CHI-A_20250706__SRR35987654.target_enriched.fastq.gz	candidate_reads	SRR35987654	20	ac73670af3abed54ac6fb4695131f4099be9fbe39d6076c5d0264a6bbdae9d83
reads/CHI-A_20250713__SRR35987653.target_enriched.fastq.gz	candidate_reads	SRR35987653	20	ac73670af3abed54ac6fb4695131f4099be9fbe39d6076c5d0264a6bbdae9d83
reads/CHI-A_20250720__SRR35987652.target_enriched.fastq.gz	candidate_reads	SRR35987652	20	ac73670af3abed54ac6fb4695131f4099be9fbe39d6076c5d0264a6bbdae9d83
reads/CHI-A_20250727__SRR35987587.target_enriched.fastq.gz	candidate_reads	SRR35987587	20	ac73670af3abed54ac6fb4695131f4099be9fbe39d6076c5d0264a6bbdae9d83
reads/CHI-A_20251026__SRR36832699.target_enriched.fastq.gz	candidate_reads	SRR36832699	20	ac73670af3abed54ac6fb4695131f4099be9fbe39d6076c5d0264a6bbdae9d83
reads/CHI-A_20251102__SRR36832698.target_enriched.fastq.gz	candidate_reads	SRR36832698	20	ac73670af3abed54ac6fb4695131f4099be9fbe39d6076c5d0264a6bbdae9d83
reads/CHI-A_20251109__SRR36832686.target_enriched.fastq.gz	candidate_reads	SRR36832686	20	ac73670af3abed54ac6fb4695131f4099be9fbe39d6076c5d0264a6bbdae9d83
reads/CHI-A_20251116__SRR36832672.target_enriched.fastq.gz	candidate_reads	SRR36832672	20	ac73670af3abed54ac6fb4695131f4099be9fbe39d6076c5d0264a6bbdae9d83
reads/CHI-A_20251123__SRR36832673.target_enriched.fastq.gz	candidate_reads	SRR36832673	20	ac73670af3abed54ac6fb4695131f4099be9fbe39d6076c5d0264a6bbdae9d83
reads/CHI-A_20251130__SRR36832674.target_enriched.fastq.gz	candidate_reads	SRR36832674	20	ac73670af3abed54ac6fb4695131f4099be9fbe39d6076c5d0264a6bbdae9d83
reads/CHI-A_20251207__SRR37089594.target_enriched.fastq.gz	candidate_reads	SRR37089594	20	ac73670af3abed54ac6fb4695131f4099be9fbe39d6076c5d0264a6bbdae9d83
reads/CHI-A_20251214__SRR37089593.target_enriched.fastq.gz	candidate_reads	SRR37089593	20	ac73670af3abed54ac6fb4695131f4099be9fbe39d6076c5d0264a6bbdae9d83
reads/CHI-A_20251221__SRR37089578.target_enriched.fastq.gz	candidate_reads	SRR37089578	20	ac73670af3abed54ac6fb4695131f4099be9fbe39d6076c5d0264a6bbdae9d83
reads/CHI-A_20251228__SRR37089572.target_enriched.fastq.gz	candidate_reads	SRR37089572	20	ac73670af3abed54ac6fb4695131f4099be9fbe39d6076c5d0264a6bbdae9d83
reads/CHI-A_20260104__SRR37089573.target_enriched.fastq.gz	candidate_reads	SRR37089573	20	ac73670af3abed54ac6fb4695131f4099be9fbe39d6076c5d0264a6bbdae9d83
reads/CHI-A_20260111__SRR38294664.target_enriched.fastq.gz	candidate_reads	SRR38294664	20	ac73670af3abed54ac6fb4695131f4099be9fbe39d6076c5d0264a6bbdae9d83
reads/CHI-A_20260118__SRR38294662.target_enriched.fastq.gz	candidate_reads	SRR38294662	20	ac73670af3abed54ac6fb4695131f4099be9fbe39d6076c5d0264a6bbdae9d83
reads/CHI-A_20260125__SRR38294895.target_enriched.fastq.gz	candidate_reads	SRR38294895	20	ac73670af3abed54ac6fb4695131f4099be9fbe39d6076c5d0264a6bbdae9d83
reads/CHI-A_20260201__SRR38294894.target_enriched.fastq.gz	candidate_reads	SRR38294894	20	ac73670af3abed54ac6fb4695131f4099be9fbe39d6076c5d0264a6bbdae9d83
reads/CHI-A_20260208__SRR38294892.target_enriched.fastq.gz	candidate_reads	SRR38294892	20	ac73670af3abed54ac6fb4695131f4099be9fbe39d6076c5d0264a6bbdae9d83
reads/CHI-A_20260215__SRR38294735.target_enriched.fastq.gz	candidate_reads	SRR38294735	20	ac73670af3abed54ac6fb4695131f4099be9fbe39d6076c5d0264a6bbdae9d83
reads/CHI-A_20260222__SRR38294736.target_enriched.fastq.gz	candidate_reads	SRR38294736	20	ac73670af3abed54ac6fb4695131f4099be9fbe39d6076c5d0264a6bbdae9d83
reads/CHI-A_20260301__SRR38294737.target_enriched.fastq.gz	candidate_reads	SRR38294737	20	ac73670af3abed54ac6fb4695131f4099be9fbe39d6076c5d0264a6bbdae9d83
reads/CHI-A_20260308__SRR38294739.target_enriched.fastq.gz	candidate_reads	SRR38294739	20	ac73670af3abed54ac6fb4695131f4099be9fbe39d6076c5d0264a6bbdae9d83
reads/CHI-A_20260315__SRR38294659.target_enriched.fastq.gz	candidate_reads	SRR38294659	20	ac73670af3abed54ac6fb4695131f4099be9fbe39d6076c5d0264a6bbdae9d83
reads/CHI-A_20260322__SRR38294660.target_enriched.fastq.gz	candidate_reads	SRR38294660	20	ac73670af3abed54ac6fb4695131f4099be9fbe39d6076c5d0264a6bbdae9d83
reads/CHI-A_20260329__SRR38294738.target_enriched.fastq.gz	candidate_reads	SRR38294738	20	ac73670af3abed54ac6fb4695131f4099be9fbe39d6076c5d0264a6bbdae9d83
reads/CHI-A_20260405__SRR39695113.target_enriched.fastq.gz	candidate_reads	SRR39695113	20	ac73670af3abed54ac6fb4695131f4099be9fbe39d6076c5d0264a6bbdae9d83
reads/CHI-A_20260412__SRR39695115.target_enriched.fastq.gz	candidate_reads	SRR39695115	20	ac73670af3abed54ac6fb4695131f4099be9fbe39d6076c5d0264a6bbdae9d83
reads/CHI-A_20260419__SRR39695116.target_enriched.fastq.gz	candidate_reads	SRR39695116	20	ac73670af3abed54ac6fb4695131f4099be9fbe39d6076c5d0264a6bbdae9d83
reads/CHI-A_20260426__SRR39695122.target_enriched.fastq.gz	candidate_reads	SRR39695122	20	ac73670af3abed54ac6fb4695131f4099be9fbe39d6076c5d0264a6bbdae9d83
reads/CHI-A_20260503__SRR39695123.target_enriched.fastq.gz	candidate_reads	SRR39695123	20	ac73670af3abed54ac6fb4695131f4099be9fbe39d6076c5d0264a6bbdae9d83
reads/CHI-A_20260510__SRR39695124.target_enriched.fastq.gz	candidate_reads	SRR39695124	20	ac73670af3abed54ac6fb4695131f4099be9fbe39d6076c5d0264a6bbdae9d83
reads/CHI-A_20260517__SRR39695337.target_enriched.fastq.gz	candidate_reads	SRR39695337	20	ac73670af3abed54ac6fb4695131f4099be9fbe39d6076c5d0264a6bbdae9d83
reads/CHI-A_20260524__SRR39695338.target_enriched.fastq.gz	candidate_reads	SRR39695338	1472	495ca40fd26a9354202e6f173e829170ce289dda1a7bcff85a168d31f3ba92be
reads/CHI-A_20260531__SRR39695336.target_enriched.fastq.gz	candidate_reads	SRR39695336	20	ac73670af3abed54ac6fb4695131f4099be9fbe39d6076c5d0264a6bbdae9d83
reads/CHI-A_20260607__SRR39695335.target_enriched.fastq.gz	candidate_reads	SRR39695335	20	ac73670af3abed54ac6fb4695131f4099be9fbe39d6076c5d0264a6bbdae9d83
reads/CHI-A_20260614__SRR39695332.target_enriched.fastq.gz	candidate_reads	SRR39695332	20	ac73670af3abed54ac6fb4695131f4099be9fbe39d6076c5d0264a6bbdae9d83
reads/CHI-A_20260621__SRR39695331.target_enriched.fastq.gz	candidate_reads	SRR39695331	20	ac73670af3abed54ac6fb4695131f4099be9fbe39d6076c5d0264a6bbdae9d83
reads/CHI-A_20260628__SRR39695329.target_enriched.fastq.gz	candidate_reads	SRR39695329	1184	998d12e9008e26cd594a4c10b45502c3c73bebb53bf6c2d2f0299096703e15d7
reads/CHI-B_20250316__SRR35987585.target_enriched.fastq.gz	candidate_reads	SRR35987585	20	ac73670af3abed54ac6fb4695131f4099be9fbe39d6076c5d0264a6bbdae9d83
reads/CHI-B_20250323__SRR35987584.target_enriched.fastq.gz	candidate_reads	SRR35987584	20	ac73670af3abed54ac6fb4695131f4099be9fbe39d6076c5d0264a6bbdae9d83
reads/CHI-B_20250330__SRR35987562.target_enriched.fastq.gz	candidate_reads	SRR35987562	20	ac73670af3abed54ac6fb4695131f4099be9fbe39d6076c5d0264a6bbdae9d83
reads/CHI-B_20250406__SRR35987557.target_enriched.fastq.gz	candidate_reads	SRR35987557	20	ac73670af3abed54ac6fb4695131f4099be9fbe39d6076c5d0264a6bbdae9d83
reads/CHI-B_20250413__SRR35987556.target_enriched.fastq.gz	candidate_reads	SRR35987556	20	ac73670af3abed54ac6fb4695131f4099be9fbe39d6076c5d0264a6bbdae9d83
reads/CHI-B_20250420__SRR35987555.target_enriched.fastq.gz	candidate_reads	SRR35987555	20	ac73670af3abed54ac6fb4695131f4099be9fbe39d6076c5d0264a6bbdae9d83
reads/CHI-B_20250427__SRR35987554.target_enriched.fastq.gz	candidate_reads	SRR35987554	20	ac73670af3abed54ac6fb4695131f4099be9fbe39d6076c5d0264a6bbdae9d83
reads/CHI-B_20250504__SRR35987553.target_enriched.fastq.gz	candidate_reads	SRR35987553	20	ac73670af3abed54ac6fb4695131f4099be9fbe39d6076c5d0264a6bbdae9d83
reads/CHI-B_20250511__SRR35987552.target_enriched.fastq.gz	candidate_reads	SRR35987552	20	ac73670af3abed54ac6fb4695131f4099be9fbe39d6076c5d0264a6bbdae9d83
reads/CHI-B_20250518__SRR35987551.target_enriched.fastq.gz	candidate_reads	SRR35987551	20	ac73670af3abed54ac6fb4695131f4099be9fbe39d6076c5d0264a6bbdae9d83
reads/CHI-B_20250525__SRR35987658.target_enriched.fastq.gz	candidate_reads	SRR35987658	20	ac73670af3abed54ac6fb4695131f4099be9fbe39d6076c5d0264a6bbdae9d83
reads/CHI-B_20250601__SRR35987657.target_enriched.fastq.gz	candidate_reads	SRR35987657	20	ac73670af3abed54ac6fb4695131f4099be9fbe39d6076c5d0264a6bbdae9d83
reads/CHI-B_20250608__SRR35987656.target_enriched.fastq.gz	candidate_reads	SRR35987656	20	ac73670af3abed54ac6fb4695131f4099be9fbe39d6076c5d0264a6bbdae9d83
reads/CHI-B_20250615__SRR35987655.target_enriched.fastq.gz	candidate_reads	SRR35987655	20	ac73670af3abed54ac6fb4695131f4099be9fbe39d6076c5d0264a6bbdae9d83
reads/CHI-B_20250622__SRR35987549.target_enriched.fastq.gz	candidate_reads	SRR35987549	20	ac73670af3abed54ac6fb4695131f4099be9fbe39d6076c5d0264a6bbdae9d83
reads/CHI-B_20250629__SRR35987548.target_enriched.fastq.gz	candidate_reads	SRR35987548	20	ac73670af3abed54ac6fb4695131f4099be9fbe39d6076c5d0264a6bbdae9d83
reads/CHI-B_20250706__SRR35987547.target_enriched.fastq.gz	candidate_reads	SRR35987547	20	ac73670af3abed54ac6fb4695131f4099be9fbe39d6076c5d0264a6bbdae9d83
reads/CHI-B_20250713__SRR35987546.target_enriched.fastq.gz	candidate_reads	SRR35987546	20	ac73670af3abed54ac6fb4695131f4099be9fbe39d6076c5d0264a6bbdae9d83
reads/CHI-B_20250720__SRR35987545.target_enriched.fastq.gz	candidate_reads	SRR35987545	20	ac73670af3abed54ac6fb4695131f4099be9fbe39d6076c5d0264a6bbdae9d83
reads/CHI-B_20250727__SRR35987615.target_enriched.fastq.gz	candidate_reads	SRR35987615	20	ac73670af3abed54ac6fb4695131f4099be9fbe39d6076c5d0264a6bbdae9d83
reads/CHI-B_20251026__SRR36832675.target_enriched.fastq.gz	candidate_reads	SRR36832675	20	ac73670af3abed54ac6fb4695131f4099be9fbe39d6076c5d0264a6bbdae9d83
reads/CHI-B_20251102__SRR36832676.target_enriched.fastq.gz	candidate_reads	SRR36832676	20	ac73670af3abed54ac6fb4695131f4099be9fbe39d6076c5d0264a6bbdae9d83
reads/CHI-B_20251109__SRR36832677.target_enriched.fastq.gz	candidate_reads	SRR36832677	20	ac73670af3abed54ac6fb4695131f4099be9fbe39d6076c5d0264a6bbdae9d83
reads/CHI-B_20251116__SRR36832678.target_enriched.fastq.gz	candidate_reads	SRR36832678	20	ac73670af3abed54ac6fb4695131f4099be9fbe39d6076c5d0264a6bbdae9d83
reads/CHI-B_20251123__SRR36832696.target_enriched.fastq.gz	candidate_reads	SRR36832696	20	ac73670af3abed54ac6fb4695131f4099be9fbe39d6076c5d0264a6bbdae9d83
reads/CHI-B_20251130__SRR36832697.target_enriched.fastq.gz	candidate_reads	SRR36832697	20	ac73670af3abed54ac6fb4695131f4099be9fbe39d6076c5d0264a6bbdae9d83
reads/CHI-B_20251207__SRR37089574.target_enriched.fastq.gz	candidate_reads	SRR37089574	20	ac73670af3abed54ac6fb4695131f4099be9fbe39d6076c5d0264a6bbdae9d83
reads/CHI-B_20251214__SRR37089575.target_enriched.fastq.gz	candidate_reads	SRR37089575	20	ac73670af3abed54ac6fb4695131f4099be9fbe39d6076c5d0264a6bbdae9d83
reads/CHI-B_20251221__SRR37089576.target_enriched.fastq.gz	candidate_reads	SRR37089576	20	ac73670af3abed54ac6fb4695131f4099be9fbe39d6076c5d0264a6bbdae9d83
reads/CHI-B_20251228__SRR37089577.target_enriched.fastq.gz	candidate_reads	SRR37089577	20	ac73670af3abed54ac6fb4695131f4099be9fbe39d6076c5d0264a6bbdae9d83
reads/CHI-B_20260104__SRR37089579.target_enriched.fastq.gz	candidate_reads	SRR37089579	20	ac73670af3abed54ac6fb4695131f4099be9fbe39d6076c5d0264a6bbdae9d83
reads/CHI-B_20260111__SRR38294740.target_enriched.fastq.gz	candidate_reads	SRR38294740	20	ac73670af3abed54ac6fb4695131f4099be9fbe39d6076c5d0264a6bbdae9d83
reads/CHI-B_20260118__SRR38294741.target_enriched.fastq.gz	candidate_reads	SRR38294741	20	ac73670af3abed54ac6fb4695131f4099be9fbe39d6076c5d0264a6bbdae9d83
reads/CHI-B_20260125__SRR38294742.target_enriched.fastq.gz	candidate_reads	SRR38294742	20	ac73670af3abed54ac6fb4695131f4099be9fbe39d6076c5d0264a6bbdae9d83
reads/CHI-B_20260201__SRR38294721.target_enriched.fastq.gz	candidate_reads	SRR38294721	20	ac73670af3abed54ac6fb4695131f4099be9fbe39d6076c5d0264a6bbdae9d83
reads/CHI-B_20260208__SRR38294743.target_enriched.fastq.gz	candidate_reads	SRR38294743	20	ac73670af3abed54ac6fb4695131f4099be9fbe39d6076c5d0264a6bbdae9d83
reads/CHI-B_20260215__SRR38294744.target_enriched.fastq.gz	candidate_reads	SRR38294744	20	ac73670af3abed54ac6fb4695131f4099be9fbe39d6076c5d0264a6bbdae9d83
reads/CHI-B_20260222__SRR38294724.target_enriched.fastq.gz	candidate_reads	SRR38294724	20	ac73670af3abed54ac6fb4695131f4099be9fbe39d6076c5d0264a6bbdae9d83
reads/CHI-B_20260301__SRR38294725.target_enriched.fastq.gz	candidate_reads	SRR38294725	20	ac73670af3abed54ac6fb4695131f4099be9fbe39d6076c5d0264a6bbdae9d83
reads/CHI-B_20260308__SRR38294727.target_enriched.fastq.gz	candidate_reads	SRR38294727	20	ac73670af3abed54ac6fb4695131f4099be9fbe39d6076c5d0264a6bbdae9d83
reads/CHI-B_20260315__SRR38294726.target_enriched.fastq.gz	candidate_reads	SRR38294726	20	ac73670af3abed54ac6fb4695131f4099be9fbe39d6076c5d0264a6bbdae9d83
reads/CHI-B_20260322__SRR38294728.target_enriched.fastq.gz	candidate_reads	SRR38294728	20	ac73670af3abed54ac6fb4695131f4099be9fbe39d6076c5d0264a6bbdae9d83
reads/CHI-B_20260329__SRR38294729.target_enriched.fastq.gz	candidate_reads	SRR38294729	20	ac73670af3abed54ac6fb4695131f4099be9fbe39d6076c5d0264a6bbdae9d83
reads/CHI-B_20260405__SRR39695334.target_enriched.fastq.gz	candidate_reads	SRR39695334	20	ac73670af3abed54ac6fb4695131f4099be9fbe39d6076c5d0264a6bbdae9d83
reads/CHI-B_20260412__SRR39695333.target_enriched.fastq.gz	candidate_reads	SRR39695333	20	ac73670af3abed54ac6fb4695131f4099be9fbe39d6076c5d0264a6bbdae9d83
reads/CHI-B_20260419__SRR39695058.target_enriched.fastq.gz	candidate_reads	SRR39695058	20	ac73670af3abed54ac6fb4695131f4099be9fbe39d6076c5d0264a6bbdae9d83
reads/CHI-B_20260426__SRR39695056.target_enriched.fastq.gz	candidate_reads	SRR39695056	20	ac73670af3abed54ac6fb4695131f4099be9fbe39d6076c5d0264a6bbdae9d83
reads/CHI-B_20260503__SRR39695055.target_enriched.fastq.gz	candidate_reads	SRR39695055	20	ac73670af3abed54ac6fb4695131f4099be9fbe39d6076c5d0264a6bbdae9d83
reads/CHI-B_20260510__SRR39695054.target_enriched.fastq.gz	candidate_reads	SRR39695054	20	ac73670af3abed54ac6fb4695131f4099be9fbe39d6076c5d0264a6bbdae9d83
reads/CHI-B_20260517__SRR39695052.target_enriched.fastq.gz	candidate_reads	SRR39695052	20	ac73670af3abed54ac6fb4695131f4099be9fbe39d6076c5d0264a6bbdae9d83
reads/CHI-B_20260524__SRR39695063.target_enriched.fastq.gz	candidate_reads	SRR39695063	20	ac73670af3abed54ac6fb4695131f4099be9fbe39d6076c5d0264a6bbdae9d83
reads/CHI-B_20260531__SRR39695062.target_enriched.fastq.gz	candidate_reads	SRR39695062	20	ac73670af3abed54ac6fb4695131f4099be9fbe39d6076c5d0264a6bbdae9d83
reads/CHI-B_20260607__SRR39695061.target_enriched.fastq.gz	candidate_reads	SRR39695061	20	ac73670af3abed54ac6fb4695131f4099be9fbe39d6076c5d0264a6bbdae9d83
reads/CHI-B_20260614__SRR39695059.target_enriched.fastq.gz	candidate_reads	SRR39695059	20	ac73670af3abed54ac6fb4695131f4099be9fbe39d6076c5d0264a6bbdae9d83
reads/CHI-B_20260628__SRR39695057.target_enriched.fastq.gz	candidate_reads	SRR39695057	2997	ba6880f57f6e830c5bd0857e70e2981a5577a97fd91d6a3a4ebff394e20f597a
reads/CHI-C_20250317__SRR35987613.target_enriched.fastq.gz	candidate_reads	SRR35987613	20	ac73670af3abed54ac6fb4695131f4099be9fbe39d6076c5d0264a6bbdae9d83
reads/CHI-C_20250324__SRR35987612.target_enriched.fastq.gz	candidate_reads	SRR35987612	20	ac73670af3abed54ac6fb4695131f4099be9fbe39d6076c5d0264a6bbdae9d83
reads/CHI-C_20250331__SRR35987611.target_enriched.fastq.gz	candidate_reads	SRR35987611	20	ac73670af3abed54ac6fb4695131f4099be9fbe39d6076c5d0264a6bbdae9d83
reads/CHI-C_20250407__SRR35987610.target_enriched.fastq.gz	candidate_reads	SRR35987610	20	ac73670af3abed54ac6fb4695131f4099be9fbe39d6076c5d0264a6bbdae9d83
reads/CHI-C_20250414__SRR35987609.target_enriched.fastq.gz	candidate_reads	SRR35987609	20	ac73670af3abed54ac6fb4695131f4099be9fbe39d6076c5d0264a6bbdae9d83
reads/CHI-C_20250421__SRR35987608.target_enriched.fastq.gz	candidate_reads	SRR35987608	20	ac73670af3abed54ac6fb4695131f4099be9fbe39d6076c5d0264a6bbdae9d83
reads/CHI-C_20250428__SRR35987583.target_enriched.fastq.gz	candidate_reads	SRR35987583	20	ac73670af3abed54ac6fb4695131f4099be9fbe39d6076c5d0264a6bbdae9d83
reads/CHI-C_20250505__SRR35987582.target_enriched.fastq.gz	candidate_reads	SRR35987582	20	ac73670af3abed54ac6fb4695131f4099be9fbe39d6076c5d0264a6bbdae9d83
reads/CHI-C_20250512__SRR35987581.target_enriched.fastq.gz	candidate_reads	SRR35987581	20	ac73670af3abed54ac6fb4695131f4099be9fbe39d6076c5d0264a6bbdae9d83
reads/CHI-C_20250519__SRR35987580.target_enriched.fastq.gz	candidate_reads	SRR35987580	20	ac73670af3abed54ac6fb4695131f4099be9fbe39d6076c5d0264a6bbdae9d83
reads/CHI-C_20250602__SRR35987579.target_enriched.fastq.gz	candidate_reads	SRR35987579	2631	3b7cfe0e987972910aa5b5fc4ff6a5332804bb3d59d2525adee59efb9972f2ad
reads/CHI-C_20250609__SRR35987576.target_enriched.fastq.gz	candidate_reads	SRR35987576	20	ac73670af3abed54ac6fb4695131f4099be9fbe39d6076c5d0264a6bbdae9d83
reads/CHI-C_20250616__SRR35987571.target_enriched.fastq.gz	candidate_reads	SRR35987571	20	ac73670af3abed54ac6fb4695131f4099be9fbe39d6076c5d0264a6bbdae9d83
reads/CHI-C_20250623__SRR35987550.target_enriched.fastq.gz	candidate_reads	SRR35987550	20	ac73670af3abed54ac6fb4695131f4099be9fbe39d6076c5d0264a6bbdae9d83
reads/CHI-C_20250630__SRR35987568.target_enriched.fastq.gz	candidate_reads	SRR35987568	20	ac73670af3abed54ac6fb4695131f4099be9fbe39d6076c5d0264a6bbdae9d83
reads/CHI-C_20250714__SRR35987558.target_enriched.fastq.gz	candidate_reads	SRR35987558	20	ac73670af3abed54ac6fb4695131f4099be9fbe39d6076c5d0264a6bbdae9d83
reads/CHI-C_20250721__SRR35987674.target_enriched.fastq.gz	candidate_reads	SRR35987674	20	ac73670af3abed54ac6fb4695131f4099be9fbe39d6076c5d0264a6bbdae9d83
reads/CHI-C_20250728__SRR35987635.target_enriched.fastq.gz	candidate_reads	SRR35987635	3343	a03ea34c76b8969d9f4f57820297582479a97bca277f9cd45d555b8d9c11a123
reads/CHI-C_20251027__SRR36832695.target_enriched.fastq.gz	candidate_reads	SRR36832695	20	ac73670af3abed54ac6fb4695131f4099be9fbe39d6076c5d0264a6bbdae9d83
reads/CHI-C_20251103__SRR36832694.target_enriched.fastq.gz	candidate_reads	SRR36832694	20	ac73670af3abed54ac6fb4695131f4099be9fbe39d6076c5d0264a6bbdae9d83
reads/CHI-C_20251110__SRR36832693.target_enriched.fastq.gz	candidate_reads	SRR36832693	20	ac73670af3abed54ac6fb4695131f4099be9fbe39d6076c5d0264a6bbdae9d83
reads/CHI-C_20251117__SRR36832691.target_enriched.fastq.gz	candidate_reads	SRR36832691	20	ac73670af3abed54ac6fb4695131f4099be9fbe39d6076c5d0264a6bbdae9d83
reads/CHI-C_20251124__SRR36832692.target_enriched.fastq.gz	candidate_reads	SRR36832692	20	ac73670af3abed54ac6fb4695131f4099be9fbe39d6076c5d0264a6bbdae9d83
reads/CHI-C_20251201__SRR36832690.target_enriched.fastq.gz	candidate_reads	SRR36832690	20	ac73670af3abed54ac6fb4695131f4099be9fbe39d6076c5d0264a6bbdae9d83
reads/CHI-C_20251208__SRR37089592.target_enriched.fastq.gz	candidate_reads	SRR37089592	20	ac73670af3abed54ac6fb4695131f4099be9fbe39d6076c5d0264a6bbdae9d83
reads/CHI-C_20251215__SRR37089591.target_enriched.fastq.gz	candidate_reads	SRR37089591	20	ac73670af3abed54ac6fb4695131f4099be9fbe39d6076c5d0264a6bbdae9d83
reads/CHI-C_20251222__SRR37089590.target_enriched.fastq.gz	candidate_reads	SRR37089590	20	ac73670af3abed54ac6fb4695131f4099be9fbe39d6076c5d0264a6bbdae9d83
reads/CHI-C_20251229__SRR37089588.target_enriched.fastq.gz	candidate_reads	SRR37089588	20	ac73670af3abed54ac6fb4695131f4099be9fbe39d6076c5d0264a6bbdae9d83
reads/CHI-C_20260105__SRR37089589.target_enriched.fastq.gz	candidate_reads	SRR37089589	20	ac73670af3abed54ac6fb4695131f4099be9fbe39d6076c5d0264a6bbdae9d83
reads/CHI-C_20260112__SRR38294730.target_enriched.fastq.gz	candidate_reads	SRR38294730	20	ac73670af3abed54ac6fb4695131f4099be9fbe39d6076c5d0264a6bbdae9d83
reads/CHI-C_20260119__SRR38294723.target_enriched.fastq.gz	candidate_reads	SRR38294723	20	ac73670af3abed54ac6fb4695131f4099be9fbe39d6076c5d0264a6bbdae9d83
reads/CHI-C_20260126__SRR38294722.target_enriched.fastq.gz	candidate_reads	SRR38294722	20	ac73670af3abed54ac6fb4695131f4099be9fbe39d6076c5d0264a6bbdae9d83
reads/CHI-C_20260202__SRR38294719.target_enriched.fastq.gz	candidate_reads	SRR38294719	20	ac73670af3abed54ac6fb4695131f4099be9fbe39d6076c5d0264a6bbdae9d83
reads/CHI-C_20260209__SRR38294718.target_enriched.fastq.gz	candidate_reads	SRR38294718	20	ac73670af3abed54ac6fb4695131f4099be9fbe39d6076c5d0264a6bbdae9d83
reads/CHI-C_20260216__SRR38294717.target_enriched.fastq.gz	candidate_reads	SRR38294717	20	ac73670af3abed54ac6fb4695131f4099be9fbe39d6076c5d0264a6bbdae9d83
reads/CHI-C_20260223__SRR38294661.target_enriched.fastq.gz	candidate_reads	SRR38294661	20	ac73670af3abed54ac6fb4695131f4099be9fbe39d6076c5d0264a6bbdae9d83
reads/CHI-C_20260302__SRR38294658.target_enriched.fastq.gz	candidate_reads	SRR38294658	20	ac73670af3abed54ac6fb4695131f4099be9fbe39d6076c5d0264a6bbdae9d83
reads/CHI-C_20260309__SRR38294657.target_enriched.fastq.gz	candidate_reads	SRR38294657	20	ac73670af3abed54ac6fb4695131f4099be9fbe39d6076c5d0264a6bbdae9d83
reads/CHI-C_20260316__SRR38294655.target_enriched.fastq.gz	candidate_reads	SRR38294655	20	ac73670af3abed54ac6fb4695131f4099be9fbe39d6076c5d0264a6bbdae9d83
reads/CHI-C_20260323__SRR38294656.target_enriched.fastq.gz	candidate_reads	SRR38294656	20	ac73670af3abed54ac6fb4695131f4099be9fbe39d6076c5d0264a6bbdae9d83
reads/CHI-C_20260330__SRR38294716.target_enriched.fastq.gz	candidate_reads	SRR38294716	20	ac73670af3abed54ac6fb4695131f4099be9fbe39d6076c5d0264a6bbdae9d83
reads/CHI-C_20260406__SRR39695053.target_enriched.fastq.gz	candidate_reads	SRR39695053	20	ac73670af3abed54ac6fb4695131f4099be9fbe39d6076c5d0264a6bbdae9d83
reads/CHI-C_20260413__SRR39695050.target_enriched.fastq.gz	candidate_reads	SRR39695050	20	ac73670af3abed54ac6fb4695131f4099be9fbe39d6076c5d0264a6bbdae9d83
reads/CHI-C_20260420__SRR39694940.target_enriched.fastq.gz	candidate_reads	SRR39694940	20	ac73670af3abed54ac6fb4695131f4099be9fbe39d6076c5d0264a6bbdae9d83
reads/CHI-C_20260427__SRR39695099.target_enriched.fastq.gz	candidate_reads	SRR39695099	20	ac73670af3abed54ac6fb4695131f4099be9fbe39d6076c5d0264a6bbdae9d83
reads/CHI-C_20260504__SRR39695326.target_enriched.fastq.gz	candidate_reads	SRR39695326	20	ac73670af3abed54ac6fb4695131f4099be9fbe39d6076c5d0264a6bbdae9d83
reads/CHI-C_20260511__SRR39695325.target_enriched.fastq.gz	candidate_reads	SRR39695325	20	ac73670af3abed54ac6fb4695131f4099be9fbe39d6076c5d0264a6bbdae9d83
reads/CHI-C_20260518__SRR39694932.target_enriched.fastq.gz	candidate_reads	SRR39694932	20	ac73670af3abed54ac6fb4695131f4099be9fbe39d6076c5d0264a6bbdae9d83
reads/CHI-C_20260528__SRR39695078.target_enriched.fastq.gz	candidate_reads	SRR39695078	20	ac73670af3abed54ac6fb4695131f4099be9fbe39d6076c5d0264a6bbdae9d83
reads/CHI-C_20260601__SRR39695227.target_enriched.fastq.gz	candidate_reads	SRR39695227	20	ac73670af3abed54ac6fb4695131f4099be9fbe39d6076c5d0264a6bbdae9d83
reads/CHI-C_20260608__SRR39695112.target_enriched.fastq.gz	candidate_reads	SRR39695112	20	ac73670af3abed54ac6fb4695131f4099be9fbe39d6076c5d0264a6bbdae9d83
reads/CHI-C_20260615__SRR39695110.target_enriched.fastq.gz	candidate_reads	SRR39695110	1069	7fa28340c1369cf478ece11c25ecc31efe53c38b9099ad7bb5b7c6956189a2b1
reads/CHI-C_20260622__SRR39695109.target_enriched.fastq.gz	candidate_reads	SRR39695109	20	ac73670af3abed54ac6fb4695131f4099be9fbe39d6076c5d0264a6bbdae9d83
reads/CHI-C_20260629__SRR39695108.target_enriched.fastq.gz	candidate_reads	SRR39695108	20	ac73670af3abed54ac6fb4695131f4099be9fbe39d6076c5d0264a6bbdae9d83
reads/CHI-D1_20250316__SRR37428234.target_enriched.fastq.gz	candidate_reads	SRR37428234	20	ac73670af3abed54ac6fb4695131f4099be9fbe39d6076c5d0264a6bbdae9d83
reads/CHI-D1_20250323__SRR37428233.target_enriched.fastq.gz	candidate_reads	SRR37428233	20	ac73670af3abed54ac6fb4695131f4099be9fbe39d6076c5d0264a6bbdae9d83
reads/CHI-D1_20250330__SRR37428221.target_enriched.fastq.gz	candidate_reads	SRR37428221	20	ac73670af3abed54ac6fb4695131f4099be9fbe39d6076c5d0264a6bbdae9d83
reads/CHI-D1_20250406__SRR37428224.target_enriched.fastq.gz	candidate_reads	SRR37428224	20	ac73670af3abed54ac6fb4695131f4099be9fbe39d6076c5d0264a6bbdae9d83
reads/CHI-D1_20250413__SRR37428208.target_enriched.fastq.gz	candidate_reads	SRR37428208	20	ac73670af3abed54ac6fb4695131f4099be9fbe39d6076c5d0264a6bbdae9d83
reads/CHI-D1_20250420__SRR37428183.target_enriched.fastq.gz	candidate_reads	SRR37428183	20	ac73670af3abed54ac6fb4695131f4099be9fbe39d6076c5d0264a6bbdae9d83
reads/CHI-D1_20250427__SRR37428187.target_enriched.fastq.gz	candidate_reads	SRR37428187	20	ac73670af3abed54ac6fb4695131f4099be9fbe39d6076c5d0264a6bbdae9d83
reads/CHI-D1_20250504__SRR37428186.target_enriched.fastq.gz	candidate_reads	SRR37428186	20	ac73670af3abed54ac6fb4695131f4099be9fbe39d6076c5d0264a6bbdae9d83
reads/CHI-D1_20250511__SRR37428185.target_enriched.fastq.gz	candidate_reads	SRR37428185	20	ac73670af3abed54ac6fb4695131f4099be9fbe39d6076c5d0264a6bbdae9d83
reads/CHI-D1_20250518__SRR37428184.target_enriched.fastq.gz	candidate_reads	SRR37428184	20	ac73670af3abed54ac6fb4695131f4099be9fbe39d6076c5d0264a6bbdae9d83
reads/CHI-D1_20250525__SRR37428232.target_enriched.fastq.gz	candidate_reads	SRR37428232	20	ac73670af3abed54ac6fb4695131f4099be9fbe39d6076c5d0264a6bbdae9d83
reads/CHI-D1_20250601__SRR37428229.target_enriched.fastq.gz	candidate_reads	SRR37428229	20	ac73670af3abed54ac6fb4695131f4099be9fbe39d6076c5d0264a6bbdae9d83
reads/CHI-D1_20250706__SRR37428228.target_enriched.fastq.gz	candidate_reads	SRR37428228	20	ac73670af3abed54ac6fb4695131f4099be9fbe39d6076c5d0264a6bbdae9d83
reads/CHI-D1_20250713__SRR37428230.target_enriched.fastq.gz	candidate_reads	SRR37428230	20	ac73670af3abed54ac6fb4695131f4099be9fbe39d6076c5d0264a6bbdae9d83
reads/CHI-D1_20250720__SRR37428231.target_enriched.fastq.gz	candidate_reads	SRR37428231	20	ac73670af3abed54ac6fb4695131f4099be9fbe39d6076c5d0264a6bbdae9d83
reads/CHI-D1_20250727__SRR37428192.target_enriched.fastq.gz	candidate_reads	SRR37428192	20	ac73670af3abed54ac6fb4695131f4099be9fbe39d6076c5d0264a6bbdae9d83
reads/CHI-D1_20250803__SRR37428193.target_enriched.fastq.gz	candidate_reads	SRR37428193	20	ac73670af3abed54ac6fb4695131f4099be9fbe39d6076c5d0264a6bbdae9d83
reads/CHI-D1_20250810__SRR37428194.target_enriched.fastq.gz	candidate_reads	SRR37428194	20	ac73670af3abed54ac6fb4695131f4099be9fbe39d6076c5d0264a6bbdae9d83
reads/CHI-D1_20250817b__SRR37428207.target_enriched.fastq.gz	candidate_reads	SRR37428207	20	ac73670af3abed54ac6fb4695131f4099be9fbe39d6076c5d0264a6bbdae9d83
reads/CHI-D1_20250826__SRR37428210.target_enriched.fastq.gz	candidate_reads	SRR37428210	20	ac73670af3abed54ac6fb4695131f4099be9fbe39d6076c5d0264a6bbdae9d83
reads/CHI-D1_20250831__SRR37428223.target_enriched.fastq.gz	candidate_reads	SRR37428223	20	ac73670af3abed54ac6fb4695131f4099be9fbe39d6076c5d0264a6bbdae9d83
reads/CHI-D1_20250907__SRR37428212.target_enriched.fastq.gz	candidate_reads	SRR37428212	20	ac73670af3abed54ac6fb4695131f4099be9fbe39d6076c5d0264a6bbdae9d83
reads/CHI-D1_20250914__SRR37428213.target_enriched.fastq.gz	candidate_reads	SRR37428213	20	ac73670af3abed54ac6fb4695131f4099be9fbe39d6076c5d0264a6bbdae9d83
reads/CHI-D1_20250921__SRR37428214.target_enriched.fastq.gz	candidate_reads	SRR37428214	20	ac73670af3abed54ac6fb4695131f4099be9fbe39d6076c5d0264a6bbdae9d83
reads/CHI-D1_20250921__SRR37428215.target_enriched.fastq.gz	candidate_reads	SRR37428215	20	ac73670af3abed54ac6fb4695131f4099be9fbe39d6076c5d0264a6bbdae9d83
reads/CHI-D1_20250928__SRR37428217.target_enriched.fastq.gz	candidate_reads	SRR37428217	20	ac73670af3abed54ac6fb4695131f4099be9fbe39d6076c5d0264a6bbdae9d83
reads/CHI-D1_20251005__SRR37428216.target_enriched.fastq.gz	candidate_reads	SRR37428216	20	ac73670af3abed54ac6fb4695131f4099be9fbe39d6076c5d0264a6bbdae9d83
reads/CHI-D1_20251026__SRR36832689.target_enriched.fastq.gz	candidate_reads	SRR36832689	20	ac73670af3abed54ac6fb4695131f4099be9fbe39d6076c5d0264a6bbdae9d83
reads/CHI-D1_20251102__SRR36832688.target_enriched.fastq.gz	candidate_reads	SRR36832688	20	ac73670af3abed54ac6fb4695131f4099be9fbe39d6076c5d0264a6bbdae9d83
reads/CHI-D1_20251109__SRR36832687.target_enriched.fastq.gz	candidate_reads	SRR36832687	20	ac73670af3abed54ac6fb4695131f4099be9fbe39d6076c5d0264a6bbdae9d83
reads/CHI-D1_20251116__SRR36832685.target_enriched.fastq.gz	candidate_reads	SRR36832685	20	ac73670af3abed54ac6fb4695131f4099be9fbe39d6076c5d0264a6bbdae9d83
reads/CHI-D1_20251123__SRR36832681.target_enriched.fastq.gz	candidate_reads	SRR36832681	20	ac73670af3abed54ac6fb4695131f4099be9fbe39d6076c5d0264a6bbdae9d83
reads/CHI-D1_20251130__SRR36832680.target_enriched.fastq.gz	candidate_reads	SRR36832680	20	ac73670af3abed54ac6fb4695131f4099be9fbe39d6076c5d0264a6bbdae9d83
reads/CHI-D1_20251207__SRR37089587.target_enriched.fastq.gz	candidate_reads	SRR37089587	20	ac73670af3abed54ac6fb4695131f4099be9fbe39d6076c5d0264a6bbdae9d83
reads/CHI-D1_20251214__SRR37089586.target_enriched.fastq.gz	candidate_reads	SRR37089586	20	ac73670af3abed54ac6fb4695131f4099be9fbe39d6076c5d0264a6bbdae9d83
reads/CHI-D1_20251221__SRR37089585.target_enriched.fastq.gz	candidate_reads	SRR37089585	20	ac73670af3abed54ac6fb4695131f4099be9fbe39d6076c5d0264a6bbdae9d83
reads/CHI-D1_20251228__SRR37089583.target_enriched.fastq.gz	candidate_reads	SRR37089583	20	ac73670af3abed54ac6fb4695131f4099be9fbe39d6076c5d0264a6bbdae9d83
reads/CHI-D1_20260104__SRR37089584.target_enriched.fastq.gz	candidate_reads	SRR37089584	20	ac73670af3abed54ac6fb4695131f4099be9fbe39d6076c5d0264a6bbdae9d83
reads/CHI-D1_20260111__SRR38294715.target_enriched.fastq.gz	candidate_reads	SRR38294715	20	ac73670af3abed54ac6fb4695131f4099be9fbe39d6076c5d0264a6bbdae9d83
reads/CHI-D1_20260118__SRR38294654.target_enriched.fastq.gz	candidate_reads	SRR38294654	20	ac73670af3abed54ac6fb4695131f4099be9fbe39d6076c5d0264a6bbdae9d83
reads/CHI-D1_20260125__SRR38294653.target_enriched.fastq.gz	candidate_reads	SRR38294653	20	ac73670af3abed54ac6fb4695131f4099be9fbe39d6076c5d0264a6bbdae9d83
reads/CHI-D1_20260201__SRR38294652.target_enriched.fastq.gz	candidate_reads	SRR38294652	20	ac73670af3abed54ac6fb4695131f4099be9fbe39d6076c5d0264a6bbdae9d83
reads/CHI-D1_20260208__SRR38294650.target_enriched.fastq.gz	candidate_reads	SRR38294650	20	ac73670af3abed54ac6fb4695131f4099be9fbe39d6076c5d0264a6bbdae9d83
reads/CHI-D1_20260215__SRR38294651.target_enriched.fastq.gz	candidate_reads	SRR38294651	20	ac73670af3abed54ac6fb4695131f4099be9fbe39d6076c5d0264a6bbdae9d83
reads/CHI-D1_20260222__SRR38294648.target_enriched.fastq.gz	candidate_reads	SRR38294648	20	ac73670af3abed54ac6fb4695131f4099be9fbe39d6076c5d0264a6bbdae9d83
reads/CHI-D1_20260301__SRR38294775.target_enriched.fastq.gz	candidate_reads	SRR38294775	20	ac73670af3abed54ac6fb4695131f4099be9fbe39d6076c5d0264a6bbdae9d83
reads/CHI-D1_20260308__SRR38294774.target_enriched.fastq.gz	candidate_reads	SRR38294774	20	ac73670af3abed54ac6fb4695131f4099be9fbe39d6076c5d0264a6bbdae9d83
reads/CHI-D1_20260315__SRR38294772.target_enriched.fastq.gz	candidate_reads	SRR38294772	20	ac73670af3abed54ac6fb4695131f4099be9fbe39d6076c5d0264a6bbdae9d83
reads/CHI-D1_20260322__SRR38294770.target_enriched.fastq.gz	candidate_reads	SRR38294770	20	ac73670af3abed54ac6fb4695131f4099be9fbe39d6076c5d0264a6bbdae9d83
reads/CHI-D1_20260329__SRR38294771.target_enriched.fastq.gz	candidate_reads	SRR38294771	20	ac73670af3abed54ac6fb4695131f4099be9fbe39d6076c5d0264a6bbdae9d83
reads/CHI-D1_20260405__SRR39695106.target_enriched.fastq.gz	candidate_reads	SRR39695106	20	ac73670af3abed54ac6fb4695131f4099be9fbe39d6076c5d0264a6bbdae9d83
reads/CHI-D1_20260412__SRR39695107.target_enriched.fastq.gz	candidate_reads	SRR39695107	20	ac73670af3abed54ac6fb4695131f4099be9fbe39d6076c5d0264a6bbdae9d83
reads/CHI-D1_20260419__SRR39695105.target_enriched.fastq.gz	candidate_reads	SRR39695105	20	ac73670af3abed54ac6fb4695131f4099be9fbe39d6076c5d0264a6bbdae9d83
reads/CHI-D1_20260426__SRR39695104.target_enriched.fastq.gz	candidate_reads	SRR39695104	20	ac73670af3abed54ac6fb4695131f4099be9fbe39d6076c5d0264a6bbdae9d83
reads/CHI-D1_20260503__SRR39695103.target_enriched.fastq.gz	candidate_reads	SRR39695103	20	ac73670af3abed54ac6fb4695131f4099be9fbe39d6076c5d0264a6bbdae9d83
reads/CHI-D1_20260510__SRR39695102.target_enriched.fastq.gz	candidate_reads	SRR39695102	20	ac73670af3abed54ac6fb4695131f4099be9fbe39d6076c5d0264a6bbdae9d83
reads/CHI-D1_20260517__SRR39695100.target_enriched.fastq.gz	candidate_reads	SRR39695100	20	ac73670af3abed54ac6fb4695131f4099be9fbe39d6076c5d0264a6bbdae9d83
reads/CHI-D1_20260524__SRR39694933.target_enriched.fastq.gz	candidate_reads	SRR39694933	20	ac73670af3abed54ac6fb4695131f4099be9fbe39d6076c5d0264a6bbdae9d83
reads/CHI-D1_20260531__SRR39695077.target_enriched.fastq.gz	candidate_reads	SRR39695077	20	ac73670af3abed54ac6fb4695131f4099be9fbe39d6076c5d0264a6bbdae9d83
reads/CHI-D1_20260607__SRR39695327.target_enriched.fastq.gz	candidate_reads	SRR39695327	20	ac73670af3abed54ac6fb4695131f4099be9fbe39d6076c5d0264a6bbdae9d83
reads/CHI-D1_20260614__SRR39695040.target_enriched.fastq.gz	candidate_reads	SRR39695040	20	ac73670af3abed54ac6fb4695131f4099be9fbe39d6076c5d0264a6bbdae9d83
reads/CHI-D1_20260621__SRR39695038.target_enriched.fastq.gz	candidate_reads	SRR39695038	20	ac73670af3abed54ac6fb4695131f4099be9fbe39d6076c5d0264a6bbdae9d83
reads/CHI-D1_20260628__SRR39695039.target_enriched.fastq.gz	candidate_reads	SRR39695039	20	ac73670af3abed54ac6fb4695131f4099be9fbe39d6076c5d0264a6bbdae9d83
reads/CHI-D2_20250316__SRR37428218.target_enriched.fastq.gz	candidate_reads	SRR37428218	20	ac73670af3abed54ac6fb4695131f4099be9fbe39d6076c5d0264a6bbdae9d83
reads/CHI-D2_20250323__SRR37428219.target_enriched.fastq.gz	candidate_reads	SRR37428219	20	ac73670af3abed54ac6fb4695131f4099be9fbe39d6076c5d0264a6bbdae9d83
reads/CHI-D2_20250330__SRR37428220.target_enriched.fastq.gz	candidate_reads	SRR37428220	20	ac73670af3abed54ac6fb4695131f4099be9fbe39d6076c5d0264a6bbdae9d83
reads/CHI-D2_20250406__SRR37428225.target_enriched.fastq.gz	candidate_reads	SRR37428225	20	ac73670af3abed54ac6fb4695131f4099be9fbe39d6076c5d0264a6bbdae9d83
reads/CHI-D2_20250413__SRR37428226.target_enriched.fastq.gz	candidate_reads	SRR37428226	20	ac73670af3abed54ac6fb4695131f4099be9fbe39d6076c5d0264a6bbdae9d83
reads/CHI-D2_20250420__SRR37428227.target_enriched.fastq.gz	candidate_reads	SRR37428227	20	ac73670af3abed54ac6fb4695131f4099be9fbe39d6076c5d0264a6bbdae9d83
reads/CHI-D2_20250427__SRR37428205.target_enriched.fastq.gz	candidate_reads	SRR37428205	20	ac73670af3abed54ac6fb4695131f4099be9fbe39d6076c5d0264a6bbdae9d83
reads/CHI-D2_20250504__SRR37428203.target_enriched.fastq.gz	candidate_reads	SRR37428203	20	ac73670af3abed54ac6fb4695131f4099be9fbe39d6076c5d0264a6bbdae9d83
reads/CHI-D2_20250511__SRR37428201.target_enriched.fastq.gz	candidate_reads	SRR37428201	20	ac73670af3abed54ac6fb4695131f4099be9fbe39d6076c5d0264a6bbdae9d83
reads/CHI-D2_20250518__SRR37428200.target_enriched.fastq.gz	candidate_reads	SRR37428200	20	ac73670af3abed54ac6fb4695131f4099be9fbe39d6076c5d0264a6bbdae9d83
reads/CHI-D2_20250525__SRR37428199.target_enriched.fastq.gz	candidate_reads	SRR37428199	20	ac73670af3abed54ac6fb4695131f4099be9fbe39d6076c5d0264a6bbdae9d83
reads/CHI-D2_20250601__SRR37428204.target_enriched.fastq.gz	candidate_reads	SRR37428204	20	ac73670af3abed54ac6fb4695131f4099be9fbe39d6076c5d0264a6bbdae9d83
reads/CHI-D2_20250706__SRR37428202.target_enriched.fastq.gz	candidate_reads	SRR37428202	20	ac73670af3abed54ac6fb4695131f4099be9fbe39d6076c5d0264a6bbdae9d83
reads/CHI-D2_20250713__SRR37428206.target_enriched.fastq.gz	candidate_reads	SRR37428206	20	ac73670af3abed54ac6fb4695131f4099be9fbe39d6076c5d0264a6bbdae9d83
reads/CHI-D2_20250720__SRR37428211.target_enriched.fastq.gz	candidate_reads	SRR37428211	20	ac73670af3abed54ac6fb4695131f4099be9fbe39d6076c5d0264a6bbdae9d83
reads/CHI-D2_20250727__SRR37428209.target_enriched.fastq.gz	candidate_reads	SRR37428209	20	ac73670af3abed54ac6fb4695131f4099be9fbe39d6076c5d0264a6bbdae9d83
reads/CHI-D2_20250803__SRR37428195.target_enriched.fastq.gz	candidate_reads	SRR37428195	20	ac73670af3abed54ac6fb4695131f4099be9fbe39d6076c5d0264a6bbdae9d83
reads/CHI-D2_20250810__SRR37428222.target_enriched.fastq.gz	candidate_reads	SRR37428222	20	ac73670af3abed54ac6fb4695131f4099be9fbe39d6076c5d0264a6bbdae9d83
reads/CHI-D2_20250817b__SRR37428198.target_enriched.fastq.gz	candidate_reads	SRR37428198	20	ac73670af3abed54ac6fb4695131f4099be9fbe39d6076c5d0264a6bbdae9d83
reads/CHI-D2_20250826__SRR37428197.target_enriched.fastq.gz	candidate_reads	SRR37428197	20	ac73670af3abed54ac6fb4695131f4099be9fbe39d6076c5d0264a6bbdae9d83
reads/CHI-D2_20250831__SRR37428196.target_enriched.fastq.gz	candidate_reads	SRR37428196	20	ac73670af3abed54ac6fb4695131f4099be9fbe39d6076c5d0264a6bbdae9d83
reads/CHI-D2_20250907__SRR37428191.target_enriched.fastq.gz	candidate_reads	SRR37428191	20	ac73670af3abed54ac6fb4695131f4099be9fbe39d6076c5d0264a6bbdae9d83
reads/CHI-D2_20250914__SRR37428190.target_enriched.fastq.gz	candidate_reads	SRR37428190	20	ac73670af3abed54ac6fb4695131f4099be9fbe39d6076c5d0264a6bbdae9d83
reads/CHI-D2_20250921__SRR37428182.target_enriched.fastq.gz	candidate_reads	SRR37428182	20	ac73670af3abed54ac6fb4695131f4099be9fbe39d6076c5d0264a6bbdae9d83
reads/CHI-D2_20250928__SRR37428189.target_enriched.fastq.gz	candidate_reads	SRR37428189	20	ac73670af3abed54ac6fb4695131f4099be9fbe39d6076c5d0264a6bbdae9d83
reads/CHI-D2_20251005__SRR37428188.target_enriched.fastq.gz	candidate_reads	SRR37428188	20	ac73670af3abed54ac6fb4695131f4099be9fbe39d6076c5d0264a6bbdae9d83
reads/CHI-D2_20251026__SRR36832679.target_enriched.fastq.gz	candidate_reads	SRR36832679	20	ac73670af3abed54ac6fb4695131f4099be9fbe39d6076c5d0264a6bbdae9d83
reads/CHI-D2_20251102__SRR36832682.target_enriched.fastq.gz	candidate_reads	SRR36832682	20	ac73670af3abed54ac6fb4695131f4099be9fbe39d6076c5d0264a6bbdae9d83
reads/CHI-D2_20251109__SRR36832683.target_enriched.fastq.gz	candidate_reads	SRR36832683	20	ac73670af3abed54ac6fb4695131f4099be9fbe39d6076c5d0264a6bbdae9d83
reads/CHI-D2_20251116__SRR36832684.target_enriched.fastq.gz	candidate_reads	SRR36832684	20	ac73670af3abed54ac6fb4695131f4099be9fbe39d6076c5d0264a6bbdae9d83
reads/CHI-D2_20251123__SRR36832670.target_enriched.fastq.gz	candidate_reads	SRR36832670	20	ac73670af3abed54ac6fb4695131f4099be9fbe39d6076c5d0264a6bbdae9d83
reads/CHI-D2_20251130__SRR36832671.target_enriched.fastq.gz	candidate_reads	SRR36832671	20	ac73670af3abed54ac6fb4695131f4099be9fbe39d6076c5d0264a6bbdae9d83
reads/CHI-D2_20251207__SRR37089580.target_enriched.fastq.gz	candidate_reads	SRR37089580	20	ac73670af3abed54ac6fb4695131f4099be9fbe39d6076c5d0264a6bbdae9d83
reads/CHI-D2_20251214__SRR37089581.target_enriched.fastq.gz	candidate_reads	SRR37089581	20	ac73670af3abed54ac6fb4695131f4099be9fbe39d6076c5d0264a6bbdae9d83
reads/CHI-D2_20251221__SRR37089582.target_enriched.fastq.gz	candidate_reads	SRR37089582	20	ac73670af3abed54ac6fb4695131f4099be9fbe39d6076c5d0264a6bbdae9d83
reads/CHI-D2_20251228__SRR37089570.target_enriched.fastq.gz	candidate_reads	SRR37089570	20	ac73670af3abed54ac6fb4695131f4099be9fbe39d6076c5d0264a6bbdae9d83
reads/CHI-D2_20260104__SRR37089571.target_enriched.fastq.gz	candidate_reads	SRR37089571	20	ac73670af3abed54ac6fb4695131f4099be9fbe39d6076c5d0264a6bbdae9d83
reads/CHI-D2_20260111__SRR38294769.target_enriched.fastq.gz	candidate_reads	SRR38294769	20	ac73670af3abed54ac6fb4695131f4099be9fbe39d6076c5d0264a6bbdae9d83
reads/CHI-D2_20260118__SRR38294951.target_enriched.fastq.gz	candidate_reads	SRR38294951	20	ac73670af3abed54ac6fb4695131f4099be9fbe39d6076c5d0264a6bbdae9d83
reads/CHI-D2_20260125__SRR38294950.target_enriched.fastq.gz	candidate_reads	SRR38294950	20	ac73670af3abed54ac6fb4695131f4099be9fbe39d6076c5d0264a6bbdae9d83
reads/CHI-D2_20260201__SRR38294768.target_enriched.fastq.gz	candidate_reads	SRR38294768	20	ac73670af3abed54ac6fb4695131f4099be9fbe39d6076c5d0264a6bbdae9d83
reads/CHI-D2_20260208__SRR38294767.target_enriched.fastq.gz	candidate_reads	SRR38294767	20	ac73670af3abed54ac6fb4695131f4099be9fbe39d6076c5d0264a6bbdae9d83
reads/CHI-D2_20260215__SRR38294766.target_enriched.fastq.gz	candidate_reads	SRR38294766	20	ac73670af3abed54ac6fb4695131f4099be9fbe39d6076c5d0264a6bbdae9d83
reads/CHI-D2_20260222__SRR38294765.target_enriched.fastq.gz	candidate_reads	SRR38294765	20	ac73670af3abed54ac6fb4695131f4099be9fbe39d6076c5d0264a6bbdae9d83
reads/CHI-D2_20260301__SRR38294763.target_enriched.fastq.gz	candidate_reads	SRR38294763	20	ac73670af3abed54ac6fb4695131f4099be9fbe39d6076c5d0264a6bbdae9d83
reads/CHI-D2_20260308__SRR38294942.target_enriched.fastq.gz	candidate_reads	SRR38294942	20	ac73670af3abed54ac6fb4695131f4099be9fbe39d6076c5d0264a6bbdae9d83
reads/CHI-D2_20260315__SRR38294713.target_enriched.fastq.gz	candidate_reads	SRR38294713	20	ac73670af3abed54ac6fb4695131f4099be9fbe39d6076c5d0264a6bbdae9d83
reads/CHI-D2_20260322__SRR38294714.target_enriched.fastq.gz	candidate_reads	SRR38294714	20	ac73670af3abed54ac6fb4695131f4099be9fbe39d6076c5d0264a6bbdae9d83
reads/CHI-D2_20260329__SRR38294712.target_enriched.fastq.gz	candidate_reads	SRR38294712	20	ac73670af3abed54ac6fb4695131f4099be9fbe39d6076c5d0264a6bbdae9d83
reads/CHI-D2_20260405__SRR39695324.target_enriched.fastq.gz	candidate_reads	SRR39695324	20	ac73670af3abed54ac6fb4695131f4099be9fbe39d6076c5d0264a6bbdae9d83
reads/CHI-D2_20260412__SRR39695322.target_enriched.fastq.gz	candidate_reads	SRR39695322	20	ac73670af3abed54ac6fb4695131f4099be9fbe39d6076c5d0264a6bbdae9d83
reads/CHI-D2_20260419__SRR39695321.target_enriched.fastq.gz	candidate_reads	SRR39695321	20	ac73670af3abed54ac6fb4695131f4099be9fbe39d6076c5d0264a6bbdae9d83
reads/CHI-D2_20260426__SRR39695320.target_enriched.fastq.gz	candidate_reads	SRR39695320	20	ac73670af3abed54ac6fb4695131f4099be9fbe39d6076c5d0264a6bbdae9d83
reads/CHI-D2_20260503__SRR39695319.target_enriched.fastq.gz	candidate_reads	SRR39695319	20	ac73670af3abed54ac6fb4695131f4099be9fbe39d6076c5d0264a6bbdae9d83
reads/CHI-D2_20260510__SRR39695317.target_enriched.fastq.gz	candidate_reads	SRR39695317	20	ac73670af3abed54ac6fb4695131f4099be9fbe39d6076c5d0264a6bbdae9d83
reads/CHI-D2_20260517__SRR39695318.target_enriched.fastq.gz	candidate_reads	SRR39695318	20	ac73670af3abed54ac6fb4695131f4099be9fbe39d6076c5d0264a6bbdae9d83
reads/CHI-D2_20260524__SRR39695316.target_enriched.fastq.gz	candidate_reads	SRR39695316	20	ac73670af3abed54ac6fb4695131f4099be9fbe39d6076c5d0264a6bbdae9d83
reads/CHI-D2_20260531__SRR39695315.target_enriched.fastq.gz	candidate_reads	SRR39695315	20	ac73670af3abed54ac6fb4695131f4099be9fbe39d6076c5d0264a6bbdae9d83
reads/CHI-D2_20260607__SRR39695051.target_enriched.fastq.gz	candidate_reads	SRR39695051	20	ac73670af3abed54ac6fb4695131f4099be9fbe39d6076c5d0264a6bbdae9d83
reads/CHI-D2_20260614__SRR39695048.target_enriched.fastq.gz	candidate_reads	SRR39695048	20	ac73670af3abed54ac6fb4695131f4099be9fbe39d6076c5d0264a6bbdae9d83
reads/CHI-D2_20260621__SRR39695049.target_enriched.fastq.gz	candidate_reads	SRR39695049	20	ac73670af3abed54ac6fb4695131f4099be9fbe39d6076c5d0264a6bbdae9d83
reads/CHI-D2_20260628__SRR39695045.target_enriched.fastq.gz	candidate_reads	SRR39695045	20	ac73670af3abed54ac6fb4695131f4099be9fbe39d6076c5d0264a6bbdae9d83
reads/CHI-D_20250608_part_1__SRR35987570.target_enriched.fastq.gz	candidate_reads	SRR35987570	20	ac73670af3abed54ac6fb4695131f4099be9fbe39d6076c5d0264a6bbdae9d83
reads/CHI-D_20250608_part_2__SRR35987569.target_enriched.fastq.gz	candidate_reads	SRR35987569	20	ac73670af3abed54ac6fb4695131f4099be9fbe39d6076c5d0264a6bbdae9d83
reads/CHI-D_20250615_part_1__SRR35987606.target_enriched.fastq.gz	candidate_reads	SRR35987606	20	ac73670af3abed54ac6fb4695131f4099be9fbe39d6076c5d0264a6bbdae9d83
reads/CHI-D_20250615_part_2__SRR35987605.target_enriched.fastq.gz	candidate_reads	SRR35987605	20	ac73670af3abed54ac6fb4695131f4099be9fbe39d6076c5d0264a6bbdae9d83
reads/CHI-D_20250622_part_1__SRR35987604.target_enriched.fastq.gz	candidate_reads	SRR35987604	20	ac73670af3abed54ac6fb4695131f4099be9fbe39d6076c5d0264a6bbdae9d83
reads/CHI-D_20250622_part_2__SRR35987603.target_enriched.fastq.gz	candidate_reads	SRR35987603	3022	5d37414b99a153efba3524b65849ab6f295f6754556bf9ab510eee5149b35221
reads/CHI-D_20250629_part_1__SRR35987602.target_enriched.fastq.gz	candidate_reads	SRR35987602	20	ac73670af3abed54ac6fb4695131f4099be9fbe39d6076c5d0264a6bbdae9d83
reads/CHI-D_20250629_part_2__SRR35987667.target_enriched.fastq.gz	candidate_reads	SRR35987667	20	ac73670af3abed54ac6fb4695131f4099be9fbe39d6076c5d0264a6bbdae9d83
reads/Columbia_MO_20240102__SRR35904078.target_enriched.fastq.gz	candidate_reads	SRR35904078	20	ac73670af3abed54ac6fb4695131f4099be9fbe39d6076c5d0264a6bbdae9d83
reads/Columbia_MO_20240102__SRR35904089.target_enriched.fastq.gz	candidate_reads	SRR35904089	20	ac73670af3abed54ac6fb4695131f4099be9fbe39d6076c5d0264a6bbdae9d83
reads/Columbia_MO_20240102__SRR35904090.target_enriched.fastq.gz	candidate_reads	SRR35904090	20	ac73670af3abed54ac6fb4695131f4099be9fbe39d6076c5d0264a6bbdae9d83
reads/Columbia_MO_20240109__SRR35904045.target_enriched.fastq.gz	candidate_reads	SRR35904045	20	ac73670af3abed54ac6fb4695131f4099be9fbe39d6076c5d0264a6bbdae9d83
reads/Columbia_MO_20240109__SRR35904056.target_enriched.fastq.gz	candidate_reads	SRR35904056	20	ac73670af3abed54ac6fb4695131f4099be9fbe39d6076c5d0264a6bbdae9d83
reads/Columbia_MO_20240109__SRR35904067.target_enriched.fastq.gz	candidate_reads	SRR35904067	20	ac73670af3abed54ac6fb4695131f4099be9fbe39d6076c5d0264a6bbdae9d83
reads/Columbia_MO_20240116__SRR35904034.target_enriched.fastq.gz	candidate_reads	SRR35904034	20	ac73670af3abed54ac6fb4695131f4099be9fbe39d6076c5d0264a6bbdae9d83
reads/Columbia_MO_20240123__SRR35904032.target_enriched.fastq.gz	candidate_reads	SRR35904032	20	ac73670af3abed54ac6fb4695131f4099be9fbe39d6076c5d0264a6bbdae9d83
reads/Columbia_MO_20240130__SRR35904031.target_enriched.fastq.gz	candidate_reads	SRR35904031	20	ac73670af3abed54ac6fb4695131f4099be9fbe39d6076c5d0264a6bbdae9d83
reads/Columbia_MO_20240206__SRR35904030.target_enriched.fastq.gz	candidate_reads	SRR35904030	20	ac73670af3abed54ac6fb4695131f4099be9fbe39d6076c5d0264a6bbdae9d83
reads/Columbia_MO_20240213__SRR35904088.target_enriched.fastq.gz	candidate_reads	SRR35904088	20	ac73670af3abed54ac6fb4695131f4099be9fbe39d6076c5d0264a6bbdae9d83
reads/Columbia_MO_20240220__SRR35904086.target_enriched.fastq.gz	candidate_reads	SRR35904086	20	ac73670af3abed54ac6fb4695131f4099be9fbe39d6076c5d0264a6bbdae9d83
reads/Columbia_MO_20240220__SRR35904087.target_enriched.fastq.gz	candidate_reads	SRR35904087	20	ac73670af3abed54ac6fb4695131f4099be9fbe39d6076c5d0264a6bbdae9d83
reads/Columbia_MO_20240227__SRR35904085.target_enriched.fastq.gz	candidate_reads	SRR35904085	20	ac73670af3abed54ac6fb4695131f4099be9fbe39d6076c5d0264a6bbdae9d83
reads/Columbia_MO_20240305__SRR35904084.target_enriched.fastq.gz	candidate_reads	SRR35904084	20	ac73670af3abed54ac6fb4695131f4099be9fbe39d6076c5d0264a6bbdae9d83
reads/Columbia_MO_20240312__SRR35904083.target_enriched.fastq.gz	candidate_reads	SRR35904083	20	ac73670af3abed54ac6fb4695131f4099be9fbe39d6076c5d0264a6bbdae9d83
reads/Columbia_MO_20240319__SRR35904082.target_enriched.fastq.gz	candidate_reads	SRR35904082	20	ac73670af3abed54ac6fb4695131f4099be9fbe39d6076c5d0264a6bbdae9d83
reads/Columbia_MO_20240326__SRR35904081.target_enriched.fastq.gz	candidate_reads	SRR35904081	20	ac73670af3abed54ac6fb4695131f4099be9fbe39d6076c5d0264a6bbdae9d83
reads/Columbia_MO_20240402__SRR35904080.target_enriched.fastq.gz	candidate_reads	SRR35904080	20	ac73670af3abed54ac6fb4695131f4099be9fbe39d6076c5d0264a6bbdae9d83
reads/Columbia_MO_20240409__SRR35904079.target_enriched.fastq.gz	candidate_reads	SRR35904079	20	ac73670af3abed54ac6fb4695131f4099be9fbe39d6076c5d0264a6bbdae9d83
reads/Columbia_MO_20240416__SRR35904076.target_enriched.fastq.gz	candidate_reads	SRR35904076	20	ac73670af3abed54ac6fb4695131f4099be9fbe39d6076c5d0264a6bbdae9d83
reads/Columbia_MO_20240416__SRR35904077.target_enriched.fastq.gz	candidate_reads	SRR35904077	20	ac73670af3abed54ac6fb4695131f4099be9fbe39d6076c5d0264a6bbdae9d83
reads/Columbia_MO_20240423__SRR35904075.target_enriched.fastq.gz	candidate_reads	SRR35904075	20	ac73670af3abed54ac6fb4695131f4099be9fbe39d6076c5d0264a6bbdae9d83
reads/Columbia_MO_20240430__SRR35904074.target_enriched.fastq.gz	candidate_reads	SRR35904074	20	ac73670af3abed54ac6fb4695131f4099be9fbe39d6076c5d0264a6bbdae9d83
reads/Columbia_MO_20240507__SRR35904073.target_enriched.fastq.gz	candidate_reads	SRR35904073	20	ac73670af3abed54ac6fb4695131f4099be9fbe39d6076c5d0264a6bbdae9d83
reads/Columbia_MO_20240514__SRR35904072.target_enriched.fastq.gz	candidate_reads	SRR35904072	20	ac73670af3abed54ac6fb4695131f4099be9fbe39d6076c5d0264a6bbdae9d83
reads/Columbia_MO_20240521__SRR35904071.target_enriched.fastq.gz	candidate_reads	SRR35904071	20	ac73670af3abed54ac6fb4695131f4099be9fbe39d6076c5d0264a6bbdae9d83
reads/Columbia_MO_20240528__SRR35904070.target_enriched.fastq.gz	candidate_reads	SRR35904070	20	ac73670af3abed54ac6fb4695131f4099be9fbe39d6076c5d0264a6bbdae9d83
reads/Columbia_MO_20240604__SRR35904069.target_enriched.fastq.gz	candidate_reads	SRR35904069	20	ac73670af3abed54ac6fb4695131f4099be9fbe39d6076c5d0264a6bbdae9d83
reads/Columbia_MO_20240611__SRR35904068.target_enriched.fastq.gz	candidate_reads	SRR35904068	432	c267d81fe760f0005d69b9617d765c9a035198c4d491766f99a7c48a0c29db87
reads/Columbia_MO_20240618__SRR35904066.target_enriched.fastq.gz	candidate_reads	SRR35904066	20	ac73670af3abed54ac6fb4695131f4099be9fbe39d6076c5d0264a6bbdae9d83
reads/Columbia_MO_20240625__SRR35904065.target_enriched.fastq.gz	candidate_reads	SRR35904065	20	ac73670af3abed54ac6fb4695131f4099be9fbe39d6076c5d0264a6bbdae9d83
reads/Columbia_MO_20240702__SRR35904063.target_enriched.fastq.gz	candidate_reads	SRR35904063	20	ac73670af3abed54ac6fb4695131f4099be9fbe39d6076c5d0264a6bbdae9d83
reads/Columbia_MO_20240702__SRR35904064.target_enriched.fastq.gz	candidate_reads	SRR35904064	20	ac73670af3abed54ac6fb4695131f4099be9fbe39d6076c5d0264a6bbdae9d83
reads/Columbia_MO_20240709__SRR35904062.target_enriched.fastq.gz	candidate_reads	SRR35904062	20	ac73670af3abed54ac6fb4695131f4099be9fbe39d6076c5d0264a6bbdae9d83
reads/Columbia_MO_20240716__SRR35904061.target_enriched.fastq.gz	candidate_reads	SRR35904061	1068	b1c250a92de8661e43999755bcdeb06bd25af583bea807dec55eb6d7a1827c6d
reads/Columbia_MO_20240723__SRR35904059.target_enriched.fastq.gz	candidate_reads	SRR35904059	271	7b1cb49b5e730631ba6a240e26ae90b23c63ba55579af989588604af82160f62
reads/Columbia_MO_20240723__SRR35904060.target_enriched.fastq.gz	candidate_reads	SRR35904060	347	8d45d3b049d1dbbef7c2359b3db578988742d8ac410d0d64a6e220694de6ec9c
reads/Columbia_MO_20240730__SRR35904058.target_enriched.fastq.gz	candidate_reads	SRR35904058	1213	9790be5c8032014dc26a909c5251db21faa9cc68f64a861cd723775e192fb35e
reads/Columbia_MO_20240806__SRR35904057.target_enriched.fastq.gz	candidate_reads	SRR35904057	20	ac73670af3abed54ac6fb4695131f4099be9fbe39d6076c5d0264a6bbdae9d83
reads/Columbia_MO_20240813__SRR35904055.target_enriched.fastq.gz	candidate_reads	SRR35904055	20	ac73670af3abed54ac6fb4695131f4099be9fbe39d6076c5d0264a6bbdae9d83
reads/Columbia_MO_20240820__SRR35904054.target_enriched.fastq.gz	candidate_reads	SRR35904054	20	ac73670af3abed54ac6fb4695131f4099be9fbe39d6076c5d0264a6bbdae9d83
reads/Columbia_MO_20240827__SRR35904053.target_enriched.fastq.gz	candidate_reads	SRR35904053	20	ac73670af3abed54ac6fb4695131f4099be9fbe39d6076c5d0264a6bbdae9d83
reads/Columbia_MO_20240903__SRR35904052.target_enriched.fastq.gz	candidate_reads	SRR35904052	20	ac73670af3abed54ac6fb4695131f4099be9fbe39d6076c5d0264a6bbdae9d83
reads/Columbia_MO_20240910__SRR35904051.target_enriched.fastq.gz	candidate_reads	SRR35904051	20	ac73670af3abed54ac6fb4695131f4099be9fbe39d6076c5d0264a6bbdae9d83
reads/Columbia_MO_20240917__SRR35904050.target_enriched.fastq.gz	candidate_reads	SRR35904050	270	1f5b032928fc5888135eb6b0e247079a94564aafe8612f388e5d3f3f2cc7b514
reads/Columbia_MO_20240924__SRR35904049.target_enriched.fastq.gz	candidate_reads	SRR35904049	20	ac73670af3abed54ac6fb4695131f4099be9fbe39d6076c5d0264a6bbdae9d83
reads/Columbia_MO_20241001__SRR35904048.target_enriched.fastq.gz	candidate_reads	SRR35904048	20	ac73670af3abed54ac6fb4695131f4099be9fbe39d6076c5d0264a6bbdae9d83
reads/Columbia_MO_20241008__SRR35904047.target_enriched.fastq.gz	candidate_reads	SRR35904047	20	ac73670af3abed54ac6fb4695131f4099be9fbe39d6076c5d0264a6bbdae9d83
reads/Columbia_MO_20241015__SRR35904046.target_enriched.fastq.gz	candidate_reads	SRR35904046	20	ac73670af3abed54ac6fb4695131f4099be9fbe39d6076c5d0264a6bbdae9d83
reads/Columbia_MO_20241022__SRR35904044.target_enriched.fastq.gz	candidate_reads	SRR35904044	20	ac73670af3abed54ac6fb4695131f4099be9fbe39d6076c5d0264a6bbdae9d83
reads/Columbia_MO_20241029__SRR35904043.target_enriched.fastq.gz	candidate_reads	SRR35904043	20	ac73670af3abed54ac6fb4695131f4099be9fbe39d6076c5d0264a6bbdae9d83
reads/Columbia_MO_20241105__SRR35904042.target_enriched.fastq.gz	candidate_reads	SRR35904042	20	ac73670af3abed54ac6fb4695131f4099be9fbe39d6076c5d0264a6bbdae9d83
reads/Columbia_MO_20241112__SRR35904041.target_enriched.fastq.gz	candidate_reads	SRR35904041	20	ac73670af3abed54ac6fb4695131f4099be9fbe39d6076c5d0264a6bbdae9d83
reads/Columbia_MO_20241119__SRR35904040.target_enriched.fastq.gz	candidate_reads	SRR35904040	20	ac73670af3abed54ac6fb4695131f4099be9fbe39d6076c5d0264a6bbdae9d83
reads/Columbia_MO_20241126__SRR35904039.target_enriched.fastq.gz	candidate_reads	SRR35904039	20	ac73670af3abed54ac6fb4695131f4099be9fbe39d6076c5d0264a6bbdae9d83
reads/Columbia_MO_20241203__SRR35904038.target_enriched.fastq.gz	candidate_reads	SRR35904038	20	ac73670af3abed54ac6fb4695131f4099be9fbe39d6076c5d0264a6bbdae9d83
reads/Columbia_MO_20241210__SRR35904037.target_enriched.fastq.gz	candidate_reads	SRR35904037	20	ac73670af3abed54ac6fb4695131f4099be9fbe39d6076c5d0264a6bbdae9d83
reads/Columbia_MO_20241217__SRR35904036.target_enriched.fastq.gz	candidate_reads	SRR35904036	20	ac73670af3abed54ac6fb4695131f4099be9fbe39d6076c5d0264a6bbdae9d83
reads/Columbia_MO_20241224__SRR35904035.target_enriched.fastq.gz	candidate_reads	SRR35904035	20	ac73670af3abed54ac6fb4695131f4099be9fbe39d6076c5d0264a6bbdae9d83
reads/Columbia_MO_20241231__SRR35904033.target_enriched.fastq.gz	candidate_reads	SRR35904033	20	ac73670af3abed54ac6fb4695131f4099be9fbe39d6076c5d0264a6bbdae9d83
reads/Columbia_MO_20250107__SRR35917740.target_enriched.fastq.gz	candidate_reads	SRR35917740	20	ac73670af3abed54ac6fb4695131f4099be9fbe39d6076c5d0264a6bbdae9d83
reads/Columbia_MO_20250114__SRR35917739.target_enriched.fastq.gz	candidate_reads	SRR35917739	20	ac73670af3abed54ac6fb4695131f4099be9fbe39d6076c5d0264a6bbdae9d83
reads/Columbia_MO_20250121__SRR35917728.target_enriched.fastq.gz	candidate_reads	SRR35917728	20	ac73670af3abed54ac6fb4695131f4099be9fbe39d6076c5d0264a6bbdae9d83
reads/Columbia_MO_20250128__SRR35917722.target_enriched.fastq.gz	candidate_reads	SRR35917722	20	ac73670af3abed54ac6fb4695131f4099be9fbe39d6076c5d0264a6bbdae9d83
reads/Columbia_MO_20250204__SRR35917721.target_enriched.fastq.gz	candidate_reads	SRR35917721	20	ac73670af3abed54ac6fb4695131f4099be9fbe39d6076c5d0264a6bbdae9d83
reads/Columbia_MO_20250211__SRR35917720.target_enriched.fastq.gz	candidate_reads	SRR35917720	20	ac73670af3abed54ac6fb4695131f4099be9fbe39d6076c5d0264a6bbdae9d83
reads/Columbia_MO_20250218__SRR35917719.target_enriched.fastq.gz	candidate_reads	SRR35917719	20	ac73670af3abed54ac6fb4695131f4099be9fbe39d6076c5d0264a6bbdae9d83
reads/Columbia_MO_20250225__SRR35917718.target_enriched.fastq.gz	candidate_reads	SRR35917718	20	ac73670af3abed54ac6fb4695131f4099be9fbe39d6076c5d0264a6bbdae9d83
reads/Columbia_MO_20250304__SRR35917717.target_enriched.fastq.gz	candidate_reads	SRR35917717	20	ac73670af3abed54ac6fb4695131f4099be9fbe39d6076c5d0264a6bbdae9d83
reads/Columbia_MO_20250311__SRR35917716.target_enriched.fastq.gz	candidate_reads	SRR35917716	20	ac73670af3abed54ac6fb4695131f4099be9fbe39d6076c5d0264a6bbdae9d83
reads/Columbia_MO_20250318__SRR35917738.target_enriched.fastq.gz	candidate_reads	SRR35917738	20	ac73670af3abed54ac6fb4695131f4099be9fbe39d6076c5d0264a6bbdae9d83
reads/Columbia_MO_20250326__SRR35917737.target_enriched.fastq.gz	candidate_reads	SRR35917737	20	ac73670af3abed54ac6fb4695131f4099be9fbe39d6076c5d0264a6bbdae9d83
reads/Columbia_MO_20250401__SRR35917736.target_enriched.fastq.gz	candidate_reads	SRR35917736	20	ac73670af3abed54ac6fb4695131f4099be9fbe39d6076c5d0264a6bbdae9d83
reads/Columbia_MO_20250408__SRR35917735.target_enriched.fastq.gz	candidate_reads	SRR35917735	20	ac73670af3abed54ac6fb4695131f4099be9fbe39d6076c5d0264a6bbdae9d83
reads/Columbia_MO_20250415__SRR35917734.target_enriched.fastq.gz	candidate_reads	SRR35917734	20	ac73670af3abed54ac6fb4695131f4099be9fbe39d6076c5d0264a6bbdae9d83
reads/Columbia_MO_20250422__SRR35917733.target_enriched.fastq.gz	candidate_reads	SRR35917733	20	ac73670af3abed54ac6fb4695131f4099be9fbe39d6076c5d0264a6bbdae9d83
reads/Columbia_MO_20250429__SRR35917732.target_enriched.fastq.gz	candidate_reads	SRR35917732	20	ac73670af3abed54ac6fb4695131f4099be9fbe39d6076c5d0264a6bbdae9d83
reads/Columbia_MO_20250506__SRR35917731.target_enriched.fastq.gz	candidate_reads	SRR35917731	20	ac73670af3abed54ac6fb4695131f4099be9fbe39d6076c5d0264a6bbdae9d83
reads/Columbia_MO_20250513__SRR35917730.target_enriched.fastq.gz	candidate_reads	SRR35917730	20	ac73670af3abed54ac6fb4695131f4099be9fbe39d6076c5d0264a6bbdae9d83
reads/Columbia_MO_20250520__SRR35917729.target_enriched.fastq.gz	candidate_reads	SRR35917729	20	ac73670af3abed54ac6fb4695131f4099be9fbe39d6076c5d0264a6bbdae9d83
reads/Columbia_MO_20250527__SRR35917727.target_enriched.fastq.gz	candidate_reads	SRR35917727	20	ac73670af3abed54ac6fb4695131f4099be9fbe39d6076c5d0264a6bbdae9d83
reads/Columbia_MO_20250603__SRR35917726.target_enriched.fastq.gz	candidate_reads	SRR35917726	20	ac73670af3abed54ac6fb4695131f4099be9fbe39d6076c5d0264a6bbdae9d83
reads/Columbia_MO_20250610__SRR35917725.target_enriched.fastq.gz	candidate_reads	SRR35917725	20	ac73670af3abed54ac6fb4695131f4099be9fbe39d6076c5d0264a6bbdae9d83
reads/Columbia_MO_20250617__SRR35917724.target_enriched.fastq.gz	candidate_reads	SRR35917724	20	ac73670af3abed54ac6fb4695131f4099be9fbe39d6076c5d0264a6bbdae9d83
reads/Columbia_MO_20250624__SRR35917723.target_enriched.fastq.gz	candidate_reads	SRR35917723	20	ac73670af3abed54ac6fb4695131f4099be9fbe39d6076c5d0264a6bbdae9d83
reads/DITP-20250212-North-R1-A1__SRR33038136.target_enriched.fastq.gz	candidate_reads	SRR33038136	20	ac73670af3abed54ac6fb4695131f4099be9fbe39d6076c5d0264a6bbdae9d83
reads/DITP-20250212-South-R1-A1__SRR33038179.target_enriched.fastq.gz	candidate_reads	SRR33038179	20	ac73670af3abed54ac6fb4695131f4099be9fbe39d6076c5d0264a6bbdae9d83
reads/FL_Miami_20260112__SRR37181150.target_enriched.fastq.gz	candidate_reads	SRR37181150	20	ac73670af3abed54ac6fb4695131f4099be9fbe39d6076c5d0264a6bbdae9d83
reads/FL_Miami_20260119__SRR37181172.target_enriched.fastq.gz	candidate_reads	SRR37181172	20	ac73670af3abed54ac6fb4695131f4099be9fbe39d6076c5d0264a6bbdae9d83
reads/FL_Miami_20260126__SRR38294711.target_enriched.fastq.gz	candidate_reads	SRR38294711	20	ac73670af3abed54ac6fb4695131f4099be9fbe39d6076c5d0264a6bbdae9d83
reads/FL_Miami_20260202__SRR38294710.target_enriched.fastq.gz	candidate_reads	SRR38294710	20	ac73670af3abed54ac6fb4695131f4099be9fbe39d6076c5d0264a6bbdae9d83
reads/FL_Miami_20260209__SRR38294708.target_enriched.fastq.gz	candidate_reads	SRR38294708	20	ac73670af3abed54ac6fb4695131f4099be9fbe39d6076c5d0264a6bbdae9d83
reads/FL_Miami_20260216__SRR38294709.target_enriched.fastq.gz	candidate_reads	SRR38294709	20	ac73670af3abed54ac6fb4695131f4099be9fbe39d6076c5d0264a6bbdae9d83
reads/FL_Miami_20260223__SRR38294707.target_enriched.fastq.gz	candidate_reads	SRR38294707	20	ac73670af3abed54ac6fb4695131f4099be9fbe39d6076c5d0264a6bbdae9d83
reads/FL_Miami_20260302__SRR38294705.target_enriched.fastq.gz	candidate_reads	SRR38294705	20	ac73670af3abed54ac6fb4695131f4099be9fbe39d6076c5d0264a6bbdae9d83
reads/FL_Miami_20260309__SRR38294704.target_enriched.fastq.gz	candidate_reads	SRR38294704	20	ac73670af3abed54ac6fb4695131f4099be9fbe39d6076c5d0264a6bbdae9d83
reads/FL_Miami_20260316__SRR38294953.target_enriched.fastq.gz	candidate_reads	SRR38294953	20	ac73670af3abed54ac6fb4695131f4099be9fbe39d6076c5d0264a6bbdae9d83
reads/FL_Miami_20260323__SRR38294952.target_enriched.fastq.gz	candidate_reads	SRR38294952	20	ac73670af3abed54ac6fb4695131f4099be9fbe39d6076c5d0264a6bbdae9d83
reads/FL_Miami_20260330__SRR38294948.target_enriched.fastq.gz	candidate_reads	SRR38294948	20	ac73670af3abed54ac6fb4695131f4099be9fbe39d6076c5d0264a6bbdae9d83
reads/FL_Miami_20260406__SRR39695043.target_enriched.fastq.gz	candidate_reads	SRR39695043	20	ac73670af3abed54ac6fb4695131f4099be9fbe39d6076c5d0264a6bbdae9d83
reads/FL_Miami_20260413__SRR39695044.target_enriched.fastq.gz	candidate_reads	SRR39695044	20	ac73670af3abed54ac6fb4695131f4099be9fbe39d6076c5d0264a6bbdae9d83
reads/FL_Miami_20260420__SRR39695042.target_enriched.fastq.gz	candidate_reads	SRR39695042	20	ac73670af3abed54ac6fb4695131f4099be9fbe39d6076c5d0264a6bbdae9d83
reads/FL_Miami_20260427__SRR39695041.target_enriched.fastq.gz	candidate_reads	SRR39695041	20	ac73670af3abed54ac6fb4695131f4099be9fbe39d6076c5d0264a6bbdae9d83
reads/FL_Miami_20260504__SRR39695092.target_enriched.fastq.gz	candidate_reads	SRR39695092	20	ac73670af3abed54ac6fb4695131f4099be9fbe39d6076c5d0264a6bbdae9d83
reads/FL_Miami_20260511__SRR39695090.target_enriched.fastq.gz	candidate_reads	SRR39695090	20	ac73670af3abed54ac6fb4695131f4099be9fbe39d6076c5d0264a6bbdae9d83
reads/FL_Miami_20260518__SRR39695037.target_enriched.fastq.gz	candidate_reads	SRR39695037	20	ac73670af3abed54ac6fb4695131f4099be9fbe39d6076c5d0264a6bbdae9d83
reads/FL_Miami_20260526__SRR39695226.target_enriched.fastq.gz	candidate_reads	SRR39695226	259	249ccf7a5abbd60c9c023058348219889a5eff9a5febd508ef9ac709f8263fff
reads/FL_Miami_20260601__SRR39695225.target_enriched.fastq.gz	candidate_reads	SRR39695225	20	ac73670af3abed54ac6fb4695131f4099be9fbe39d6076c5d0264a6bbdae9d83
reads/FL_Miami_20260608__SRR39695224.target_enriched.fastq.gz	candidate_reads	SRR39695224	1250	cbfe96e3d478170b65ec378bd07e6f79452f47dc762bdf248b05df6c60634ab8
reads/FL_Miami_20260615__SRR39695222.target_enriched.fastq.gz	candidate_reads	SRR39695222	20	ac73670af3abed54ac6fb4695131f4099be9fbe39d6076c5d0264a6bbdae9d83
reads/FL_Miami_20260622__SRR39695221.target_enriched.fastq.gz	candidate_reads	SRR39695221	20	ac73670af3abed54ac6fb4695131f4099be9fbe39d6076c5d0264a6bbdae9d83
reads/FL_Miami_20260629__SRR39695220.target_enriched.fastq.gz	candidate_reads	SRR39695220	755	95204a0c95ce6ac1eff264e96abf6a37eb26d4c6450df9a20b5de8fe7a4dce1b
reads/IAOTT_20250219__SRR35946918.target_enriched.fastq.gz	candidate_reads	SRR35946918	20	ac73670af3abed54ac6fb4695131f4099be9fbe39d6076c5d0264a6bbdae9d83
reads/IAOTT_20250226__SRR35946917.target_enriched.fastq.gz	candidate_reads	SRR35946917	20	ac73670af3abed54ac6fb4695131f4099be9fbe39d6076c5d0264a6bbdae9d83
reads/IAOTT_20250305__SRR35946906.target_enriched.fastq.gz	candidate_reads	SRR35946906	20	ac73670af3abed54ac6fb4695131f4099be9fbe39d6076c5d0264a6bbdae9d83
reads/IAOTT_20250312__SRR35946905.target_enriched.fastq.gz	candidate_reads	SRR35946905	20	ac73670af3abed54ac6fb4695131f4099be9fbe39d6076c5d0264a6bbdae9d83
reads/IAOTT_20250319__SRR35946894.target_enriched.fastq.gz	candidate_reads	SRR35946894	20	ac73670af3abed54ac6fb4695131f4099be9fbe39d6076c5d0264a6bbdae9d83
reads/IAOTT_20250326__SRR35946895.target_enriched.fastq.gz	candidate_reads	SRR35946895	20	ac73670af3abed54ac6fb4695131f4099be9fbe39d6076c5d0264a6bbdae9d83
reads/IAOTT_20250402__SRR35946896.target_enriched.fastq.gz	candidate_reads	SRR35946896	20	ac73670af3abed54ac6fb4695131f4099be9fbe39d6076c5d0264a6bbdae9d83
reads/IAOTT_20250409__SRR35946897.target_enriched.fastq.gz	candidate_reads	SRR35946897	20	ac73670af3abed54ac6fb4695131f4099be9fbe39d6076c5d0264a6bbdae9d83
reads/IAOTT_20250416__SRR35946898.target_enriched.fastq.gz	candidate_reads	SRR35946898	20	ac73670af3abed54ac6fb4695131f4099be9fbe39d6076c5d0264a6bbdae9d83
reads/IAOTT_20250425__SRR35946899.target_enriched.fastq.gz	candidate_reads	SRR35946899	20	ac73670af3abed54ac6fb4695131f4099be9fbe39d6076c5d0264a6bbdae9d83
reads/IAOTT_20250430__SRR35946916.target_enriched.fastq.gz	candidate_reads	SRR35946916	20	ac73670af3abed54ac6fb4695131f4099be9fbe39d6076c5d0264a6bbdae9d83
reads/IAOTT_20250507__SRR35946915.target_enriched.fastq.gz	candidate_reads	SRR35946915	20	ac73670af3abed54ac6fb4695131f4099be9fbe39d6076c5d0264a6bbdae9d83
reads/IAOTT_20250514__SRR35946914.target_enriched.fastq.gz	candidate_reads	SRR35946914	987	50375b4dd73abbd257cd615461d37ddae7c18ca7654c4ad81e6312e764652c31
reads/IAOTT_20250521__SRR35946913.target_enriched.fastq.gz	candidate_reads	SRR35946913	20	ac73670af3abed54ac6fb4695131f4099be9fbe39d6076c5d0264a6bbdae9d83
reads/IAOTT_20250528__SRR35946912.target_enriched.fastq.gz	candidate_reads	SRR35946912	20	ac73670af3abed54ac6fb4695131f4099be9fbe39d6076c5d0264a6bbdae9d83
reads/IAOTT_20250604__SRR35946911.target_enriched.fastq.gz	candidate_reads	SRR35946911	20	ac73670af3abed54ac6fb4695131f4099be9fbe39d6076c5d0264a6bbdae9d83
reads/IAOTT_20250611__SRR35946910.target_enriched.fastq.gz	candidate_reads	SRR35946910	20	ac73670af3abed54ac6fb4695131f4099be9fbe39d6076c5d0264a6bbdae9d83
reads/IAOTT_20250618__SRR35946909.target_enriched.fastq.gz	candidate_reads	SRR35946909	20	ac73670af3abed54ac6fb4695131f4099be9fbe39d6076c5d0264a6bbdae9d83
reads/IAOTT_20250625__SRR35946908.target_enriched.fastq.gz	candidate_reads	SRR35946908	20	ac73670af3abed54ac6fb4695131f4099be9fbe39d6076c5d0264a6bbdae9d83
reads/IAOTT_20250702__SRR35946907.target_enriched.fastq.gz	candidate_reads	SRR35946907	20	ac73670af3abed54ac6fb4695131f4099be9fbe39d6076c5d0264a6bbdae9d83
reads/IAOTT_20250709__SRR35946901.target_enriched.fastq.gz	candidate_reads	SRR35946901	20	ac73670af3abed54ac6fb4695131f4099be9fbe39d6076c5d0264a6bbdae9d83
reads/IAOTT_20250716__SRR35946903.target_enriched.fastq.gz	candidate_reads	SRR35946903	20	ac73670af3abed54ac6fb4695131f4099be9fbe39d6076c5d0264a6bbdae9d83
reads/IAOTT_20250723__SRR35946904.target_enriched.fastq.gz	candidate_reads	SRR35946904	20	ac73670af3abed54ac6fb4695131f4099be9fbe39d6076c5d0264a6bbdae9d83
reads/IAOTT_20250730__SRR35946900.target_enriched.fastq.gz	candidate_reads	SRR35946900	20	ac73670af3abed54ac6fb4695131f4099be9fbe39d6076c5d0264a6bbdae9d83
reads/IA_Ottumwa_20250806__SRR35946902.target_enriched.fastq.gz	candidate_reads	SRR35946902	20	ac73670af3abed54ac6fb4695131f4099be9fbe39d6076c5d0264a6bbdae9d83
reads/IA_Ottumwa_20250814__SRR35946885.target_enriched.fastq.gz	candidate_reads	SRR35946885	20	ac73670af3abed54ac6fb4695131f4099be9fbe39d6076c5d0264a6bbdae9d83
reads/IA_Ottumwa_20250820__SRR35946886.target_enriched.fastq.gz	candidate_reads	SRR35946886	20	ac73670af3abed54ac6fb4695131f4099be9fbe39d6076c5d0264a6bbdae9d83
reads/IA_Ottumwa_20250827__SRR35946887.target_enriched.fastq.gz	candidate_reads	SRR35946887	20	ac73670af3abed54ac6fb4695131f4099be9fbe39d6076c5d0264a6bbdae9d83
reads/IA_Ottumwa_20250903__SRR35946888.target_enriched.fastq.gz	candidate_reads	SRR35946888	20	ac73670af3abed54ac6fb4695131f4099be9fbe39d6076c5d0264a6bbdae9d83
reads/IA_Ottumwa_20250910__SRR35946889.target_enriched.fastq.gz	candidate_reads	SRR35946889	20	ac73670af3abed54ac6fb4695131f4099be9fbe39d6076c5d0264a6bbdae9d83
reads/IA_Ottumwa_20250917__SRR35946890.target_enriched.fastq.gz	candidate_reads	SRR35946890	20	ac73670af3abed54ac6fb4695131f4099be9fbe39d6076c5d0264a6bbdae9d83
reads/IA_Ottumwa_20250924__SRR35946891.target_enriched.fastq.gz	candidate_reads	SRR35946891	20	ac73670af3abed54ac6fb4695131f4099be9fbe39d6076c5d0264a6bbdae9d83
reads/IA_Ottumwa_20251001__SRR35946892.target_enriched.fastq.gz	candidate_reads	SRR35946892	20	ac73670af3abed54ac6fb4695131f4099be9fbe39d6076c5d0264a6bbdae9d83
reads/IA_Ottumwa_20251008__SRR35946893.target_enriched.fastq.gz	candidate_reads	SRR35946893	20	ac73670af3abed54ac6fb4695131f4099be9fbe39d6076c5d0264a6bbdae9d83
reads/IA_Ottumwa_20251015__SRR36877034.target_enriched.fastq.gz	candidate_reads	SRR36877034	20	ac73670af3abed54ac6fb4695131f4099be9fbe39d6076c5d0264a6bbdae9d83
reads/IA_Ottumwa_20251022__SRR36877033.target_enriched.fastq.gz	candidate_reads	SRR36877033	20	ac73670af3abed54ac6fb4695131f4099be9fbe39d6076c5d0264a6bbdae9d83
reads/IA_Ottumwa_20251029__SRR36877021.target_enriched.fastq.gz	candidate_reads	SRR36877021	20	ac73670af3abed54ac6fb4695131f4099be9fbe39d6076c5d0264a6bbdae9d83
reads/IA_Ottumwa_20251105__SRR36876998.target_enriched.fastq.gz	candidate_reads	SRR36876998	20	ac73670af3abed54ac6fb4695131f4099be9fbe39d6076c5d0264a6bbdae9d83
reads/IA_Ottumwa_20251112__SRR36876974.target_enriched.fastq.gz	candidate_reads	SRR36876974	20	ac73670af3abed54ac6fb4695131f4099be9fbe39d6076c5d0264a6bbdae9d83
reads/IA_Ottumwa_20251119__SRR36877016.target_enriched.fastq.gz	candidate_reads	SRR36877016	20	ac73670af3abed54ac6fb4695131f4099be9fbe39d6076c5d0264a6bbdae9d83
reads/IA_Ottumwa_20251124__SRR36876961.target_enriched.fastq.gz	candidate_reads	SRR36876961	20	ac73670af3abed54ac6fb4695131f4099be9fbe39d6076c5d0264a6bbdae9d83
reads/IA_Ottumwa_20251203__SRR36876992.target_enriched.fastq.gz	candidate_reads	SRR36876992	20	ac73670af3abed54ac6fb4695131f4099be9fbe39d6076c5d0264a6bbdae9d83
reads/IA_Ottumwa_20251210__SRR36876983.target_enriched.fastq.gz	candidate_reads	SRR36876983	20	ac73670af3abed54ac6fb4695131f4099be9fbe39d6076c5d0264a6bbdae9d83
reads/IA_Ottumwa_20251217__SRR37092400.target_enriched.fastq.gz	candidate_reads	SRR37092400	20	ac73670af3abed54ac6fb4695131f4099be9fbe39d6076c5d0264a6bbdae9d83
reads/IA_Ottumwa_20251222__SRR37092399.target_enriched.fastq.gz	candidate_reads	SRR37092399	20	ac73670af3abed54ac6fb4695131f4099be9fbe39d6076c5d0264a6bbdae9d83
reads/IA_Ottumwa_20251231__SRR37092398.target_enriched.fastq.gz	candidate_reads	SRR37092398	20	ac73670af3abed54ac6fb4695131f4099be9fbe39d6076c5d0264a6bbdae9d83
reads/IA_Ottumwa_20260107__SRR38294949.target_enriched.fastq.gz	candidate_reads	SRR38294949	20	ac73670af3abed54ac6fb4695131f4099be9fbe39d6076c5d0264a6bbdae9d83
reads/IA_Ottumwa_20260114__SRR38294947.target_enriched.fastq.gz	candidate_reads	SRR38294947	20	ac73670af3abed54ac6fb4695131f4099be9fbe39d6076c5d0264a6bbdae9d83
reads/IA_Ottumwa_20260121__SRR38294946.target_enriched.fastq.gz	candidate_reads	SRR38294946	1270	d6baf46a74d765fb66e43d81685c9a2ac8aee50c11ade2e0da3dd9bce31f0d7b
reads/IA_Ottumwa_20260128__SRR38294945.target_enriched.fastq.gz	candidate_reads	SRR38294945	20	ac73670af3abed54ac6fb4695131f4099be9fbe39d6076c5d0264a6bbdae9d83
reads/IA_Ottumwa_20260204__SRR38294943.target_enriched.fastq.gz	candidate_reads	SRR38294943	20	ac73670af3abed54ac6fb4695131f4099be9fbe39d6076c5d0264a6bbdae9d83
reads/IA_Ottumwa_20260211__SRR38294939.target_enriched.fastq.gz	candidate_reads	SRR38294939	20	ac73670af3abed54ac6fb4695131f4099be9fbe39d6076c5d0264a6bbdae9d83
reads/IA_Ottumwa_20260218__SRR38294753.target_enriched.fastq.gz	candidate_reads	SRR38294753	20	ac73670af3abed54ac6fb4695131f4099be9fbe39d6076c5d0264a6bbdae9d83
reads/IA_Ottumwa_20260225__SRR38294703.target_enriched.fastq.gz	candidate_reads	SRR38294703	20	ac73670af3abed54ac6fb4695131f4099be9fbe39d6076c5d0264a6bbdae9d83
reads/IA_Ottumwa_20260304__SRR38294702.target_enriched.fastq.gz	candidate_reads	SRR38294702	20	ac73670af3abed54ac6fb4695131f4099be9fbe39d6076c5d0264a6bbdae9d83
reads/IA_Ottumwa_20260311__SRR38294701.target_enriched.fastq.gz	candidate_reads	SRR38294701	20	ac73670af3abed54ac6fb4695131f4099be9fbe39d6076c5d0264a6bbdae9d83
reads/IA_Ottumwa_20260318__SRR38294700.target_enriched.fastq.gz	candidate_reads	SRR38294700	20	ac73670af3abed54ac6fb4695131f4099be9fbe39d6076c5d0264a6bbdae9d83
reads/IA_Ottumwa_20260325__SRR38294699.target_enriched.fastq.gz	candidate_reads	SRR38294699	20	ac73670af3abed54ac6fb4695131f4099be9fbe39d6076c5d0264a6bbdae9d83
reads/IA_Ottumwa_20260401__SRR39695218.target_enriched.fastq.gz	candidate_reads	SRR39695218	20	ac73670af3abed54ac6fb4695131f4099be9fbe39d6076c5d0264a6bbdae9d83
reads/IA_Ottumwa_20260408__SRR39695219.target_enriched.fastq.gz	candidate_reads	SRR39695219	20	ac73670af3abed54ac6fb4695131f4099be9fbe39d6076c5d0264a6bbdae9d83
reads/IA_Ottumwa_20260415__SRR39695217.target_enriched.fastq.gz	candidate_reads	SRR39695217	20	ac73670af3abed54ac6fb4695131f4099be9fbe39d6076c5d0264a6bbdae9d83
reads/IA_Ottumwa_20260422__SRR39695216.target_enriched.fastq.gz	candidate_reads	SRR39695216	20	ac73670af3abed54ac6fb4695131f4099be9fbe39d6076c5d0264a6bbdae9d83
reads/IA_Ottumwa_20260506__SRR39695215.target_enriched.fastq.gz	candidate_reads	SRR39695215	20	ac73670af3abed54ac6fb4695131f4099be9fbe39d6076c5d0264a6bbdae9d83
reads/IA_Ottumwa_20260513__SRR39695213.target_enriched.fastq.gz	candidate_reads	SRR39695213	20	ac73670af3abed54ac6fb4695131f4099be9fbe39d6076c5d0264a6bbdae9d83
reads/IA_Ottumwa_20260520__SRR39695097.target_enriched.fastq.gz	candidate_reads	SRR39695097	20	ac73670af3abed54ac6fb4695131f4099be9fbe39d6076c5d0264a6bbdae9d83
reads/IA_Ottumwa_20260527__SRR39695096.target_enriched.fastq.gz	candidate_reads	SRR39695096	20	ac73670af3abed54ac6fb4695131f4099be9fbe39d6076c5d0264a6bbdae9d83
reads/IA_Ottumwa_20260603__SRR39695095.target_enriched.fastq.gz	candidate_reads	SRR39695095	20	ac73670af3abed54ac6fb4695131f4099be9fbe39d6076c5d0264a6bbdae9d83
reads/IA_Ottumwa_20260611__SRR39695094.target_enriched.fastq.gz	candidate_reads	SRR39695094	20	ac73670af3abed54ac6fb4695131f4099be9fbe39d6076c5d0264a6bbdae9d83
reads/IA_Ottumwa_20260617__SRR39695093.target_enriched.fastq.gz	candidate_reads	SRR39695093	20	ac73670af3abed54ac6fb4695131f4099be9fbe39d6076c5d0264a6bbdae9d83
reads/IA_Ottumwa_20260624__SRR39695091.target_enriched.fastq.gz	candidate_reads	SRR39695091	20	ac73670af3abed54ac6fb4695131f4099be9fbe39d6076c5d0264a6bbdae9d83
reads/ID_Boise_20241104__SRR36876984.target_enriched.fastq.gz	candidate_reads	SRR36876984	20	ac73670af3abed54ac6fb4695131f4099be9fbe39d6076c5d0264a6bbdae9d83
reads/ID_Boise_20241118__SRR36877032.target_enriched.fastq.gz	candidate_reads	SRR36877032	20	ac73670af3abed54ac6fb4695131f4099be9fbe39d6076c5d0264a6bbdae9d83
reads/ID_Boise_20241125__SRR36877031.target_enriched.fastq.gz	candidate_reads	SRR36877031	20	ac73670af3abed54ac6fb4695131f4099be9fbe39d6076c5d0264a6bbdae9d83
reads/ID_Boise_20241202__SRR36877030.target_enriched.fastq.gz	candidate_reads	SRR36877030	20	ac73670af3abed54ac6fb4695131f4099be9fbe39d6076c5d0264a6bbdae9d83
reads/ID_Boise_20241216__SRR36877028.target_enriched.fastq.gz	candidate_reads	SRR36877028	20	ac73670af3abed54ac6fb4695131f4099be9fbe39d6076c5d0264a6bbdae9d83
reads/ID_Boise_20241223__SRR36877029.target_enriched.fastq.gz	candidate_reads	SRR36877029	20	ac73670af3abed54ac6fb4695131f4099be9fbe39d6076c5d0264a6bbdae9d83
reads/ID_Boise_20241230__SRR36877027.target_enriched.fastq.gz	candidate_reads	SRR36877027	20	ac73670af3abed54ac6fb4695131f4099be9fbe39d6076c5d0264a6bbdae9d83
reads/ID_Boise_20250106__SRR36877026.target_enriched.fastq.gz	candidate_reads	SRR36877026	20	ac73670af3abed54ac6fb4695131f4099be9fbe39d6076c5d0264a6bbdae9d83
reads/ID_Boise_20250113__SRR36877025.target_enriched.fastq.gz	candidate_reads	SRR36877025	20	ac73670af3abed54ac6fb4695131f4099be9fbe39d6076c5d0264a6bbdae9d83
reads/ID_Boise_20250120__SRR36877024.target_enriched.fastq.gz	candidate_reads	SRR36877024	20	ac73670af3abed54ac6fb4695131f4099be9fbe39d6076c5d0264a6bbdae9d83
reads/ID_Boise_20250127__SRR36877023.target_enriched.fastq.gz	candidate_reads	SRR36877023	20	ac73670af3abed54ac6fb4695131f4099be9fbe39d6076c5d0264a6bbdae9d83
reads/ID_Boise_20250203__SRR36877008.target_enriched.fastq.gz	candidate_reads	SRR36877008	20	ac73670af3abed54ac6fb4695131f4099be9fbe39d6076c5d0264a6bbdae9d83
reads/ID_Boise_20250210__SRR36877007.target_enriched.fastq.gz	candidate_reads	SRR36877007	20	ac73670af3abed54ac6fb4695131f4099be9fbe39d6076c5d0264a6bbdae9d83
reads/ID_Boise_20250224__SRR36877006.target_enriched.fastq.gz	candidate_reads	SRR36877006	20	ac73670af3abed54ac6fb4695131f4099be9fbe39d6076c5d0264a6bbdae9d83
reads/ID_Boise_20250310__SRR36877005.target_enriched.fastq.gz	candidate_reads	SRR36877005	20	ac73670af3abed54ac6fb4695131f4099be9fbe39d6076c5d0264a6bbdae9d83
reads/ID_Boise_20250317__SRR36877004.target_enriched.fastq.gz	candidate_reads	SRR36877004	20	ac73670af3abed54ac6fb4695131f4099be9fbe39d6076c5d0264a6bbdae9d83
reads/ID_Boise_20250324__SRR36877003.target_enriched.fastq.gz	candidate_reads	SRR36877003	20	ac73670af3abed54ac6fb4695131f4099be9fbe39d6076c5d0264a6bbdae9d83
reads/ID_Boise_20250331__SRR36877002.target_enriched.fastq.gz	candidate_reads	SRR36877002	20	ac73670af3abed54ac6fb4695131f4099be9fbe39d6076c5d0264a6bbdae9d83
reads/ID_Boise_20250407__SRR36877001.target_enriched.fastq.gz	candidate_reads	SRR36877001	20	ac73670af3abed54ac6fb4695131f4099be9fbe39d6076c5d0264a6bbdae9d83
reads/ID_Boise_20250414__SRR36877000.target_enriched.fastq.gz	candidate_reads	SRR36877000	20	ac73670af3abed54ac6fb4695131f4099be9fbe39d6076c5d0264a6bbdae9d83
reads/ID_Boise_20250421__SRR36876999.target_enriched.fastq.gz	candidate_reads	SRR36876999	20	ac73670af3abed54ac6fb4695131f4099be9fbe39d6076c5d0264a6bbdae9d83
reads/ID_Boise_20250428__SRR36876997.target_enriched.fastq.gz	candidate_reads	SRR36876997	20	ac73670af3abed54ac6fb4695131f4099be9fbe39d6076c5d0264a6bbdae9d83
reads/ID_Boise_20250505__SRR36876996.target_enriched.fastq.gz	candidate_reads	SRR36876996	20	ac73670af3abed54ac6fb4695131f4099be9fbe39d6076c5d0264a6bbdae9d83
reads/ID_Boise_20250512__SRR36876995.target_enriched.fastq.gz	candidate_reads	SRR36876995	20	ac73670af3abed54ac6fb4695131f4099be9fbe39d6076c5d0264a6bbdae9d83
reads/ID_Boise_20250519__SRR36876993.target_enriched.fastq.gz	candidate_reads	SRR36876993	20	ac73670af3abed54ac6fb4695131f4099be9fbe39d6076c5d0264a6bbdae9d83
reads/ID_Boise_20250526__SRR36876980.target_enriched.fastq.gz	candidate_reads	SRR36876980	20	ac73670af3abed54ac6fb4695131f4099be9fbe39d6076c5d0264a6bbdae9d83
reads/ID_Boise_20250602__SRR36876979.target_enriched.fastq.gz	candidate_reads	SRR36876979	20	ac73670af3abed54ac6fb4695131f4099be9fbe39d6076c5d0264a6bbdae9d83
reads/ID_Boise_20250609__SRR36876978.target_enriched.fastq.gz	candidate_reads	SRR36876978	20	ac73670af3abed54ac6fb4695131f4099be9fbe39d6076c5d0264a6bbdae9d83
reads/ID_Boise_20250616__SRR36876977.target_enriched.fastq.gz	candidate_reads	SRR36876977	20	ac73670af3abed54ac6fb4695131f4099be9fbe39d6076c5d0264a6bbdae9d83
reads/ID_Boise_20250623__SRR36876976.target_enriched.fastq.gz	candidate_reads	SRR36876976	20	ac73670af3abed54ac6fb4695131f4099be9fbe39d6076c5d0264a6bbdae9d83
reads/ID_Boise_20250630__SRR36876975.target_enriched.fastq.gz	candidate_reads	SRR36876975	1846	f32e37de6bb3dd93f6c52bc5a8c521e183a0506819fe66c0ea0c3e97d01482ec
reads/ID_Boise_20250707__SRR36876973.target_enriched.fastq.gz	candidate_reads	SRR36876973	1509	6d4c0b5253acfc60227e7c3866f67fca118dc82ef61aa8adc9b1e2ee915da28c
reads/ID_Boise_20250714__SRR36876972.target_enriched.fastq.gz	candidate_reads	SRR36876972	20	ac73670af3abed54ac6fb4695131f4099be9fbe39d6076c5d0264a6bbdae9d83
reads/ID_Boise_20250721__SRR36876971.target_enriched.fastq.gz	candidate_reads	SRR36876971	20	ac73670af3abed54ac6fb4695131f4099be9fbe39d6076c5d0264a6bbdae9d83
reads/ID_Boise_20250728__SRR36876970.target_enriched.fastq.gz	candidate_reads	SRR36876970	20	ac73670af3abed54ac6fb4695131f4099be9fbe39d6076c5d0264a6bbdae9d83
reads/ID_Boise_20250804__SRR36876967.target_enriched.fastq.gz	candidate_reads	SRR36876967	20	ac73670af3abed54ac6fb4695131f4099be9fbe39d6076c5d0264a6bbdae9d83
reads/ID_Boise_20250811__SRR36877022.target_enriched.fastq.gz	candidate_reads	SRR36877022	20	ac73670af3abed54ac6fb4695131f4099be9fbe39d6076c5d0264a6bbdae9d83
reads/ID_Boise_20250818__SRR36877019.target_enriched.fastq.gz	candidate_reads	SRR36877019	20	ac73670af3abed54ac6fb4695131f4099be9fbe39d6076c5d0264a6bbdae9d83
reads/ID_Boise_20250825__SRR36877013.target_enriched.fastq.gz	candidate_reads	SRR36877013	20	ac73670af3abed54ac6fb4695131f4099be9fbe39d6076c5d0264a6bbdae9d83
reads/ID_Boise_20250901__SRR36877015.target_enriched.fastq.gz	candidate_reads	SRR36877015	20	ac73670af3abed54ac6fb4695131f4099be9fbe39d6076c5d0264a6bbdae9d83
reads/ID_Boise_20250908__SRR36877014.target_enriched.fastq.gz	candidate_reads	SRR36877014	20	ac73670af3abed54ac6fb4695131f4099be9fbe39d6076c5d0264a6bbdae9d83
reads/ID_Boise_20250915__SRR36877017.target_enriched.fastq.gz	candidate_reads	SRR36877017	20	ac73670af3abed54ac6fb4695131f4099be9fbe39d6076c5d0264a6bbdae9d83
reads/ID_Boise_20250922__SRR36877018.target_enriched.fastq.gz	candidate_reads	SRR36877018	20	ac73670af3abed54ac6fb4695131f4099be9fbe39d6076c5d0264a6bbdae9d83
reads/ID_Boise_20250929__SRR36877020.target_enriched.fastq.gz	candidate_reads	SRR36877020	20	ac73670af3abed54ac6fb4695131f4099be9fbe39d6076c5d0264a6bbdae9d83
reads/ID_Boise_20251006__SRR36876994.target_enriched.fastq.gz	candidate_reads	SRR36876994	20	ac73670af3abed54ac6fb4695131f4099be9fbe39d6076c5d0264a6bbdae9d83
reads/ID_Boise_20251013__SRR36876955.target_enriched.fastq.gz	candidate_reads	SRR36876955	20	ac73670af3abed54ac6fb4695131f4099be9fbe39d6076c5d0264a6bbdae9d83
reads/ID_Boise_20251020__SRR36876956.target_enriched.fastq.gz	candidate_reads	SRR36876956	20	ac73670af3abed54ac6fb4695131f4099be9fbe39d6076c5d0264a6bbdae9d83
reads/ID_Boise_20251027__SRR36876957.target_enriched.fastq.gz	candidate_reads	SRR36876957	20	ac73670af3abed54ac6fb4695131f4099be9fbe39d6076c5d0264a6bbdae9d83
reads/ID_Boise_20251103__SRR36876958.target_enriched.fastq.gz	candidate_reads	SRR36876958	20	ac73670af3abed54ac6fb4695131f4099be9fbe39d6076c5d0264a6bbdae9d83
reads/ID_Boise_20251110__SRR36876960.target_enriched.fastq.gz	candidate_reads	SRR36876960	20	ac73670af3abed54ac6fb4695131f4099be9fbe39d6076c5d0264a6bbdae9d83
reads/ID_Boise_20251117__SRR36876959.target_enriched.fastq.gz	candidate_reads	SRR36876959	20	ac73670af3abed54ac6fb4695131f4099be9fbe39d6076c5d0264a6bbdae9d83
reads/ID_Boise_20251124__SRR36876962.target_enriched.fastq.gz	candidate_reads	SRR36876962	20	ac73670af3abed54ac6fb4695131f4099be9fbe39d6076c5d0264a6bbdae9d83
reads/ID_Boise_20251201__SRR36876963.target_enriched.fastq.gz	candidate_reads	SRR36876963	20	ac73670af3abed54ac6fb4695131f4099be9fbe39d6076c5d0264a6bbdae9d83
reads/ID_Boise_20251208__SRR36876964.target_enriched.fastq.gz	candidate_reads	SRR36876964	20	ac73670af3abed54ac6fb4695131f4099be9fbe39d6076c5d0264a6bbdae9d83
reads/ID_Boise_20251215__SRR37092419.target_enriched.fastq.gz	candidate_reads	SRR37092419	20	ac73670af3abed54ac6fb4695131f4099be9fbe39d6076c5d0264a6bbdae9d83
reads/ID_Boise_20251222__SRR37092420.target_enriched.fastq.gz	candidate_reads	SRR37092420	20	ac73670af3abed54ac6fb4695131f4099be9fbe39d6076c5d0264a6bbdae9d83
reads/ID_Boise_20251229__SRR37092418.target_enriched.fastq.gz	candidate_reads	SRR37092418	20	ac73670af3abed54ac6fb4695131f4099be9fbe39d6076c5d0264a6bbdae9d83
reads/ID_Boise_20260105__SRR38294698.target_enriched.fastq.gz	candidate_reads	SRR38294698	20	ac73670af3abed54ac6fb4695131f4099be9fbe39d6076c5d0264a6bbdae9d83
reads/ID_Boise_20260112__SRR38294697.target_enriched.fastq.gz	candidate_reads	SRR38294697	20	ac73670af3abed54ac6fb4695131f4099be9fbe39d6076c5d0264a6bbdae9d83
reads/ID_Boise_20260119__SRR38294696.target_enriched.fastq.gz	candidate_reads	SRR38294696	20	ac73670af3abed54ac6fb4695131f4099be9fbe39d6076c5d0264a6bbdae9d83
reads/ID_Boise_20260126__SRR38294694.target_enriched.fastq.gz	candidate_reads	SRR38294694	20	ac73670af3abed54ac6fb4695131f4099be9fbe39d6076c5d0264a6bbdae9d83
reads/ID_Boise_20260202__SRR38294692.target_enriched.fastq.gz	candidate_reads	SRR38294692	20	ac73670af3abed54ac6fb4695131f4099be9fbe39d6076c5d0264a6bbdae9d83
reads/ID_Boise_20260209__SRR38294693.target_enriched.fastq.gz	candidate_reads	SRR38294693	20	ac73670af3abed54ac6fb4695131f4099be9fbe39d6076c5d0264a6bbdae9d83
reads/ID_Boise_20260216__SRR38294690.target_enriched.fastq.gz	candidate_reads	SRR38294690	20	ac73670af3abed54ac6fb4695131f4099be9fbe39d6076c5d0264a6bbdae9d83
reads/ID_Boise_20260223__SRR38294761.target_enriched.fastq.gz	candidate_reads	SRR38294761	20	ac73670af3abed54ac6fb4695131f4099be9fbe39d6076c5d0264a6bbdae9d83
reads/ID_Boise_20260302__SRR38294760.target_enriched.fastq.gz	candidate_reads	SRR38294760	20	ac73670af3abed54ac6fb4695131f4099be9fbe39d6076c5d0264a6bbdae9d83
reads/ID_Boise_20260309__SRR38294758.target_enriched.fastq.gz	candidate_reads	SRR38294758	20	ac73670af3abed54ac6fb4695131f4099be9fbe39d6076c5d0264a6bbdae9d83
reads/ID_Boise_20260316__SRR38294759.target_enriched.fastq.gz	candidate_reads	SRR38294759	20	ac73670af3abed54ac6fb4695131f4099be9fbe39d6076c5d0264a6bbdae9d83
reads/ID_Boise_20260323__SRR38294757.target_enriched.fastq.gz	candidate_reads	SRR38294757	20	ac73670af3abed54ac6fb4695131f4099be9fbe39d6076c5d0264a6bbdae9d83
reads/ID_Boise_20260330__SRR38294756.target_enriched.fastq.gz	candidate_reads	SRR38294756	20	ac73670af3abed54ac6fb4695131f4099be9fbe39d6076c5d0264a6bbdae9d83
reads/ID_Boise_20260406__SRR39695313.target_enriched.fastq.gz	candidate_reads	SRR39695313	20	ac73670af3abed54ac6fb4695131f4099be9fbe39d6076c5d0264a6bbdae9d83
reads/ID_Boise_20260413__SRR39695312.target_enriched.fastq.gz	candidate_reads	SRR39695312	20	ac73670af3abed54ac6fb4695131f4099be9fbe39d6076c5d0264a6bbdae9d83
reads/ID_Boise_20260420__SRR39695089.target_enriched.fastq.gz	candidate_reads	SRR39695089	20	ac73670af3abed54ac6fb4695131f4099be9fbe39d6076c5d0264a6bbdae9d83
reads/ID_Boise_20260427__SRR39695088.target_enriched.fastq.gz	candidate_reads	SRR39695088	20	ac73670af3abed54ac6fb4695131f4099be9fbe39d6076c5d0264a6bbdae9d83
reads/ID_Boise_20260504__SRR39695086.target_enriched.fastq.gz	candidate_reads	SRR39695086	20	ac73670af3abed54ac6fb4695131f4099be9fbe39d6076c5d0264a6bbdae9d83
reads/ID_Boise_20260511__SRR39695084.target_enriched.fastq.gz	candidate_reads	SRR39695084	20	ac73670af3abed54ac6fb4695131f4099be9fbe39d6076c5d0264a6bbdae9d83
reads/ID_Boise_20260518__SRR39695085.target_enriched.fastq.gz	candidate_reads	SRR39695085	20	ac73670af3abed54ac6fb4695131f4099be9fbe39d6076c5d0264a6bbdae9d83
reads/ID_Boise_20260601__SRR39695083.target_enriched.fastq.gz	candidate_reads	SRR39695083	20	ac73670af3abed54ac6fb4695131f4099be9fbe39d6076c5d0264a6bbdae9d83
reads/ID_Boise_20260608__SRR39695082.target_enriched.fastq.gz	candidate_reads	SRR39695082	20	ac73670af3abed54ac6fb4695131f4099be9fbe39d6076c5d0264a6bbdae9d83
reads/ID_Boise_20260615__SRR39695081.target_enriched.fastq.gz	candidate_reads	SRR39695081	20	ac73670af3abed54ac6fb4695131f4099be9fbe39d6076c5d0264a6bbdae9d83
reads/ID_Boise_20260622__SRR39695080.target_enriched.fastq.gz	candidate_reads	SRR39695080	20	ac73670af3abed54ac6fb4695131f4099be9fbe39d6076c5d0264a6bbdae9d83
reads/ID_Boise_20260629__SRR39695079.target_enriched.fastq.gz	candidate_reads	SRR39695079	841	b8bac5831a8e01e9655e8669a8fc43f60a4f59d6acabb4480aec42f21cf549c0
reads/IL_CHI-A_20250803__SRR35987670.target_enriched.fastq.gz	candidate_reads	SRR35987670	20	ac73670af3abed54ac6fb4695131f4099be9fbe39d6076c5d0264a6bbdae9d83
reads/IL_CHI-A_20250810__SRR35987646.target_enriched.fastq.gz	candidate_reads	SRR35987646	794	534da696e0f62be343e1dbedbeded32637b4448b5fadeef4e1170f6a694cc2e5
reads/IL_CHI-A_20250817__SRR35987642.target_enriched.fastq.gz	candidate_reads	SRR35987642	20	ac73670af3abed54ac6fb4695131f4099be9fbe39d6076c5d0264a6bbdae9d83
reads/IL_CHI-A_20250826__SRR35987641.target_enriched.fastq.gz	candidate_reads	SRR35987641	20	ac73670af3abed54ac6fb4695131f4099be9fbe39d6076c5d0264a6bbdae9d83
reads/IL_CHI-A_20250831__SRR35987640.target_enriched.fastq.gz	candidate_reads	SRR35987640	20	ac73670af3abed54ac6fb4695131f4099be9fbe39d6076c5d0264a6bbdae9d83
reads/IL_CHI-A_20250907__SRR35987639.target_enriched.fastq.gz	candidate_reads	SRR35987639	20	ac73670af3abed54ac6fb4695131f4099be9fbe39d6076c5d0264a6bbdae9d83
reads/IL_CHI-A_20250914__SRR35987638.target_enriched.fastq.gz	candidate_reads	SRR35987638	20	ac73670af3abed54ac6fb4695131f4099be9fbe39d6076c5d0264a6bbdae9d83
reads/IL_CHI-A_20250921__SRR35987637.target_enriched.fastq.gz	candidate_reads	SRR35987637	20	ac73670af3abed54ac6fb4695131f4099be9fbe39d6076c5d0264a6bbdae9d83
reads/IL_CHI-A_20250928__SRR35987607.target_enriched.fastq.gz	candidate_reads	SRR35987607	20	ac73670af3abed54ac6fb4695131f4099be9fbe39d6076c5d0264a6bbdae9d83
reads/IL_CHI-A_20251005__SRR35987663.target_enriched.fastq.gz	candidate_reads	SRR35987663	20	ac73670af3abed54ac6fb4695131f4099be9fbe39d6076c5d0264a6bbdae9d83
reads/IL_CHI-A_20251012__SRR35987662.target_enriched.fastq.gz	candidate_reads	SRR35987662	20	ac73670af3abed54ac6fb4695131f4099be9fbe39d6076c5d0264a6bbdae9d83
reads/IL_CHI-A_20251019__SRR35987661.target_enriched.fastq.gz	candidate_reads	SRR35987661	20	ac73670af3abed54ac6fb4695131f4099be9fbe39d6076c5d0264a6bbdae9d83
reads/IL_CHI-B_20250803__SRR35987659.target_enriched.fastq.gz	candidate_reads	SRR35987659	4857	6ffe3336aff50a8342a78a8e8040d2201af8203640da6eaf0fb2d67c1a4e5441
reads/IL_CHI-B_20250810__SRR35987601.target_enriched.fastq.gz	candidate_reads	SRR35987601	3143	750a2e7d078f736a764bd42160cff4e4f4b813a5d7acdd84341bdba1c5649ecc
reads/IL_CHI-B_20250817__SRR35987600.target_enriched.fastq.gz	candidate_reads	SRR35987600	20	ac73670af3abed54ac6fb4695131f4099be9fbe39d6076c5d0264a6bbdae9d83
reads/IL_CHI-B_20250831__SRR35987666.target_enriched.fastq.gz	candidate_reads	SRR35987666	20	ac73670af3abed54ac6fb4695131f4099be9fbe39d6076c5d0264a6bbdae9d83
reads/IL_CHI-B_20250914__SRR35987665.target_enriched.fastq.gz	candidate_reads	SRR35987665	20	ac73670af3abed54ac6fb4695131f4099be9fbe39d6076c5d0264a6bbdae9d83
reads/IL_CHI-B_20250921__SRR35987630.target_enriched.fastq.gz	candidate_reads	SRR35987630	20	ac73670af3abed54ac6fb4695131f4099be9fbe39d6076c5d0264a6bbdae9d83
reads/IL_CHI-B_20250921__SRR35987664.target_enriched.fastq.gz	candidate_reads	SRR35987664	20	ac73670af3abed54ac6fb4695131f4099be9fbe39d6076c5d0264a6bbdae9d83
reads/IL_CHI-B_20250928__SRR35987629.target_enriched.fastq.gz	candidate_reads	SRR35987629	20	ac73670af3abed54ac6fb4695131f4099be9fbe39d6076c5d0264a6bbdae9d83
reads/IL_CHI-B_20251005__SRR35987628.target_enriched.fastq.gz	candidate_reads	SRR35987628	20	ac73670af3abed54ac6fb4695131f4099be9fbe39d6076c5d0264a6bbdae9d83
reads/IL_CHI-B_20251012__SRR35987593.target_enriched.fastq.gz	candidate_reads	SRR35987593	20	ac73670af3abed54ac6fb4695131f4099be9fbe39d6076c5d0264a6bbdae9d83
reads/IL_CHI-B_20251019__SRR35987594.target_enriched.fastq.gz	candidate_reads	SRR35987594	20	ac73670af3abed54ac6fb4695131f4099be9fbe39d6076c5d0264a6bbdae9d83
reads/IL_CHI-C_20250804__SRR35987595.target_enriched.fastq.gz	candidate_reads	SRR35987595	20	ac73670af3abed54ac6fb4695131f4099be9fbe39d6076c5d0264a6bbdae9d83
reads/IL_CHI-C_20250811__SRR35987596.target_enriched.fastq.gz	candidate_reads	SRR35987596	20	ac73670af3abed54ac6fb4695131f4099be9fbe39d6076c5d0264a6bbdae9d83
reads/IL_CHI-C_20250818__SRR35987597.target_enriched.fastq.gz	candidate_reads	SRR35987597	20	ac73670af3abed54ac6fb4695131f4099be9fbe39d6076c5d0264a6bbdae9d83
reads/IL_CHI-C_20250826__SRR35987598.target_enriched.fastq.gz	candidate_reads	SRR35987598	20	ac73670af3abed54ac6fb4695131f4099be9fbe39d6076c5d0264a6bbdae9d83
reads/IL_CHI-C_20250908__SRR35987599.target_enriched.fastq.gz	candidate_reads	SRR35987599	20	ac73670af3abed54ac6fb4695131f4099be9fbe39d6076c5d0264a6bbdae9d83
reads/IL_CHI-C_20250915__SRR35987625.target_enriched.fastq.gz	candidate_reads	SRR35987625	20	ac73670af3abed54ac6fb4695131f4099be9fbe39d6076c5d0264a6bbdae9d83
reads/IL_CHI-C_20250922__SRR35987626.target_enriched.fastq.gz	candidate_reads	SRR35987626	20	ac73670af3abed54ac6fb4695131f4099be9fbe39d6076c5d0264a6bbdae9d83
reads/IL_CHI-C_20250929__SRR35987627.target_enriched.fastq.gz	candidate_reads	SRR35987627	20	ac73670af3abed54ac6fb4695131f4099be9fbe39d6076c5d0264a6bbdae9d83
reads/IL_CHI-C_20251006__SRR35987618.target_enriched.fastq.gz	candidate_reads	SRR35987618	20	ac73670af3abed54ac6fb4695131f4099be9fbe39d6076c5d0264a6bbdae9d83
reads/IL_CHI-C_20251013__SRR35987621.target_enriched.fastq.gz	candidate_reads	SRR35987621	20	ac73670af3abed54ac6fb4695131f4099be9fbe39d6076c5d0264a6bbdae9d83
reads/IL_CHI-C_20251020__SRR35987622.target_enriched.fastq.gz	candidate_reads	SRR35987622	20	ac73670af3abed54ac6fb4695131f4099be9fbe39d6076c5d0264a6bbdae9d83
reads/IL_CHI-D_20251012_part_1__SRR35987620.target_enriched.fastq.gz	candidate_reads	SRR35987620	20	ac73670af3abed54ac6fb4695131f4099be9fbe39d6076c5d0264a6bbdae9d83
reads/IL_CHI-D_20251012_part_2__SRR35987617.target_enriched.fastq.gz	candidate_reads	SRR35987617	20	ac73670af3abed54ac6fb4695131f4099be9fbe39d6076c5d0264a6bbdae9d83
reads/IL_CHI-D_20251019_part_1__SRR35987616.target_enriched.fastq.gz	candidate_reads	SRR35987616	20	ac73670af3abed54ac6fb4695131f4099be9fbe39d6076c5d0264a6bbdae9d83
reads/IL_CHI-D_20251019_part_2__SRR35987590.target_enriched.fastq.gz	candidate_reads	SRR35987590	20	ac73670af3abed54ac6fb4695131f4099be9fbe39d6076c5d0264a6bbdae9d83
reads/MA_Boston_DITPN_20250319__SRR37076062.target_enriched.fastq.gz	candidate_reads	SRR37076062	20	ac73670af3abed54ac6fb4695131f4099be9fbe39d6076c5d0264a6bbdae9d83
reads/MA_Boston_DITPN_20250326__SRR37076061.target_enriched.fastq.gz	candidate_reads	SRR37076061	20	ac73670af3abed54ac6fb4695131f4099be9fbe39d6076c5d0264a6bbdae9d83
reads/MA_Boston_DITPN_20250402__SRR37076049.target_enriched.fastq.gz	candidate_reads	SRR37076049	20	ac73670af3abed54ac6fb4695131f4099be9fbe39d6076c5d0264a6bbdae9d83
reads/MA_Boston_DITPN_20250409__SRR37076039.target_enriched.fastq.gz	candidate_reads	SRR37076039	20	ac73670af3abed54ac6fb4695131f4099be9fbe39d6076c5d0264a6bbdae9d83
reads/MA_Boston_DITPN_20250423__SRR37076033.target_enriched.fastq.gz	candidate_reads	SRR37076033	20	ac73670af3abed54ac6fb4695131f4099be9fbe39d6076c5d0264a6bbdae9d83
reads/MA_Boston_DITPN_20250430__SRR37076034.target_enriched.fastq.gz	candidate_reads	SRR37076034	20	ac73670af3abed54ac6fb4695131f4099be9fbe39d6076c5d0264a6bbdae9d83
reads/MA_Boston_DITPN_20250507__SRR37076035.target_enriched.fastq.gz	candidate_reads	SRR37076035	20	ac73670af3abed54ac6fb4695131f4099be9fbe39d6076c5d0264a6bbdae9d83
reads/MA_Boston_DITPN_20250514__SRR37076036.target_enriched.fastq.gz	candidate_reads	SRR37076036	20	ac73670af3abed54ac6fb4695131f4099be9fbe39d6076c5d0264a6bbdae9d83
reads/MA_Boston_DITPN_20250521__SRR37076037.target_enriched.fastq.gz	candidate_reads	SRR37076037	20	ac73670af3abed54ac6fb4695131f4099be9fbe39d6076c5d0264a6bbdae9d83
reads/MA_Boston_DITPN_20250528__SRR37076038.target_enriched.fastq.gz	candidate_reads	SRR37076038	257	5b5b568a2610a3e9a2263af996f96ed18d13f680deaa5f0547c228b419ac711c
reads/MA_Boston_DITPN_20250604__SRR37076059.target_enriched.fastq.gz	candidate_reads	SRR37076059	20	ac73670af3abed54ac6fb4695131f4099be9fbe39d6076c5d0264a6bbdae9d83
reads/MA_Boston_DITPN_20250611__SRR37076060.target_enriched.fastq.gz	candidate_reads	SRR37076060	20	ac73670af3abed54ac6fb4695131f4099be9fbe39d6076c5d0264a6bbdae9d83
reads/MA_Boston_DITPN_20250618__SRR37076058.target_enriched.fastq.gz	candidate_reads	SRR37076058	20	ac73670af3abed54ac6fb4695131f4099be9fbe39d6076c5d0264a6bbdae9d83
reads/MA_Boston_DITPN_20250625__SRR37076057.target_enriched.fastq.gz	candidate_reads	SRR37076057	20	ac73670af3abed54ac6fb4695131f4099be9fbe39d6076c5d0264a6bbdae9d83
reads/MA_Boston_DITPN_20250702__SRR37076056.target_enriched.fastq.gz	candidate_reads	SRR37076056	2358	c815694259b3b53ce70d657e51d9ac49fdfb7c0673ea929882ed27849c63e086
reads/MA_Boston_DITPN_20250709__SRR37059701.target_enriched.fastq.gz	candidate_reads	SRR37059701	586	d52c4162ccdbf7fcc1c3ee27179fdc1e6b40eb99a1afc2520a8a6782f6c44575
reads/MA_Boston_DITPN_20250709__SRR37367552.target_enriched.fastq.gz	candidate_reads	SRR37367552	832	e590158c7ec6ed40177b3543292984dbbb9cc29b804ce58f13e406ac84757914
reads/MA_Boston_DITPN_20250716__SRR37059702.target_enriched.fastq.gz	candidate_reads	SRR37059702	20	ac73670af3abed54ac6fb4695131f4099be9fbe39d6076c5d0264a6bbdae9d83
reads/MA_Boston_DITPN_20250716__SRR37367550.target_enriched.fastq.gz	candidate_reads	SRR37367550	20	ac73670af3abed54ac6fb4695131f4099be9fbe39d6076c5d0264a6bbdae9d83
reads/MA_Boston_DITPN_20250723__SRR37059703.target_enriched.fastq.gz	candidate_reads	SRR37059703	20	ac73670af3abed54ac6fb4695131f4099be9fbe39d6076c5d0264a6bbdae9d83
reads/MA_Boston_DITPN_20250723__SRR37367549.target_enriched.fastq.gz	candidate_reads	SRR37367549	20	ac73670af3abed54ac6fb4695131f4099be9fbe39d6076c5d0264a6bbdae9d83
reads/MA_Boston_DITPN_20250730__SRR37059721.target_enriched.fastq.gz	candidate_reads	SRR37059721	20	ac73670af3abed54ac6fb4695131f4099be9fbe39d6076c5d0264a6bbdae9d83
reads/MA_Boston_DITPN_20250730__SRR37367530.target_enriched.fastq.gz	candidate_reads	SRR37367530	20	ac73670af3abed54ac6fb4695131f4099be9fbe39d6076c5d0264a6bbdae9d83
reads/MA_Boston_DITPN_20250806__SRR37059723.target_enriched.fastq.gz	candidate_reads	SRR37059723	20	ac73670af3abed54ac6fb4695131f4099be9fbe39d6076c5d0264a6bbdae9d83
reads/MA_Boston_DITPN_20250806__SRR37367528.target_enriched.fastq.gz	candidate_reads	SRR37367528	20	ac73670af3abed54ac6fb4695131f4099be9fbe39d6076c5d0264a6bbdae9d83
reads/MA_Boston_DITPN_20250813__SRR37059724.target_enriched.fastq.gz	candidate_reads	SRR37059724	273	00062aef26ad67467e2d1adfd619ac02f379569ec57438b1f00fde28fc48a8a8
reads/MA_Boston_DITPN_20250813__SRR37367527.target_enriched.fastq.gz	candidate_reads	SRR37367527	20	ac73670af3abed54ac6fb4695131f4099be9fbe39d6076c5d0264a6bbdae9d83
reads/MA_Boston_DITPN_20250820__SRR37059725.target_enriched.fastq.gz	candidate_reads	SRR37059725	20	ac73670af3abed54ac6fb4695131f4099be9fbe39d6076c5d0264a6bbdae9d83
reads/MA_Boston_DITPN_20250820__SRR37367526.target_enriched.fastq.gz	candidate_reads	SRR37367526	20	ac73670af3abed54ac6fb4695131f4099be9fbe39d6076c5d0264a6bbdae9d83
reads/MA_Boston_DITPN_20250827__SRR37059726.target_enriched.fastq.gz	candidate_reads	SRR37059726	20	ac73670af3abed54ac6fb4695131f4099be9fbe39d6076c5d0264a6bbdae9d83
reads/MA_Boston_DITPN_20250827__SRR37367525.target_enriched.fastq.gz	candidate_reads	SRR37367525	20	ac73670af3abed54ac6fb4695131f4099be9fbe39d6076c5d0264a6bbdae9d83
reads/MA_Boston_DITPN_20250903__SRR37059727.target_enriched.fastq.gz	candidate_reads	SRR37059727	20	ac73670af3abed54ac6fb4695131f4099be9fbe39d6076c5d0264a6bbdae9d83
reads/MA_Boston_DITPN_20250903__SRR37367524.target_enriched.fastq.gz	candidate_reads	SRR37367524	20	ac73670af3abed54ac6fb4695131f4099be9fbe39d6076c5d0264a6bbdae9d83
reads/MA_Boston_DITPN_20250910__SRR37059728.target_enriched.fastq.gz	candidate_reads	SRR37059728	20	ac73670af3abed54ac6fb4695131f4099be9fbe39d6076c5d0264a6bbdae9d83
reads/MA_Boston_DITPN_20250910__SRR37367523.target_enriched.fastq.gz	candidate_reads	SRR37367523	20	ac73670af3abed54ac6fb4695131f4099be9fbe39d6076c5d0264a6bbdae9d83
reads/MA_Boston_DITPN_20250917__SRR37059690.target_enriched.fastq.gz	candidate_reads	SRR37059690	20	ac73670af3abed54ac6fb4695131f4099be9fbe39d6076c5d0264a6bbdae9d83
reads/MA_Boston_DITPN_20250917__SRR37367522.target_enriched.fastq.gz	candidate_reads	SRR37367522	20	ac73670af3abed54ac6fb4695131f4099be9fbe39d6076c5d0264a6bbdae9d83
reads/MA_Boston_DITPN_20250924__SRR37059691.target_enriched.fastq.gz	candidate_reads	SRR37059691	20	ac73670af3abed54ac6fb4695131f4099be9fbe39d6076c5d0264a6bbdae9d83
reads/MA_Boston_DITPN_20250924__SRR37367625.target_enriched.fastq.gz	candidate_reads	SRR37367625	20	ac73670af3abed54ac6fb4695131f4099be9fbe39d6076c5d0264a6bbdae9d83
reads/MA_Boston_DITPN_20251001__SRR37059710.target_enriched.fastq.gz	candidate_reads	SRR37059710	20	ac73670af3abed54ac6fb4695131f4099be9fbe39d6076c5d0264a6bbdae9d83
reads/MA_Boston_DITPN_20251001__SRR37367623.target_enriched.fastq.gz	candidate_reads	SRR37367623	20	ac73670af3abed54ac6fb4695131f4099be9fbe39d6076c5d0264a6bbdae9d83
reads/MA_Boston_DITPN_20251008__SRR37059709.target_enriched.fastq.gz	candidate_reads	SRR37059709	20	ac73670af3abed54ac6fb4695131f4099be9fbe39d6076c5d0264a6bbdae9d83
reads/MA_Boston_DITPN_20251008__SRR37367518.target_enriched.fastq.gz	candidate_reads	SRR37367518	20	ac73670af3abed54ac6fb4695131f4099be9fbe39d6076c5d0264a6bbdae9d83
reads/MA_Boston_DITPN_20251015__SRR37059708.target_enriched.fastq.gz	candidate_reads	SRR37059708	20	ac73670af3abed54ac6fb4695131f4099be9fbe39d6076c5d0264a6bbdae9d83
reads/MA_Boston_DITPN_20251015__SRR37367517.target_enriched.fastq.gz	candidate_reads	SRR37367517	20	ac73670af3abed54ac6fb4695131f4099be9fbe39d6076c5d0264a6bbdae9d83
reads/MA_Boston_DITPN_20251022__SRR37059990.target_enriched.fastq.gz	candidate_reads	SRR37059990	20	ac73670af3abed54ac6fb4695131f4099be9fbe39d6076c5d0264a6bbdae9d83
reads/MA_Boston_DITPN_20251022__SRR37367516.target_enriched.fastq.gz	candidate_reads	SRR37367516	20	ac73670af3abed54ac6fb4695131f4099be9fbe39d6076c5d0264a6bbdae9d83
reads/MA_Boston_DITPN_20251029__SRR37059979.target_enriched.fastq.gz	candidate_reads	SRR37059979	20	ac73670af3abed54ac6fb4695131f4099be9fbe39d6076c5d0264a6bbdae9d83
reads/MA_Boston_DITPN_20251029__SRR37367515.target_enriched.fastq.gz	candidate_reads	SRR37367515	20	ac73670af3abed54ac6fb4695131f4099be9fbe39d6076c5d0264a6bbdae9d83
reads/MA_Boston_DITPN_20251105__SRR37059980.target_enriched.fastq.gz	candidate_reads	SRR37059980	20	ac73670af3abed54ac6fb4695131f4099be9fbe39d6076c5d0264a6bbdae9d83
reads/MA_Boston_DITPN_20251105__SRR37367514.target_enriched.fastq.gz	candidate_reads	SRR37367514	20	ac73670af3abed54ac6fb4695131f4099be9fbe39d6076c5d0264a6bbdae9d83
reads/MA_Boston_DITPN_20251112__SRR37059981.target_enriched.fastq.gz	candidate_reads	SRR37059981	20	ac73670af3abed54ac6fb4695131f4099be9fbe39d6076c5d0264a6bbdae9d83
reads/MA_Boston_DITPN_20251112__SRR37367513.target_enriched.fastq.gz	candidate_reads	SRR37367513	20	ac73670af3abed54ac6fb4695131f4099be9fbe39d6076c5d0264a6bbdae9d83
reads/MA_Boston_DITPN_20251119__SRR37059991.target_enriched.fastq.gz	candidate_reads	SRR37059991	20	ac73670af3abed54ac6fb4695131f4099be9fbe39d6076c5d0264a6bbdae9d83
reads/MA_Boston_DITPN_20251119__SRR37367629.target_enriched.fastq.gz	candidate_reads	SRR37367629	20	ac73670af3abed54ac6fb4695131f4099be9fbe39d6076c5d0264a6bbdae9d83
reads/MA_Boston_DITPN_20251126__SRR37059992.target_enriched.fastq.gz	candidate_reads	SRR37059992	20	ac73670af3abed54ac6fb4695131f4099be9fbe39d6076c5d0264a6bbdae9d83
reads/MA_Boston_DITPN_20251126__SRR37367627.target_enriched.fastq.gz	candidate_reads	SRR37367627	20	ac73670af3abed54ac6fb4695131f4099be9fbe39d6076c5d0264a6bbdae9d83
reads/MA_Boston_DITPN_20251203__SRR37059993.target_enriched.fastq.gz	candidate_reads	SRR37059993	20	ac73670af3abed54ac6fb4695131f4099be9fbe39d6076c5d0264a6bbdae9d83
reads/MA_Boston_DITPN_20251203__SRR37367669.target_enriched.fastq.gz	candidate_reads	SRR37367669	20	ac73670af3abed54ac6fb4695131f4099be9fbe39d6076c5d0264a6bbdae9d83
reads/MA_Boston_DITPN_20251210__SRR37059994.target_enriched.fastq.gz	candidate_reads	SRR37059994	20	ac73670af3abed54ac6fb4695131f4099be9fbe39d6076c5d0264a6bbdae9d83
reads/MA_Boston_DITPN_20251210__SRR37367668.target_enriched.fastq.gz	candidate_reads	SRR37367668	20	ac73670af3abed54ac6fb4695131f4099be9fbe39d6076c5d0264a6bbdae9d83
reads/MA_Boston_DITPN_20251217__SRR37367667.target_enriched.fastq.gz	candidate_reads	SRR37367667	20	ac73670af3abed54ac6fb4695131f4099be9fbe39d6076c5d0264a6bbdae9d83
reads/MA_Boston_DITPN_20251223__SRR37367666.target_enriched.fastq.gz	candidate_reads	SRR37367666	20	ac73670af3abed54ac6fb4695131f4099be9fbe39d6076c5d0264a6bbdae9d83
reads/MA_Boston_DITPN_20251230__SRR37367665.target_enriched.fastq.gz	candidate_reads	SRR37367665	20	ac73670af3abed54ac6fb4695131f4099be9fbe39d6076c5d0264a6bbdae9d83
reads/MA_Boston_DITPN_20260107__SRR38294944.target_enriched.fastq.gz	candidate_reads	SRR38294944	20	ac73670af3abed54ac6fb4695131f4099be9fbe39d6076c5d0264a6bbdae9d83
reads/MA_Boston_DITPN_20260114__SRR38294754.target_enriched.fastq.gz	candidate_reads	SRR38294754	20	ac73670af3abed54ac6fb4695131f4099be9fbe39d6076c5d0264a6bbdae9d83
reads/MA_Boston_DITPN_20260121__SRR38294649.target_enriched.fastq.gz	candidate_reads	SRR38294649	20	ac73670af3abed54ac6fb4695131f4099be9fbe39d6076c5d0264a6bbdae9d83
reads/MA_Boston_DITPN_20260128__SRR38294647.target_enriched.fastq.gz	candidate_reads	SRR38294647	20	ac73670af3abed54ac6fb4695131f4099be9fbe39d6076c5d0264a6bbdae9d83
reads/MA_Boston_DITPN_20260204__SRR38294646.target_enriched.fastq.gz	candidate_reads	SRR38294646	20	ac73670af3abed54ac6fb4695131f4099be9fbe39d6076c5d0264a6bbdae9d83
reads/MA_Boston_DITPN_20260211__SRR38294751.target_enriched.fastq.gz	candidate_reads	SRR38294751	20	ac73670af3abed54ac6fb4695131f4099be9fbe39d6076c5d0264a6bbdae9d83
reads/MA_Boston_DITPN_20260219__SRR38294752.target_enriched.fastq.gz	candidate_reads	SRR38294752	20	ac73670af3abed54ac6fb4695131f4099be9fbe39d6076c5d0264a6bbdae9d83
reads/MA_Boston_DITPN_20260225__SRR38294750.target_enriched.fastq.gz	candidate_reads	SRR38294750	20	ac73670af3abed54ac6fb4695131f4099be9fbe39d6076c5d0264a6bbdae9d83
reads/MA_Boston_DITPN_20260304__SRR38294748.target_enriched.fastq.gz	candidate_reads	SRR38294748	20	ac73670af3abed54ac6fb4695131f4099be9fbe39d6076c5d0264a6bbdae9d83
reads/MA_Boston_DITPN_20260311__SRR38294691.target_enriched.fastq.gz	candidate_reads	SRR38294691	20	ac73670af3abed54ac6fb4695131f4099be9fbe39d6076c5d0264a6bbdae9d83
reads/MA_Boston_DITPN_20260318__SRR38294688.target_enriched.fastq.gz	candidate_reads	SRR38294688	20	ac73670af3abed54ac6fb4695131f4099be9fbe39d6076c5d0264a6bbdae9d83
reads/MA_Boston_DITPN_20260325__SRR38294686.target_enriched.fastq.gz	candidate_reads	SRR38294686	20	ac73670af3abed54ac6fb4695131f4099be9fbe39d6076c5d0264a6bbdae9d83
reads/MA_Boston_DITPN_20260401__SRR39695229.target_enriched.fastq.gz	candidate_reads	SRR39695229	20	ac73670af3abed54ac6fb4695131f4099be9fbe39d6076c5d0264a6bbdae9d83
reads/MA_Boston_DITPN_20260408__SRR39695378.target_enriched.fastq.gz	candidate_reads	SRR39695378	20	ac73670af3abed54ac6fb4695131f4099be9fbe39d6076c5d0264a6bbdae9d83
reads/MA_Boston_DITPN_20260414__SRR39695376.target_enriched.fastq.gz	candidate_reads	SRR39695376	20	ac73670af3abed54ac6fb4695131f4099be9fbe39d6076c5d0264a6bbdae9d83
reads/MA_Boston_DITPN_20260422__SRR39695375.target_enriched.fastq.gz	candidate_reads	SRR39695375	20	ac73670af3abed54ac6fb4695131f4099be9fbe39d6076c5d0264a6bbdae9d83
reads/MA_Boston_DITPN_20260429__SRR39695374.target_enriched.fastq.gz	candidate_reads	SRR39695374	20	ac73670af3abed54ac6fb4695131f4099be9fbe39d6076c5d0264a6bbdae9d83
reads/MA_Boston_DITPN_20260506__SRR39695372.target_enriched.fastq.gz	candidate_reads	SRR39695372	20	ac73670af3abed54ac6fb4695131f4099be9fbe39d6076c5d0264a6bbdae9d83
reads/MA_Boston_DITPN_20260513__SRR39695314.target_enriched.fastq.gz	candidate_reads	SRR39695314	20	ac73670af3abed54ac6fb4695131f4099be9fbe39d6076c5d0264a6bbdae9d83
reads/MA_Boston_DITPN_20260520__SRR39695028.target_enriched.fastq.gz	candidate_reads	SRR39695028	20	ac73670af3abed54ac6fb4695131f4099be9fbe39d6076c5d0264a6bbdae9d83
reads/MA_Boston_DITPN_20260527__SRR39695029.target_enriched.fastq.gz	candidate_reads	SRR39695029	20	ac73670af3abed54ac6fb4695131f4099be9fbe39d6076c5d0264a6bbdae9d83
reads/MA_Boston_DITPN_20260603__SRR39695027.target_enriched.fastq.gz	candidate_reads	SRR39695027	20	ac73670af3abed54ac6fb4695131f4099be9fbe39d6076c5d0264a6bbdae9d83
reads/MA_Boston_DITPN_20260610__SRR39695026.target_enriched.fastq.gz	candidate_reads	SRR39695026	20	ac73670af3abed54ac6fb4695131f4099be9fbe39d6076c5d0264a6bbdae9d83
reads/MA_Boston_DITPN_20260617__SRR39695311.target_enriched.fastq.gz	candidate_reads	SRR39695311	20	ac73670af3abed54ac6fb4695131f4099be9fbe39d6076c5d0264a6bbdae9d83
reads/MA_Boston_DITPN_20260622__SRR39695309.target_enriched.fastq.gz	candidate_reads	SRR39695309	20	ac73670af3abed54ac6fb4695131f4099be9fbe39d6076c5d0264a6bbdae9d83
reads/MA_Boston_DITPN_20260629__SRR39695307.target_enriched.fastq.gz	candidate_reads	SRR39695307	20	ac73670af3abed54ac6fb4695131f4099be9fbe39d6076c5d0264a6bbdae9d83
reads/MA_Boston_DITPS_20250319__SRR37076054.target_enriched.fastq.gz	candidate_reads	SRR37076054	20	ac73670af3abed54ac6fb4695131f4099be9fbe39d6076c5d0264a6bbdae9d83
reads/MA_Boston_DITPS_20250326__SRR37076055.target_enriched.fastq.gz	candidate_reads	SRR37076055	20	ac73670af3abed54ac6fb4695131f4099be9fbe39d6076c5d0264a6bbdae9d83
reads/MA_Boston_DITPS_20250402__SRR37076053.target_enriched.fastq.gz	candidate_reads	SRR37076053	20	ac73670af3abed54ac6fb4695131f4099be9fbe39d6076c5d0264a6bbdae9d83
reads/MA_Boston_DITPS_20250409__SRR37076052.target_enriched.fastq.gz	candidate_reads	SRR37076052	20	ac73670af3abed54ac6fb4695131f4099be9fbe39d6076c5d0264a6bbdae9d83
reads/MA_Boston_DITPS_20250423__SRR37076051.target_enriched.fastq.gz	candidate_reads	SRR37076051	20	ac73670af3abed54ac6fb4695131f4099be9fbe39d6076c5d0264a6bbdae9d83
reads/MA_Boston_DITPS_20250430__SRR37076050.target_enriched.fastq.gz	candidate_reads	SRR37076050	20	ac73670af3abed54ac6fb4695131f4099be9fbe39d6076c5d0264a6bbdae9d83
reads/MA_Boston_DITPS_20250507__SRR37076048.target_enriched.fastq.gz	candidate_reads	SRR37076048	20	ac73670af3abed54ac6fb4695131f4099be9fbe39d6076c5d0264a6bbdae9d83
reads/MA_Boston_DITPS_20250514__SRR37076047.target_enriched.fastq.gz	candidate_reads	SRR37076047	20	ac73670af3abed54ac6fb4695131f4099be9fbe39d6076c5d0264a6bbdae9d83
reads/MA_Boston_DITPS_20250521__SRR37076046.target_enriched.fastq.gz	candidate_reads	SRR37076046	20	ac73670af3abed54ac6fb4695131f4099be9fbe39d6076c5d0264a6bbdae9d83
reads/MA_Boston_DITPS_20250528__SRR37076045.target_enriched.fastq.gz	candidate_reads	SRR37076045	20	ac73670af3abed54ac6fb4695131f4099be9fbe39d6076c5d0264a6bbdae9d83
reads/MA_Boston_DITPS_20250604__SRR37076044.target_enriched.fastq.gz	candidate_reads	SRR37076044	20	ac73670af3abed54ac6fb4695131f4099be9fbe39d6076c5d0264a6bbdae9d83
reads/MA_Boston_DITPS_20250611__SRR37076043.target_enriched.fastq.gz	candidate_reads	SRR37076043	1301	8f357cf726568f339936f3b5bd02454055c253c6e511a270e6a6feb3b9933992
reads/MA_Boston_DITPS_20250618__SRR37076042.target_enriched.fastq.gz	candidate_reads	SRR37076042	20	ac73670af3abed54ac6fb4695131f4099be9fbe39d6076c5d0264a6bbdae9d83
reads/MA_Boston_DITPS_20250625__SRR37076041.target_enriched.fastq.gz	candidate_reads	SRR37076041	1464	7cfdc671c3b4c68c7a5f654de5428a13f00a55ace5b529bb7793d8b5f0435a60
reads/MA_Boston_DITPS_20250702__SRR37076040.target_enriched.fastq.gz	candidate_reads	SRR37076040	20	ac73670af3abed54ac6fb4695131f4099be9fbe39d6076c5d0264a6bbdae9d83
reads/MA_Boston_DITPS_20250709__SRR37059688.target_enriched.fastq.gz	candidate_reads	SRR37059688	20	ac73670af3abed54ac6fb4695131f4099be9fbe39d6076c5d0264a6bbdae9d83
reads/MA_Boston_DITPS_20250709__SRR37367664.target_enriched.fastq.gz	candidate_reads	SRR37367664	20	ac73670af3abed54ac6fb4695131f4099be9fbe39d6076c5d0264a6bbdae9d83
reads/MA_Boston_DITPS_20250716__SRR37059687.target_enriched.fastq.gz	candidate_reads	SRR37059687	20	ac73670af3abed54ac6fb4695131f4099be9fbe39d6076c5d0264a6bbdae9d83
reads/MA_Boston_DITPS_20250716__SRR37367663.target_enriched.fastq.gz	candidate_reads	SRR37367663	20	ac73670af3abed54ac6fb4695131f4099be9fbe39d6076c5d0264a6bbdae9d83
reads/MA_Boston_DITPS_20250723__SRR37059686.target_enriched.fastq.gz	candidate_reads	SRR37059686	20	ac73670af3abed54ac6fb4695131f4099be9fbe39d6076c5d0264a6bbdae9d83
reads/MA_Boston_DITPS_20250723__SRR37367662.target_enriched.fastq.gz	candidate_reads	SRR37367662	20	ac73670af3abed54ac6fb4695131f4099be9fbe39d6076c5d0264a6bbdae9d83
reads/MA_Boston_DITPS_20250730__SRR37059685.target_enriched.fastq.gz	candidate_reads	SRR37059685	20	ac73670af3abed54ac6fb4695131f4099be9fbe39d6076c5d0264a6bbdae9d83
reads/MA_Boston_DITPS_20250730__SRR37367661.target_enriched.fastq.gz	candidate_reads	SRR37367661	20	ac73670af3abed54ac6fb4695131f4099be9fbe39d6076c5d0264a6bbdae9d83
reads/MA_Boston_DITPS_20250806__SRR37059684.target_enriched.fastq.gz	candidate_reads	SRR37059684	20	ac73670af3abed54ac6fb4695131f4099be9fbe39d6076c5d0264a6bbdae9d83
reads/MA_Boston_DITPS_20250806__SRR37367660.target_enriched.fastq.gz	candidate_reads	SRR37367660	20	ac73670af3abed54ac6fb4695131f4099be9fbe39d6076c5d0264a6bbdae9d83
reads/MA_Boston_DITPS_20250813__SRR37059720.target_enriched.fastq.gz	candidate_reads	SRR37059720	20	ac73670af3abed54ac6fb4695131f4099be9fbe39d6076c5d0264a6bbdae9d83
reads/MA_Boston_DITPS_20250813__SRR37367658.target_enriched.fastq.gz	candidate_reads	SRR37367658	20	ac73670af3abed54ac6fb4695131f4099be9fbe39d6076c5d0264a6bbdae9d83
reads/MA_Boston_DITPS_20250820__SRR37059719.target_enriched.fastq.gz	candidate_reads	SRR37059719	20	ac73670af3abed54ac6fb4695131f4099be9fbe39d6076c5d0264a6bbdae9d83
reads/MA_Boston_DITPS_20250820__SRR37367657.target_enriched.fastq.gz	candidate_reads	SRR37367657	20	ac73670af3abed54ac6fb4695131f4099be9fbe39d6076c5d0264a6bbdae9d83
reads/MA_Boston_DITPS_20250827__SRR37059718.target_enriched.fastq.gz	candidate_reads	SRR37059718	20	ac73670af3abed54ac6fb4695131f4099be9fbe39d6076c5d0264a6bbdae9d83
reads/MA_Boston_DITPS_20250827__SRR37367656.target_enriched.fastq.gz	candidate_reads	SRR37367656	20	ac73670af3abed54ac6fb4695131f4099be9fbe39d6076c5d0264a6bbdae9d83
reads/MA_Boston_DITPS_20250903__SRR37059717.target_enriched.fastq.gz	candidate_reads	SRR37059717	20	ac73670af3abed54ac6fb4695131f4099be9fbe39d6076c5d0264a6bbdae9d83
reads/MA_Boston_DITPS_20250903__SRR37367655.target_enriched.fastq.gz	candidate_reads	SRR37367655	20	ac73670af3abed54ac6fb4695131f4099be9fbe39d6076c5d0264a6bbdae9d83
reads/MA_Boston_DITPS_20250910__SRR37059716.target_enriched.fastq.gz	candidate_reads	SRR37059716	20	ac73670af3abed54ac6fb4695131f4099be9fbe39d6076c5d0264a6bbdae9d83
reads/MA_Boston_DITPS_20250910__SRR37367654.target_enriched.fastq.gz	candidate_reads	SRR37367654	580	ae3ca33f40c130c2b5d85b070b148c944400664f10c24c6248b489cf44b9f767
reads/MA_Boston_DITPS_20250917__SRR37059715.target_enriched.fastq.gz	candidate_reads	SRR37059715	20	ac73670af3abed54ac6fb4695131f4099be9fbe39d6076c5d0264a6bbdae9d83
reads/MA_Boston_DITPS_20250917__SRR37367653.target_enriched.fastq.gz	candidate_reads	SRR37367653	20	ac73670af3abed54ac6fb4695131f4099be9fbe39d6076c5d0264a6bbdae9d83
reads/MA_Boston_DITPS_20250924__SRR37059714.target_enriched.fastq.gz	candidate_reads	SRR37059714	20	ac73670af3abed54ac6fb4695131f4099be9fbe39d6076c5d0264a6bbdae9d83
reads/MA_Boston_DITPS_20250924__SRR37367624.target_enriched.fastq.gz	candidate_reads	SRR37367624	20	ac73670af3abed54ac6fb4695131f4099be9fbe39d6076c5d0264a6bbdae9d83
reads/MA_Boston_DITPS_20251001__SRR37059713.target_enriched.fastq.gz	candidate_reads	SRR37059713	20	ac73670af3abed54ac6fb4695131f4099be9fbe39d6076c5d0264a6bbdae9d83
reads/MA_Boston_DITPS_20251001__SRR37367622.target_enriched.fastq.gz	candidate_reads	SRR37367622	20	ac73670af3abed54ac6fb4695131f4099be9fbe39d6076c5d0264a6bbdae9d83
reads/MA_Boston_DITPS_20251008__SRR37059712.target_enriched.fastq.gz	candidate_reads	SRR37059712	20	ac73670af3abed54ac6fb4695131f4099be9fbe39d6076c5d0264a6bbdae9d83
reads/MA_Boston_DITPS_20251008__SRR37367621.target_enriched.fastq.gz	candidate_reads	SRR37367621	20	ac73670af3abed54ac6fb4695131f4099be9fbe39d6076c5d0264a6bbdae9d83
reads/MA_Boston_DITPS_20251015__SRR37059711.target_enriched.fastq.gz	candidate_reads	SRR37059711	20	ac73670af3abed54ac6fb4695131f4099be9fbe39d6076c5d0264a6bbdae9d83
reads/MA_Boston_DITPS_20251015__SRR37367620.target_enriched.fastq.gz	candidate_reads	SRR37367620	20	ac73670af3abed54ac6fb4695131f4099be9fbe39d6076c5d0264a6bbdae9d83
reads/MA_Boston_DITPS_20251022__SRR37059996.target_enriched.fastq.gz	candidate_reads	SRR37059996	20	ac73670af3abed54ac6fb4695131f4099be9fbe39d6076c5d0264a6bbdae9d83
reads/MA_Boston_DITPS_20251022__SRR37367618.target_enriched.fastq.gz	candidate_reads	SRR37367618	20	ac73670af3abed54ac6fb4695131f4099be9fbe39d6076c5d0264a6bbdae9d83
reads/MA_Boston_DITPS_20251029__SRR37059997.target_enriched.fastq.gz	candidate_reads	SRR37059997	20	ac73670af3abed54ac6fb4695131f4099be9fbe39d6076c5d0264a6bbdae9d83
reads/MA_Boston_DITPS_20251029__SRR37367617.target_enriched.fastq.gz	candidate_reads	SRR37367617	20	ac73670af3abed54ac6fb4695131f4099be9fbe39d6076c5d0264a6bbdae9d83
reads/MA_Boston_DITPS_20251105__SRR37059998.target_enriched.fastq.gz	candidate_reads	SRR37059998	20	ac73670af3abed54ac6fb4695131f4099be9fbe39d6076c5d0264a6bbdae9d83
reads/MA_Boston_DITPS_20251105__SRR37367616.target_enriched.fastq.gz	candidate_reads	SRR37367616	20	ac73670af3abed54ac6fb4695131f4099be9fbe39d6076c5d0264a6bbdae9d83
reads/MA_Boston_DITPS_20251112__SRR37059999.target_enriched.fastq.gz	candidate_reads	SRR37059999	20	ac73670af3abed54ac6fb4695131f4099be9fbe39d6076c5d0264a6bbdae9d83
reads/MA_Boston_DITPS_20251112__SRR37367615.target_enriched.fastq.gz	candidate_reads	SRR37367615	20	ac73670af3abed54ac6fb4695131f4099be9fbe39d6076c5d0264a6bbdae9d83
reads/MA_Boston_DITPS_20251119__SRR37060000.target_enriched.fastq.gz	candidate_reads	SRR37060000	20	ac73670af3abed54ac6fb4695131f4099be9fbe39d6076c5d0264a6bbdae9d83
reads/MA_Boston_DITPS_20251119__SRR37367614.target_enriched.fastq.gz	candidate_reads	SRR37367614	20	ac73670af3abed54ac6fb4695131f4099be9fbe39d6076c5d0264a6bbdae9d83
reads/MA_Boston_DITPS_20251126__SRR37059982.target_enriched.fastq.gz	candidate_reads	SRR37059982	20	ac73670af3abed54ac6fb4695131f4099be9fbe39d6076c5d0264a6bbdae9d83
reads/MA_Boston_DITPS_20251126__SRR37367608.target_enriched.fastq.gz	candidate_reads	SRR37367608	20	ac73670af3abed54ac6fb4695131f4099be9fbe39d6076c5d0264a6bbdae9d83
reads/MA_Boston_DITPS_20251203__SRR37060001.target_enriched.fastq.gz	candidate_reads	SRR37060001	20	ac73670af3abed54ac6fb4695131f4099be9fbe39d6076c5d0264a6bbdae9d83
reads/MA_Boston_DITPS_20251203__SRR37367609.target_enriched.fastq.gz	candidate_reads	SRR37367609	20	ac73670af3abed54ac6fb4695131f4099be9fbe39d6076c5d0264a6bbdae9d83
reads/MA_Boston_DITPS_20251210__SRR37060002.target_enriched.fastq.gz	candidate_reads	SRR37060002	20	ac73670af3abed54ac6fb4695131f4099be9fbe39d6076c5d0264a6bbdae9d83
reads/MA_Boston_DITPS_20251210__SRR37367610.target_enriched.fastq.gz	candidate_reads	SRR37367610	20	ac73670af3abed54ac6fb4695131f4099be9fbe39d6076c5d0264a6bbdae9d83
reads/MA_Boston_DITPS_20251217__SRR37367541.target_enriched.fastq.gz	candidate_reads	SRR37367541	20	ac73670af3abed54ac6fb4695131f4099be9fbe39d6076c5d0264a6bbdae9d83
reads/MA_Boston_DITPS_20251223__SRR37367542.target_enriched.fastq.gz	candidate_reads	SRR37367542	20	ac73670af3abed54ac6fb4695131f4099be9fbe39d6076c5d0264a6bbdae9d83
reads/MA_Boston_DITPS_20251230__SRR37367612.target_enriched.fastq.gz	candidate_reads	SRR37367612	20	ac73670af3abed54ac6fb4695131f4099be9fbe39d6076c5d0264a6bbdae9d83
reads/MA_Boston_DITPS_20260107__SRR38294685.target_enriched.fastq.gz	candidate_reads	SRR38294685	20	ac73670af3abed54ac6fb4695131f4099be9fbe39d6076c5d0264a6bbdae9d83
reads/MA_Boston_DITPS_20260114__SRR38294684.target_enriched.fastq.gz	candidate_reads	SRR38294684	20	ac73670af3abed54ac6fb4695131f4099be9fbe39d6076c5d0264a6bbdae9d83
reads/MA_Boston_DITPS_20260121__SRR38294682.target_enriched.fastq.gz	candidate_reads	SRR38294682	20	ac73670af3abed54ac6fb4695131f4099be9fbe39d6076c5d0264a6bbdae9d83
reads/MA_Boston_DITPS_20260128__SRR38294683.target_enriched.fastq.gz	candidate_reads	SRR38294683	20	ac73670af3abed54ac6fb4695131f4099be9fbe39d6076c5d0264a6bbdae9d83
reads/MA_Boston_DITPS_20260204__SRR38294681.target_enriched.fastq.gz	candidate_reads	SRR38294681	20	ac73670af3abed54ac6fb4695131f4099be9fbe39d6076c5d0264a6bbdae9d83
reads/MA_Boston_DITPS_20260211__SRR38294680.target_enriched.fastq.gz	candidate_reads	SRR38294680	20	ac73670af3abed54ac6fb4695131f4099be9fbe39d6076c5d0264a6bbdae9d83
reads/MA_Boston_DITPS_20260219__SRR38294679.target_enriched.fastq.gz	candidate_reads	SRR38294679	20	ac73670af3abed54ac6fb4695131f4099be9fbe39d6076c5d0264a6bbdae9d83
reads/MA_Boston_DITPS_20260225__SRR38294677.target_enriched.fastq.gz	candidate_reads	SRR38294677	20	ac73670af3abed54ac6fb4695131f4099be9fbe39d6076c5d0264a6bbdae9d83
reads/MA_Boston_DITPS_20260304__SRR38294676.target_enriched.fastq.gz	candidate_reads	SRR38294676	20	ac73670af3abed54ac6fb4695131f4099be9fbe39d6076c5d0264a6bbdae9d83
reads/MA_Boston_DITPS_20260311__SRR38294626.target_enriched.fastq.gz	candidate_reads	SRR38294626	20	ac73670af3abed54ac6fb4695131f4099be9fbe39d6076c5d0264a6bbdae9d83
reads/MA_Boston_DITPS_20260318__SRR38294624.target_enriched.fastq.gz	candidate_reads	SRR38294624	20	ac73670af3abed54ac6fb4695131f4099be9fbe39d6076c5d0264a6bbdae9d83
reads/MA_Boston_DITPS_20260325__SRR38294625.target_enriched.fastq.gz	candidate_reads	SRR38294625	20	ac73670af3abed54ac6fb4695131f4099be9fbe39d6076c5d0264a6bbdae9d83
reads/MA_Boston_DITPS_20260401__SRR39695308.target_enriched.fastq.gz	candidate_reads	SRR39695308	20	ac73670af3abed54ac6fb4695131f4099be9fbe39d6076c5d0264a6bbdae9d83
reads/MA_Boston_DITPS_20260408__SRR39695306.target_enriched.fastq.gz	candidate_reads	SRR39695306	20	ac73670af3abed54ac6fb4695131f4099be9fbe39d6076c5d0264a6bbdae9d83
reads/MA_Boston_DITPS_20260414__SRR39695305.target_enriched.fastq.gz	candidate_reads	SRR39695305	20	ac73670af3abed54ac6fb4695131f4099be9fbe39d6076c5d0264a6bbdae9d83
reads/MA_Boston_DITPS_20260422__SRR39695304.target_enriched.fastq.gz	candidate_reads	SRR39695304	20	ac73670af3abed54ac6fb4695131f4099be9fbe39d6076c5d0264a6bbdae9d83
reads/MA_Boston_DITPS_20260429__SRR39695302.target_enriched.fastq.gz	candidate_reads	SRR39695302	20	ac73670af3abed54ac6fb4695131f4099be9fbe39d6076c5d0264a6bbdae9d83
reads/MA_Boston_DITPS_20260506__SRR39695303.target_enriched.fastq.gz	candidate_reads	SRR39695303	20	ac73670af3abed54ac6fb4695131f4099be9fbe39d6076c5d0264a6bbdae9d83
reads/MA_Boston_DITPS_20260513__SRR39695300.target_enriched.fastq.gz	candidate_reads	SRR39695300	20	ac73670af3abed54ac6fb4695131f4099be9fbe39d6076c5d0264a6bbdae9d83
reads/MA_Boston_DITPS_20260520__SRR39695036.target_enriched.fastq.gz	candidate_reads	SRR39695036	20	ac73670af3abed54ac6fb4695131f4099be9fbe39d6076c5d0264a6bbdae9d83
reads/MA_Boston_DITPS_20260527__SRR39695034.target_enriched.fastq.gz	candidate_reads	SRR39695034	20	ac73670af3abed54ac6fb4695131f4099be9fbe39d6076c5d0264a6bbdae9d83
reads/MA_Boston_DITPS_20260603__SRR39695033.target_enriched.fastq.gz	candidate_reads	SRR39695033	20	ac73670af3abed54ac6fb4695131f4099be9fbe39d6076c5d0264a6bbdae9d83
reads/MA_Boston_DITPS_20260610__SRR39695032.target_enriched.fastq.gz	candidate_reads	SRR39695032	20	ac73670af3abed54ac6fb4695131f4099be9fbe39d6076c5d0264a6bbdae9d83
reads/MA_Boston_DITPS_20260617__SRR39695031.target_enriched.fastq.gz	candidate_reads	SRR39695031	20	ac73670af3abed54ac6fb4695131f4099be9fbe39d6076c5d0264a6bbdae9d83
reads/MA_Boston_DITPS_20260622__SRR39695030.target_enriched.fastq.gz	candidate_reads	SRR39695030	20	ac73670af3abed54ac6fb4695131f4099be9fbe39d6076c5d0264a6bbdae9d83
reads/MA_Boston_DITPS_20260629__SRR39695370.target_enriched.fastq.gz	candidate_reads	SRR39695370	20	ac73670af3abed54ac6fb4695131f4099be9fbe39d6076c5d0264a6bbdae9d83
reads/MOMilan_20250312__SRR35971519.target_enriched.fastq.gz	candidate_reads	SRR35971519	20	ac73670af3abed54ac6fb4695131f4099be9fbe39d6076c5d0264a6bbdae9d83
reads/MOMilan_20250320__SRR35971518.target_enriched.fastq.gz	candidate_reads	SRR35971518	20	ac73670af3abed54ac6fb4695131f4099be9fbe39d6076c5d0264a6bbdae9d83
reads/MOMilan_20250327__SRR35971507.target_enriched.fastq.gz	candidate_reads	SRR35971507	20	ac73670af3abed54ac6fb4695131f4099be9fbe39d6076c5d0264a6bbdae9d83
reads/MOMilan_20250402__SRR35971505.target_enriched.fastq.gz	candidate_reads	SRR35971505	20	ac73670af3abed54ac6fb4695131f4099be9fbe39d6076c5d0264a6bbdae9d83
reads/MOMilan_20250409__SRR35971504.target_enriched.fastq.gz	candidate_reads	SRR35971504	20	ac73670af3abed54ac6fb4695131f4099be9fbe39d6076c5d0264a6bbdae9d83
reads/MOMilan_20250424__SRR35971503.target_enriched.fastq.gz	candidate_reads	SRR35971503	20	ac73670af3abed54ac6fb4695131f4099be9fbe39d6076c5d0264a6bbdae9d83
reads/MOMilan_20250507__SRR35971501.target_enriched.fastq.gz	candidate_reads	SRR35971501	20	ac73670af3abed54ac6fb4695131f4099be9fbe39d6076c5d0264a6bbdae9d83
reads/MOMilan_20250522__SRR35971500.target_enriched.fastq.gz	candidate_reads	SRR35971500	20	ac73670af3abed54ac6fb4695131f4099be9fbe39d6076c5d0264a6bbdae9d83
reads/MOMilan_20250612__SRR35971499.target_enriched.fastq.gz	candidate_reads	SRR35971499	20	ac73670af3abed54ac6fb4695131f4099be9fbe39d6076c5d0264a6bbdae9d83
reads/MOMilan_20250617__SRR35971517.target_enriched.fastq.gz	candidate_reads	SRR35971517	20	ac73670af3abed54ac6fb4695131f4099be9fbe39d6076c5d0264a6bbdae9d83
reads/MOMilan_20250626__SRR35971516.target_enriched.fastq.gz	candidate_reads	SRR35971516	20	ac73670af3abed54ac6fb4695131f4099be9fbe39d6076c5d0264a6bbdae9d83
reads/MOMilan_20250709__SRR35971515.target_enriched.fastq.gz	candidate_reads	SRR35971515	20	ac73670af3abed54ac6fb4695131f4099be9fbe39d6076c5d0264a6bbdae9d83
reads/MOMilan_20250724__SRR35971514.target_enriched.fastq.gz	candidate_reads	SRR35971514	20	ac73670af3abed54ac6fb4695131f4099be9fbe39d6076c5d0264a6bbdae9d83
reads/MOMilan_20250729__SRR35971513.target_enriched.fastq.gz	candidate_reads	SRR35971513	20	ac73670af3abed54ac6fb4695131f4099be9fbe39d6076c5d0264a6bbdae9d83
reads/MOMonett_20250610__SRR35939776.target_enriched.fastq.gz	candidate_reads	SRR35939776	20	ac73670af3abed54ac6fb4695131f4099be9fbe39d6076c5d0264a6bbdae9d83
reads/MOMonett_20250616__SRR35939775.target_enriched.fastq.gz	candidate_reads	SRR35939775	20	ac73670af3abed54ac6fb4695131f4099be9fbe39d6076c5d0264a6bbdae9d83
reads/MOMonett_20250623__SRR35939765.target_enriched.fastq.gz	candidate_reads	SRR35939765	20	ac73670af3abed54ac6fb4695131f4099be9fbe39d6076c5d0264a6bbdae9d83
reads/MOMonett_20250630__SRR35939764.target_enriched.fastq.gz	candidate_reads	SRR35939764	20	ac73670af3abed54ac6fb4695131f4099be9fbe39d6076c5d0264a6bbdae9d83
reads/MOMonett_20250707__SRR35939763.target_enriched.fastq.gz	candidate_reads	SRR35939763	20	ac73670af3abed54ac6fb4695131f4099be9fbe39d6076c5d0264a6bbdae9d83
reads/MOMonett_20250714__SRR35939762.target_enriched.fastq.gz	candidate_reads	SRR35939762	20	ac73670af3abed54ac6fb4695131f4099be9fbe39d6076c5d0264a6bbdae9d83
reads/MOMonett_20250721__SRR35939761.target_enriched.fastq.gz	candidate_reads	SRR35939761	20	ac73670af3abed54ac6fb4695131f4099be9fbe39d6076c5d0264a6bbdae9d83
reads/MOMonett_20250728__SRR35939760.target_enriched.fastq.gz	candidate_reads	SRR35939760	1958	4fe8457c61e03c54bf64ca65551953dfdbe68c6874d4403dc7483a1ea2b3c5d1
reads/MO_Columbia20250701__SRR37092466.target_enriched.fastq.gz	candidate_reads	SRR37092466	20	ac73670af3abed54ac6fb4695131f4099be9fbe39d6076c5d0264a6bbdae9d83
reads/MO_Columbia_20250708__SRR37092455.target_enriched.fastq.gz	candidate_reads	SRR37092455	20	ac73670af3abed54ac6fb4695131f4099be9fbe39d6076c5d0264a6bbdae9d83
reads/MO_Columbia_20250715__SRR37092448.target_enriched.fastq.gz	candidate_reads	SRR37092448	20	ac73670af3abed54ac6fb4695131f4099be9fbe39d6076c5d0264a6bbdae9d83
reads/MO_Columbia_20250722a__SRR37092446.target_enriched.fastq.gz	candidate_reads	SRR37092446	20	ac73670af3abed54ac6fb4695131f4099be9fbe39d6076c5d0264a6bbdae9d83
reads/MO_Columbia_20250729__SRR37092442.target_enriched.fastq.gz	candidate_reads	SRR37092442	2948	5da450e12c23f7aeb793ea15a816a81723edfc144b720f2f9924e120b0c256b0
reads/MO_Columbia_20250805__SRR37092443.target_enriched.fastq.gz	candidate_reads	SRR37092443	20	ac73670af3abed54ac6fb4695131f4099be9fbe39d6076c5d0264a6bbdae9d83
reads/MO_Columbia_20250812__SRR37092444.target_enriched.fastq.gz	candidate_reads	SRR37092444	994	c5c908af74d627b6fde59798eaf1050edbcd6d050d1a4e9776bdac5cb03eddd4
reads/MO_Columbia_20250819__SRR37092445.target_enriched.fastq.gz	candidate_reads	SRR37092445	20	ac73670af3abed54ac6fb4695131f4099be9fbe39d6076c5d0264a6bbdae9d83
reads/MO_Columbia_20250826__SRR37092465.target_enriched.fastq.gz	candidate_reads	SRR37092465	20	ac73670af3abed54ac6fb4695131f4099be9fbe39d6076c5d0264a6bbdae9d83
reads/MO_Columbia_20250902__SRR37092464.target_enriched.fastq.gz	candidate_reads	SRR37092464	20	ac73670af3abed54ac6fb4695131f4099be9fbe39d6076c5d0264a6bbdae9d83
reads/MO_Columbia_20250910__SRR37092462.target_enriched.fastq.gz	candidate_reads	SRR37092462	20	ac73670af3abed54ac6fb4695131f4099be9fbe39d6076c5d0264a6bbdae9d83
reads/MO_Columbia_20250916__SRR37092463.target_enriched.fastq.gz	candidate_reads	SRR37092463	20	ac73670af3abed54ac6fb4695131f4099be9fbe39d6076c5d0264a6bbdae9d83
reads/MO_Columbia_20250923__SRR37092461.target_enriched.fastq.gz	candidate_reads	SRR37092461	20	ac73670af3abed54ac6fb4695131f4099be9fbe39d6076c5d0264a6bbdae9d83
reads/MO_Columbia_20250930__SRR37092460.target_enriched.fastq.gz	candidate_reads	SRR37092460	20	ac73670af3abed54ac6fb4695131f4099be9fbe39d6076c5d0264a6bbdae9d83
reads/MO_Columbia_20251007__SRR37092459.target_enriched.fastq.gz	candidate_reads	SRR37092459	20	ac73670af3abed54ac6fb4695131f4099be9fbe39d6076c5d0264a6bbdae9d83
reads/MO_Columbia_20251014__SRR37092457.target_enriched.fastq.gz	candidate_reads	SRR37092457	20	ac73670af3abed54ac6fb4695131f4099be9fbe39d6076c5d0264a6bbdae9d83
reads/MO_Columbia_20251021__SRR37092458.target_enriched.fastq.gz	candidate_reads	SRR37092458	20	ac73670af3abed54ac6fb4695131f4099be9fbe39d6076c5d0264a6bbdae9d83
reads/MO_Columbia_20251028__SRR37092456.target_enriched.fastq.gz	candidate_reads	SRR37092456	20	ac73670af3abed54ac6fb4695131f4099be9fbe39d6076c5d0264a6bbdae9d83
reads/MO_Columbia_20251104__SRR37092454.target_enriched.fastq.gz	candidate_reads	SRR37092454	20	ac73670af3abed54ac6fb4695131f4099be9fbe39d6076c5d0264a6bbdae9d83
reads/MO_Columbia_20251112__SRR37092452.target_enriched.fastq.gz	candidate_reads	SRR37092452	20	ac73670af3abed54ac6fb4695131f4099be9fbe39d6076c5d0264a6bbdae9d83
reads/MO_Columbia_20251118__SRR37092453.target_enriched.fastq.gz	candidate_reads	SRR37092453	20	ac73670af3abed54ac6fb4695131f4099be9fbe39d6076c5d0264a6bbdae9d83
reads/MO_Columbia_20251125__SRR37092451.target_enriched.fastq.gz	candidate_reads	SRR37092451	20	ac73670af3abed54ac6fb4695131f4099be9fbe39d6076c5d0264a6bbdae9d83
reads/MO_Columbia_20251204__SRR37092450.target_enriched.fastq.gz	candidate_reads	SRR37092450	20	ac73670af3abed54ac6fb4695131f4099be9fbe39d6076c5d0264a6bbdae9d83
reads/MO_Columbia_20251208__SRR37092449.target_enriched.fastq.gz	candidate_reads	SRR37092449	20	ac73670af3abed54ac6fb4695131f4099be9fbe39d6076c5d0264a6bbdae9d83
reads/MO_Columbia_20251216__SRR37092417.target_enriched.fastq.gz	candidate_reads	SRR37092417	20	ac73670af3abed54ac6fb4695131f4099be9fbe39d6076c5d0264a6bbdae9d83
reads/MO_Columbia_20251223__SRR37092416.target_enriched.fastq.gz	candidate_reads	SRR37092416	20	ac73670af3abed54ac6fb4695131f4099be9fbe39d6076c5d0264a6bbdae9d83
reads/MO_Columbia_20251230__SRR37092414.target_enriched.fastq.gz	candidate_reads	SRR37092414	20	ac73670af3abed54ac6fb4695131f4099be9fbe39d6076c5d0264a6bbdae9d83
reads/MO_Columbia_20260106__SRR38294645.target_enriched.fastq.gz	candidate_reads	SRR38294645	20	ac73670af3abed54ac6fb4695131f4099be9fbe39d6076c5d0264a6bbdae9d83
reads/MO_Columbia_20260113__SRR38294643.target_enriched.fastq.gz	candidate_reads	SRR38294643	20	ac73670af3abed54ac6fb4695131f4099be9fbe39d6076c5d0264a6bbdae9d83
reads/MO_Columbia_20260120__SRR38294644.target_enriched.fastq.gz	candidate_reads	SRR38294644	20	ac73670af3abed54ac6fb4695131f4099be9fbe39d6076c5d0264a6bbdae9d83
reads/MO_Columbia_20260127__SRR38294642.target_enriched.fastq.gz	candidate_reads	SRR38294642	20	ac73670af3abed54ac6fb4695131f4099be9fbe39d6076c5d0264a6bbdae9d83
reads/MO_Columbia_20260203__SRR38294641.target_enriched.fastq.gz	candidate_reads	SRR38294641	20	ac73670af3abed54ac6fb4695131f4099be9fbe39d6076c5d0264a6bbdae9d83
reads/MO_Columbia_20260210__SRR38294640.target_enriched.fastq.gz	candidate_reads	SRR38294640	20	ac73670af3abed54ac6fb4695131f4099be9fbe39d6076c5d0264a6bbdae9d83
reads/MO_Columbia_20260217__SRR38294638.target_enriched.fastq.gz	candidate_reads	SRR38294638	20	ac73670af3abed54ac6fb4695131f4099be9fbe39d6076c5d0264a6bbdae9d83
reads/MO_Columbia_20260224__SRR38294636.target_enriched.fastq.gz	candidate_reads	SRR38294636	20	ac73670af3abed54ac6fb4695131f4099be9fbe39d6076c5d0264a6bbdae9d83
reads/MO_Columbia_20260303__SRR38294637.target_enriched.fastq.gz	candidate_reads	SRR38294637	20	ac73670af3abed54ac6fb4695131f4099be9fbe39d6076c5d0264a6bbdae9d83
reads/MO_Columbia_20260310__SRR38294635.target_enriched.fastq.gz	candidate_reads	SRR38294635	20	ac73670af3abed54ac6fb4695131f4099be9fbe39d6076c5d0264a6bbdae9d83
reads/MO_Columbia_20260317__SRR38294634.target_enriched.fastq.gz	candidate_reads	SRR38294634	20	ac73670af3abed54ac6fb4695131f4099be9fbe39d6076c5d0264a6bbdae9d83
reads/MO_Columbia_20260324__SRR38294633.target_enriched.fastq.gz	candidate_reads	SRR38294633	20	ac73670af3abed54ac6fb4695131f4099be9fbe39d6076c5d0264a6bbdae9d83
reads/MO_Columbia_20260331__SRR38294631.target_enriched.fastq.gz	candidate_reads	SRR38294631	20	ac73670af3abed54ac6fb4695131f4099be9fbe39d6076c5d0264a6bbdae9d83
reads/MO_Columbia_20260407__SRR39695368.target_enriched.fastq.gz	candidate_reads	SRR39695368	20	ac73670af3abed54ac6fb4695131f4099be9fbe39d6076c5d0264a6bbdae9d83
reads/MO_Columbia_20260414__SRR39695366.target_enriched.fastq.gz	candidate_reads	SRR39695366	20	ac73670af3abed54ac6fb4695131f4099be9fbe39d6076c5d0264a6bbdae9d83
reads/MO_Columbia_20260421__SRR39695025.target_enriched.fastq.gz	candidate_reads	SRR39695025	20	ac73670af3abed54ac6fb4695131f4099be9fbe39d6076c5d0264a6bbdae9d83
reads/MO_Columbia_20260428__SRR39695024.target_enriched.fastq.gz	candidate_reads	SRR39695024	20	ac73670af3abed54ac6fb4695131f4099be9fbe39d6076c5d0264a6bbdae9d83
reads/MO_Columbia_20260505__SRR39695212.target_enriched.fastq.gz	candidate_reads	SRR39695212	20	ac73670af3abed54ac6fb4695131f4099be9fbe39d6076c5d0264a6bbdae9d83
reads/MO_Columbia_20260512__SRR39695211.target_enriched.fastq.gz	candidate_reads	SRR39695211	20	ac73670af3abed54ac6fb4695131f4099be9fbe39d6076c5d0264a6bbdae9d83
reads/MO_Columbia_20260518__SRR39695210.target_enriched.fastq.gz	candidate_reads	SRR39695210	20	ac73670af3abed54ac6fb4695131f4099be9fbe39d6076c5d0264a6bbdae9d83
reads/MO_Columbia_20260526__SRR39695209.target_enriched.fastq.gz	candidate_reads	SRR39695209	20	ac73670af3abed54ac6fb4695131f4099be9fbe39d6076c5d0264a6bbdae9d83
reads/MO_Columbia_20260602__SRR39695208.target_enriched.fastq.gz	candidate_reads	SRR39695208	20	ac73670af3abed54ac6fb4695131f4099be9fbe39d6076c5d0264a6bbdae9d83
reads/MO_Columbia_20260609__SRR39695206.target_enriched.fastq.gz	candidate_reads	SRR39695206	20	ac73670af3abed54ac6fb4695131f4099be9fbe39d6076c5d0264a6bbdae9d83
reads/MO_Columbia_20260616__SRR39695207.target_enriched.fastq.gz	candidate_reads	SRR39695207	20	ac73670af3abed54ac6fb4695131f4099be9fbe39d6076c5d0264a6bbdae9d83
reads/MO_Columbia_20260623__SRR39695205.target_enriched.fastq.gz	candidate_reads	SRR39695205	281	4ae20fb5064104c8823d55c2c95cdc33088a2a7901eb71cb6866c50e518857b4
reads/MO_Columbia_20260630__SRR39695204.target_enriched.fastq.gz	candidate_reads	SRR39695204	20	ac73670af3abed54ac6fb4695131f4099be9fbe39d6076c5d0264a6bbdae9d83
reads/MO_Columbia__SRR37092467.target_enriched.fastq.gz	candidate_reads	SRR37092467	20	ac73670af3abed54ac6fb4695131f4099be9fbe39d6076c5d0264a6bbdae9d83
reads/MO_KC_BlueRiver_20250812__SRR37027369.target_enriched.fastq.gz	candidate_reads	SRR37027369	20	ac73670af3abed54ac6fb4695131f4099be9fbe39d6076c5d0264a6bbdae9d83
reads/MO_KC_BlueRiver_20250819__SRR37027368.target_enriched.fastq.gz	candidate_reads	SRR37027368	20	ac73670af3abed54ac6fb4695131f4099be9fbe39d6076c5d0264a6bbdae9d83
reads/MO_KC_BlueRiver_20250826__SRR37027357.target_enriched.fastq.gz	candidate_reads	SRR37027357	20	ac73670af3abed54ac6fb4695131f4099be9fbe39d6076c5d0264a6bbdae9d83
reads/MO_KC_BlueRiver_20250902__SRR37027349.target_enriched.fastq.gz	candidate_reads	SRR37027349	20	ac73670af3abed54ac6fb4695131f4099be9fbe39d6076c5d0264a6bbdae9d83
reads/MO_KC_BlueRiver_20250909__SRR37027348.target_enriched.fastq.gz	candidate_reads	SRR37027348	20	ac73670af3abed54ac6fb4695131f4099be9fbe39d6076c5d0264a6bbdae9d83
reads/MO_KC_BlueRiver_20250916__SRR37027347.target_enriched.fastq.gz	candidate_reads	SRR37027347	20	ac73670af3abed54ac6fb4695131f4099be9fbe39d6076c5d0264a6bbdae9d83
reads/MO_KC_BlueRiver_20250923__SRR37027346.target_enriched.fastq.gz	candidate_reads	SRR37027346	20	ac73670af3abed54ac6fb4695131f4099be9fbe39d6076c5d0264a6bbdae9d83
reads/MO_KC_BlueRiver_20250930__SRR37027345.target_enriched.fastq.gz	candidate_reads	SRR37027345	20	ac73670af3abed54ac6fb4695131f4099be9fbe39d6076c5d0264a6bbdae9d83
reads/MO_KC_BlueRiver_20251007__SRR37027344.target_enriched.fastq.gz	candidate_reads	SRR37027344	20	ac73670af3abed54ac6fb4695131f4099be9fbe39d6076c5d0264a6bbdae9d83
reads/MO_KC_BlueRiver_20251014__SRR37027343.target_enriched.fastq.gz	candidate_reads	SRR37027343	20	ac73670af3abed54ac6fb4695131f4099be9fbe39d6076c5d0264a6bbdae9d83
reads/MO_KC_BlueRiver_20251021__SRR37027367.target_enriched.fastq.gz	candidate_reads	SRR37027367	20	ac73670af3abed54ac6fb4695131f4099be9fbe39d6076c5d0264a6bbdae9d83
reads/MO_KC_BlueRiver_20251028__SRR37027366.target_enriched.fastq.gz	candidate_reads	SRR37027366	20	ac73670af3abed54ac6fb4695131f4099be9fbe39d6076c5d0264a6bbdae9d83
reads/MO_KC_BlueRiver_20251104__SRR37027365.target_enriched.fastq.gz	candidate_reads	SRR37027365	20	ac73670af3abed54ac6fb4695131f4099be9fbe39d6076c5d0264a6bbdae9d83
reads/MO_KC_BlueRiver_20251112__SRR37027363.target_enriched.fastq.gz	candidate_reads	SRR37027363	20	ac73670af3abed54ac6fb4695131f4099be9fbe39d6076c5d0264a6bbdae9d83
reads/MO_KC_BlueRiver_20251118__SRR37027364.target_enriched.fastq.gz	candidate_reads	SRR37027364	20	ac73670af3abed54ac6fb4695131f4099be9fbe39d6076c5d0264a6bbdae9d83
reads/MO_KC_BlueRiver_20251125__SRR37027362.target_enriched.fastq.gz	candidate_reads	SRR37027362	20	ac73670af3abed54ac6fb4695131f4099be9fbe39d6076c5d0264a6bbdae9d83
reads/MO_KC_BlueRiver_20251202__SRR37027361.target_enriched.fastq.gz	candidate_reads	SRR37027361	20	ac73670af3abed54ac6fb4695131f4099be9fbe39d6076c5d0264a6bbdae9d83
reads/MO_KC_BlueRiver_20251209__SRR37027360.target_enriched.fastq.gz	candidate_reads	SRR37027360	20	ac73670af3abed54ac6fb4695131f4099be9fbe39d6076c5d0264a6bbdae9d83
reads/MO_KC_BlueRiver_20251216__SRR37181170.target_enriched.fastq.gz	candidate_reads	SRR37181170	20	ac73670af3abed54ac6fb4695131f4099be9fbe39d6076c5d0264a6bbdae9d83
reads/MO_KC_BlueRiver_20251223__SRR37181171.target_enriched.fastq.gz	candidate_reads	SRR37181171	20	ac73670af3abed54ac6fb4695131f4099be9fbe39d6076c5d0264a6bbdae9d83
reads/MO_KC_BlueRiver_20251230__SRR37181169.target_enriched.fastq.gz	candidate_reads	SRR37181169	20	ac73670af3abed54ac6fb4695131f4099be9fbe39d6076c5d0264a6bbdae9d83
reads/MO_KC_BlueRiver_20260106__SRR37181168.target_enriched.fastq.gz	candidate_reads	SRR37181168	20	ac73670af3abed54ac6fb4695131f4099be9fbe39d6076c5d0264a6bbdae9d83
reads/MO_KC_BlueRiver_20260113__SRR37181167.target_enriched.fastq.gz	candidate_reads	SRR37181167	20	ac73670af3abed54ac6fb4695131f4099be9fbe39d6076c5d0264a6bbdae9d83
reads/MO_KC_BlueRiver_20260120__SRR37181165.target_enriched.fastq.gz	candidate_reads	SRR37181165	20	ac73670af3abed54ac6fb4695131f4099be9fbe39d6076c5d0264a6bbdae9d83
reads/MO_KC_BlueRiver_20260127__SRR38294632.target_enriched.fastq.gz	candidate_reads	SRR38294632	20	ac73670af3abed54ac6fb4695131f4099be9fbe39d6076c5d0264a6bbdae9d83
reads/MO_KC_BlueRiver_20260203__SRR38294630.target_enriched.fastq.gz	candidate_reads	SRR38294630	20	ac73670af3abed54ac6fb4695131f4099be9fbe39d6076c5d0264a6bbdae9d83
reads/MO_KC_BlueRiver_20260210__SRR38294629.target_enriched.fastq.gz	candidate_reads	SRR38294629	20	ac73670af3abed54ac6fb4695131f4099be9fbe39d6076c5d0264a6bbdae9d83
reads/MO_KC_BlueRiver_20260217__SRR38294627.target_enriched.fastq.gz	candidate_reads	SRR38294627	20	ac73670af3abed54ac6fb4695131f4099be9fbe39d6076c5d0264a6bbdae9d83
reads/MO_KC_BlueRiver_20260224__SRR38294934.target_enriched.fastq.gz	candidate_reads	SRR38294934	20	ac73670af3abed54ac6fb4695131f4099be9fbe39d6076c5d0264a6bbdae9d83
reads/MO_KC_BlueRiver_20260303__SRR38294932.target_enriched.fastq.gz	candidate_reads	SRR38294932	20	ac73670af3abed54ac6fb4695131f4099be9fbe39d6076c5d0264a6bbdae9d83
reads/MO_KC_BlueRiver_20260310__SRR38294933.target_enriched.fastq.gz	candidate_reads	SRR38294933	20	ac73670af3abed54ac6fb4695131f4099be9fbe39d6076c5d0264a6bbdae9d83
reads/MO_KC_BlueRiver_20260317__SRR38294623.target_enriched.fastq.gz	candidate_reads	SRR38294623	20	ac73670af3abed54ac6fb4695131f4099be9fbe39d6076c5d0264a6bbdae9d83
reads/MO_KC_BlueRiver_20260324__SRR38294622.target_enriched.fastq.gz	candidate_reads	SRR38294622	20	ac73670af3abed54ac6fb4695131f4099be9fbe39d6076c5d0264a6bbdae9d83
reads/MO_KC_BlueRiver_20260331__SRR38294621.target_enriched.fastq.gz	candidate_reads	SRR38294621	20	ac73670af3abed54ac6fb4695131f4099be9fbe39d6076c5d0264a6bbdae9d83
reads/MO_KC_BlueRiver_20260407__SRR39695203.target_enriched.fastq.gz	candidate_reads	SRR39695203	20	ac73670af3abed54ac6fb4695131f4099be9fbe39d6076c5d0264a6bbdae9d83
reads/MO_KC_BlueRiver_20260414__SRR39695201.target_enriched.fastq.gz	candidate_reads	SRR39695201	20	ac73670af3abed54ac6fb4695131f4099be9fbe39d6076c5d0264a6bbdae9d83
reads/MO_KC_BlueRiver_20260421__SRR39695200.target_enriched.fastq.gz	candidate_reads	SRR39695200	20	ac73670af3abed54ac6fb4695131f4099be9fbe39d6076c5d0264a6bbdae9d83
reads/MO_KC_BlueRiver_20260423__SRR39695373.target_enriched.fastq.gz	candidate_reads	SRR39695373	20	ac73670af3abed54ac6fb4695131f4099be9fbe39d6076c5d0264a6bbdae9d83
reads/MO_KC_BlueRiver_20260427__SRR39695371.target_enriched.fastq.gz	candidate_reads	SRR39695371	20	ac73670af3abed54ac6fb4695131f4099be9fbe39d6076c5d0264a6bbdae9d83
reads/MO_KC_BlueRiver_20260430__SRR39695369.target_enriched.fastq.gz	candidate_reads	SRR39695369	20	ac73670af3abed54ac6fb4695131f4099be9fbe39d6076c5d0264a6bbdae9d83
reads/MO_KC_BlueRiver_20260504__SRR39695367.target_enriched.fastq.gz	candidate_reads	SRR39695367	20	ac73670af3abed54ac6fb4695131f4099be9fbe39d6076c5d0264a6bbdae9d83
reads/MO_KC_BlueRiver_20260511__SRR39695301.target_enriched.fastq.gz	candidate_reads	SRR39695301	20	ac73670af3abed54ac6fb4695131f4099be9fbe39d6076c5d0264a6bbdae9d83
reads/MO_KC_BlueRiver_20260514__SRR39695298.target_enriched.fastq.gz	candidate_reads	SRR39695298	20	ac73670af3abed54ac6fb4695131f4099be9fbe39d6076c5d0264a6bbdae9d83
reads/MO_KC_BlueRiver_20260518__SRR39695365.target_enriched.fastq.gz	candidate_reads	SRR39695365	20	ac73670af3abed54ac6fb4695131f4099be9fbe39d6076c5d0264a6bbdae9d83
reads/MO_KC_BlueRiver_20260521__SRR39695364.target_enriched.fastq.gz	candidate_reads	SRR39695364	20	ac73670af3abed54ac6fb4695131f4099be9fbe39d6076c5d0264a6bbdae9d83
reads/MO_KC_BlueRiver_20260526__SRR39695362.target_enriched.fastq.gz	candidate_reads	SRR39695362	20	ac73670af3abed54ac6fb4695131f4099be9fbe39d6076c5d0264a6bbdae9d83
reads/MO_KC_BlueRiver_20260601__SRR39695360.target_enriched.fastq.gz	candidate_reads	SRR39695360	20	ac73670af3abed54ac6fb4695131f4099be9fbe39d6076c5d0264a6bbdae9d83
reads/MO_KC_BlueRiver_20260608__SRR39695361.target_enriched.fastq.gz	candidate_reads	SRR39695361	20	ac73670af3abed54ac6fb4695131f4099be9fbe39d6076c5d0264a6bbdae9d83
reads/MO_KC_BlueRiver_20260611__SRR39695358.target_enriched.fastq.gz	candidate_reads	SRR39695358	20	ac73670af3abed54ac6fb4695131f4099be9fbe39d6076c5d0264a6bbdae9d83
reads/MO_KC_BlueRiver_20260615__SRR39695199.target_enriched.fastq.gz	candidate_reads	SRR39695199	20	ac73670af3abed54ac6fb4695131f4099be9fbe39d6076c5d0264a6bbdae9d83
reads/MO_KC_BlueRiver_20260618__SRR39695198.target_enriched.fastq.gz	candidate_reads	SRR39695198	493	8af9bf5092fff519e4ba52e155b39b49458f104133eb144627b36af1afef3113
reads/MO_KC_BlueRiver_20260628__SRR39695196.target_enriched.fastq.gz	candidate_reads	SRR39695196	1213	3c42d9a6bbcaba635348ca014638323b0c16a4c83f76d998fb6838b019ea3b7f
reads/MO_KC_Westside_20251001__SRR37027358.target_enriched.fastq.gz	candidate_reads	SRR37027358	20	ac73670af3abed54ac6fb4695131f4099be9fbe39d6076c5d0264a6bbdae9d83
reads/MO_KC_Westside_20251021__SRR37027359.target_enriched.fastq.gz	candidate_reads	SRR37027359	20	ac73670af3abed54ac6fb4695131f4099be9fbe39d6076c5d0264a6bbdae9d83
reads/MO_KC_Westside_20251028__SRR37027356.target_enriched.fastq.gz	candidate_reads	SRR37027356	20	ac73670af3abed54ac6fb4695131f4099be9fbe39d6076c5d0264a6bbdae9d83
reads/MO_KC_Westside_20251104__SRR37027355.target_enriched.fastq.gz	candidate_reads	SRR37027355	20	ac73670af3abed54ac6fb4695131f4099be9fbe39d6076c5d0264a6bbdae9d83
reads/MO_KC_Westside_20251112__SRR37027353.target_enriched.fastq.gz	candidate_reads	SRR37027353	20	ac73670af3abed54ac6fb4695131f4099be9fbe39d6076c5d0264a6bbdae9d83
reads/MO_KC_Westside_20251117__SRR37027354.target_enriched.fastq.gz	candidate_reads	SRR37027354	20	ac73670af3abed54ac6fb4695131f4099be9fbe39d6076c5d0264a6bbdae9d83
reads/MO_KC_Westside_20251124__SRR37027352.target_enriched.fastq.gz	candidate_reads	SRR37027352	20	ac73670af3abed54ac6fb4695131f4099be9fbe39d6076c5d0264a6bbdae9d83
reads/MO_KC_Westside_20251202__SRR37027351.target_enriched.fastq.gz	candidate_reads	SRR37027351	20	ac73670af3abed54ac6fb4695131f4099be9fbe39d6076c5d0264a6bbdae9d83
reads/MO_KC_Westside_20251208__SRR37027350.target_enriched.fastq.gz	candidate_reads	SRR37027350	20	ac73670af3abed54ac6fb4695131f4099be9fbe39d6076c5d0264a6bbdae9d83
reads/MO_KC_Westside_20251215__SRR37181166.target_enriched.fastq.gz	candidate_reads	SRR37181166	20	ac73670af3abed54ac6fb4695131f4099be9fbe39d6076c5d0264a6bbdae9d83
reads/MO_KC_Westside_20251223__SRR37181164.target_enriched.fastq.gz	candidate_reads	SRR37181164	20	ac73670af3abed54ac6fb4695131f4099be9fbe39d6076c5d0264a6bbdae9d83
reads/MO_KC_Westside_20251229__SRR37181163.target_enriched.fastq.gz	candidate_reads	SRR37181163	20	ac73670af3abed54ac6fb4695131f4099be9fbe39d6076c5d0264a6bbdae9d83
reads/MO_KC_Westside_20260105__SRR37181160.target_enriched.fastq.gz	candidate_reads	SRR37181160	20	ac73670af3abed54ac6fb4695131f4099be9fbe39d6076c5d0264a6bbdae9d83
reads/MO_KC_Westside_20260113__SRR37181151.target_enriched.fastq.gz	candidate_reads	SRR37181151	20	ac73670af3abed54ac6fb4695131f4099be9fbe39d6076c5d0264a6bbdae9d83
reads/MO_KC_Westside_20260119__SRR37181185.target_enriched.fastq.gz	candidate_reads	SRR37181185	20	ac73670af3abed54ac6fb4695131f4099be9fbe39d6076c5d0264a6bbdae9d83
reads/MO_KC_Westside_20260127__SRR38294619.target_enriched.fastq.gz	candidate_reads	SRR38294619	20	ac73670af3abed54ac6fb4695131f4099be9fbe39d6076c5d0264a6bbdae9d83
reads/MO_KC_Westside_20260203__SRR38294620.target_enriched.fastq.gz	candidate_reads	SRR38294620	20	ac73670af3abed54ac6fb4695131f4099be9fbe39d6076c5d0264a6bbdae9d83
reads/MO_KC_Westside_20260209__SRR38294618.target_enriched.fastq.gz	candidate_reads	SRR38294618	20	ac73670af3abed54ac6fb4695131f4099be9fbe39d6076c5d0264a6bbdae9d83
reads/MO_KC_Westside_20260217__SRR38294615.target_enriched.fastq.gz	candidate_reads	SRR38294615	20	ac73670af3abed54ac6fb4695131f4099be9fbe39d6076c5d0264a6bbdae9d83
reads/MO_KC_Westside_20260224__SRR38294614.target_enriched.fastq.gz	candidate_reads	SRR38294614	20	ac73670af3abed54ac6fb4695131f4099be9fbe39d6076c5d0264a6bbdae9d83
reads/MO_KC_Westside_20260303__SRR38294612.target_enriched.fastq.gz	candidate_reads	SRR38294612	20	ac73670af3abed54ac6fb4695131f4099be9fbe39d6076c5d0264a6bbdae9d83
reads/MO_KC_Westside_20260310__SRR38294613.target_enriched.fastq.gz	candidate_reads	SRR38294613	20	ac73670af3abed54ac6fb4695131f4099be9fbe39d6076c5d0264a6bbdae9d83
reads/MO_KC_Westside_20260317__SRR38294611.target_enriched.fastq.gz	candidate_reads	SRR38294611	20	ac73670af3abed54ac6fb4695131f4099be9fbe39d6076c5d0264a6bbdae9d83
reads/MO_KC_Westside_20260324__SRR38294610.target_enriched.fastq.gz	candidate_reads	SRR38294610	20	ac73670af3abed54ac6fb4695131f4099be9fbe39d6076c5d0264a6bbdae9d83
reads/MO_KC_Westside_20260331__SRR38294609.target_enriched.fastq.gz	candidate_reads	SRR38294609	20	ac73670af3abed54ac6fb4695131f4099be9fbe39d6076c5d0264a6bbdae9d83
reads/MO_KC_Westside_20260407__SRR39695197.target_enriched.fastq.gz	candidate_reads	SRR39695197	20	ac73670af3abed54ac6fb4695131f4099be9fbe39d6076c5d0264a6bbdae9d83
reads/MO_KC_Westside_20260414__SRR39695195.target_enriched.fastq.gz	candidate_reads	SRR39695195	20	ac73670af3abed54ac6fb4695131f4099be9fbe39d6076c5d0264a6bbdae9d83
reads/MO_KC_Westside_20260420__SRR39695194.target_enriched.fastq.gz	candidate_reads	SRR39695194	20	ac73670af3abed54ac6fb4695131f4099be9fbe39d6076c5d0264a6bbdae9d83
reads/MO_KC_Westside_20260423__SRR39695191.target_enriched.fastq.gz	candidate_reads	SRR39695191	20	ac73670af3abed54ac6fb4695131f4099be9fbe39d6076c5d0264a6bbdae9d83
reads/MO_KC_Westside_20260427__SRR39695189.target_enriched.fastq.gz	candidate_reads	SRR39695189	20	ac73670af3abed54ac6fb4695131f4099be9fbe39d6076c5d0264a6bbdae9d83
reads/MO_KC_Westside_20260430__SRR39695190.target_enriched.fastq.gz	candidate_reads	SRR39695190	20	ac73670af3abed54ac6fb4695131f4099be9fbe39d6076c5d0264a6bbdae9d83
reads/MO_KC_Westside_20260504__SRR39695188.target_enriched.fastq.gz	candidate_reads	SRR39695188	20	ac73670af3abed54ac6fb4695131f4099be9fbe39d6076c5d0264a6bbdae9d83
reads/MO_KC_Westside_20260507__SRR39695187.target_enriched.fastq.gz	candidate_reads	SRR39695187	20	ac73670af3abed54ac6fb4695131f4099be9fbe39d6076c5d0264a6bbdae9d83
reads/MO_KC_Westside_20260511__SRR39695018.target_enriched.fastq.gz	candidate_reads	SRR39695018	20	ac73670af3abed54ac6fb4695131f4099be9fbe39d6076c5d0264a6bbdae9d83
reads/MO_KC_Westside_20260514__SRR39695017.target_enriched.fastq.gz	candidate_reads	SRR39695017	20	ac73670af3abed54ac6fb4695131f4099be9fbe39d6076c5d0264a6bbdae9d83
reads/MO_KC_Westside_20260518__SRR39695015.target_enriched.fastq.gz	candidate_reads	SRR39695015	20	ac73670af3abed54ac6fb4695131f4099be9fbe39d6076c5d0264a6bbdae9d83
reads/MO_KC_Westside_20260521__SRR39695299.target_enriched.fastq.gz	candidate_reads	SRR39695299	20	ac73670af3abed54ac6fb4695131f4099be9fbe39d6076c5d0264a6bbdae9d83
reads/MO_KC_Westside_20260526__SRR39695297.target_enriched.fastq.gz	candidate_reads	SRR39695297	20	ac73670af3abed54ac6fb4695131f4099be9fbe39d6076c5d0264a6bbdae9d83
reads/MO_KC_Westside_20260601__SRR39695295.target_enriched.fastq.gz	candidate_reads	SRR39695295	20	ac73670af3abed54ac6fb4695131f4099be9fbe39d6076c5d0264a6bbdae9d83
reads/MO_KC_Westside_20260608__SRR39695293.target_enriched.fastq.gz	candidate_reads	SRR39695293	20	ac73670af3abed54ac6fb4695131f4099be9fbe39d6076c5d0264a6bbdae9d83
reads/MO_KC_Westside_20260611__SRR39695294.target_enriched.fastq.gz	candidate_reads	SRR39695294	20	ac73670af3abed54ac6fb4695131f4099be9fbe39d6076c5d0264a6bbdae9d83
reads/MO_KC_Westside_20260615__SRR39695292.target_enriched.fastq.gz	candidate_reads	SRR39695292	20	ac73670af3abed54ac6fb4695131f4099be9fbe39d6076c5d0264a6bbdae9d83
reads/MO_KC_Westside_20260618__SRR39695291.target_enriched.fastq.gz	candidate_reads	SRR39695291	1047	8c050a2a77020c7e6b83fff767d9c6f1a33e567daf27a5ed3c20df837a11ba06
reads/MO_KC_Westside_20260622__SRR39695290.target_enriched.fastq.gz	candidate_reads	SRR39695290	20	ac73670af3abed54ac6fb4695131f4099be9fbe39d6076c5d0264a6bbdae9d83
reads/MO_KC_Westside_20260629__SRR39695288.target_enriched.fastq.gz	candidate_reads	SRR39695288	20	ac73670af3abed54ac6fb4695131f4099be9fbe39d6076c5d0264a6bbdae9d83
reads/MO_Milan_20250224__SRR36876965.target_enriched.fastq.gz	candidate_reads	SRR36876965	20	ac73670af3abed54ac6fb4695131f4099be9fbe39d6076c5d0264a6bbdae9d83
reads/MO_Milan_20250305__SRR36876966.target_enriched.fastq.gz	candidate_reads	SRR36876966	20	ac73670af3abed54ac6fb4695131f4099be9fbe39d6076c5d0264a6bbdae9d83
reads/MO_Milan_20250813__SRR35971512.target_enriched.fastq.gz	candidate_reads	SRR35971512	20	ac73670af3abed54ac6fb4695131f4099be9fbe39d6076c5d0264a6bbdae9d83
reads/MO_Milan_20250827__SRR35971511.target_enriched.fastq.gz	candidate_reads	SRR35971511	20	ac73670af3abed54ac6fb4695131f4099be9fbe39d6076c5d0264a6bbdae9d83
reads/MO_Milan_20250910__SRR35971510.target_enriched.fastq.gz	candidate_reads	SRR35971510	20	ac73670af3abed54ac6fb4695131f4099be9fbe39d6076c5d0264a6bbdae9d83
reads/MO_Milan_20250917__SRR35971509.target_enriched.fastq.gz	candidate_reads	SRR35971509	20	ac73670af3abed54ac6fb4695131f4099be9fbe39d6076c5d0264a6bbdae9d83
reads/MO_Milan_20250924__SRR35971508.target_enriched.fastq.gz	candidate_reads	SRR35971508	20	ac73670af3abed54ac6fb4695131f4099be9fbe39d6076c5d0264a6bbdae9d83
reads/MO_Milan_20251008__SRR35971506.target_enriched.fastq.gz	candidate_reads	SRR35971506	20	ac73670af3abed54ac6fb4695131f4099be9fbe39d6076c5d0264a6bbdae9d83
reads/MO_Milan_20251022__SRR36876969.target_enriched.fastq.gz	candidate_reads	SRR36876969	20	ac73670af3abed54ac6fb4695131f4099be9fbe39d6076c5d0264a6bbdae9d83
reads/MO_Milan_20251029__SRR36877009.target_enriched.fastq.gz	candidate_reads	SRR36877009	20	ac73670af3abed54ac6fb4695131f4099be9fbe39d6076c5d0264a6bbdae9d83
reads/MO_Milan_20251105__SRR36877010.target_enriched.fastq.gz	candidate_reads	SRR36877010	20	ac73670af3abed54ac6fb4695131f4099be9fbe39d6076c5d0264a6bbdae9d83
reads/MO_Milan_20251112__SRR36877011.target_enriched.fastq.gz	candidate_reads	SRR36877011	20	ac73670af3abed54ac6fb4695131f4099be9fbe39d6076c5d0264a6bbdae9d83
reads/MO_Milan_20251119__SRR36877012.target_enriched.fastq.gz	candidate_reads	SRR36877012	20	ac73670af3abed54ac6fb4695131f4099be9fbe39d6076c5d0264a6bbdae9d83
reads/MO_Milan_20251125__SRR36876991.target_enriched.fastq.gz	candidate_reads	SRR36876991	20	ac73670af3abed54ac6fb4695131f4099be9fbe39d6076c5d0264a6bbdae9d83
reads/MO_Milan_20251210__SRR36876990.target_enriched.fastq.gz	candidate_reads	SRR36876990	20	ac73670af3abed54ac6fb4695131f4099be9fbe39d6076c5d0264a6bbdae9d83
reads/MO_Milan_20251217__SRR37367613.target_enriched.fastq.gz	candidate_reads	SRR37367613	20	ac73670af3abed54ac6fb4695131f4099be9fbe39d6076c5d0264a6bbdae9d83
reads/MO_Milan_20260106__SRR38294607.target_enriched.fastq.gz	candidate_reads	SRR38294607	20	ac73670af3abed54ac6fb4695131f4099be9fbe39d6076c5d0264a6bbdae9d83
reads/MO_Milan_20260113__SRR38294940.target_enriched.fastq.gz	candidate_reads	SRR38294940	20	ac73670af3abed54ac6fb4695131f4099be9fbe39d6076c5d0264a6bbdae9d83
reads/MO_Milan_20260121__SRR38294938.target_enriched.fastq.gz	candidate_reads	SRR38294938	20	ac73670af3abed54ac6fb4695131f4099be9fbe39d6076c5d0264a6bbdae9d83
reads/MO_Milan_20260126__SRR38294936.target_enriched.fastq.gz	candidate_reads	SRR38294936	20	ac73670af3abed54ac6fb4695131f4099be9fbe39d6076c5d0264a6bbdae9d83
reads/MO_Milan_20260203__SRR38294935.target_enriched.fastq.gz	candidate_reads	SRR38294935	20	ac73670af3abed54ac6fb4695131f4099be9fbe39d6076c5d0264a6bbdae9d83
reads/MO_Milan_20260207__SRR38294882.target_enriched.fastq.gz	candidate_reads	SRR38294882	20	ac73670af3abed54ac6fb4695131f4099be9fbe39d6076c5d0264a6bbdae9d83
reads/MO_Milan_20260223__SRR38294879.target_enriched.fastq.gz	candidate_reads	SRR38294879	20	ac73670af3abed54ac6fb4695131f4099be9fbe39d6076c5d0264a6bbdae9d83
reads/MO_Milan_20260309__SRR38294931.target_enriched.fastq.gz	candidate_reads	SRR38294931	20	ac73670af3abed54ac6fb4695131f4099be9fbe39d6076c5d0264a6bbdae9d83
reads/MO_Milan_20260504__SRR39695289.target_enriched.fastq.gz	candidate_reads	SRR39695289	20	ac73670af3abed54ac6fb4695131f4099be9fbe39d6076c5d0264a6bbdae9d83
reads/MO_Monett_20250804__SRR35939759.target_enriched.fastq.gz	candidate_reads	SRR35939759	20	ac73670af3abed54ac6fb4695131f4099be9fbe39d6076c5d0264a6bbdae9d83
reads/MO_Monett_20250811__SRR35939758.target_enriched.fastq.gz	candidate_reads	SRR35939758	20	ac73670af3abed54ac6fb4695131f4099be9fbe39d6076c5d0264a6bbdae9d83
reads/MO_Monett_20250818a__SRR35939774.target_enriched.fastq.gz	candidate_reads	SRR35939774	20	ac73670af3abed54ac6fb4695131f4099be9fbe39d6076c5d0264a6bbdae9d83
reads/MO_Monett_20250825__SRR35939773.target_enriched.fastq.gz	candidate_reads	SRR35939773	20	ac73670af3abed54ac6fb4695131f4099be9fbe39d6076c5d0264a6bbdae9d83
reads/MO_Monett_20250902__SRR35939772.target_enriched.fastq.gz	candidate_reads	SRR35939772	272	00ac7706d01fc96558866458c58161179f88d931b4bf2a953ade2accb9eb1fae
reads/MO_Monett_20250908__SRR35939771.target_enriched.fastq.gz	candidate_reads	SRR35939771	20	ac73670af3abed54ac6fb4695131f4099be9fbe39d6076c5d0264a6bbdae9d83
reads/MO_Monett_20250915__SRR35939770.target_enriched.fastq.gz	candidate_reads	SRR35939770	20	ac73670af3abed54ac6fb4695131f4099be9fbe39d6076c5d0264a6bbdae9d83
reads/MO_Monett_20250922__SRR35939769.target_enriched.fastq.gz	candidate_reads	SRR35939769	20	ac73670af3abed54ac6fb4695131f4099be9fbe39d6076c5d0264a6bbdae9d83
reads/MO_Monett_20250929__SRR35939768.target_enriched.fastq.gz	candidate_reads	SRR35939768	20	ac73670af3abed54ac6fb4695131f4099be9fbe39d6076c5d0264a6bbdae9d83
reads/MO_Monett_20251006__SRR35939767.target_enriched.fastq.gz	candidate_reads	SRR35939767	20	ac73670af3abed54ac6fb4695131f4099be9fbe39d6076c5d0264a6bbdae9d83
reads/MO_Monett_20251013__SRR35939766.target_enriched.fastq.gz	candidate_reads	SRR35939766	20	ac73670af3abed54ac6fb4695131f4099be9fbe39d6076c5d0264a6bbdae9d83
reads/MO_Monett_20251027__SRR36876982.target_enriched.fastq.gz	candidate_reads	SRR36876982	20	ac73670af3abed54ac6fb4695131f4099be9fbe39d6076c5d0264a6bbdae9d83
reads/MO_Monett_20251103__SRR36876981.target_enriched.fastq.gz	candidate_reads	SRR36876981	20	ac73670af3abed54ac6fb4695131f4099be9fbe39d6076c5d0264a6bbdae9d83
reads/MO_Monett_20251110__SRR36876968.target_enriched.fastq.gz	candidate_reads	SRR36876968	20	ac73670af3abed54ac6fb4695131f4099be9fbe39d6076c5d0264a6bbdae9d83
reads/MO_Monett_20251117__SRR36876989.target_enriched.fastq.gz	candidate_reads	SRR36876989	2150	538d1e2fb9f6c2cfe417529c692c49d408e2215e335b1c07f5c6d50cbad58dac
reads/MO_Monett_20251124__SRR36876987.target_enriched.fastq.gz	candidate_reads	SRR36876987	20	ac73670af3abed54ac6fb4695131f4099be9fbe39d6076c5d0264a6bbdae9d83
reads/MO_Monett_20251201__SRR36876986.target_enriched.fastq.gz	candidate_reads	SRR36876986	20	ac73670af3abed54ac6fb4695131f4099be9fbe39d6076c5d0264a6bbdae9d83
reads/MO_Monett_20251208__SRR36876985.target_enriched.fastq.gz	candidate_reads	SRR36876985	20	ac73670af3abed54ac6fb4695131f4099be9fbe39d6076c5d0264a6bbdae9d83
reads/MO_Monett_20251222__SRR37092415.target_enriched.fastq.gz	candidate_reads	SRR37092415	20	ac73670af3abed54ac6fb4695131f4099be9fbe39d6076c5d0264a6bbdae9d83
reads/MO_Monett_20251229__SRR37092413.target_enriched.fastq.gz	candidate_reads	SRR37092413	20	ac73670af3abed54ac6fb4695131f4099be9fbe39d6076c5d0264a6bbdae9d83
reads/MO_Monett_20260105__SRR38294930.target_enriched.fastq.gz	candidate_reads	SRR38294930	20	ac73670af3abed54ac6fb4695131f4099be9fbe39d6076c5d0264a6bbdae9d83
reads/MO_Monett_20260112__SRR38294929.target_enriched.fastq.gz	candidate_reads	SRR38294929	20	ac73670af3abed54ac6fb4695131f4099be9fbe39d6076c5d0264a6bbdae9d83
reads/MO_Monett_20260119__SRR38294927.target_enriched.fastq.gz	candidate_reads	SRR38294927	20	ac73670af3abed54ac6fb4695131f4099be9fbe39d6076c5d0264a6bbdae9d83
reads/MO_Monett_20260126__SRR38294928.target_enriched.fastq.gz	candidate_reads	SRR38294928	20	ac73670af3abed54ac6fb4695131f4099be9fbe39d6076c5d0264a6bbdae9d83
reads/MO_Monett_20260202__SRR38294617.target_enriched.fastq.gz	candidate_reads	SRR38294617	20	ac73670af3abed54ac6fb4695131f4099be9fbe39d6076c5d0264a6bbdae9d83
reads/MO_Monett_20260209__SRR38294608.target_enriched.fastq.gz	candidate_reads	SRR38294608	20	ac73670af3abed54ac6fb4695131f4099be9fbe39d6076c5d0264a6bbdae9d83
reads/MO_Monett_20260216__SRR38294606.target_enriched.fastq.gz	candidate_reads	SRR38294606	20	ac73670af3abed54ac6fb4695131f4099be9fbe39d6076c5d0264a6bbdae9d83
reads/MO_Monett_20260223__SRR38294605.target_enriched.fastq.gz	candidate_reads	SRR38294605	20	ac73670af3abed54ac6fb4695131f4099be9fbe39d6076c5d0264a6bbdae9d83
reads/MO_Monett_20260302__SRR38294604.target_enriched.fastq.gz	candidate_reads	SRR38294604	20	ac73670af3abed54ac6fb4695131f4099be9fbe39d6076c5d0264a6bbdae9d83
reads/MO_Monett_20260309__SRR38294602.target_enriched.fastq.gz	candidate_reads	SRR38294602	20	ac73670af3abed54ac6fb4695131f4099be9fbe39d6076c5d0264a6bbdae9d83
reads/MO_Monett_20260316__SRR38294603.target_enriched.fastq.gz	candidate_reads	SRR38294603	20	ac73670af3abed54ac6fb4695131f4099be9fbe39d6076c5d0264a6bbdae9d83
reads/MO_Monett_20260323__SRR38294601.target_enriched.fastq.gz	candidate_reads	SRR38294601	20	ac73670af3abed54ac6fb4695131f4099be9fbe39d6076c5d0264a6bbdae9d83
reads/MO_Monett_20260330__SRR38294600.target_enriched.fastq.gz	candidate_reads	SRR38294600	20	ac73670af3abed54ac6fb4695131f4099be9fbe39d6076c5d0264a6bbdae9d83
reads/MO_Monett_20260406__SRR39695286.target_enriched.fastq.gz	candidate_reads	SRR39695286	20	ac73670af3abed54ac6fb4695131f4099be9fbe39d6076c5d0264a6bbdae9d83
reads/MO_Monett_20260413__SRR39695023.target_enriched.fastq.gz	candidate_reads	SRR39695023	20	ac73670af3abed54ac6fb4695131f4099be9fbe39d6076c5d0264a6bbdae9d83
reads/MO_Monett_20260420__SRR39695020.target_enriched.fastq.gz	candidate_reads	SRR39695020	20	ac73670af3abed54ac6fb4695131f4099be9fbe39d6076c5d0264a6bbdae9d83
reads/MO_Monett_20260427__SRR39695021.target_enriched.fastq.gz	candidate_reads	SRR39695021	20	ac73670af3abed54ac6fb4695131f4099be9fbe39d6076c5d0264a6bbdae9d83
reads/MO_Monett_20260504__SRR39695019.target_enriched.fastq.gz	candidate_reads	SRR39695019	20	ac73670af3abed54ac6fb4695131f4099be9fbe39d6076c5d0264a6bbdae9d83
reads/MO_Monett_20260511__SRR39695175.target_enriched.fastq.gz	candidate_reads	SRR39695175	20	ac73670af3abed54ac6fb4695131f4099be9fbe39d6076c5d0264a6bbdae9d83
reads/MO_Monett_20260518__SRR39695172.target_enriched.fastq.gz	candidate_reads	SRR39695172	20	ac73670af3abed54ac6fb4695131f4099be9fbe39d6076c5d0264a6bbdae9d83
reads/MO_Monett_20260526__SRR39695010.target_enriched.fastq.gz	candidate_reads	SRR39695010	20	ac73670af3abed54ac6fb4695131f4099be9fbe39d6076c5d0264a6bbdae9d83
reads/MO_Monett_20260601__SRR39695007.target_enriched.fastq.gz	candidate_reads	SRR39695007	20	ac73670af3abed54ac6fb4695131f4099be9fbe39d6076c5d0264a6bbdae9d83
reads/MO_Monett_20260608__SRR39695008.target_enriched.fastq.gz	candidate_reads	SRR39695008	20	ac73670af3abed54ac6fb4695131f4099be9fbe39d6076c5d0264a6bbdae9d83
reads/MO_Monett_20260615__SRR39695016.target_enriched.fastq.gz	candidate_reads	SRR39695016	20	ac73670af3abed54ac6fb4695131f4099be9fbe39d6076c5d0264a6bbdae9d83
reads/MO_Monett_20260622__SRR39695014.target_enriched.fastq.gz	candidate_reads	SRR39695014	926	bccbd8b98b4b8f363de79e5f8477f6015f9025c854f44273dca50b06a75be1d8
reads/MO_Monett_20260629__SRR39695012.target_enriched.fastq.gz	candidate_reads	SRR39695012	20	ac73670af3abed54ac6fb4695131f4099be9fbe39d6076c5d0264a6bbdae9d83
reads/MO_STL_Bissell_20250603__SRR38294189.target_enriched.fastq.gz	candidate_reads	SRR38294189	20	ac73670af3abed54ac6fb4695131f4099be9fbe39d6076c5d0264a6bbdae9d83
reads/MO_STL_Bissell_20250605__SRR38294188.target_enriched.fastq.gz	candidate_reads	SRR38294188	20	ac73670af3abed54ac6fb4695131f4099be9fbe39d6076c5d0264a6bbdae9d83
reads/MO_STL_Bissell_20250609__SRR38294129.target_enriched.fastq.gz	candidate_reads	SRR38294129	20	ac73670af3abed54ac6fb4695131f4099be9fbe39d6076c5d0264a6bbdae9d83
reads/MO_STL_Bissell_20250612__SRR38294154.target_enriched.fastq.gz	candidate_reads	SRR38294154	20	ac73670af3abed54ac6fb4695131f4099be9fbe39d6076c5d0264a6bbdae9d83
reads/MO_STL_Bissell_20250620__SRR38294114.target_enriched.fastq.gz	candidate_reads	SRR38294114	20	ac73670af3abed54ac6fb4695131f4099be9fbe39d6076c5d0264a6bbdae9d83
reads/MO_STL_Bissell_20250624__SRR38294086.target_enriched.fastq.gz	candidate_reads	SRR38294086	20	ac73670af3abed54ac6fb4695131f4099be9fbe39d6076c5d0264a6bbdae9d83
reads/MO_STL_Bissell_20250701__SRR38294060.target_enriched.fastq.gz	candidate_reads	SRR38294060	20	ac73670af3abed54ac6fb4695131f4099be9fbe39d6076c5d0264a6bbdae9d83
reads/MO_STL_Bissell_20250707__SRR38294078.target_enriched.fastq.gz	candidate_reads	SRR38294078	20	ac73670af3abed54ac6fb4695131f4099be9fbe39d6076c5d0264a6bbdae9d83
reads/MO_STL_Bissell_20250717__SRR38294147.target_enriched.fastq.gz	candidate_reads	SRR38294147	20	ac73670af3abed54ac6fb4695131f4099be9fbe39d6076c5d0264a6bbdae9d83
reads/MO_STL_Bissell_20250723__SRR38294098.target_enriched.fastq.gz	candidate_reads	SRR38294098	20	ac73670af3abed54ac6fb4695131f4099be9fbe39d6076c5d0264a6bbdae9d83
reads/MO_STL_Bissell_20250728__SRR38294187.target_enriched.fastq.gz	candidate_reads	SRR38294187	20	ac73670af3abed54ac6fb4695131f4099be9fbe39d6076c5d0264a6bbdae9d83
reads/MO_STL_Bissell_20250806__SRR38294176.target_enriched.fastq.gz	candidate_reads	SRR38294176	20	ac73670af3abed54ac6fb4695131f4099be9fbe39d6076c5d0264a6bbdae9d83
reads/MO_STL_Bissell_20250811__SRR38294134.target_enriched.fastq.gz	candidate_reads	SRR38294134	20	ac73670af3abed54ac6fb4695131f4099be9fbe39d6076c5d0264a6bbdae9d83
reads/MO_STL_Bissell_20250818__SRR38294162.target_enriched.fastq.gz	candidate_reads	SRR38294162	20	ac73670af3abed54ac6fb4695131f4099be9fbe39d6076c5d0264a6bbdae9d83
reads/MO_STL_Bissell_20250825__SRR38294164.target_enriched.fastq.gz	candidate_reads	SRR38294164	20	ac73670af3abed54ac6fb4695131f4099be9fbe39d6076c5d0264a6bbdae9d83
reads/MO_STL_Bissell_20250901__SRR38294124.target_enriched.fastq.gz	candidate_reads	SRR38294124	20	ac73670af3abed54ac6fb4695131f4099be9fbe39d6076c5d0264a6bbdae9d83
reads/MO_STL_Bissell_20250908__SRR38294126.target_enriched.fastq.gz	candidate_reads	SRR38294126	20	ac73670af3abed54ac6fb4695131f4099be9fbe39d6076c5d0264a6bbdae9d83
reads/MO_STL_Bissell_20250915__SRR38294125.target_enriched.fastq.gz	candidate_reads	SRR38294125	20	ac73670af3abed54ac6fb4695131f4099be9fbe39d6076c5d0264a6bbdae9d83
reads/MO_STL_Bissell_20250922__SRR38294127.target_enriched.fastq.gz	candidate_reads	SRR38294127	20	ac73670af3abed54ac6fb4695131f4099be9fbe39d6076c5d0264a6bbdae9d83
reads/MO_STL_Bissell_20250922__SRR38294128.target_enriched.fastq.gz	candidate_reads	SRR38294128	20	ac73670af3abed54ac6fb4695131f4099be9fbe39d6076c5d0264a6bbdae9d83
reads/MO_STL_Bissell_20250929__SRR38294130.target_enriched.fastq.gz	candidate_reads	SRR38294130	20	ac73670af3abed54ac6fb4695131f4099be9fbe39d6076c5d0264a6bbdae9d83
reads/MO_STL_Bissell_20251006__SRR38294131.target_enriched.fastq.gz	candidate_reads	SRR38294131	20	ac73670af3abed54ac6fb4695131f4099be9fbe39d6076c5d0264a6bbdae9d83
reads/MO_STL_Bissell_20251013__SRR38294133.target_enriched.fastq.gz	candidate_reads	SRR38294133	20	ac73670af3abed54ac6fb4695131f4099be9fbe39d6076c5d0264a6bbdae9d83
reads/MO_STL_Bissell_20251021__SRR38294155.target_enriched.fastq.gz	candidate_reads	SRR38294155	20	ac73670af3abed54ac6fb4695131f4099be9fbe39d6076c5d0264a6bbdae9d83
reads/MO_STL_Bissell_20251027__SRR38294153.target_enriched.fastq.gz	candidate_reads	SRR38294153	20	ac73670af3abed54ac6fb4695131f4099be9fbe39d6076c5d0264a6bbdae9d83
reads/MO_STL_Bissell_20251103__SRR38294093.target_enriched.fastq.gz	candidate_reads	SRR38294093	20	ac73670af3abed54ac6fb4695131f4099be9fbe39d6076c5d0264a6bbdae9d83
reads/MO_STL_Bissell_20251112__SRR38294092.target_enriched.fastq.gz	candidate_reads	SRR38294092	20	ac73670af3abed54ac6fb4695131f4099be9fbe39d6076c5d0264a6bbdae9d83
reads/MO_STL_Bissell_20251117__SRR38294091.target_enriched.fastq.gz	candidate_reads	SRR38294091	20	ac73670af3abed54ac6fb4695131f4099be9fbe39d6076c5d0264a6bbdae9d83
reads/MO_STL_Bissell_20251124__SRR38294089.target_enriched.fastq.gz	candidate_reads	SRR38294089	20	ac73670af3abed54ac6fb4695131f4099be9fbe39d6076c5d0264a6bbdae9d83
reads/MO_STL_Bissell_20251201__SRR38294090.target_enriched.fastq.gz	candidate_reads	SRR38294090	20	ac73670af3abed54ac6fb4695131f4099be9fbe39d6076c5d0264a6bbdae9d83
reads/MO_STL_Bissell_20251208__SRR38294152.target_enriched.fastq.gz	candidate_reads	SRR38294152	20	ac73670af3abed54ac6fb4695131f4099be9fbe39d6076c5d0264a6bbdae9d83
reads/MO_STL_Bissell_20251215__SRR38294123.target_enriched.fastq.gz	candidate_reads	SRR38294123	20	ac73670af3abed54ac6fb4695131f4099be9fbe39d6076c5d0264a6bbdae9d83
reads/MO_STL_Bissell_20251222__SRR38294122.target_enriched.fastq.gz	candidate_reads	SRR38294122	20	ac73670af3abed54ac6fb4695131f4099be9fbe39d6076c5d0264a6bbdae9d83
reads/MO_STL_Bissell_20251229__SRR38294120.target_enriched.fastq.gz	candidate_reads	SRR38294120	20	ac73670af3abed54ac6fb4695131f4099be9fbe39d6076c5d0264a6bbdae9d83
reads/MO_STL_Bissell_20260105__SRR38294746.target_enriched.fastq.gz	candidate_reads	SRR38294746	20	ac73670af3abed54ac6fb4695131f4099be9fbe39d6076c5d0264a6bbdae9d83
reads/MO_STL_Bissell_20260112__SRR38294886.target_enriched.fastq.gz	candidate_reads	SRR38294886	20	ac73670af3abed54ac6fb4695131f4099be9fbe39d6076c5d0264a6bbdae9d83
reads/MO_STL_Bissell_20260119__SRR38294885.target_enriched.fastq.gz	candidate_reads	SRR38294885	20	ac73670af3abed54ac6fb4695131f4099be9fbe39d6076c5d0264a6bbdae9d83
reads/MO_STL_Bissell_20260126__SRR38294884.target_enriched.fastq.gz	candidate_reads	SRR38294884	20	ac73670af3abed54ac6fb4695131f4099be9fbe39d6076c5d0264a6bbdae9d83
reads/MO_STL_Bissell_20260202__SRR38294883.target_enriched.fastq.gz	candidate_reads	SRR38294883	20	ac73670af3abed54ac6fb4695131f4099be9fbe39d6076c5d0264a6bbdae9d83
reads/MO_STL_Bissell_20260209__SRR38294881.target_enriched.fastq.gz	candidate_reads	SRR38294881	20	ac73670af3abed54ac6fb4695131f4099be9fbe39d6076c5d0264a6bbdae9d83
reads/MO_STL_Bissell_20260216__SRR38294859.target_enriched.fastq.gz	candidate_reads	SRR38294859	20	ac73670af3abed54ac6fb4695131f4099be9fbe39d6076c5d0264a6bbdae9d83
reads/MO_STL_Bissell_20260224__SRR38294858.target_enriched.fastq.gz	candidate_reads	SRR38294858	20	ac73670af3abed54ac6fb4695131f4099be9fbe39d6076c5d0264a6bbdae9d83
reads/MO_STL_Bissell_20260302__SRR38294880.target_enriched.fastq.gz	candidate_reads	SRR38294880	20	ac73670af3abed54ac6fb4695131f4099be9fbe39d6076c5d0264a6bbdae9d83
reads/MO_STL_Bissell_20260309__SRR38294878.target_enriched.fastq.gz	candidate_reads	SRR38294878	20	ac73670af3abed54ac6fb4695131f4099be9fbe39d6076c5d0264a6bbdae9d83
reads/MO_STL_Bissell_20260316__SRR38294877.target_enriched.fastq.gz	candidate_reads	SRR38294877	20	ac73670af3abed54ac6fb4695131f4099be9fbe39d6076c5d0264a6bbdae9d83
reads/MO_STL_Bissell_20260324__SRR38294876.target_enriched.fastq.gz	candidate_reads	SRR38294876	20	ac73670af3abed54ac6fb4695131f4099be9fbe39d6076c5d0264a6bbdae9d83
reads/MO_STL_Bissell_20260330__SRR38294874.target_enriched.fastq.gz	candidate_reads	SRR38294874	20	ac73670af3abed54ac6fb4695131f4099be9fbe39d6076c5d0264a6bbdae9d83
reads/MO_STL_Bissell_20260406__SRR39695011.target_enriched.fastq.gz	candidate_reads	SRR39695011	20	ac73670af3abed54ac6fb4695131f4099be9fbe39d6076c5d0264a6bbdae9d83
reads/MO_STL_Bissell_20260414__SRR39695186.target_enriched.fastq.gz	candidate_reads	SRR39695186	20	ac73670af3abed54ac6fb4695131f4099be9fbe39d6076c5d0264a6bbdae9d83
reads/MO_STL_Bissell_20260420__SRR39695185.target_enriched.fastq.gz	candidate_reads	SRR39695185	20	ac73670af3abed54ac6fb4695131f4099be9fbe39d6076c5d0264a6bbdae9d83
reads/MO_STL_Bissell_20260427__SRR39695184.target_enriched.fastq.gz	candidate_reads	SRR39695184	20	ac73670af3abed54ac6fb4695131f4099be9fbe39d6076c5d0264a6bbdae9d83
reads/MO_STL_Bissell_20260504__SRR39695183.target_enriched.fastq.gz	candidate_reads	SRR39695183	20	ac73670af3abed54ac6fb4695131f4099be9fbe39d6076c5d0264a6bbdae9d83
reads/MO_STL_Bissell_20260506__SRR39695181.target_enriched.fastq.gz	candidate_reads	SRR39695181	20	ac73670af3abed54ac6fb4695131f4099be9fbe39d6076c5d0264a6bbdae9d83
reads/MO_STL_Bissell_20260511__SRR39695182.target_enriched.fastq.gz	candidate_reads	SRR39695182	20	ac73670af3abed54ac6fb4695131f4099be9fbe39d6076c5d0264a6bbdae9d83
reads/MO_STL_Bissell_20260518__SRR39695180.target_enriched.fastq.gz	candidate_reads	SRR39695180	20	ac73670af3abed54ac6fb4695131f4099be9fbe39d6076c5d0264a6bbdae9d83
reads/MO_STL_Bissell_20260525__SRR39695179.target_enriched.fastq.gz	candidate_reads	SRR39695179	20	ac73670af3abed54ac6fb4695131f4099be9fbe39d6076c5d0264a6bbdae9d83
reads/MO_STL_Bissell_20260602__SRR39695177.target_enriched.fastq.gz	candidate_reads	SRR39695177	20	ac73670af3abed54ac6fb4695131f4099be9fbe39d6076c5d0264a6bbdae9d83
reads/MO_STL_Bissell_20260608__SRR39695176.target_enriched.fastq.gz	candidate_reads	SRR39695176	20	ac73670af3abed54ac6fb4695131f4099be9fbe39d6076c5d0264a6bbdae9d83
reads/MO_STL_Bissell_20260615__SRR39695174.target_enriched.fastq.gz	candidate_reads	SRR39695174	20	ac73670af3abed54ac6fb4695131f4099be9fbe39d6076c5d0264a6bbdae9d83
reads/MO_STL_Bissell_20260617__SRR39695009.target_enriched.fastq.gz	candidate_reads	SRR39695009	20	ac73670af3abed54ac6fb4695131f4099be9fbe39d6076c5d0264a6bbdae9d83
reads/MO_STL_Bissell_20260630__SRR39695276.target_enriched.fastq.gz	candidate_reads	SRR39695276	20	ac73670af3abed54ac6fb4695131f4099be9fbe39d6076c5d0264a6bbdae9d83
reads/MO_STL_Coldwater_20250603__SRR38294121.target_enriched.fastq.gz	candidate_reads	SRR38294121	20	ac73670af3abed54ac6fb4695131f4099be9fbe39d6076c5d0264a6bbdae9d83
reads/MO_STL_Coldwater_20250605__SRR38294119.target_enriched.fastq.gz	candidate_reads	SRR38294119	20	ac73670af3abed54ac6fb4695131f4099be9fbe39d6076c5d0264a6bbdae9d83
reads/MO_STL_Coldwater_20250609__SRR38294118.target_enriched.fastq.gz	candidate_reads	SRR38294118	20	ac73670af3abed54ac6fb4695131f4099be9fbe39d6076c5d0264a6bbdae9d83
reads/MO_STL_Coldwater_20250612__SRR38294117.target_enriched.fastq.gz	candidate_reads	SRR38294117	20	ac73670af3abed54ac6fb4695131f4099be9fbe39d6076c5d0264a6bbdae9d83
reads/MO_STL_Coldwater_20250617__SRR38294116.target_enriched.fastq.gz	candidate_reads	SRR38294116	20	ac73670af3abed54ac6fb4695131f4099be9fbe39d6076c5d0264a6bbdae9d83
reads/MO_STL_Coldwater_20250620__SRR38294115.target_enriched.fastq.gz	candidate_reads	SRR38294115	20	ac73670af3abed54ac6fb4695131f4099be9fbe39d6076c5d0264a6bbdae9d83
reads/MO_STL_Coldwater_20250626__SRR38294112.target_enriched.fastq.gz	candidate_reads	SRR38294112	20	ac73670af3abed54ac6fb4695131f4099be9fbe39d6076c5d0264a6bbdae9d83
reads/MO_STL_Coldwater_20250701__SRR38294113.target_enriched.fastq.gz	candidate_reads	SRR38294113	20	ac73670af3abed54ac6fb4695131f4099be9fbe39d6076c5d0264a6bbdae9d83
reads/MO_STL_Coldwater_20250707__SRR38294111.target_enriched.fastq.gz	candidate_reads	SRR38294111	2360	d019357f6c60acee7b6f37c63b2a8f02da712ca63e1a7a1d73df69d6de81624b
reads/MO_STL_Coldwater_20250714__SRR38294097.target_enriched.fastq.gz	candidate_reads	SRR38294097	20	ac73670af3abed54ac6fb4695131f4099be9fbe39d6076c5d0264a6bbdae9d83
reads/MO_STL_Coldwater_20250717__SRR38294096.target_enriched.fastq.gz	candidate_reads	SRR38294096	20	ac73670af3abed54ac6fb4695131f4099be9fbe39d6076c5d0264a6bbdae9d83
reads/MO_STL_Coldwater_20250723__SRR38294094.target_enriched.fastq.gz	candidate_reads	SRR38294094	20	ac73670af3abed54ac6fb4695131f4099be9fbe39d6076c5d0264a6bbdae9d83
reads/MO_STL_Coldwater_20250728__SRR38294095.target_enriched.fastq.gz	candidate_reads	SRR38294095	20	ac73670af3abed54ac6fb4695131f4099be9fbe39d6076c5d0264a6bbdae9d83
reads/MO_STL_Coldwater_20250806__SRR38294083.target_enriched.fastq.gz	candidate_reads	SRR38294083	885	6421c7dea00515346d9ac54f2d8e63174e3671a9450bbb68987d25d3008f2c7f
reads/MO_STL_Coldwater_20250811__SRR38294088.target_enriched.fastq.gz	candidate_reads	SRR38294088	20	ac73670af3abed54ac6fb4695131f4099be9fbe39d6076c5d0264a6bbdae9d83
reads/MO_STL_Coldwater_20250818__SRR38294087.target_enriched.fastq.gz	candidate_reads	SRR38294087	20	ac73670af3abed54ac6fb4695131f4099be9fbe39d6076c5d0264a6bbdae9d83
reads/MO_STL_Coldwater_20250825__SRR38294084.target_enriched.fastq.gz	candidate_reads	SRR38294084	20	ac73670af3abed54ac6fb4695131f4099be9fbe39d6076c5d0264a6bbdae9d83
reads/MO_STL_Coldwater_20250901__SRR38294070.target_enriched.fastq.gz	candidate_reads	SRR38294070	20	ac73670af3abed54ac6fb4695131f4099be9fbe39d6076c5d0264a6bbdae9d83
reads/MO_STL_Coldwater_20250908__SRR38294069.target_enriched.fastq.gz	candidate_reads	SRR38294069	20	ac73670af3abed54ac6fb4695131f4099be9fbe39d6076c5d0264a6bbdae9d83
reads/MO_STL_Coldwater_20250915__SRR38294067.target_enriched.fastq.gz	candidate_reads	SRR38294067	20	ac73670af3abed54ac6fb4695131f4099be9fbe39d6076c5d0264a6bbdae9d83
reads/MO_STL_Coldwater_20250922__SRR38294066.target_enriched.fastq.gz	candidate_reads	SRR38294066	20	ac73670af3abed54ac6fb4695131f4099be9fbe39d6076c5d0264a6bbdae9d83
reads/MO_STL_Coldwater_20250922__SRR38294068.target_enriched.fastq.gz	candidate_reads	SRR38294068	20	ac73670af3abed54ac6fb4695131f4099be9fbe39d6076c5d0264a6bbdae9d83
reads/MO_STL_Coldwater_20250929__SRR38294065.target_enriched.fastq.gz	candidate_reads	SRR38294065	20	ac73670af3abed54ac6fb4695131f4099be9fbe39d6076c5d0264a6bbdae9d83
reads/MO_STL_Coldwater_20251006__SRR38294064.target_enriched.fastq.gz	candidate_reads	SRR38294064	20	ac73670af3abed54ac6fb4695131f4099be9fbe39d6076c5d0264a6bbdae9d83
reads/MO_STL_Coldwater_20251013__SRR38294063.target_enriched.fastq.gz	candidate_reads	SRR38294063	20	ac73670af3abed54ac6fb4695131f4099be9fbe39d6076c5d0264a6bbdae9d83
reads/MO_STL_Coldwater_20251021__SRR38294062.target_enriched.fastq.gz	candidate_reads	SRR38294062	20	ac73670af3abed54ac6fb4695131f4099be9fbe39d6076c5d0264a6bbdae9d83
reads/MO_STL_Coldwater_20251027__SRR38294061.target_enriched.fastq.gz	candidate_reads	SRR38294061	253	8ed6459c2b6a8b675c519a171250c5de4f1d0bd82d1578ae3d69396012e613b1
reads/MO_STL_Coldwater_20251103__SRR38294059.target_enriched.fastq.gz	candidate_reads	SRR38294059	20	ac73670af3abed54ac6fb4695131f4099be9fbe39d6076c5d0264a6bbdae9d83
reads/MO_STL_Coldwater_20251112__SRR38294058.target_enriched.fastq.gz	candidate_reads	SRR38294058	20	ac73670af3abed54ac6fb4695131f4099be9fbe39d6076c5d0264a6bbdae9d83
reads/MO_STL_Coldwater_20251117__SRR38294085.target_enriched.fastq.gz	candidate_reads	SRR38294085	20	ac73670af3abed54ac6fb4695131f4099be9fbe39d6076c5d0264a6bbdae9d83
reads/MO_STL_Coldwater_20251124__SRR38294082.target_enriched.fastq.gz	candidate_reads	SRR38294082	20	ac73670af3abed54ac6fb4695131f4099be9fbe39d6076c5d0264a6bbdae9d83
reads/MO_STL_Coldwater_20251201__SRR38294081.target_enriched.fastq.gz	candidate_reads	SRR38294081	20	ac73670af3abed54ac6fb4695131f4099be9fbe39d6076c5d0264a6bbdae9d83
reads/MO_STL_Coldwater_20251208__SRR38294080.target_enriched.fastq.gz	candidate_reads	SRR38294080	20	ac73670af3abed54ac6fb4695131f4099be9fbe39d6076c5d0264a6bbdae9d83
reads/MO_STL_Coldwater_20251215__SRR38294079.target_enriched.fastq.gz	candidate_reads	SRR38294079	20	ac73670af3abed54ac6fb4695131f4099be9fbe39d6076c5d0264a6bbdae9d83
reads/MO_STL_Coldwater_20251222__SRR38294077.target_enriched.fastq.gz	candidate_reads	SRR38294077	20	ac73670af3abed54ac6fb4695131f4099be9fbe39d6076c5d0264a6bbdae9d83
reads/MO_STL_Coldwater_20251229__SRR38294107.target_enriched.fastq.gz	candidate_reads	SRR38294107	20	ac73670af3abed54ac6fb4695131f4099be9fbe39d6076c5d0264a6bbdae9d83
reads/MO_STL_Coldwater_20260105__SRR38294872.target_enriched.fastq.gz	candidate_reads	SRR38294872	20	ac73670af3abed54ac6fb4695131f4099be9fbe39d6076c5d0264a6bbdae9d83
reads/MO_STL_Coldwater_20260112__SRR38294873.target_enriched.fastq.gz	candidate_reads	SRR38294873	20	ac73670af3abed54ac6fb4695131f4099be9fbe39d6076c5d0264a6bbdae9d83
reads/MO_STL_Coldwater_20260119__SRR38294871.target_enriched.fastq.gz	candidate_reads	SRR38294871	20	ac73670af3abed54ac6fb4695131f4099be9fbe39d6076c5d0264a6bbdae9d83
reads/MO_STL_Coldwater_20260126__SRR38294870.target_enriched.fastq.gz	candidate_reads	SRR38294870	20	ac73670af3abed54ac6fb4695131f4099be9fbe39d6076c5d0264a6bbdae9d83
reads/MO_STL_Coldwater_20260202__SRR38294869.target_enriched.fastq.gz	candidate_reads	SRR38294869	20	ac73670af3abed54ac6fb4695131f4099be9fbe39d6076c5d0264a6bbdae9d83
reads/MO_STL_Coldwater_20260209__SRR38294867.target_enriched.fastq.gz	candidate_reads	SRR38294867	20	ac73670af3abed54ac6fb4695131f4099be9fbe39d6076c5d0264a6bbdae9d83
reads/MO_STL_Coldwater_20260216__SRR38294868.target_enriched.fastq.gz	candidate_reads	SRR38294868	20	ac73670af3abed54ac6fb4695131f4099be9fbe39d6076c5d0264a6bbdae9d83
reads/MO_STL_Coldwater_20260224__SRR38294866.target_enriched.fastq.gz	candidate_reads	SRR38294866	20	ac73670af3abed54ac6fb4695131f4099be9fbe39d6076c5d0264a6bbdae9d83
reads/MO_STL_Coldwater_20260302__SRR38294865.target_enriched.fastq.gz	candidate_reads	SRR38294865	20	ac73670af3abed54ac6fb4695131f4099be9fbe39d6076c5d0264a6bbdae9d83
reads/MO_STL_Coldwater_20260309__SRR38294863.target_enriched.fastq.gz	candidate_reads	SRR38294863	20	ac73670af3abed54ac6fb4695131f4099be9fbe39d6076c5d0264a6bbdae9d83
reads/MO_STL_Coldwater_20260316__SRR38294862.target_enriched.fastq.gz	candidate_reads	SRR38294862	20	ac73670af3abed54ac6fb4695131f4099be9fbe39d6076c5d0264a6bbdae9d83
reads/MO_STL_Coldwater_20260324__SRR38294860.target_enriched.fastq.gz	candidate_reads	SRR38294860	20	ac73670af3abed54ac6fb4695131f4099be9fbe39d6076c5d0264a6bbdae9d83
reads/MO_STL_Coldwater_20260330__SRR38294861.target_enriched.fastq.gz	candidate_reads	SRR38294861	20	ac73670af3abed54ac6fb4695131f4099be9fbe39d6076c5d0264a6bbdae9d83
reads/MO_STL_Coldwater_20260406__SRR39695275.target_enriched.fastq.gz	candidate_reads	SRR39695275	20	ac73670af3abed54ac6fb4695131f4099be9fbe39d6076c5d0264a6bbdae9d83
reads/MO_STL_Coldwater_20260414__SRR39695006.target_enriched.fastq.gz	candidate_reads	SRR39695006	20	ac73670af3abed54ac6fb4695131f4099be9fbe39d6076c5d0264a6bbdae9d83
reads/MO_STL_Coldwater_20260420__SRR39695005.target_enriched.fastq.gz	candidate_reads	SRR39695005	20	ac73670af3abed54ac6fb4695131f4099be9fbe39d6076c5d0264a6bbdae9d83
reads/MO_STL_Coldwater_20260427__SRR39695004.target_enriched.fastq.gz	candidate_reads	SRR39695004	20	ac73670af3abed54ac6fb4695131f4099be9fbe39d6076c5d0264a6bbdae9d83
reads/MO_STL_Coldwater_20260504__SRR39695002.target_enriched.fastq.gz	candidate_reads	SRR39695002	20	ac73670af3abed54ac6fb4695131f4099be9fbe39d6076c5d0264a6bbdae9d83
reads/MO_STL_Coldwater_20260506__SRR39695001.target_enriched.fastq.gz	candidate_reads	SRR39695001	20	ac73670af3abed54ac6fb4695131f4099be9fbe39d6076c5d0264a6bbdae9d83
reads/MO_STL_Coldwater_20260511__SRR39695000.target_enriched.fastq.gz	candidate_reads	SRR39695000	20	ac73670af3abed54ac6fb4695131f4099be9fbe39d6076c5d0264a6bbdae9d83
reads/MO_STL_Coldwater_20260518__SRR39694999.target_enriched.fastq.gz	candidate_reads	SRR39694999	20	ac73670af3abed54ac6fb4695131f4099be9fbe39d6076c5d0264a6bbdae9d83
reads/MO_STL_Coldwater_20260525__SRR39694998.target_enriched.fastq.gz	candidate_reads	SRR39694998	20	ac73670af3abed54ac6fb4695131f4099be9fbe39d6076c5d0264a6bbdae9d83
reads/MO_STL_Coldwater_20260602__SRR39695287.target_enriched.fastq.gz	candidate_reads	SRR39695287	20	ac73670af3abed54ac6fb4695131f4099be9fbe39d6076c5d0264a6bbdae9d83
reads/MO_STL_Coldwater_20260608__SRR39695284.target_enriched.fastq.gz	candidate_reads	SRR39695284	20	ac73670af3abed54ac6fb4695131f4099be9fbe39d6076c5d0264a6bbdae9d83
reads/MO_STL_Coldwater_20260615__SRR39695285.target_enriched.fastq.gz	candidate_reads	SRR39695285	20	ac73670af3abed54ac6fb4695131f4099be9fbe39d6076c5d0264a6bbdae9d83
reads/MO_STL_Coldwater_20260617__SRR39695283.target_enriched.fastq.gz	candidate_reads	SRR39695283	20	ac73670af3abed54ac6fb4695131f4099be9fbe39d6076c5d0264a6bbdae9d83
reads/MO_STL_Coldwater_20260630__SRR39695282.target_enriched.fastq.gz	candidate_reads	SRR39695282	20	ac73670af3abed54ac6fb4695131f4099be9fbe39d6076c5d0264a6bbdae9d83
reads/MO_STL_Lemay_20250603__SRR38294076.target_enriched.fastq.gz	candidate_reads	SRR38294076	20	ac73670af3abed54ac6fb4695131f4099be9fbe39d6076c5d0264a6bbdae9d83
reads/MO_STL_Lemay_20250605__SRR38294075.target_enriched.fastq.gz	candidate_reads	SRR38294075	20	ac73670af3abed54ac6fb4695131f4099be9fbe39d6076c5d0264a6bbdae9d83
reads/MO_STL_Lemay_20250609__SRR38294074.target_enriched.fastq.gz	candidate_reads	SRR38294074	20	ac73670af3abed54ac6fb4695131f4099be9fbe39d6076c5d0264a6bbdae9d83
reads/MO_STL_Lemay_20250612__SRR38294072.target_enriched.fastq.gz	candidate_reads	SRR38294072	20	ac73670af3abed54ac6fb4695131f4099be9fbe39d6076c5d0264a6bbdae9d83
reads/MO_STL_Lemay_20250620__SRR38294073.target_enriched.fastq.gz	candidate_reads	SRR38294073	20	ac73670af3abed54ac6fb4695131f4099be9fbe39d6076c5d0264a6bbdae9d83
reads/MO_STL_Lemay_20250626__SRR38294071.target_enriched.fastq.gz	candidate_reads	SRR38294071	20	ac73670af3abed54ac6fb4695131f4099be9fbe39d6076c5d0264a6bbdae9d83
reads/MO_STL_Lemay_20250701__SRR38294151.target_enriched.fastq.gz	candidate_reads	SRR38294151	20	ac73670af3abed54ac6fb4695131f4099be9fbe39d6076c5d0264a6bbdae9d83
reads/MO_STL_Lemay_20250707__SRR38294150.target_enriched.fastq.gz	candidate_reads	SRR38294150	20	ac73670af3abed54ac6fb4695131f4099be9fbe39d6076c5d0264a6bbdae9d83
reads/MO_STL_Lemay_20250714__SRR38294149.target_enriched.fastq.gz	candidate_reads	SRR38294149	20	ac73670af3abed54ac6fb4695131f4099be9fbe39d6076c5d0264a6bbdae9d83
reads/MO_STL_Lemay_20250723__SRR38294148.target_enriched.fastq.gz	candidate_reads	SRR38294148	20	ac73670af3abed54ac6fb4695131f4099be9fbe39d6076c5d0264a6bbdae9d83
reads/MO_STL_Lemay_20250728__SRR38294145.target_enriched.fastq.gz	candidate_reads	SRR38294145	20	ac73670af3abed54ac6fb4695131f4099be9fbe39d6076c5d0264a6bbdae9d83
reads/MO_STL_Lemay_20250806__SRR38294146.target_enriched.fastq.gz	candidate_reads	SRR38294146	454	e9eced5067ad5fc67ac7168bc970ff1f2491f6ce3761d061c633915ef12f5d72
reads/MO_STL_Lemay_20250811__SRR38294144.target_enriched.fastq.gz	candidate_reads	SRR38294144	20	ac73670af3abed54ac6fb4695131f4099be9fbe39d6076c5d0264a6bbdae9d83
reads/MO_STL_Lemay_20250818__SRR38294143.target_enriched.fastq.gz	candidate_reads	SRR38294143	20	ac73670af3abed54ac6fb4695131f4099be9fbe39d6076c5d0264a6bbdae9d83
reads/MO_STL_Lemay_20250825__SRR38294142.target_enriched.fastq.gz	candidate_reads	SRR38294142	20	ac73670af3abed54ac6fb4695131f4099be9fbe39d6076c5d0264a6bbdae9d83
reads/MO_STL_Lemay_20250901__SRR38294137.target_enriched.fastq.gz	candidate_reads	SRR38294137	20	ac73670af3abed54ac6fb4695131f4099be9fbe39d6076c5d0264a6bbdae9d83
reads/MO_STL_Lemay_20250908__SRR38294138.target_enriched.fastq.gz	candidate_reads	SRR38294138	20	ac73670af3abed54ac6fb4695131f4099be9fbe39d6076c5d0264a6bbdae9d83
reads/MO_STL_Lemay_20250915__SRR38294139.target_enriched.fastq.gz	candidate_reads	SRR38294139	20	ac73670af3abed54ac6fb4695131f4099be9fbe39d6076c5d0264a6bbdae9d83
reads/MO_STL_Lemay_20250922__SRR38294110.target_enriched.fastq.gz	candidate_reads	SRR38294110	20	ac73670af3abed54ac6fb4695131f4099be9fbe39d6076c5d0264a6bbdae9d83
reads/MO_STL_Lemay_20250929__SRR38294109.target_enriched.fastq.gz	candidate_reads	SRR38294109	20	ac73670af3abed54ac6fb4695131f4099be9fbe39d6076c5d0264a6bbdae9d83
reads/MO_STL_Lemay_20251006__SRR38294140.target_enriched.fastq.gz	candidate_reads	SRR38294140	20	ac73670af3abed54ac6fb4695131f4099be9fbe39d6076c5d0264a6bbdae9d83
reads/MO_STL_Lemay_20251013__SRR38294108.target_enriched.fastq.gz	candidate_reads	SRR38294108	20	ac73670af3abed54ac6fb4695131f4099be9fbe39d6076c5d0264a6bbdae9d83
reads/MO_STL_Lemay_20251021__SRR38294106.target_enriched.fastq.gz	candidate_reads	SRR38294106	20	ac73670af3abed54ac6fb4695131f4099be9fbe39d6076c5d0264a6bbdae9d83
reads/MO_STL_Lemay_20251027__SRR38294105.target_enriched.fastq.gz	candidate_reads	SRR38294105	260	e9f2599efd2d94458e27b4e44ef2eda2a549bd552824729d9750a4dac41709e2
reads/MO_STL_Lemay_20251103__SRR38294104.target_enriched.fastq.gz	candidate_reads	SRR38294104	20	ac73670af3abed54ac6fb4695131f4099be9fbe39d6076c5d0264a6bbdae9d83
reads/MO_STL_Lemay_20251112__SRR38294102.target_enriched.fastq.gz	candidate_reads	SRR38294102	20	ac73670af3abed54ac6fb4695131f4099be9fbe39d6076c5d0264a6bbdae9d83
reads/MO_STL_Lemay_20251117__SRR38294103.target_enriched.fastq.gz	candidate_reads	SRR38294103	20	ac73670af3abed54ac6fb4695131f4099be9fbe39d6076c5d0264a6bbdae9d83
reads/MO_STL_Lemay_20251124__SRR38294101.target_enriched.fastq.gz	candidate_reads	SRR38294101	20	ac73670af3abed54ac6fb4695131f4099be9fbe39d6076c5d0264a6bbdae9d83
reads/MO_STL_Lemay_20251201__SRR38294100.target_enriched.fastq.gz	candidate_reads	SRR38294100	20	ac73670af3abed54ac6fb4695131f4099be9fbe39d6076c5d0264a6bbdae9d83
reads/MO_STL_Lemay_20251208__SRR38294099.target_enriched.fastq.gz	candidate_reads	SRR38294099	20	ac73670af3abed54ac6fb4695131f4099be9fbe39d6076c5d0264a6bbdae9d83
reads/MO_STL_Lemay_20251215__SRR38294186.target_enriched.fastq.gz	candidate_reads	SRR38294186	20	ac73670af3abed54ac6fb4695131f4099be9fbe39d6076c5d0264a6bbdae9d83
reads/MO_STL_Lemay_20251222__SRR38294185.target_enriched.fastq.gz	candidate_reads	SRR38294185	20	ac73670af3abed54ac6fb4695131f4099be9fbe39d6076c5d0264a6bbdae9d83
reads/MO_STL_Lemay_20251229__SRR38294183.target_enriched.fastq.gz	candidate_reads	SRR38294183	20	ac73670af3abed54ac6fb4695131f4099be9fbe39d6076c5d0264a6bbdae9d83
reads/MO_STL_Lemay_20260105__SRR38294910.target_enriched.fastq.gz	candidate_reads	SRR38294910	20	ac73670af3abed54ac6fb4695131f4099be9fbe39d6076c5d0264a6bbdae9d83
reads/MO_STL_Lemay_20260112__SRR38294749.target_enriched.fastq.gz	candidate_reads	SRR38294749	20	ac73670af3abed54ac6fb4695131f4099be9fbe39d6076c5d0264a6bbdae9d83
reads/MO_STL_Lemay_20260119__SRR38294747.target_enriched.fastq.gz	candidate_reads	SRR38294747	20	ac73670af3abed54ac6fb4695131f4099be9fbe39d6076c5d0264a6bbdae9d83
reads/MO_STL_Lemay_20260126__SRR38294857.target_enriched.fastq.gz	candidate_reads	SRR38294857	20	ac73670af3abed54ac6fb4695131f4099be9fbe39d6076c5d0264a6bbdae9d83
reads/MO_STL_Lemay_20260202__SRR38294855.target_enriched.fastq.gz	candidate_reads	SRR38294855	20	ac73670af3abed54ac6fb4695131f4099be9fbe39d6076c5d0264a6bbdae9d83
reads/MO_STL_Lemay_20260209__SRR38294925.target_enriched.fastq.gz	candidate_reads	SRR38294925	20	ac73670af3abed54ac6fb4695131f4099be9fbe39d6076c5d0264a6bbdae9d83
reads/MO_STL_Lemay_20260216__SRR38294922.target_enriched.fastq.gz	candidate_reads	SRR38294922	20	ac73670af3abed54ac6fb4695131f4099be9fbe39d6076c5d0264a6bbdae9d83
reads/MO_STL_Lemay_20260224__SRR38294921.target_enriched.fastq.gz	candidate_reads	SRR38294921	20	ac73670af3abed54ac6fb4695131f4099be9fbe39d6076c5d0264a6bbdae9d83
reads/MO_STL_Lemay_20260302__SRR38294919.target_enriched.fastq.gz	candidate_reads	SRR38294919	20	ac73670af3abed54ac6fb4695131f4099be9fbe39d6076c5d0264a6bbdae9d83
reads/MO_STL_Lemay_20260309__SRR38294920.target_enriched.fastq.gz	candidate_reads	SRR38294920	20	ac73670af3abed54ac6fb4695131f4099be9fbe39d6076c5d0264a6bbdae9d83
reads/MO_STL_Lemay_20260316__SRR38294918.target_enriched.fastq.gz	candidate_reads	SRR38294918	20	ac73670af3abed54ac6fb4695131f4099be9fbe39d6076c5d0264a6bbdae9d83
reads/MO_STL_Lemay_20260324__SRR38294917.target_enriched.fastq.gz	candidate_reads	SRR38294917	20	ac73670af3abed54ac6fb4695131f4099be9fbe39d6076c5d0264a6bbdae9d83
reads/MO_STL_Lemay_20260330__SRR38294856.target_enriched.fastq.gz	candidate_reads	SRR38294856	20	ac73670af3abed54ac6fb4695131f4099be9fbe39d6076c5d0264a6bbdae9d83
reads/MO_STL_Lemay_20260406__SRR39695281.target_enriched.fastq.gz	candidate_reads	SRR39695281	20	ac73670af3abed54ac6fb4695131f4099be9fbe39d6076c5d0264a6bbdae9d83
reads/MO_STL_Lemay_20260414__SRR39695279.target_enriched.fastq.gz	candidate_reads	SRR39695279	940	8cc2cb3664226c5a88536ff8eabe5dc8f975454d46621051c7953d0c5fd35ce9
reads/MO_STL_Lemay_20260420__SRR39695277.target_enriched.fastq.gz	candidate_reads	SRR39695277	20	ac73670af3abed54ac6fb4695131f4099be9fbe39d6076c5d0264a6bbdae9d83
reads/MO_STL_Lemay_20260427__SRR39695278.target_enriched.fastq.gz	candidate_reads	SRR39695278	20	ac73670af3abed54ac6fb4695131f4099be9fbe39d6076c5d0264a6bbdae9d83
reads/MO_STL_Lemay_20260504__SRR39695170.target_enriched.fastq.gz	candidate_reads	SRR39695170	20	ac73670af3abed54ac6fb4695131f4099be9fbe39d6076c5d0264a6bbdae9d83
reads/MO_STL_Lemay_20260506__SRR39695169.target_enriched.fastq.gz	candidate_reads	SRR39695169	20	ac73670af3abed54ac6fb4695131f4099be9fbe39d6076c5d0264a6bbdae9d83
reads/MO_STL_Lemay_20260511__SRR39695167.target_enriched.fastq.gz	candidate_reads	SRR39695167	20	ac73670af3abed54ac6fb4695131f4099be9fbe39d6076c5d0264a6bbdae9d83
reads/MO_STL_Lemay_20260518__SRR39695168.target_enriched.fastq.gz	candidate_reads	SRR39695168	20	ac73670af3abed54ac6fb4695131f4099be9fbe39d6076c5d0264a6bbdae9d83
reads/MO_STL_Lemay_20260525__SRR39695274.target_enriched.fastq.gz	candidate_reads	SRR39695274	20	ac73670af3abed54ac6fb4695131f4099be9fbe39d6076c5d0264a6bbdae9d83
reads/MO_STL_Lemay_20260602__SRR39695273.target_enriched.fastq.gz	candidate_reads	SRR39695273	20	ac73670af3abed54ac6fb4695131f4099be9fbe39d6076c5d0264a6bbdae9d83
reads/MO_STL_Lemay_20260608__SRR39694997.target_enriched.fastq.gz	candidate_reads	SRR39694997	20	ac73670af3abed54ac6fb4695131f4099be9fbe39d6076c5d0264a6bbdae9d83
reads/MO_STL_Lemay_20260615__SRR39694995.target_enriched.fastq.gz	candidate_reads	SRR39694995	20	ac73670af3abed54ac6fb4695131f4099be9fbe39d6076c5d0264a6bbdae9d83
reads/MO_STL_Lemay_20260617__SRR39694994.target_enriched.fastq.gz	candidate_reads	SRR39694994	20	ac73670af3abed54ac6fb4695131f4099be9fbe39d6076c5d0264a6bbdae9d83
reads/MO_STL_Lemay_20260630__SRR39694993.target_enriched.fastq.gz	candidate_reads	SRR39694993	1685	5ccc0b331f9b9d8627dd1dfc0c806831aa510b959d2d50fe835a81ed56f52776
reads/MO_STL_MORiver_20250620__SRR38294184.target_enriched.fastq.gz	candidate_reads	SRR38294184	1069	633e673d668f8306505f9a5555a59767d96bb4e4dc684bc3c6b3d7900be116ad
reads/MO_STL_MORiver_20250624__SRR38294182.target_enriched.fastq.gz	candidate_reads	SRR38294182	20	ac73670af3abed54ac6fb4695131f4099be9fbe39d6076c5d0264a6bbdae9d83
reads/MO_STL_MORiver_20250701__SRR38294181.target_enriched.fastq.gz	candidate_reads	SRR38294181	20	ac73670af3abed54ac6fb4695131f4099be9fbe39d6076c5d0264a6bbdae9d83
reads/MO_STL_MORiver_20250710__SRR38294180.target_enriched.fastq.gz	candidate_reads	SRR38294180	1201	21bdac2609645455a2c3b239720636ead35f976afc01751633a489dc653fc356
reads/MO_STL_MORiver_20250714__SRR38294178.target_enriched.fastq.gz	candidate_reads	SRR38294178	571	724fe78a87b43d1fb92ea5c4fff0d998b38de96410a442fb9614b1ea5b988887
reads/MO_STL_MORiver_20250723__SRR38294179.target_enriched.fastq.gz	candidate_reads	SRR38294179	20	ac73670af3abed54ac6fb4695131f4099be9fbe39d6076c5d0264a6bbdae9d83
reads/MO_STL_MORiver_20250728__SRR38294177.target_enriched.fastq.gz	candidate_reads	SRR38294177	20	ac73670af3abed54ac6fb4695131f4099be9fbe39d6076c5d0264a6bbdae9d83
reads/MO_STL_MORiver_20250806__SRR38294175.target_enriched.fastq.gz	candidate_reads	SRR38294175	20	ac73670af3abed54ac6fb4695131f4099be9fbe39d6076c5d0264a6bbdae9d83
reads/MO_STL_MORiver_20250811__SRR38294173.target_enriched.fastq.gz	candidate_reads	SRR38294173	1373	95f76a8e4a7c2ccb7c1bdc2f6b0285776788b26b5be049bec2142e40ba5c587d
reads/MO_STL_MORiver_20250818a__SRR38294174.target_enriched.fastq.gz	candidate_reads	SRR38294174	20	ac73670af3abed54ac6fb4695131f4099be9fbe39d6076c5d0264a6bbdae9d83
reads/MO_STL_MORiver_20250825__SRR38294172.target_enriched.fastq.gz	candidate_reads	SRR38294172	20	ac73670af3abed54ac6fb4695131f4099be9fbe39d6076c5d0264a6bbdae9d83
reads/MO_STL_MORiver_20250901__SRR38294171.target_enriched.fastq.gz	candidate_reads	SRR38294171	20	ac73670af3abed54ac6fb4695131f4099be9fbe39d6076c5d0264a6bbdae9d83
reads/MO_STL_MORiver_20250908__SRR38294170.target_enriched.fastq.gz	candidate_reads	SRR38294170	20	ac73670af3abed54ac6fb4695131f4099be9fbe39d6076c5d0264a6bbdae9d83
reads/MO_STL_MORiver_20250915__SRR38294169.target_enriched.fastq.gz	candidate_reads	SRR38294169	20	ac73670af3abed54ac6fb4695131f4099be9fbe39d6076c5d0264a6bbdae9d83
reads/MO_STL_MORiver_20250922__SRR38294168.target_enriched.fastq.gz	candidate_reads	SRR38294168	20	ac73670af3abed54ac6fb4695131f4099be9fbe39d6076c5d0264a6bbdae9d83
reads/MO_STL_MORiver_20250929__SRR38294167.target_enriched.fastq.gz	candidate_reads	SRR38294167	20	ac73670af3abed54ac6fb4695131f4099be9fbe39d6076c5d0264a6bbdae9d83
reads/MO_STL_MORiver_20251006__SRR38294132.target_enriched.fastq.gz	candidate_reads	SRR38294132	20	ac73670af3abed54ac6fb4695131f4099be9fbe39d6076c5d0264a6bbdae9d83
reads/MO_STL_MORiver_20251013__SRR38294135.target_enriched.fastq.gz	candidate_reads	SRR38294135	20	ac73670af3abed54ac6fb4695131f4099be9fbe39d6076c5d0264a6bbdae9d83
reads/MO_STL_MORiver_20251021__SRR38294136.target_enriched.fastq.gz	candidate_reads	SRR38294136	20	ac73670af3abed54ac6fb4695131f4099be9fbe39d6076c5d0264a6bbdae9d83
reads/MO_STL_MORiver_20251027__SRR38294141.target_enriched.fastq.gz	candidate_reads	SRR38294141	20	ac73670af3abed54ac6fb4695131f4099be9fbe39d6076c5d0264a6bbdae9d83
reads/MO_STL_MORiver_20251103__SRR38294165.target_enriched.fastq.gz	candidate_reads	SRR38294165	513	027d0bfd856a1538c34f64f4d5c70bfec11ef306748123a3cd97d684803b347a
reads/MO_STL_MORiver_20251112__SRR38294166.target_enriched.fastq.gz	candidate_reads	SRR38294166	20	ac73670af3abed54ac6fb4695131f4099be9fbe39d6076c5d0264a6bbdae9d83
reads/MO_STL_MORiver_20251117__SRR38294156.target_enriched.fastq.gz	candidate_reads	SRR38294156	20	ac73670af3abed54ac6fb4695131f4099be9fbe39d6076c5d0264a6bbdae9d83
reads/MO_STL_MORiver_20251124__SRR38294157.target_enriched.fastq.gz	candidate_reads	SRR38294157	20	ac73670af3abed54ac6fb4695131f4099be9fbe39d6076c5d0264a6bbdae9d83
reads/MO_STL_MORiver_20251201__SRR38294158.target_enriched.fastq.gz	candidate_reads	SRR38294158	20	ac73670af3abed54ac6fb4695131f4099be9fbe39d6076c5d0264a6bbdae9d83
reads/MO_STL_MORiver_20251208__SRR38294159.target_enriched.fastq.gz	candidate_reads	SRR38294159	20	ac73670af3abed54ac6fb4695131f4099be9fbe39d6076c5d0264a6bbdae9d83
reads/MO_STL_MORiver_20251215__SRR38294160.target_enriched.fastq.gz	candidate_reads	SRR38294160	20	ac73670af3abed54ac6fb4695131f4099be9fbe39d6076c5d0264a6bbdae9d83
reads/MO_STL_MORiver_20251222__SRR38294161.target_enriched.fastq.gz	candidate_reads	SRR38294161	20	ac73670af3abed54ac6fb4695131f4099be9fbe39d6076c5d0264a6bbdae9d83
reads/MO_STL_MORiver_20251229__SRR38294163.target_enriched.fastq.gz	candidate_reads	SRR38294163	20	ac73670af3abed54ac6fb4695131f4099be9fbe39d6076c5d0264a6bbdae9d83
reads/MO_STL_MORiver_20260105__SRR38294853.target_enriched.fastq.gz	candidate_reads	SRR38294853	20	ac73670af3abed54ac6fb4695131f4099be9fbe39d6076c5d0264a6bbdae9d83
reads/MO_STL_MORiver_20260112__SRR38294854.target_enriched.fastq.gz	candidate_reads	SRR38294854	20	ac73670af3abed54ac6fb4695131f4099be9fbe39d6076c5d0264a6bbdae9d83
reads/MO_STL_MORiver_20260119__SRR38294916.target_enriched.fastq.gz	candidate_reads	SRR38294916	20	ac73670af3abed54ac6fb4695131f4099be9fbe39d6076c5d0264a6bbdae9d83
reads/MO_STL_MORiver_20260126__SRR38294914.target_enriched.fastq.gz	candidate_reads	SRR38294914	20	ac73670af3abed54ac6fb4695131f4099be9fbe39d6076c5d0264a6bbdae9d83
reads/MO_STL_MORiver_20260202__SRR38294912.target_enriched.fastq.gz	candidate_reads	SRR38294912	20	ac73670af3abed54ac6fb4695131f4099be9fbe39d6076c5d0264a6bbdae9d83
reads/MO_STL_MORiver_20260209__SRR38294913.target_enriched.fastq.gz	candidate_reads	SRR38294913	20	ac73670af3abed54ac6fb4695131f4099be9fbe39d6076c5d0264a6bbdae9d83
reads/MO_STL_MORiver_20260216__SRR38294849.target_enriched.fastq.gz	candidate_reads	SRR38294849	20	ac73670af3abed54ac6fb4695131f4099be9fbe39d6076c5d0264a6bbdae9d83
reads/MO_STL_MORiver_20260224__SRR38294847.target_enriched.fastq.gz	candidate_reads	SRR38294847	20	ac73670af3abed54ac6fb4695131f4099be9fbe39d6076c5d0264a6bbdae9d83
reads/MO_STL_MORiver_20260302__SRR38294846.target_enriched.fastq.gz	candidate_reads	SRR38294846	20	ac73670af3abed54ac6fb4695131f4099be9fbe39d6076c5d0264a6bbdae9d83
reads/MO_STL_MORiver_20260309__SRR38294745.target_enriched.fastq.gz	candidate_reads	SRR38294745	20	ac73670af3abed54ac6fb4695131f4099be9fbe39d6076c5d0264a6bbdae9d83
reads/MO_STL_MORiver_20260316__SRR38294889.target_enriched.fastq.gz	candidate_reads	SRR38294889	20	ac73670af3abed54ac6fb4695131f4099be9fbe39d6076c5d0264a6bbdae9d83
reads/MO_STL_MORiver_20260324__SRR38295004.target_enriched.fastq.gz	candidate_reads	SRR38295004	20	ac73670af3abed54ac6fb4695131f4099be9fbe39d6076c5d0264a6bbdae9d83
reads/MO_STL_MORiver_20260330__SRR38295003.target_enriched.fastq.gz	candidate_reads	SRR38295003	20	ac73670af3abed54ac6fb4695131f4099be9fbe39d6076c5d0264a6bbdae9d83
reads/MO_STL_MORiver_20260406__SRR39694992.target_enriched.fastq.gz	candidate_reads	SRR39694992	20	ac73670af3abed54ac6fb4695131f4099be9fbe39d6076c5d0264a6bbdae9d83
reads/MO_STL_MORiver_20260414__SRR39694990.target_enriched.fastq.gz	candidate_reads	SRR39694990	20	ac73670af3abed54ac6fb4695131f4099be9fbe39d6076c5d0264a6bbdae9d83
reads/MO_STL_MORiver_20260420__SRR39694991.target_enriched.fastq.gz	candidate_reads	SRR39694991	20	ac73670af3abed54ac6fb4695131f4099be9fbe39d6076c5d0264a6bbdae9d83
reads/MO_STL_MORiver_20260427__SRR39694989.target_enriched.fastq.gz	candidate_reads	SRR39694989	20	ac73670af3abed54ac6fb4695131f4099be9fbe39d6076c5d0264a6bbdae9d83
reads/MO_STL_MORiver_20260504__SRR39694988.target_enriched.fastq.gz	candidate_reads	SRR39694988	20	ac73670af3abed54ac6fb4695131f4099be9fbe39d6076c5d0264a6bbdae9d83
reads/MO_STL_MORiver_20260506__SRR39694987.target_enriched.fastq.gz	candidate_reads	SRR39694987	20	ac73670af3abed54ac6fb4695131f4099be9fbe39d6076c5d0264a6bbdae9d83
reads/MO_STL_MORiver_20260511__SRR39694985.target_enriched.fastq.gz	candidate_reads	SRR39694985	20	ac73670af3abed54ac6fb4695131f4099be9fbe39d6076c5d0264a6bbdae9d83
reads/MO_STL_MORiver_20260518__SRR39694984.target_enriched.fastq.gz	candidate_reads	SRR39694984	20	ac73670af3abed54ac6fb4695131f4099be9fbe39d6076c5d0264a6bbdae9d83
reads/MO_STL_MORiver_20260525__SRR39695173.target_enriched.fastq.gz	candidate_reads	SRR39695173	20	ac73670af3abed54ac6fb4695131f4099be9fbe39d6076c5d0264a6bbdae9d83
reads/MO_STL_MORiver_20260602__SRR39695171.target_enriched.fastq.gz	candidate_reads	SRR39695171	20	ac73670af3abed54ac6fb4695131f4099be9fbe39d6076c5d0264a6bbdae9d83
reads/MO_STL_MORiver_20260608__SRR39694973.target_enriched.fastq.gz	candidate_reads	SRR39694973	20	ac73670af3abed54ac6fb4695131f4099be9fbe39d6076c5d0264a6bbdae9d83
reads/MO_STL_MORiver_20260615__SRR39694969.target_enriched.fastq.gz	candidate_reads	SRR39694969	20	ac73670af3abed54ac6fb4695131f4099be9fbe39d6076c5d0264a6bbdae9d83
reads/MO_STL_MORiver_20260617__SRR39695272.target_enriched.fastq.gz	candidate_reads	SRR39695272	912	17a81a1a6475b32a1fe11660513b95484a615246e3e1e9349da09c71162ea6bf
reads/MO_STL_MORiver_20260629__SRR39695166.target_enriched.fastq.gz	candidate_reads	SRR39695166	20	ac73670af3abed54ac6fb4695131f4099be9fbe39d6076c5d0264a6bbdae9d83
reads/NYC-Hospital-A_20250828__SRR37006695.target_enriched.fastq.gz	candidate_reads	SRR37006695	20	ac73670af3abed54ac6fb4695131f4099be9fbe39d6076c5d0264a6bbdae9d83
reads/NYC-Hospital-A_20250903__SRR37006694.target_enriched.fastq.gz	candidate_reads	SRR37006694	20	ac73670af3abed54ac6fb4695131f4099be9fbe39d6076c5d0264a6bbdae9d83
reads/NYC-Hospital-A_20250912__SRR37006672.target_enriched.fastq.gz	candidate_reads	SRR37006672	20	ac73670af3abed54ac6fb4695131f4099be9fbe39d6076c5d0264a6bbdae9d83
reads/NYC-Hospital-A_20250912__SRR37006682.target_enriched.fastq.gz	candidate_reads	SRR37006682	20	ac73670af3abed54ac6fb4695131f4099be9fbe39d6076c5d0264a6bbdae9d83
reads/NYC-Hospital-A_20251015__SRR37006659.target_enriched.fastq.gz	candidate_reads	SRR37006659	20	ac73670af3abed54ac6fb4695131f4099be9fbe39d6076c5d0264a6bbdae9d83
reads/NYC-Hospital-A_20251023__SRR37006661.target_enriched.fastq.gz	candidate_reads	SRR37006661	20	ac73670af3abed54ac6fb4695131f4099be9fbe39d6076c5d0264a6bbdae9d83
reads/NYC-Hospital-A_20251025__SRR37006660.target_enriched.fastq.gz	candidate_reads	SRR37006660	20	ac73670af3abed54ac6fb4695131f4099be9fbe39d6076c5d0264a6bbdae9d83
reads/NYC-Hospital-A_20251204__SRR37367546.target_enriched.fastq.gz	candidate_reads	SRR37367546	20	ac73670af3abed54ac6fb4695131f4099be9fbe39d6076c5d0264a6bbdae9d83
reads/NYC-Hospital-A_20251211__SRR37367547.target_enriched.fastq.gz	candidate_reads	SRR37367547	20	ac73670af3abed54ac6fb4695131f4099be9fbe39d6076c5d0264a6bbdae9d83
reads/NYC-Hospital-A_20251219__SRR37367548.target_enriched.fastq.gz	candidate_reads	SRR37367548	20	ac73670af3abed54ac6fb4695131f4099be9fbe39d6076c5d0264a6bbdae9d83
reads/NYC-Hospital-A_20251223__SRR37367570.target_enriched.fastq.gz	candidate_reads	SRR37367570	20	ac73670af3abed54ac6fb4695131f4099be9fbe39d6076c5d0264a6bbdae9d83
reads/NYC-Hospital-A_20260107__SRR38295001.target_enriched.fastq.gz	candidate_reads	SRR38295001	20	ac73670af3abed54ac6fb4695131f4099be9fbe39d6076c5d0264a6bbdae9d83
reads/NYC-Hospital-A_20260122__SRR38295000.target_enriched.fastq.gz	candidate_reads	SRR38295000	20	ac73670af3abed54ac6fb4695131f4099be9fbe39d6076c5d0264a6bbdae9d83
reads/NYC-Hospital-A_20260205__SRR38294998.target_enriched.fastq.gz	candidate_reads	SRR38294998	20	ac73670af3abed54ac6fb4695131f4099be9fbe39d6076c5d0264a6bbdae9d83
reads/NYC-Hospital-A_20260211__SRR38294999.target_enriched.fastq.gz	candidate_reads	SRR38294999	20	ac73670af3abed54ac6fb4695131f4099be9fbe39d6076c5d0264a6bbdae9d83
reads/NYC-Hospital-A_20260220__SRR38294997.target_enriched.fastq.gz	candidate_reads	SRR38294997	20	ac73670af3abed54ac6fb4695131f4099be9fbe39d6076c5d0264a6bbdae9d83
reads/NYC-Hospital-A_20260229__SRR38294996.target_enriched.fastq.gz	candidate_reads	SRR38294996	20	ac73670af3abed54ac6fb4695131f4099be9fbe39d6076c5d0264a6bbdae9d83
reads/NYC-Hospital-A_20260305__SRR38294852.target_enriched.fastq.gz	candidate_reads	SRR38294852	20	ac73670af3abed54ac6fb4695131f4099be9fbe39d6076c5d0264a6bbdae9d83
reads/NYC-Hospital-A_20260312__SRR38294851.target_enriched.fastq.gz	candidate_reads	SRR38294851	20	ac73670af3abed54ac6fb4695131f4099be9fbe39d6076c5d0264a6bbdae9d83
reads/NYC-Hospital-A_20260319__SRR38294850.target_enriched.fastq.gz	candidate_reads	SRR38294850	20	ac73670af3abed54ac6fb4695131f4099be9fbe39d6076c5d0264a6bbdae9d83
reads/NYC-Hospital-A_20260402__SRR39695165.target_enriched.fastq.gz	candidate_reads	SRR39695165	20	ac73670af3abed54ac6fb4695131f4099be9fbe39d6076c5d0264a6bbdae9d83
reads/NYC-Hospital-A_20260409__SRR39695164.target_enriched.fastq.gz	candidate_reads	SRR39695164	20	ac73670af3abed54ac6fb4695131f4099be9fbe39d6076c5d0264a6bbdae9d83
reads/NYC-Hospital-A_20260416__SRR39695162.target_enriched.fastq.gz	candidate_reads	SRR39695162	20	ac73670af3abed54ac6fb4695131f4099be9fbe39d6076c5d0264a6bbdae9d83
reads/NYC-Hospital-A_20260501__SRR39695161.target_enriched.fastq.gz	candidate_reads	SRR39695161	20	ac73670af3abed54ac6fb4695131f4099be9fbe39d6076c5d0264a6bbdae9d83
reads/NYC-Hospital-A_20260507__SRR39695160.target_enriched.fastq.gz	candidate_reads	SRR39695160	20	ac73670af3abed54ac6fb4695131f4099be9fbe39d6076c5d0264a6bbdae9d83
reads/NYC-Hospital-A_20260514__SRR39695158.target_enriched.fastq.gz	candidate_reads	SRR39695158	20	ac73670af3abed54ac6fb4695131f4099be9fbe39d6076c5d0264a6bbdae9d83
reads/NYC-Hospital-A_20260604__SRR39694983.target_enriched.fastq.gz	candidate_reads	SRR39694983	20	ac73670af3abed54ac6fb4695131f4099be9fbe39d6076c5d0264a6bbdae9d83
reads/NYC-Hospital-A_20260618__SRR39694982.target_enriched.fastq.gz	candidate_reads	SRR39694982	20	ac73670af3abed54ac6fb4695131f4099be9fbe39d6076c5d0264a6bbdae9d83
reads/NYC-Hospital-B_20240116__SRR37006662.target_enriched.fastq.gz	candidate_reads	SRR37006662	20	ac73670af3abed54ac6fb4695131f4099be9fbe39d6076c5d0264a6bbdae9d83
reads/NYC-Hospital-B_20241018__SRR37006663.target_enriched.fastq.gz	candidate_reads	SRR37006663	20	ac73670af3abed54ac6fb4695131f4099be9fbe39d6076c5d0264a6bbdae9d83
reads/NYC-Hospital-B_20241120__SRR37006664.target_enriched.fastq.gz	candidate_reads	SRR37006664	20	ac73670af3abed54ac6fb4695131f4099be9fbe39d6076c5d0264a6bbdae9d83
reads/NYC-Hospital-B_20250103__SRR37006692.target_enriched.fastq.gz	candidate_reads	SRR37006692	20	ac73670af3abed54ac6fb4695131f4099be9fbe39d6076c5d0264a6bbdae9d83
reads/NYC-Hospital-B_20250109__SRR37006693.target_enriched.fastq.gz	candidate_reads	SRR37006693	20	ac73670af3abed54ac6fb4695131f4099be9fbe39d6076c5d0264a6bbdae9d83
reads/NYC-Hospital-B_20250130__SRR37006691.target_enriched.fastq.gz	candidate_reads	SRR37006691	20	ac73670af3abed54ac6fb4695131f4099be9fbe39d6076c5d0264a6bbdae9d83
reads/NYC-Hospital-B_20250205__SRR37006690.target_enriched.fastq.gz	candidate_reads	SRR37006690	20	ac73670af3abed54ac6fb4695131f4099be9fbe39d6076c5d0264a6bbdae9d83
reads/NYC-Hospital-B_20250220__SRR37006689.target_enriched.fastq.gz	candidate_reads	SRR37006689	20	ac73670af3abed54ac6fb4695131f4099be9fbe39d6076c5d0264a6bbdae9d83
reads/NYC-Hospital-B_20250313__SRR37006687.target_enriched.fastq.gz	candidate_reads	SRR37006687	20	ac73670af3abed54ac6fb4695131f4099be9fbe39d6076c5d0264a6bbdae9d83
reads/NYC-Hospital-B_20250319__SRR37006688.target_enriched.fastq.gz	candidate_reads	SRR37006688	20	ac73670af3abed54ac6fb4695131f4099be9fbe39d6076c5d0264a6bbdae9d83
reads/NYC-Hospital-B_20250403__SRR37006686.target_enriched.fastq.gz	candidate_reads	SRR37006686	20	ac73670af3abed54ac6fb4695131f4099be9fbe39d6076c5d0264a6bbdae9d83
reads/NYC-Hospital-B_20250409__SRR37006685.target_enriched.fastq.gz	candidate_reads	SRR37006685	20	ac73670af3abed54ac6fb4695131f4099be9fbe39d6076c5d0264a6bbdae9d83
reads/NYC-Hospital-B_20250514__SRR37006684.target_enriched.fastq.gz	candidate_reads	SRR37006684	20	ac73670af3abed54ac6fb4695131f4099be9fbe39d6076c5d0264a6bbdae9d83
reads/NYC-Hospital-B_20250520__SRR37006683.target_enriched.fastq.gz	candidate_reads	SRR37006683	20	ac73670af3abed54ac6fb4695131f4099be9fbe39d6076c5d0264a6bbdae9d83
reads/NYC-Hospital-B_20250528__SRR37006681.target_enriched.fastq.gz	candidate_reads	SRR37006681	20	ac73670af3abed54ac6fb4695131f4099be9fbe39d6076c5d0264a6bbdae9d83
reads/NYC-Hospital-B_20250604__SRR37006680.target_enriched.fastq.gz	candidate_reads	SRR37006680	20	ac73670af3abed54ac6fb4695131f4099be9fbe39d6076c5d0264a6bbdae9d83
reads/NYC-Hospital-B_20250612__SRR37006679.target_enriched.fastq.gz	candidate_reads	SRR37006679	58715	b57a75efb8f36fc2ec1509c0297ef242a34b359b263baf3f784fecf3293354a9
reads/NYC-Hospital-B_20250618__SRR37006678.target_enriched.fastq.gz	candidate_reads	SRR37006678	20	ac73670af3abed54ac6fb4695131f4099be9fbe39d6076c5d0264a6bbdae9d83
reads/NYC-Hospital-B_20250624__SRR37006677.target_enriched.fastq.gz	candidate_reads	SRR37006677	20	ac73670af3abed54ac6fb4695131f4099be9fbe39d6076c5d0264a6bbdae9d83
reads/NYC-Hospital-B_20251210__SRR37181186.target_enriched.fastq.gz	candidate_reads	SRR37181186	20	ac73670af3abed54ac6fb4695131f4099be9fbe39d6076c5d0264a6bbdae9d83
reads/NYC-Hospital-B_20251216__SRR37181184.target_enriched.fastq.gz	candidate_reads	SRR37181184	20	ac73670af3abed54ac6fb4695131f4099be9fbe39d6076c5d0264a6bbdae9d83
reads/NYC-Hospital-B_20251222__SRR37181183.target_enriched.fastq.gz	candidate_reads	SRR37181183	20	ac73670af3abed54ac6fb4695131f4099be9fbe39d6076c5d0264a6bbdae9d83
reads/NYC-Hospital-B_20251230__SRR37181182.target_enriched.fastq.gz	candidate_reads	SRR37181182	20	ac73670af3abed54ac6fb4695131f4099be9fbe39d6076c5d0264a6bbdae9d83
reads/NYC-Hospital-B_20260106__SRR37181181.target_enriched.fastq.gz	candidate_reads	SRR37181181	20	ac73670af3abed54ac6fb4695131f4099be9fbe39d6076c5d0264a6bbdae9d83
reads/NYC-Hospital-B_20260113__SRR37181180.target_enriched.fastq.gz	candidate_reads	SRR37181180	20	ac73670af3abed54ac6fb4695131f4099be9fbe39d6076c5d0264a6bbdae9d83
reads/NYC-Hospital-B_20260121__SRR38294848.target_enriched.fastq.gz	candidate_reads	SRR38294848	20	ac73670af3abed54ac6fb4695131f4099be9fbe39d6076c5d0264a6bbdae9d83
reads/NYC-Hospital-B_20260127__SRR38294908.target_enriched.fastq.gz	candidate_reads	SRR38294908	20	ac73670af3abed54ac6fb4695131f4099be9fbe39d6076c5d0264a6bbdae9d83
reads/NYC-Hospital-B_20260204__SRR38294906.target_enriched.fastq.gz	candidate_reads	SRR38294906	20	ac73670af3abed54ac6fb4695131f4099be9fbe39d6076c5d0264a6bbdae9d83
reads/NYC-Hospital-B_20260210__SRR38294905.target_enriched.fastq.gz	candidate_reads	SRR38294905	20	ac73670af3abed54ac6fb4695131f4099be9fbe39d6076c5d0264a6bbdae9d83
reads/NYC-Hospital-B_20260217__SRR38294845.target_enriched.fastq.gz	candidate_reads	SRR38294845	20	ac73670af3abed54ac6fb4695131f4099be9fbe39d6076c5d0264a6bbdae9d83
reads/NYC-Hospital-B_20260225__SRR38294843.target_enriched.fastq.gz	candidate_reads	SRR38294843	20	ac73670af3abed54ac6fb4695131f4099be9fbe39d6076c5d0264a6bbdae9d83
reads/NYC-Hospital-B_20260304__SRR38294844.target_enriched.fastq.gz	candidate_reads	SRR38294844	20	ac73670af3abed54ac6fb4695131f4099be9fbe39d6076c5d0264a6bbdae9d83
reads/NYC-Hospital-B_20260310__SRR38294842.target_enriched.fastq.gz	candidate_reads	SRR38294842	20	ac73670af3abed54ac6fb4695131f4099be9fbe39d6076c5d0264a6bbdae9d83
reads/NYC-Hospital-B_20260318__SRR38294841.target_enriched.fastq.gz	candidate_reads	SRR38294841	20	ac73670af3abed54ac6fb4695131f4099be9fbe39d6076c5d0264a6bbdae9d83
reads/NYC-Hospital-B_20260331__SRR38294840.target_enriched.fastq.gz	candidate_reads	SRR38294840	20	ac73670af3abed54ac6fb4695131f4099be9fbe39d6076c5d0264a6bbdae9d83
reads/NYC-Hospital-B_20260407__SRR39694980.target_enriched.fastq.gz	candidate_reads	SRR39694980	20	ac73670af3abed54ac6fb4695131f4099be9fbe39d6076c5d0264a6bbdae9d83
reads/NYC-Hospital-B_20260414__SRR39694981.target_enriched.fastq.gz	candidate_reads	SRR39694981	20	ac73670af3abed54ac6fb4695131f4099be9fbe39d6076c5d0264a6bbdae9d83
reads/NYC-Hospital-B_20260428__SRR39694979.target_enriched.fastq.gz	candidate_reads	SRR39694979	20	ac73670af3abed54ac6fb4695131f4099be9fbe39d6076c5d0264a6bbdae9d83
reads/NYC-Hospital-B_20260505__SRR39694978.target_enriched.fastq.gz	candidate_reads	SRR39694978	20	ac73670af3abed54ac6fb4695131f4099be9fbe39d6076c5d0264a6bbdae9d83
reads/NYC-Hospital-C_20241113__SRR37006676.target_enriched.fastq.gz	candidate_reads	SRR37006676	20	ac73670af3abed54ac6fb4695131f4099be9fbe39d6076c5d0264a6bbdae9d83
reads/NYC-Hospital-C_20250123__SRR37006675.target_enriched.fastq.gz	candidate_reads	SRR37006675	20	ac73670af3abed54ac6fb4695131f4099be9fbe39d6076c5d0264a6bbdae9d83
reads/NYC-Hospital-C_20250827__SRR37006674.target_enriched.fastq.gz	candidate_reads	SRR37006674	20	ac73670af3abed54ac6fb4695131f4099be9fbe39d6076c5d0264a6bbdae9d83
reads/NYC-Hospital-C_20250912__SRR37006673.target_enriched.fastq.gz	candidate_reads	SRR37006673	20	ac73670af3abed54ac6fb4695131f4099be9fbe39d6076c5d0264a6bbdae9d83
reads/NYC-Hospital-C_20251204__SRR37367572.target_enriched.fastq.gz	candidate_reads	SRR37367572	20	ac73670af3abed54ac6fb4695131f4099be9fbe39d6076c5d0264a6bbdae9d83
reads/NYC-Hospital-C_20251210__SRR37367573.target_enriched.fastq.gz	candidate_reads	SRR37367573	20	ac73670af3abed54ac6fb4695131f4099be9fbe39d6076c5d0264a6bbdae9d83
reads/NYC-Hospital-C_20251217__SRR37367574.target_enriched.fastq.gz	candidate_reads	SRR37367574	20	ac73670af3abed54ac6fb4695131f4099be9fbe39d6076c5d0264a6bbdae9d83
reads/NYC-Hospital-C_20251222__SRR37367575.target_enriched.fastq.gz	candidate_reads	SRR37367575	20	ac73670af3abed54ac6fb4695131f4099be9fbe39d6076c5d0264a6bbdae9d83
reads/NYC-Hospital-C_20260107__SRR38294838.target_enriched.fastq.gz	candidate_reads	SRR38294838	20	ac73670af3abed54ac6fb4695131f4099be9fbe39d6076c5d0264a6bbdae9d83
reads/NYC-Hospital-C_20260113__SRR38294837.target_enriched.fastq.gz	candidate_reads	SRR38294837	20	ac73670af3abed54ac6fb4695131f4099be9fbe39d6076c5d0264a6bbdae9d83
reads/NYC-Hospital-C_20260120__SRR38294836.target_enriched.fastq.gz	candidate_reads	SRR38294836	20	ac73670af3abed54ac6fb4695131f4099be9fbe39d6076c5d0264a6bbdae9d83
reads/NYC-Hospital-C_20260128__SRR38294835.target_enriched.fastq.gz	candidate_reads	SRR38294835	20	ac73670af3abed54ac6fb4695131f4099be9fbe39d6076c5d0264a6bbdae9d83
reads/NYC-Hospital-C_20260204__SRR38294834.target_enriched.fastq.gz	candidate_reads	SRR38294834	20	ac73670af3abed54ac6fb4695131f4099be9fbe39d6076c5d0264a6bbdae9d83
reads/NYC-Hospital-C_20260212__SRR38294833.target_enriched.fastq.gz	candidate_reads	SRR38294833	20	ac73670af3abed54ac6fb4695131f4099be9fbe39d6076c5d0264a6bbdae9d83
reads/NYC-Hospital-C_20260218__SRR38294831.target_enriched.fastq.gz	candidate_reads	SRR38294831	20	ac73670af3abed54ac6fb4695131f4099be9fbe39d6076c5d0264a6bbdae9d83
reads/NYC-Hospital-C_20260226__SRR38294832.target_enriched.fastq.gz	candidate_reads	SRR38294832	20	ac73670af3abed54ac6fb4695131f4099be9fbe39d6076c5d0264a6bbdae9d83
reads/NYC-Hospital-C_20260304__SRR38294830.target_enriched.fastq.gz	candidate_reads	SRR38294830	20	ac73670af3abed54ac6fb4695131f4099be9fbe39d6076c5d0264a6bbdae9d83
reads/NYC-Hospital-C_20260310__SRR38294829.target_enriched.fastq.gz	candidate_reads	SRR38294829	20	ac73670af3abed54ac6fb4695131f4099be9fbe39d6076c5d0264a6bbdae9d83
reads/NYC-Hospital-C_20260318__SRR38294911.target_enriched.fastq.gz	candidate_reads	SRR38294911	20	ac73670af3abed54ac6fb4695131f4099be9fbe39d6076c5d0264a6bbdae9d83
reads/NYC-Hospital-C_20260414__SRR39694977.target_enriched.fastq.gz	candidate_reads	SRR39694977	20	ac73670af3abed54ac6fb4695131f4099be9fbe39d6076c5d0264a6bbdae9d83
reads/NYC-Hospital-C_20260422__SRR39694974.target_enriched.fastq.gz	candidate_reads	SRR39694974	20	ac73670af3abed54ac6fb4695131f4099be9fbe39d6076c5d0264a6bbdae9d83
reads/NYC-Hospital-C_20260430__SRR39694971.target_enriched.fastq.gz	candidate_reads	SRR39694971	20	ac73670af3abed54ac6fb4695131f4099be9fbe39d6076c5d0264a6bbdae9d83
reads/NYC-Hospital-C_20260507__SRR39694972.target_enriched.fastq.gz	candidate_reads	SRR39694972	20	ac73670af3abed54ac6fb4695131f4099be9fbe39d6076c5d0264a6bbdae9d83
reads/NYC-Hospital-C_20260514__SRR39695150.target_enriched.fastq.gz	candidate_reads	SRR39695150	20	ac73670af3abed54ac6fb4695131f4099be9fbe39d6076c5d0264a6bbdae9d83
reads/NYC-Hospital-C_20260520__SRR39695148.target_enriched.fastq.gz	candidate_reads	SRR39695148	20	ac73670af3abed54ac6fb4695131f4099be9fbe39d6076c5d0264a6bbdae9d83
reads/NYC-Hospital-C_20260527__SRR39695271.target_enriched.fastq.gz	candidate_reads	SRR39695271	20	ac73670af3abed54ac6fb4695131f4099be9fbe39d6076c5d0264a6bbdae9d83
reads/NYC-Hospital-C_20260602__SRR39695269.target_enriched.fastq.gz	candidate_reads	SRR39695269	20	ac73670af3abed54ac6fb4695131f4099be9fbe39d6076c5d0264a6bbdae9d83
reads/NYC-Hospital-C_20260608__SRR39695270.target_enriched.fastq.gz	candidate_reads	SRR39695270	20	ac73670af3abed54ac6fb4695131f4099be9fbe39d6076c5d0264a6bbdae9d83
reads/NYC-Hospital-C_20260615__SRR39695268.target_enriched.fastq.gz	candidate_reads	SRR39695268	20	ac73670af3abed54ac6fb4695131f4099be9fbe39d6076c5d0264a6bbdae9d83
reads/NYC-Hospital-C_20260623__SRR39695267.target_enriched.fastq.gz	candidate_reads	SRR39695267	20	ac73670af3abed54ac6fb4695131f4099be9fbe39d6076c5d0264a6bbdae9d83
reads/NYC-Hospital-D_20250902__SRR37006671.target_enriched.fastq.gz	candidate_reads	SRR37006671	20	ac73670af3abed54ac6fb4695131f4099be9fbe39d6076c5d0264a6bbdae9d83
reads/NYC-Hospital-D_20250909__SRR37006670.target_enriched.fastq.gz	candidate_reads	SRR37006670	20	ac73670af3abed54ac6fb4695131f4099be9fbe39d6076c5d0264a6bbdae9d83
reads/NYC-Hospital-D_20250916__SRR37006669.target_enriched.fastq.gz	candidate_reads	SRR37006669	20	ac73670af3abed54ac6fb4695131f4099be9fbe39d6076c5d0264a6bbdae9d83
reads/NYC-Hospital-D_20250930__SRR37006668.target_enriched.fastq.gz	candidate_reads	SRR37006668	20	ac73670af3abed54ac6fb4695131f4099be9fbe39d6076c5d0264a6bbdae9d83
reads/NYC-Hospital-D_20251014__SRR37006667.target_enriched.fastq.gz	candidate_reads	SRR37006667	20	ac73670af3abed54ac6fb4695131f4099be9fbe39d6076c5d0264a6bbdae9d83
reads/NYC-Hospital-D_20251021__SRR37006665.target_enriched.fastq.gz	candidate_reads	SRR37006665	20	ac73670af3abed54ac6fb4695131f4099be9fbe39d6076c5d0264a6bbdae9d83
reads/NYC-Hospital-D_20251028__SRR37006666.target_enriched.fastq.gz	candidate_reads	SRR37006666	20	ac73670af3abed54ac6fb4695131f4099be9fbe39d6076c5d0264a6bbdae9d83
reads/NYC-Hospital-D_20251105__SRR37006656.target_enriched.fastq.gz	candidate_reads	SRR37006656	20	ac73670af3abed54ac6fb4695131f4099be9fbe39d6076c5d0264a6bbdae9d83
reads/NYC-Hospital-D_20251113__SRR37006657.target_enriched.fastq.gz	candidate_reads	SRR37006657	20	ac73670af3abed54ac6fb4695131f4099be9fbe39d6076c5d0264a6bbdae9d83
reads/NYC-Hospital-D_20251118__SRR37006658.target_enriched.fastq.gz	candidate_reads	SRR37006658	20	ac73670af3abed54ac6fb4695131f4099be9fbe39d6076c5d0264a6bbdae9d83
reads/NYC-Hospital-D_20251125__SRR37367577.target_enriched.fastq.gz	candidate_reads	SRR37367577	20	ac73670af3abed54ac6fb4695131f4099be9fbe39d6076c5d0264a6bbdae9d83
reads/NYC-Hospital-D_20251202__SRR37367578.target_enriched.fastq.gz	candidate_reads	SRR37367578	20	ac73670af3abed54ac6fb4695131f4099be9fbe39d6076c5d0264a6bbdae9d83
reads/NYC-Hospital-D_20251209__SRR37367580.target_enriched.fastq.gz	candidate_reads	SRR37367580	20	ac73670af3abed54ac6fb4695131f4099be9fbe39d6076c5d0264a6bbdae9d83
reads/NYC-Hospital-D_20251210__SRR37367581.target_enriched.fastq.gz	candidate_reads	SRR37367581	20	ac73670af3abed54ac6fb4695131f4099be9fbe39d6076c5d0264a6bbdae9d83
reads/NYC-Hospital-D_20251217__SRR37367582.target_enriched.fastq.gz	candidate_reads	SRR37367582	20	ac73670af3abed54ac6fb4695131f4099be9fbe39d6076c5d0264a6bbdae9d83
reads/NYC-Hospital-D_20251223__SRR37367583.target_enriched.fastq.gz	candidate_reads	SRR37367583	20	ac73670af3abed54ac6fb4695131f4099be9fbe39d6076c5d0264a6bbdae9d83
reads/NYC-Hospital-D_20260107__SRR38294983.target_enriched.fastq.gz	candidate_reads	SRR38294983	20	ac73670af3abed54ac6fb4695131f4099be9fbe39d6076c5d0264a6bbdae9d83
reads/NYC-Hospital-D_20260113__SRR38294981.target_enriched.fastq.gz	candidate_reads	SRR38294981	20	ac73670af3abed54ac6fb4695131f4099be9fbe39d6076c5d0264a6bbdae9d83
reads/NYC-Hospital-D_20260120__SRR38294904.target_enriched.fastq.gz	candidate_reads	SRR38294904	20	ac73670af3abed54ac6fb4695131f4099be9fbe39d6076c5d0264a6bbdae9d83
reads/NYC-Hospital-D_20260128__SRR38294902.target_enriched.fastq.gz	candidate_reads	SRR38294902	20	ac73670af3abed54ac6fb4695131f4099be9fbe39d6076c5d0264a6bbdae9d83
reads/NYC-Hospital-D_20260210__SRR38294903.target_enriched.fastq.gz	candidate_reads	SRR38294903	20	ac73670af3abed54ac6fb4695131f4099be9fbe39d6076c5d0264a6bbdae9d83
reads/NYC-Hospital-D_20260218__SRR38294901.target_enriched.fastq.gz	candidate_reads	SRR38294901	20	ac73670af3abed54ac6fb4695131f4099be9fbe39d6076c5d0264a6bbdae9d83
reads/NYC-Hospital-D_20260303__SRR38294900.target_enriched.fastq.gz	candidate_reads	SRR38294900	20	ac73670af3abed54ac6fb4695131f4099be9fbe39d6076c5d0264a6bbdae9d83
reads/NYC-Hospital-D_20260310__SRR38294899.target_enriched.fastq.gz	candidate_reads	SRR38294899	20	ac73670af3abed54ac6fb4695131f4099be9fbe39d6076c5d0264a6bbdae9d83
reads/NYC-Hospital-D_20260317__SRR38294897.target_enriched.fastq.gz	candidate_reads	SRR38294897	20	ac73670af3abed54ac6fb4695131f4099be9fbe39d6076c5d0264a6bbdae9d83
reads/NYC-Hospital-D_20260331__SRR38294898.target_enriched.fastq.gz	candidate_reads	SRR38294898	20	ac73670af3abed54ac6fb4695131f4099be9fbe39d6076c5d0264a6bbdae9d83
reads/NYC-Hospital-D_20260407__SRR39695265.target_enriched.fastq.gz	candidate_reads	SRR39695265	20	ac73670af3abed54ac6fb4695131f4099be9fbe39d6076c5d0264a6bbdae9d83
reads/NYC-Hospital-D_20260414__SRR39695264.target_enriched.fastq.gz	candidate_reads	SRR39695264	20	ac73670af3abed54ac6fb4695131f4099be9fbe39d6076c5d0264a6bbdae9d83
reads/NYC-Hospital-D_20260428__SRR39695262.target_enriched.fastq.gz	candidate_reads	SRR39695262	20	ac73670af3abed54ac6fb4695131f4099be9fbe39d6076c5d0264a6bbdae9d83
reads/OK-A_20250818__SRR36861567.target_enriched.fastq.gz	candidate_reads	SRR36861567	20	ac73670af3abed54ac6fb4695131f4099be9fbe39d6076c5d0264a6bbdae9d83
reads/OK-A_20250826__SRR36861566.target_enriched.fastq.gz	candidate_reads	SRR36861566	20	ac73670af3abed54ac6fb4695131f4099be9fbe39d6076c5d0264a6bbdae9d83
reads/OK-A_20250901__SRR36861555.target_enriched.fastq.gz	candidate_reads	SRR36861555	20	ac73670af3abed54ac6fb4695131f4099be9fbe39d6076c5d0264a6bbdae9d83
reads/OK-A_20250909__SRR36861544.target_enriched.fastq.gz	candidate_reads	SRR36861544	20	ac73670af3abed54ac6fb4695131f4099be9fbe39d6076c5d0264a6bbdae9d83
reads/OK-A_20250916__SRR36861539.target_enriched.fastq.gz	candidate_reads	SRR36861539	20	ac73670af3abed54ac6fb4695131f4099be9fbe39d6076c5d0264a6bbdae9d83
reads/OK-A_20250923__SRR36861537.target_enriched.fastq.gz	candidate_reads	SRR36861537	20	ac73670af3abed54ac6fb4695131f4099be9fbe39d6076c5d0264a6bbdae9d83
reads/OK-A_20250930__SRR36861538.target_enriched.fastq.gz	candidate_reads	SRR36861538	20	ac73670af3abed54ac6fb4695131f4099be9fbe39d6076c5d0264a6bbdae9d83
reads/OK-A_20251007__SRR36861536.target_enriched.fastq.gz	candidate_reads	SRR36861536	20	ac73670af3abed54ac6fb4695131f4099be9fbe39d6076c5d0264a6bbdae9d83
reads/OK-A_20251014__SRR36861535.target_enriched.fastq.gz	candidate_reads	SRR36861535	20	ac73670af3abed54ac6fb4695131f4099be9fbe39d6076c5d0264a6bbdae9d83
reads/OK-A_20251021__SRR36861534.target_enriched.fastq.gz	candidate_reads	SRR36861534	20	ac73670af3abed54ac6fb4695131f4099be9fbe39d6076c5d0264a6bbdae9d83
reads/OK-A_20251027__SRR36861565.target_enriched.fastq.gz	candidate_reads	SRR36861565	20	ac73670af3abed54ac6fb4695131f4099be9fbe39d6076c5d0264a6bbdae9d83
reads/OK-A_20251104__SRR36861564.target_enriched.fastq.gz	candidate_reads	SRR36861564	20	ac73670af3abed54ac6fb4695131f4099be9fbe39d6076c5d0264a6bbdae9d83
reads/OK-A_20251111__SRR36861563.target_enriched.fastq.gz	candidate_reads	SRR36861563	20	ac73670af3abed54ac6fb4695131f4099be9fbe39d6076c5d0264a6bbdae9d83
reads/OK-A_20251118__SRR36861561.target_enriched.fastq.gz	candidate_reads	SRR36861561	20	ac73670af3abed54ac6fb4695131f4099be9fbe39d6076c5d0264a6bbdae9d83
reads/OK-A_20251128__SRR36861562.target_enriched.fastq.gz	candidate_reads	SRR36861562	20	ac73670af3abed54ac6fb4695131f4099be9fbe39d6076c5d0264a6bbdae9d83
reads/OK-A_20251202__SRR36861560.target_enriched.fastq.gz	candidate_reads	SRR36861560	20	ac73670af3abed54ac6fb4695131f4099be9fbe39d6076c5d0264a6bbdae9d83
reads/OK-A_20251209__SRR36861559.target_enriched.fastq.gz	candidate_reads	SRR36861559	20	ac73670af3abed54ac6fb4695131f4099be9fbe39d6076c5d0264a6bbdae9d83
reads/OK-A_20251216__SRR37181179.target_enriched.fastq.gz	candidate_reads	SRR37181179	20	ac73670af3abed54ac6fb4695131f4099be9fbe39d6076c5d0264a6bbdae9d83
reads/OK-A_20251223__SRR37181177.target_enriched.fastq.gz	candidate_reads	SRR37181177	20	ac73670af3abed54ac6fb4695131f4099be9fbe39d6076c5d0264a6bbdae9d83
reads/OK-A_20251230__SRR37181176.target_enriched.fastq.gz	candidate_reads	SRR37181176	20	ac73670af3abed54ac6fb4695131f4099be9fbe39d6076c5d0264a6bbdae9d83
reads/OK-A_20260113__SRR37181175.target_enriched.fastq.gz	candidate_reads	SRR37181175	20	ac73670af3abed54ac6fb4695131f4099be9fbe39d6076c5d0264a6bbdae9d83
reads/OK-A_20260120__SRR38294995.target_enriched.fastq.gz	candidate_reads	SRR38294995	20	ac73670af3abed54ac6fb4695131f4099be9fbe39d6076c5d0264a6bbdae9d83
reads/OK-A_20260127__SRR38294994.target_enriched.fastq.gz	candidate_reads	SRR38294994	20	ac73670af3abed54ac6fb4695131f4099be9fbe39d6076c5d0264a6bbdae9d83
reads/OK-A_20260203__SRR38294993.target_enriched.fastq.gz	candidate_reads	SRR38294993	20	ac73670af3abed54ac6fb4695131f4099be9fbe39d6076c5d0264a6bbdae9d83
reads/OK-A_20260210__SRR38294992.target_enriched.fastq.gz	candidate_reads	SRR38294992	20	ac73670af3abed54ac6fb4695131f4099be9fbe39d6076c5d0264a6bbdae9d83
reads/OK-A_20260217__SRR38294990.target_enriched.fastq.gz	candidate_reads	SRR38294990	20	ac73670af3abed54ac6fb4695131f4099be9fbe39d6076c5d0264a6bbdae9d83
reads/OK-A_20260224__SRR38294991.target_enriched.fastq.gz	candidate_reads	SRR38294991	20	ac73670af3abed54ac6fb4695131f4099be9fbe39d6076c5d0264a6bbdae9d83
reads/OK-A_20260303__SRR38294989.target_enriched.fastq.gz	candidate_reads	SRR38294989	20	ac73670af3abed54ac6fb4695131f4099be9fbe39d6076c5d0264a6bbdae9d83
reads/OK-A_20260310__SRR38294988.target_enriched.fastq.gz	candidate_reads	SRR38294988	20	ac73670af3abed54ac6fb4695131f4099be9fbe39d6076c5d0264a6bbdae9d83
reads/OK-A_20260317__SRR38294987.target_enriched.fastq.gz	candidate_reads	SRR38294987	20	ac73670af3abed54ac6fb4695131f4099be9fbe39d6076c5d0264a6bbdae9d83
reads/OK-A_20260324__SRR38294985.target_enriched.fastq.gz	candidate_reads	SRR38294985	20	ac73670af3abed54ac6fb4695131f4099be9fbe39d6076c5d0264a6bbdae9d83
reads/OK-A_20260331__SRR38294984.target_enriched.fastq.gz	candidate_reads	SRR38294984	20	ac73670af3abed54ac6fb4695131f4099be9fbe39d6076c5d0264a6bbdae9d83
reads/OK-A_20260407__SRR39695263.target_enriched.fastq.gz	candidate_reads	SRR39695263	20	ac73670af3abed54ac6fb4695131f4099be9fbe39d6076c5d0264a6bbdae9d83
reads/OK-A_20260414__SRR39695261.target_enriched.fastq.gz	candidate_reads	SRR39695261	20	ac73670af3abed54ac6fb4695131f4099be9fbe39d6076c5d0264a6bbdae9d83
reads/OK-A_20260421__SRR39695260.target_enriched.fastq.gz	candidate_reads	SRR39695260	20	ac73670af3abed54ac6fb4695131f4099be9fbe39d6076c5d0264a6bbdae9d83
reads/OK-A_20260428__SRR39695159.target_enriched.fastq.gz	candidate_reads	SRR39695159	20	ac73670af3abed54ac6fb4695131f4099be9fbe39d6076c5d0264a6bbdae9d83
reads/OK-A_20260505__SRR39695156.target_enriched.fastq.gz	candidate_reads	SRR39695156	20	ac73670af3abed54ac6fb4695131f4099be9fbe39d6076c5d0264a6bbdae9d83
reads/OK-A_20260512__SRR39695157.target_enriched.fastq.gz	candidate_reads	SRR39695157	20	ac73670af3abed54ac6fb4695131f4099be9fbe39d6076c5d0264a6bbdae9d83
reads/OK-A_20260519__SRR39695155.target_enriched.fastq.gz	candidate_reads	SRR39695155	20	ac73670af3abed54ac6fb4695131f4099be9fbe39d6076c5d0264a6bbdae9d83
reads/OK-A_20260526__SRR39695153.target_enriched.fastq.gz	candidate_reads	SRR39695153	20	ac73670af3abed54ac6fb4695131f4099be9fbe39d6076c5d0264a6bbdae9d83
reads/OK-A_20260602__SRR39695152.target_enriched.fastq.gz	candidate_reads	SRR39695152	1238	c501046a4e0e0db973225528fa4dabb8d1e09a975c543327df06a4c308390e1e
reads/OK-A_20260609__SRR39695151.target_enriched.fastq.gz	candidate_reads	SRR39695151	20	ac73670af3abed54ac6fb4695131f4099be9fbe39d6076c5d0264a6bbdae9d83
reads/OK-A_20260616__SRR39695149.target_enriched.fastq.gz	candidate_reads	SRR39695149	20	ac73670af3abed54ac6fb4695131f4099be9fbe39d6076c5d0264a6bbdae9d83
reads/OK-A_20260623__SRR39694963.target_enriched.fastq.gz	candidate_reads	SRR39694963	20	ac73670af3abed54ac6fb4695131f4099be9fbe39d6076c5d0264a6bbdae9d83
reads/OK-B_20250818__SRR36861558.target_enriched.fastq.gz	candidate_reads	SRR36861558	20	ac73670af3abed54ac6fb4695131f4099be9fbe39d6076c5d0264a6bbdae9d83
reads/OK-B_20250826__SRR36861556.target_enriched.fastq.gz	candidate_reads	SRR36861556	2758	ac1d9b53d624791c4176b72e8c23e9f76c6a84889bd5773fa630a755f5c9e93a
reads/OK-B_20250901__SRR36861557.target_enriched.fastq.gz	candidate_reads	SRR36861557	20	ac73670af3abed54ac6fb4695131f4099be9fbe39d6076c5d0264a6bbdae9d83
reads/OK-B_20250909__SRR36861554.target_enriched.fastq.gz	candidate_reads	SRR36861554	20	ac73670af3abed54ac6fb4695131f4099be9fbe39d6076c5d0264a6bbdae9d83
reads/OK-B_20250916__SRR36861553.target_enriched.fastq.gz	candidate_reads	SRR36861553	20	ac73670af3abed54ac6fb4695131f4099be9fbe39d6076c5d0264a6bbdae9d83
reads/OK-B_20250923__SRR36861551.target_enriched.fastq.gz	candidate_reads	SRR36861551	20	ac73670af3abed54ac6fb4695131f4099be9fbe39d6076c5d0264a6bbdae9d83
reads/OK-B_20250930__SRR36861552.target_enriched.fastq.gz	candidate_reads	SRR36861552	20	ac73670af3abed54ac6fb4695131f4099be9fbe39d6076c5d0264a6bbdae9d83
reads/OK-B_20251007__SRR36861550.target_enriched.fastq.gz	candidate_reads	SRR36861550	20	ac73670af3abed54ac6fb4695131f4099be9fbe39d6076c5d0264a6bbdae9d83
reads/OK-B_20251014__SRR36861549.target_enriched.fastq.gz	candidate_reads	SRR36861549	20	ac73670af3abed54ac6fb4695131f4099be9fbe39d6076c5d0264a6bbdae9d83
reads/OK-B_20251021__SRR36861548.target_enriched.fastq.gz	candidate_reads	SRR36861548	20	ac73670af3abed54ac6fb4695131f4099be9fbe39d6076c5d0264a6bbdae9d83
reads/OK-B_20251027__SRR36861547.target_enriched.fastq.gz	candidate_reads	SRR36861547	20	ac73670af3abed54ac6fb4695131f4099be9fbe39d6076c5d0264a6bbdae9d83
reads/OK-B_20251104__SRR36861546.target_enriched.fastq.gz	candidate_reads	SRR36861546	20	ac73670af3abed54ac6fb4695131f4099be9fbe39d6076c5d0264a6bbdae9d83
reads/OK-B_20251111__SRR36861545.target_enriched.fastq.gz	candidate_reads	SRR36861545	20	ac73670af3abed54ac6fb4695131f4099be9fbe39d6076c5d0264a6bbdae9d83
reads/OK-B_20251118__SRR36861543.target_enriched.fastq.gz	candidate_reads	SRR36861543	20	ac73670af3abed54ac6fb4695131f4099be9fbe39d6076c5d0264a6bbdae9d83
reads/OK-B_20251128__SRR36861542.target_enriched.fastq.gz	candidate_reads	SRR36861542	20	ac73670af3abed54ac6fb4695131f4099be9fbe39d6076c5d0264a6bbdae9d83
reads/OK-B_20251202__SRR36861541.target_enriched.fastq.gz	candidate_reads	SRR36861541	20	ac73670af3abed54ac6fb4695131f4099be9fbe39d6076c5d0264a6bbdae9d83
reads/OK-B_20251209__SRR36861540.target_enriched.fastq.gz	candidate_reads	SRR36861540	20	ac73670af3abed54ac6fb4695131f4099be9fbe39d6076c5d0264a6bbdae9d83
reads/OK-B_20251216__SRR37181161.target_enriched.fastq.gz	candidate_reads	SRR37181161	20	ac73670af3abed54ac6fb4695131f4099be9fbe39d6076c5d0264a6bbdae9d83
reads/OK-B_20251223__SRR37181159.target_enriched.fastq.gz	candidate_reads	SRR37181159	20	ac73670af3abed54ac6fb4695131f4099be9fbe39d6076c5d0264a6bbdae9d83
reads/OK-B_20251230__SRR37181158.target_enriched.fastq.gz	candidate_reads	SRR37181158	20	ac73670af3abed54ac6fb4695131f4099be9fbe39d6076c5d0264a6bbdae9d83
reads/OK-B_20260113__SRR37181157.target_enriched.fastq.gz	candidate_reads	SRR37181157	20	ac73670af3abed54ac6fb4695131f4099be9fbe39d6076c5d0264a6bbdae9d83
reads/OK-B_20260120__SRR38294807.target_enriched.fastq.gz	candidate_reads	SRR38294807	20	ac73670af3abed54ac6fb4695131f4099be9fbe39d6076c5d0264a6bbdae9d83
reads/OK-B_20260127__SRR38294805.target_enriched.fastq.gz	candidate_reads	SRR38294805	20	ac73670af3abed54ac6fb4695131f4099be9fbe39d6076c5d0264a6bbdae9d83
reads/OK-B_20260203__SRR38294828.target_enriched.fastq.gz	candidate_reads	SRR38294828	20	ac73670af3abed54ac6fb4695131f4099be9fbe39d6076c5d0264a6bbdae9d83
reads/OK-B_20260210__SRR38294827.target_enriched.fastq.gz	candidate_reads	SRR38294827	20	ac73670af3abed54ac6fb4695131f4099be9fbe39d6076c5d0264a6bbdae9d83
reads/OK-B_20260217__SRR38294825.target_enriched.fastq.gz	candidate_reads	SRR38294825	20	ac73670af3abed54ac6fb4695131f4099be9fbe39d6076c5d0264a6bbdae9d83
reads/OK-B_20260224__SRR38294826.target_enriched.fastq.gz	candidate_reads	SRR38294826	20	ac73670af3abed54ac6fb4695131f4099be9fbe39d6076c5d0264a6bbdae9d83
reads/OK-B_20260303__SRR38294824.target_enriched.fastq.gz	candidate_reads	SRR38294824	20	ac73670af3abed54ac6fb4695131f4099be9fbe39d6076c5d0264a6bbdae9d83
reads/OK-B_20260310__SRR38294823.target_enriched.fastq.gz	candidate_reads	SRR38294823	20	ac73670af3abed54ac6fb4695131f4099be9fbe39d6076c5d0264a6bbdae9d83
reads/OK-B_20260317__SRR38294822.target_enriched.fastq.gz	candidate_reads	SRR38294822	20	ac73670af3abed54ac6fb4695131f4099be9fbe39d6076c5d0264a6bbdae9d83
reads/OK-B_20260324__SRR38294821.target_enriched.fastq.gz	candidate_reads	SRR38294821	20	ac73670af3abed54ac6fb4695131f4099be9fbe39d6076c5d0264a6bbdae9d83
reads/OK-B_20260331__SRR38294819.target_enriched.fastq.gz	candidate_reads	SRR38294819	20	ac73670af3abed54ac6fb4695131f4099be9fbe39d6076c5d0264a6bbdae9d83
reads/OK-B_20260407__SRR39694962.target_enriched.fastq.gz	candidate_reads	SRR39694962	20	ac73670af3abed54ac6fb4695131f4099be9fbe39d6076c5d0264a6bbdae9d83
reads/OK-B_20260414__SRR39695147.target_enriched.fastq.gz	candidate_reads	SRR39695147	20	ac73670af3abed54ac6fb4695131f4099be9fbe39d6076c5d0264a6bbdae9d83
reads/OK-B_20260421__SRR39695146.target_enriched.fastq.gz	candidate_reads	SRR39695146	20	ac73670af3abed54ac6fb4695131f4099be9fbe39d6076c5d0264a6bbdae9d83
reads/OK-B_20260428__SRR39695145.target_enriched.fastq.gz	candidate_reads	SRR39695145	20	ac73670af3abed54ac6fb4695131f4099be9fbe39d6076c5d0264a6bbdae9d83
reads/OK-B_20260505__SRR39695359.target_enriched.fastq.gz	candidate_reads	SRR39695359	20	ac73670af3abed54ac6fb4695131f4099be9fbe39d6076c5d0264a6bbdae9d83
reads/OK-B_20260512__SRR39695356.target_enriched.fastq.gz	candidate_reads	SRR39695356	20	ac73670af3abed54ac6fb4695131f4099be9fbe39d6076c5d0264a6bbdae9d83
reads/OK-B_20260519__SRR39695355.target_enriched.fastq.gz	candidate_reads	SRR39695355	20	ac73670af3abed54ac6fb4695131f4099be9fbe39d6076c5d0264a6bbdae9d83
reads/OK-B_20260526__SRR39695354.target_enriched.fastq.gz	candidate_reads	SRR39695354	20	ac73670af3abed54ac6fb4695131f4099be9fbe39d6076c5d0264a6bbdae9d83
reads/OK-B_20260602__SRR39695353.target_enriched.fastq.gz	candidate_reads	SRR39695353	20	ac73670af3abed54ac6fb4695131f4099be9fbe39d6076c5d0264a6bbdae9d83
reads/OK-B_20260609__SRR39695351.target_enriched.fastq.gz	candidate_reads	SRR39695351	20	ac73670af3abed54ac6fb4695131f4099be9fbe39d6076c5d0264a6bbdae9d83
reads/OK-B_20260616__SRR39695352.target_enriched.fastq.gz	candidate_reads	SRR39695352	20	ac73670af3abed54ac6fb4695131f4099be9fbe39d6076c5d0264a6bbdae9d83
reads/OK-B_20260623__SRR39695350.target_enriched.fastq.gz	candidate_reads	SRR39695350	20	ac73670af3abed54ac6fb4695131f4099be9fbe39d6076c5d0264a6bbdae9d83
reads/PH-250325-FL_Miami-R1-A1_illumina_part_1__SRR36995849.target_enriched.fastq.gz	candidate_reads	SRR36995849	20	ac73670af3abed54ac6fb4695131f4099be9fbe39d6076c5d0264a6bbdae9d83
reads/PH-250325-FL_Miami-R1-A1_illumina_part_1__SRR36995863.target_enriched.fastq.gz	candidate_reads	SRR36995863	20	ac73670af3abed54ac6fb4695131f4099be9fbe39d6076c5d0264a6bbdae9d83
reads/PH-250402-FL_Miami-R1-A1_illumina__SRR36995848.target_enriched.fastq.gz	candidate_reads	SRR36995848	20	ac73670af3abed54ac6fb4695131f4099be9fbe39d6076c5d0264a6bbdae9d83
reads/PH-250408-FL_Miami-R1-A1_illumina__SRR36995846.target_enriched.fastq.gz	candidate_reads	SRR36995846	20	ac73670af3abed54ac6fb4695131f4099be9fbe39d6076c5d0264a6bbdae9d83
reads/PH-250408-FL_Miami-R1-A1_illumina__SRR36995847.target_enriched.fastq.gz	candidate_reads	SRR36995847	20	ac73670af3abed54ac6fb4695131f4099be9fbe39d6076c5d0264a6bbdae9d83
reads/PH-250415-FL_Miami-R1-A1_illumina__SRR36995844.target_enriched.fastq.gz	candidate_reads	SRR36995844	20	ac73670af3abed54ac6fb4695131f4099be9fbe39d6076c5d0264a6bbdae9d83
reads/PR-20250219-DNI-R1-A2__SRR33038100.target_enriched.fastq.gz	candidate_reads	SRR33038100	20	ac73670af3abed54ac6fb4695131f4099be9fbe39d6076c5d0264a6bbdae9d83
reads/PR-20250219-DSI-R1-A2__SRR33038080.target_enriched.fastq.gz	candidate_reads	SRR33038080	20	ac73670af3abed54ac6fb4695131f4099be9fbe39d6076c5d0264a6bbdae9d83
reads/PR-20250226-DNI-R1-A2__SRR33038051.target_enriched.fastq.gz	candidate_reads	SRR33038051	20	ac73670af3abed54ac6fb4695131f4099be9fbe39d6076c5d0264a6bbdae9d83
reads/PR-20250226-DSI-R1-A2__SRR33038029.target_enriched.fastq.gz	candidate_reads	SRR33038029	20	ac73670af3abed54ac6fb4695131f4099be9fbe39d6076c5d0264a6bbdae9d83
reads/PR-250319-MA_Boston_DITPN-R1-A1_illumina__SRR37367606.target_enriched.fastq.gz	candidate_reads	SRR37367606	20	ac73670af3abed54ac6fb4695131f4099be9fbe39d6076c5d0264a6bbdae9d83
reads/PR-250319-MA_Boston_DITPS-R1-A1_illumina__SRR37367607.target_enriched.fastq.gz	candidate_reads	SRR37367607	20	ac73670af3abed54ac6fb4695131f4099be9fbe39d6076c5d0264a6bbdae9d83
reads/PR-250326-MA_Boston_DITPN-R1-A1_illumina_part_1__SRR37367544.target_enriched.fastq.gz	candidate_reads	SRR37367544	20	ac73670af3abed54ac6fb4695131f4099be9fbe39d6076c5d0264a6bbdae9d83
reads/PR-250326-MA_Boston_DITPN-R1-A1_illumina_part_1__SRR37367545.target_enriched.fastq.gz	candidate_reads	SRR37367545	20	ac73670af3abed54ac6fb4695131f4099be9fbe39d6076c5d0264a6bbdae9d83
reads/PR-250326-MA_Boston_DITPS-R1-A1_illumina_part_1__SRR37367641.target_enriched.fastq.gz	candidate_reads	SRR37367641	20	ac73670af3abed54ac6fb4695131f4099be9fbe39d6076c5d0264a6bbdae9d83
reads/PR-250326-MA_Boston_DITPS-R1-A1_illumina_part_1__SRR37367642.target_enriched.fastq.gz	candidate_reads	SRR37367642	20	ac73670af3abed54ac6fb4695131f4099be9fbe39d6076c5d0264a6bbdae9d83
reads/PR-250402-MA_Boston_DITPN-R1-A1_illumina_part_1__SRR37367540.target_enriched.fastq.gz	candidate_reads	SRR37367540	20	ac73670af3abed54ac6fb4695131f4099be9fbe39d6076c5d0264a6bbdae9d83
reads/PR-250402-MA_Boston_DITPN-R1-A1_illumina_part_1__SRR37367640.target_enriched.fastq.gz	candidate_reads	SRR37367640	20	ac73670af3abed54ac6fb4695131f4099be9fbe39d6076c5d0264a6bbdae9d83
reads/PR-250402-MA_Boston_DITPS-R1-A1_illumina_part_1__SRR37367538.target_enriched.fastq.gz	candidate_reads	SRR37367538	20	ac73670af3abed54ac6fb4695131f4099be9fbe39d6076c5d0264a6bbdae9d83
reads/PR-250402-MA_Boston_DITPS-R1-A1_illumina_part_1__SRR37367539.target_enriched.fastq.gz	candidate_reads	SRR37367539	20	ac73670af3abed54ac6fb4695131f4099be9fbe39d6076c5d0264a6bbdae9d83
reads/PR-250409-MA_Boston_DITPN-R1-A1_illumina_part_1__SRR37367536.target_enriched.fastq.gz	candidate_reads	SRR37367536	20	ac73670af3abed54ac6fb4695131f4099be9fbe39d6076c5d0264a6bbdae9d83
reads/PR-250409-MA_Boston_DITPN-R1-A1_illumina_part_1__SRR37367537.target_enriched.fastq.gz	candidate_reads	SRR37367537	20	ac73670af3abed54ac6fb4695131f4099be9fbe39d6076c5d0264a6bbdae9d83
reads/PR-250409-MA_Boston_DITPS-R1-A1_illumina__SRR37367535.target_enriched.fastq.gz	candidate_reads	SRR37367535	20	ac73670af3abed54ac6fb4695131f4099be9fbe39d6076c5d0264a6bbdae9d83
reads/PR-250409-MA_Boston_DITPS-R1-A1_illumina__SRR37367579.target_enriched.fastq.gz	candidate_reads	SRR37367579	20	ac73670af3abed54ac6fb4695131f4099be9fbe39d6076c5d0264a6bbdae9d83
reads/Southern_California_20250416__SRR36876861.target_enriched.fastq.gz	candidate_reads	SRR36876861	20	ac73670af3abed54ac6fb4695131f4099be9fbe39d6076c5d0264a6bbdae9d83
reads/Southern_California_20250420__SRR36876860.target_enriched.fastq.gz	candidate_reads	SRR36876860	20	ac73670af3abed54ac6fb4695131f4099be9fbe39d6076c5d0264a6bbdae9d83
reads/Southern_California_20250423__SRR36876818.target_enriched.fastq.gz	candidate_reads	SRR36876818	20	ac73670af3abed54ac6fb4695131f4099be9fbe39d6076c5d0264a6bbdae9d83
reads/Southern_California_20250427__SRR36876843.target_enriched.fastq.gz	candidate_reads	SRR36876843	20	ac73670af3abed54ac6fb4695131f4099be9fbe39d6076c5d0264a6bbdae9d83
reads/Southern_California_20250430__SRR36876798.target_enriched.fastq.gz	candidate_reads	SRR36876798	20	ac73670af3abed54ac6fb4695131f4099be9fbe39d6076c5d0264a6bbdae9d83
reads/Southern_California_20250504__SRR36876806.target_enriched.fastq.gz	candidate_reads	SRR36876806	20	ac73670af3abed54ac6fb4695131f4099be9fbe39d6076c5d0264a6bbdae9d83
reads/Southern_California_20250507__SRR36876824.target_enriched.fastq.gz	candidate_reads	SRR36876824	20	ac73670af3abed54ac6fb4695131f4099be9fbe39d6076c5d0264a6bbdae9d83
reads/Southern_California_20250511__SRR36876829.target_enriched.fastq.gz	candidate_reads	SRR36876829	20	ac73670af3abed54ac6fb4695131f4099be9fbe39d6076c5d0264a6bbdae9d83
reads/Southern_California_20250514__SRR36876830.target_enriched.fastq.gz	candidate_reads	SRR36876830	20	ac73670af3abed54ac6fb4695131f4099be9fbe39d6076c5d0264a6bbdae9d83
reads/Southern_California_20250518__SRR36876828.target_enriched.fastq.gz	candidate_reads	SRR36876828	20	ac73670af3abed54ac6fb4695131f4099be9fbe39d6076c5d0264a6bbdae9d83
reads/Southern_California_20250521__SRR36876858.target_enriched.fastq.gz	candidate_reads	SRR36876858	20	ac73670af3abed54ac6fb4695131f4099be9fbe39d6076c5d0264a6bbdae9d83
reads/Southern_California_20250525__SRR36876859.target_enriched.fastq.gz	candidate_reads	SRR36876859	20	ac73670af3abed54ac6fb4695131f4099be9fbe39d6076c5d0264a6bbdae9d83
reads/Southern_California_20250528__SRR36876857.target_enriched.fastq.gz	candidate_reads	SRR36876857	20	ac73670af3abed54ac6fb4695131f4099be9fbe39d6076c5d0264a6bbdae9d83
reads/Southern_California_20250601__SRR36876850.target_enriched.fastq.gz	candidate_reads	SRR36876850	20	ac73670af3abed54ac6fb4695131f4099be9fbe39d6076c5d0264a6bbdae9d83
reads/Southern_California_20250604__SRR36876851.target_enriched.fastq.gz	candidate_reads	SRR36876851	20	ac73670af3abed54ac6fb4695131f4099be9fbe39d6076c5d0264a6bbdae9d83
reads/Southern_California_20250608__SRR36876852.target_enriched.fastq.gz	candidate_reads	SRR36876852	20	ac73670af3abed54ac6fb4695131f4099be9fbe39d6076c5d0264a6bbdae9d83
reads/Southern_California_20250611__SRR36876854.target_enriched.fastq.gz	candidate_reads	SRR36876854	20	ac73670af3abed54ac6fb4695131f4099be9fbe39d6076c5d0264a6bbdae9d83
reads/Southern_California_20250615__SRR36876853.target_enriched.fastq.gz	candidate_reads	SRR36876853	20	ac73670af3abed54ac6fb4695131f4099be9fbe39d6076c5d0264a6bbdae9d83
reads/Southern_California_20250618__SRR36876855.target_enriched.fastq.gz	candidate_reads	SRR36876855	20	ac73670af3abed54ac6fb4695131f4099be9fbe39d6076c5d0264a6bbdae9d83
reads/Southern_California_20250622__SRR36876856.target_enriched.fastq.gz	candidate_reads	SRR36876856	20	ac73670af3abed54ac6fb4695131f4099be9fbe39d6076c5d0264a6bbdae9d83
reads/Southern_California_20250625__SRR36876820.target_enriched.fastq.gz	candidate_reads	SRR36876820	20	ac73670af3abed54ac6fb4695131f4099be9fbe39d6076c5d0264a6bbdae9d83
reads/Southern_California_20250629__SRR36876821.target_enriched.fastq.gz	candidate_reads	SRR36876821	20	ac73670af3abed54ac6fb4695131f4099be9fbe39d6076c5d0264a6bbdae9d83
reads/Southern_California_20250702__SRR36876822.target_enriched.fastq.gz	candidate_reads	SRR36876822	20	ac73670af3abed54ac6fb4695131f4099be9fbe39d6076c5d0264a6bbdae9d83
reads/Southern_California_20250706__SRR36876823.target_enriched.fastq.gz	candidate_reads	SRR36876823	500	6963186dd7d0c96661dec111ef32d37f22036151944ba62e6b7179c4324cb597
reads/Southern_California_20250709__SRR36876837.target_enriched.fastq.gz	candidate_reads	SRR36876837	20	ac73670af3abed54ac6fb4695131f4099be9fbe39d6076c5d0264a6bbdae9d83
reads/Southern_California_20250713__SRR36876838.target_enriched.fastq.gz	candidate_reads	SRR36876838	20	ac73670af3abed54ac6fb4695131f4099be9fbe39d6076c5d0264a6bbdae9d83
reads/Southern_California_20250716__SRR36876839.target_enriched.fastq.gz	candidate_reads	SRR36876839	20	ac73670af3abed54ac6fb4695131f4099be9fbe39d6076c5d0264a6bbdae9d83
reads/Southern_California_20250720__SRR36876840.target_enriched.fastq.gz	candidate_reads	SRR36876840	20	ac73670af3abed54ac6fb4695131f4099be9fbe39d6076c5d0264a6bbdae9d83
reads/Southern_California_20250723__SRR36876841.target_enriched.fastq.gz	candidate_reads	SRR36876841	20	ac73670af3abed54ac6fb4695131f4099be9fbe39d6076c5d0264a6bbdae9d83
reads/Southern_California_20250727__SRR36876842.target_enriched.fastq.gz	candidate_reads	SRR36876842	20	ac73670af3abed54ac6fb4695131f4099be9fbe39d6076c5d0264a6bbdae9d83
reads/Southern_California_20250730__SRR36876844.target_enriched.fastq.gz	candidate_reads	SRR36876844	20	ac73670af3abed54ac6fb4695131f4099be9fbe39d6076c5d0264a6bbdae9d83
reads/Southern_California_20250803__SRR36876845.target_enriched.fastq.gz	candidate_reads	SRR36876845	20	ac73670af3abed54ac6fb4695131f4099be9fbe39d6076c5d0264a6bbdae9d83
reads/Southern_California_20250806__SRR36876846.target_enriched.fastq.gz	candidate_reads	SRR36876846	626	da63e8d1974d63a48f88d3013a575ccef470db3364541c01efd29bf22c2e83ef
reads/Southern_California_20250810__SRR36876847.target_enriched.fastq.gz	candidate_reads	SRR36876847	20	ac73670af3abed54ac6fb4695131f4099be9fbe39d6076c5d0264a6bbdae9d83
reads/Southern_California_20250813__SRR36876849.target_enriched.fastq.gz	candidate_reads	SRR36876849	20	ac73670af3abed54ac6fb4695131f4099be9fbe39d6076c5d0264a6bbdae9d83
reads/Southern_California_20250817__SRR36876848.target_enriched.fastq.gz	candidate_reads	SRR36876848	20	ac73670af3abed54ac6fb4695131f4099be9fbe39d6076c5d0264a6bbdae9d83
reads/Southern_California_20250820__SRR36876819.target_enriched.fastq.gz	candidate_reads	SRR36876819	20	ac73670af3abed54ac6fb4695131f4099be9fbe39d6076c5d0264a6bbdae9d83
reads/Southern_California_20250824__SRR36876817.target_enriched.fastq.gz	candidate_reads	SRR36876817	20	ac73670af3abed54ac6fb4695131f4099be9fbe39d6076c5d0264a6bbdae9d83
reads/Southern_California_20250827__SRR36876816.target_enriched.fastq.gz	candidate_reads	SRR36876816	20	ac73670af3abed54ac6fb4695131f4099be9fbe39d6076c5d0264a6bbdae9d83
reads/Southern_California_20250903__SRR36876815.target_enriched.fastq.gz	candidate_reads	SRR36876815	20	ac73670af3abed54ac6fb4695131f4099be9fbe39d6076c5d0264a6bbdae9d83
reads/Southern_California_20250907__SRR36876836.target_enriched.fastq.gz	candidate_reads	SRR36876836	20	ac73670af3abed54ac6fb4695131f4099be9fbe39d6076c5d0264a6bbdae9d83
reads/Southern_California_20250910__SRR36876834.target_enriched.fastq.gz	candidate_reads	SRR36876834	20	ac73670af3abed54ac6fb4695131f4099be9fbe39d6076c5d0264a6bbdae9d83
reads/Southern_California_20250914__SRR36876813.target_enriched.fastq.gz	candidate_reads	SRR36876813	20	ac73670af3abed54ac6fb4695131f4099be9fbe39d6076c5d0264a6bbdae9d83
reads/Southern_California_20250917__SRR36876814.target_enriched.fastq.gz	candidate_reads	SRR36876814	20	ac73670af3abed54ac6fb4695131f4099be9fbe39d6076c5d0264a6bbdae9d83
reads/Southern_California_20250921__SRR36876812.target_enriched.fastq.gz	candidate_reads	SRR36876812	20	ac73670af3abed54ac6fb4695131f4099be9fbe39d6076c5d0264a6bbdae9d83
reads/Southern_California_20250924__SRR36876811.target_enriched.fastq.gz	candidate_reads	SRR36876811	20	ac73670af3abed54ac6fb4695131f4099be9fbe39d6076c5d0264a6bbdae9d83
reads/Southern_California_20250928__SRR36876810.target_enriched.fastq.gz	candidate_reads	SRR36876810	20	ac73670af3abed54ac6fb4695131f4099be9fbe39d6076c5d0264a6bbdae9d83
reads/Southern_California_20251001__SRR36876808.target_enriched.fastq.gz	candidate_reads	SRR36876808	20	ac73670af3abed54ac6fb4695131f4099be9fbe39d6076c5d0264a6bbdae9d83
reads/Southern_California_20251005__SRR36876809.target_enriched.fastq.gz	candidate_reads	SRR36876809	20	ac73670af3abed54ac6fb4695131f4099be9fbe39d6076c5d0264a6bbdae9d83
reads/Southern_California_20251009__SRR36876807.target_enriched.fastq.gz	candidate_reads	SRR36876807	20	ac73670af3abed54ac6fb4695131f4099be9fbe39d6076c5d0264a6bbdae9d83
reads/Southern_California_20251016__SRR36876805.target_enriched.fastq.gz	candidate_reads	SRR36876805	20	ac73670af3abed54ac6fb4695131f4099be9fbe39d6076c5d0264a6bbdae9d83
reads/Southern_California_20251019__SRR36876804.target_enriched.fastq.gz	candidate_reads	SRR36876804	20	ac73670af3abed54ac6fb4695131f4099be9fbe39d6076c5d0264a6bbdae9d83
reads/Southern_California_20251023__SRR36876803.target_enriched.fastq.gz	candidate_reads	SRR36876803	20	ac73670af3abed54ac6fb4695131f4099be9fbe39d6076c5d0264a6bbdae9d83
reads/Southern_California_20251026__SRR36876802.target_enriched.fastq.gz	candidate_reads	SRR36876802	20	ac73670af3abed54ac6fb4695131f4099be9fbe39d6076c5d0264a6bbdae9d83
reads/Southern_California_20251029__SRR36876800.target_enriched.fastq.gz	candidate_reads	SRR36876800	20	ac73670af3abed54ac6fb4695131f4099be9fbe39d6076c5d0264a6bbdae9d83
reads/Southern_California_20251102__SRR36876801.target_enriched.fastq.gz	candidate_reads	SRR36876801	20	ac73670af3abed54ac6fb4695131f4099be9fbe39d6076c5d0264a6bbdae9d83
reads/Southern_California_20251105__SRR36876799.target_enriched.fastq.gz	candidate_reads	SRR36876799	20	ac73670af3abed54ac6fb4695131f4099be9fbe39d6076c5d0264a6bbdae9d83
reads/Southern_California_20251109__SRR36876827.target_enriched.fastq.gz	candidate_reads	SRR36876827	20	ac73670af3abed54ac6fb4695131f4099be9fbe39d6076c5d0264a6bbdae9d83
reads/Southern_California_20251112__SRR36876826.target_enriched.fastq.gz	candidate_reads	SRR36876826	20	ac73670af3abed54ac6fb4695131f4099be9fbe39d6076c5d0264a6bbdae9d83
reads/Southern_California_20251116__SRR36876825.target_enriched.fastq.gz	candidate_reads	SRR36876825	20	ac73670af3abed54ac6fb4695131f4099be9fbe39d6076c5d0264a6bbdae9d83
reads/Southern_California_20251119__SRR36876797.target_enriched.fastq.gz	candidate_reads	SRR36876797	20	ac73670af3abed54ac6fb4695131f4099be9fbe39d6076c5d0264a6bbdae9d83
reads/Southern_California_20251123__SRR36876796.target_enriched.fastq.gz	candidate_reads	SRR36876796	20	ac73670af3abed54ac6fb4695131f4099be9fbe39d6076c5d0264a6bbdae9d83
reads/Southern_California_20251126__SRR36876835.target_enriched.fastq.gz	candidate_reads	SRR36876835	20	ac73670af3abed54ac6fb4695131f4099be9fbe39d6076c5d0264a6bbdae9d83
reads/Southern_California_20251130__SRR36876833.target_enriched.fastq.gz	candidate_reads	SRR36876833	20	ac73670af3abed54ac6fb4695131f4099be9fbe39d6076c5d0264a6bbdae9d83
reads/Southern_California_20251203__SRR36876832.target_enriched.fastq.gz	candidate_reads	SRR36876832	20	ac73670af3abed54ac6fb4695131f4099be9fbe39d6076c5d0264a6bbdae9d83
reads/Southern_California_20251207__SRR36876831.target_enriched.fastq.gz	candidate_reads	SRR36876831	20	ac73670af3abed54ac6fb4695131f4099be9fbe39d6076c5d0264a6bbdae9d83
reads/Southern_California_20251210__SRR37092412.target_enriched.fastq.gz	candidate_reads	SRR37092412	20	ac73670af3abed54ac6fb4695131f4099be9fbe39d6076c5d0264a6bbdae9d83
reads/Southern_California_20251214__SRR37092411.target_enriched.fastq.gz	candidate_reads	SRR37092411	20	ac73670af3abed54ac6fb4695131f4099be9fbe39d6076c5d0264a6bbdae9d83
reads/Southern_California_20251217__SRR37092410.target_enriched.fastq.gz	candidate_reads	SRR37092410	20	ac73670af3abed54ac6fb4695131f4099be9fbe39d6076c5d0264a6bbdae9d83
reads/Southern_California_20251221__SRR37092408.target_enriched.fastq.gz	candidate_reads	SRR37092408	20	ac73670af3abed54ac6fb4695131f4099be9fbe39d6076c5d0264a6bbdae9d83
reads/Southern_California_20251224__SRR37092407.target_enriched.fastq.gz	candidate_reads	SRR37092407	20	ac73670af3abed54ac6fb4695131f4099be9fbe39d6076c5d0264a6bbdae9d83
reads/Southern_California_20251228__SRR37092406.target_enriched.fastq.gz	candidate_reads	SRR37092406	20	ac73670af3abed54ac6fb4695131f4099be9fbe39d6076c5d0264a6bbdae9d83
reads/Southern_California_20251231__SRR37092405.target_enriched.fastq.gz	candidate_reads	SRR37092405	20	ac73670af3abed54ac6fb4695131f4099be9fbe39d6076c5d0264a6bbdae9d83
reads/Southern_California_20260104__SRR38294818.target_enriched.fastq.gz	candidate_reads	SRR38294818	20	ac73670af3abed54ac6fb4695131f4099be9fbe39d6076c5d0264a6bbdae9d83
reads/Southern_California_20260114__SRR38294817.target_enriched.fastq.gz	candidate_reads	SRR38294817	20	ac73670af3abed54ac6fb4695131f4099be9fbe39d6076c5d0264a6bbdae9d83
reads/Southern_California_20260118__SRR38294815.target_enriched.fastq.gz	candidate_reads	SRR38294815	20	ac73670af3abed54ac6fb4695131f4099be9fbe39d6076c5d0264a6bbdae9d83
reads/Southern_California_20260121__SRR38294816.target_enriched.fastq.gz	candidate_reads	SRR38294816	20	ac73670af3abed54ac6fb4695131f4099be9fbe39d6076c5d0264a6bbdae9d83
reads/Southern_California_20260125__SRR38294814.target_enriched.fastq.gz	candidate_reads	SRR38294814	20	ac73670af3abed54ac6fb4695131f4099be9fbe39d6076c5d0264a6bbdae9d83
reads/Southern_California_20260128__SRR38294813.target_enriched.fastq.gz	candidate_reads	SRR38294813	20	ac73670af3abed54ac6fb4695131f4099be9fbe39d6076c5d0264a6bbdae9d83
reads/Southern_California_20260201__SRR38294812.target_enriched.fastq.gz	candidate_reads	SRR38294812	20	ac73670af3abed54ac6fb4695131f4099be9fbe39d6076c5d0264a6bbdae9d83
reads/Southern_California_20260204__SRR38294810.target_enriched.fastq.gz	candidate_reads	SRR38294810	20	ac73670af3abed54ac6fb4695131f4099be9fbe39d6076c5d0264a6bbdae9d83
reads/Southern_California_20260208__SRR38294809.target_enriched.fastq.gz	candidate_reads	SRR38294809	20	ac73670af3abed54ac6fb4695131f4099be9fbe39d6076c5d0264a6bbdae9d83
reads/Southern_California_20260211__SRR38294808.target_enriched.fastq.gz	candidate_reads	SRR38294808	20	ac73670af3abed54ac6fb4695131f4099be9fbe39d6076c5d0264a6bbdae9d83
reads/Southern_California_20260215__SRR38294785.target_enriched.fastq.gz	candidate_reads	SRR38294785	20	ac73670af3abed54ac6fb4695131f4099be9fbe39d6076c5d0264a6bbdae9d83
reads/Southern_California_20260218__SRR38294783.target_enriched.fastq.gz	candidate_reads	SRR38294783	20	ac73670af3abed54ac6fb4695131f4099be9fbe39d6076c5d0264a6bbdae9d83
reads/Southern_California_20260222__SRR38294806.target_enriched.fastq.gz	candidate_reads	SRR38294806	20	ac73670af3abed54ac6fb4695131f4099be9fbe39d6076c5d0264a6bbdae9d83
reads/Southern_California_20260225__SRR38294804.target_enriched.fastq.gz	candidate_reads	SRR38294804	20	ac73670af3abed54ac6fb4695131f4099be9fbe39d6076c5d0264a6bbdae9d83
reads/Southern_California_20260301__SRR38294803.target_enriched.fastq.gz	candidate_reads	SRR38294803	20	ac73670af3abed54ac6fb4695131f4099be9fbe39d6076c5d0264a6bbdae9d83
reads/Southern_California_20260304__SRR38294802.target_enriched.fastq.gz	candidate_reads	SRR38294802	20	ac73670af3abed54ac6fb4695131f4099be9fbe39d6076c5d0264a6bbdae9d83
reads/Southern_California_20260308__SRR38294800.target_enriched.fastq.gz	candidate_reads	SRR38294800	20	ac73670af3abed54ac6fb4695131f4099be9fbe39d6076c5d0264a6bbdae9d83
reads/Southern_California_20260312__SRR38294801.target_enriched.fastq.gz	candidate_reads	SRR38294801	20	ac73670af3abed54ac6fb4695131f4099be9fbe39d6076c5d0264a6bbdae9d83
reads/Southern_California_20260315__SRR38294797.target_enriched.fastq.gz	candidate_reads	SRR38294797	20	ac73670af3abed54ac6fb4695131f4099be9fbe39d6076c5d0264a6bbdae9d83
reads/Southern_California_20260318__SRR38294796.target_enriched.fastq.gz	candidate_reads	SRR38294796	20	ac73670af3abed54ac6fb4695131f4099be9fbe39d6076c5d0264a6bbdae9d83
reads/Southern_California_20260322__SRR38294795.target_enriched.fastq.gz	candidate_reads	SRR38294795	20	ac73670af3abed54ac6fb4695131f4099be9fbe39d6076c5d0264a6bbdae9d83
reads/Southern_California_20260325__SRR38294793.target_enriched.fastq.gz	candidate_reads	SRR38294793	20	ac73670af3abed54ac6fb4695131f4099be9fbe39d6076c5d0264a6bbdae9d83
reads/Southern_California_20260329__SRR38294794.target_enriched.fastq.gz	candidate_reads	SRR38294794	20	ac73670af3abed54ac6fb4695131f4099be9fbe39d6076c5d0264a6bbdae9d83
reads/Southern_California_20260402__SRR39695349.target_enriched.fastq.gz	candidate_reads	SRR39695349	20	ac73670af3abed54ac6fb4695131f4099be9fbe39d6076c5d0264a6bbdae9d83
reads/Southern_California_20260405__SRR39695348.target_enriched.fastq.gz	candidate_reads	SRR39695348	20	ac73670af3abed54ac6fb4695131f4099be9fbe39d6076c5d0264a6bbdae9d83
reads/Southern_California_20260408__SRR39695346.target_enriched.fastq.gz	candidate_reads	SRR39695346	20	ac73670af3abed54ac6fb4695131f4099be9fbe39d6076c5d0264a6bbdae9d83
reads/Southern_California_20260412__SRR39695345.target_enriched.fastq.gz	candidate_reads	SRR39695345	20	ac73670af3abed54ac6fb4695131f4099be9fbe39d6076c5d0264a6bbdae9d83
reads/Southern_California_20260415__SRR39694970.target_enriched.fastq.gz	candidate_reads	SRR39694970	20	ac73670af3abed54ac6fb4695131f4099be9fbe39d6076c5d0264a6bbdae9d83
reads/Southern_California_20260419__SRR39694968.target_enriched.fastq.gz	candidate_reads	SRR39694968	20	ac73670af3abed54ac6fb4695131f4099be9fbe39d6076c5d0264a6bbdae9d83
reads/Southern_California_20260422__SRR39694966.target_enriched.fastq.gz	candidate_reads	SRR39694966	20	ac73670af3abed54ac6fb4695131f4099be9fbe39d6076c5d0264a6bbdae9d83
reads/Southern_California_20260426__SRR39694965.target_enriched.fastq.gz	candidate_reads	SRR39694965	20	ac73670af3abed54ac6fb4695131f4099be9fbe39d6076c5d0264a6bbdae9d83
reads/Southern_California_20260429__SRR39695245.target_enriched.fastq.gz	candidate_reads	SRR39695245	20	ac73670af3abed54ac6fb4695131f4099be9fbe39d6076c5d0264a6bbdae9d83
reads/Southern_California_20260503__SRR39695243.target_enriched.fastq.gz	candidate_reads	SRR39695243	20	ac73670af3abed54ac6fb4695131f4099be9fbe39d6076c5d0264a6bbdae9d83
reads/Southern_California_20260506__SRR39694960.target_enriched.fastq.gz	candidate_reads	SRR39694960	20	ac73670af3abed54ac6fb4695131f4099be9fbe39d6076c5d0264a6bbdae9d83
reads/Southern_California_20260510__SRR39694961.target_enriched.fastq.gz	candidate_reads	SRR39694961	20	ac73670af3abed54ac6fb4695131f4099be9fbe39d6076c5d0264a6bbdae9d83
reads/Southern_California_20260513__SRR39694959.target_enriched.fastq.gz	candidate_reads	SRR39694959	20	ac73670af3abed54ac6fb4695131f4099be9fbe39d6076c5d0264a6bbdae9d83
reads/Southern_California_20260517__SRR39694957.target_enriched.fastq.gz	candidate_reads	SRR39694957	20	ac73670af3abed54ac6fb4695131f4099be9fbe39d6076c5d0264a6bbdae9d83
reads/Southern_California_20260520__SRR39694955.target_enriched.fastq.gz	candidate_reads	SRR39694955	20	ac73670af3abed54ac6fb4695131f4099be9fbe39d6076c5d0264a6bbdae9d83
reads/Southern_California_20260524__SRR39695259.target_enriched.fastq.gz	candidate_reads	SRR39695259	20	ac73670af3abed54ac6fb4695131f4099be9fbe39d6076c5d0264a6bbdae9d83
reads/Southern_California_20260527__SRR39695257.target_enriched.fastq.gz	candidate_reads	SRR39695257	20	ac73670af3abed54ac6fb4695131f4099be9fbe39d6076c5d0264a6bbdae9d83
reads/Southern_California_20260531__SRR39695258.target_enriched.fastq.gz	candidate_reads	SRR39695258	20	ac73670af3abed54ac6fb4695131f4099be9fbe39d6076c5d0264a6bbdae9d83
reads/Southern_California_20260603__SRR39695256.target_enriched.fastq.gz	candidate_reads	SRR39695256	20	ac73670af3abed54ac6fb4695131f4099be9fbe39d6076c5d0264a6bbdae9d83
reads/Southern_California_20260607__SRR39695255.target_enriched.fastq.gz	candidate_reads	SRR39695255	20	ac73670af3abed54ac6fb4695131f4099be9fbe39d6076c5d0264a6bbdae9d83
reads/Southern_California_20260610__SRR39695254.target_enriched.fastq.gz	candidate_reads	SRR39695254	20	ac73670af3abed54ac6fb4695131f4099be9fbe39d6076c5d0264a6bbdae9d83
reads/Southern_California_20260614__SRR39695252.target_enriched.fastq.gz	candidate_reads	SRR39695252	20	ac73670af3abed54ac6fb4695131f4099be9fbe39d6076c5d0264a6bbdae9d83
reads/Southern_California_20260617__SRR39695253.target_enriched.fastq.gz	candidate_reads	SRR39695253	20	ac73670af3abed54ac6fb4695131f4099be9fbe39d6076c5d0264a6bbdae9d83
reads/Southern_California_20260621__SRR39695250.target_enriched.fastq.gz	candidate_reads	SRR39695250	20	ac73670af3abed54ac6fb4695131f4099be9fbe39d6076c5d0264a6bbdae9d83
reports/2024-03-20_DNI_0__SRR33038201.deacon_filter.json	deacon_report	SRR33038201	795	920c2d3f49a3f7d28a81fa4382c6349a0c84b34bd498823dde5e0d7c023b51af
reports/2024-03-20_DSI_0__SRR33038191.deacon_filter.json	deacon_report	SRR33038191	795	f1ef3b36eb1d99844ddd8fb90b62eb9f8f2f5899c3931eb7bbb85fe456533937
reports/2024-09-08_CHI-A_0__SRR33038084.deacon_filter.json	deacon_report	SRR33038084	797	bebbd85c94cf52a9032a49da93a99efc5fa9d9e1b53bb85f4a7738041ab51cf6
reports/2024-09-08_CHI-B_0__SRR33038007.deacon_filter.json	deacon_report	SRR33038007	797	8b78ee70baeeda7810f436947e7b2aa42152a2f6d12447de0eb2031b204c36c5
reports/2024-09-08_CHI-D_0__SRR33038120.deacon_filter.json	deacon_report	SRR33038120	797	de47a4ec9e54fba5fbde6220654c2e6d8694f9fcc14564fbc9ba036a882dc7b5
reports/2024-09-11_DNI_0__SRR33038119.deacon_filter.json	deacon_report	SRR33038119	795	5b8a83e9bba76d4d24e10203b5888998c9bc40de19ea036add4fd5d582571194
reports/2024-09-11_DSI_0__SRR33038215.deacon_filter.json	deacon_report	SRR33038215	795	6a135323da01c4a04727a20c84c24f1d9cbe62a8e04c76e25e0c27538e341e03
reports/2024-09-15_CHI-A_0__SRR33038069.deacon_filter.json	deacon_report	SRR33038069	797	0b7cb4903d867c10d004f0d6d75bdb3909be4028f09b4bd59347b9fa7f6311ec
reports/2024-09-15_CHI-B_0__SRR33038066.deacon_filter.json	deacon_report	SRR33038066	797	44d506886742c88d65b897246eb2f3df4b6c3fe20967c914d207023c33d17507
reports/2024-09-15_CHI-D_0__SRR33038055.deacon_filter.json	deacon_report	SRR33038055	797	6f8a767a8e1d3998776e0b88532a7b138331f8ccd74ad95a06919cd5860b96a6
reports/2024-09-15_CHI-D_1__SRR33038194.deacon_filter.json	deacon_report	SRR33038194	797	1c4dbe166bd7ad1693bfbc7569b00717eed65dc827876a6564eb4f3ad394343a
reports/2024-09-22_CHI-A_0__SRR33038198.deacon_filter.json	deacon_report	SRR33038198	797	391d68990e6e75b6655edbda2373a36a6a811eaad36875b4048f17c94f3bfd70
reports/2024-09-22_CHI-D_0__SRR33038190.deacon_filter.json	deacon_report	SRR33038190	795	d953a7c7abf2f1ebd6c17099a0d6055449c837cbee8bd28adfa7964d53197327
reports/2024-09-23_DNI_0__SRR33038094.deacon_filter.json	deacon_report	SRR33038094	795	1b187a098a959fe2df43d021ef38131601f81542c00d431a9876d29346d2e509
reports/2024-09-23_DSI_0__SRR33038031.deacon_filter.json	deacon_report	SRR33038031	795	aa21666e8da442237d01e3df92554b8ad129de5fc6996abc06039eb65bcdf394
reports/2024-09-29_CHI-A_0__SRR33038041.deacon_filter.json	deacon_report	SRR33038041	797	ebf23d6ce0f4b643fc17ac1e0fc455f35d2d6514f9d91eecb6e3b29a735a4e82
reports/2024-09-29_CHI-D_0__SRR33038027.deacon_filter.json	deacon_report	SRR33038027	795	d051a756ec5d968c0acbc3b39a8208f9102f21ca7cc80702f8e934e253d95a0c
reports/2024-10-02_DNI_0__SRR33038086.deacon_filter.json	deacon_report	SRR33038086	794	55ffe9de59c2dadad85d547e8743632f1339a01caee8c799394d6672893132a7
reports/2024-10-02_DSI_0__SRR33038157.deacon_filter.json	deacon_report	SRR33038157	795	7005037dcc8215bcda46ab5477048c6e4a5eef01c799eb048fbf734cd8166b29
reports/2024-10-06_CHI-A_0__SRR33038144.deacon_filter.json	deacon_report	SRR33038144	797	53c9d049c7a5448bfd00a0cba9e9957e6f1902b073ec479bc2b9e750848eb782
reports/2024-10-06_CHI-D_0__SRR33038083.deacon_filter.json	deacon_report	SRR33038083	796	d63a0e1d7a9e7603512e7897a88c591c1749664b72db4f6b28b92fb15ef1c062
reports/2024-10-13_CHI-A_0__SRR33038015.deacon_filter.json	deacon_report	SRR33038015	797	a1b819cc87bf0aeb5128a8243aca4be37e53801be87d6b354bd478b230ecb7c1
reports/2024-10-13_CHI-B_0__SRR33038014.deacon_filter.json	deacon_report	SRR33038014	797	26b31feda913e6d0930cc0783ac261af45bdc90880331d006f874dec68de2371
reports/2024-10-13_CHI-D_0__SRR33038013.deacon_filter.json	deacon_report	SRR33038013	797	fb4f25c8ec27c971be07d99f8d0308b596ae5514917a40655ea7150abe0f4c31
reports/2024-10-14_CHI-C_0__SRR33038012.deacon_filter.json	deacon_report	SRR33038012	797	25e27593e0cac0e2a17b75ac41e778bf9c95ae618e199873a853c227929d8beb
reports/2024-10-16_DNI_0__SRR33038011.deacon_filter.json	deacon_report	SRR33038011	795	470b642945154f9d8ee73cad928542048a674c385d8b5052ae385891f066b9e4
reports/2024-10-16_DSI_0__SRR33038010.deacon_filter.json	deacon_report	SRR33038010	795	ad1b862a6c59c9da53827e870f31bd9fb9623ef336496060a834d355e3272b96
reports/2024-10-21_CHI-A_0__SRR33038009.deacon_filter.json	deacon_report	SRR33038009	797	cfd41b97dad114abbc1d333d71996cbe9f1ea534d0a4128f562c963b844088da
reports/2024-10-21_CHI-B_0__SRR33038006.deacon_filter.json	deacon_report	SRR33038006	797	519fc746fab7ec90720f6a57a937a3ce3b23afbe34813fa239528b9af2f6683a
reports/2024-10-21_CHI-D_0__SRR33038130.deacon_filter.json	deacon_report	SRR33038130	796	aeab9eefc0eb7d65bfb6cd8c14b5b11524531e913d730f480521ee19ff5aec81
reports/2024-10-22_DNI_0__SRR33038129.deacon_filter.json	deacon_report	SRR33038129	794	cdee5dc49810b1a79063f3c389f5d328606c6d9268b083f3e6f5e0a70866860f
reports/2024-10-22_DSI_0__SRR33038128.deacon_filter.json	deacon_report	SRR33038128	795	fcb77d64bbf06a975bf8664e416496dbfe86aaff042a201fc7ae3567797fc2aa
reports/2024-10-27_CHI-A_0__SRR33038126.deacon_filter.json	deacon_report	SRR33038126	797	4a002ccd2fcec4c9ad14a79a73d819cec607f637f7400cbb4000665069a37cdf
reports/2024-10-27_CHI-B_0__SRR33038127.deacon_filter.json	deacon_report	SRR33038127	797	7d5eb1ef353a47866b4638808084d87ba1bac4a34695bb1dd5f420a95bc3c8c9
reports/2024-10-27_CHI-D_0__SRR33038125.deacon_filter.json	deacon_report	SRR33038125	797	747a2f45312dae825f62bdfb4da22edf52557085e5f2bff827be4540587d0fe6
reports/2024-10-27_CHI-D_1__SRR33038124.deacon_filter.json	deacon_report	SRR33038124	797	72946146bd2c6e169067edc7e8b8ea1199c30b26246632ffac7b35fbaee5ea37
reports/2024-11-03_CHI-A_0__SRR33038121.deacon_filter.json	deacon_report	SRR33038121	797	d09819e15393f35b7a8b54d9f192102cf5c31b1bc8d1d016f71747103d8b0409
reports/2024-11-03_CHI-B_0__SRR33038016.deacon_filter.json	deacon_report	SRR33038016	797	1dc01160f562d0a28298c98a409e193d4fa488be85ec14102b7b87b4b2dd96c5
reports/2024-11-03_CHI-D_0__SRR33038008.deacon_filter.json	deacon_report	SRR33038008	797	e2ebd05d081aef4b88d889709919ac431491257db0c769af7b517c19039277ed
reports/2024-11-03_CHI-D_1__SRR33038005.deacon_filter.json	deacon_report	SRR33038005	797	58cc6c468af42b90850ac80aea184fb4df2908e6f03ce93462ba270c5701a4f1
reports/2024-11-06_DNI_0__SRR33038003.deacon_filter.json	deacon_report	SRR33038003	795	b93a0289f837ccd138e33c08efbaa8c794d80fac2a5c71db0674e7bbdba85ae0
reports/2024-11-06_DSI_0__SRR33038071.deacon_filter.json	deacon_report	SRR33038071	795	14ad14c4b50d02b575d5aa9c7f91b4c7eed07da3b2ae351457b4f0a86839e141
reports/2024-11-10_CHI-A_0__SRR33038004.deacon_filter.json	deacon_report	SRR33038004	797	d99c22c17646534bb122a612df4133c3cafcfff1a53cbfea22b43e1fcafcba91
reports/2024-11-10_CHI-B_0__SRR33038002.deacon_filter.json	deacon_report	SRR33038002	797	8dcae3d3f36d7451e40951593c555173b4057a58149ff05139fd59414a27210e
reports/2024-11-10_CHI-D_0__SRR33038001.deacon_filter.json	deacon_report	SRR33038001	797	682712713211ad599e28ff3f23cc1de68cca61d777db9f6da443a6e157815fe0
reports/2024-11-10_CHI-D_1__SRR33038000.deacon_filter.json	deacon_report	SRR33038000	796	051ab560386ad5bd275cc87f93f57859ae752b5f6dd11087db17d6680c15db77
reports/2024-11-13_DNI_0__SRR33038118.deacon_filter.json	deacon_report	SRR33038118	795	9d5a4e93c5f8f606aa7e375ebeb6c4b9fb310e4db3e44a5520f957bcfb320c98
reports/2024-11-13_DSI_0__SRR33038117.deacon_filter.json	deacon_report	SRR33038117	795	d81e6159c1997eb6f42c8b41a383c9771a5fbbc22e162b0938018f75b3644788
reports/2024-11-17_CHI-A_0__SRR33038116.deacon_filter.json	deacon_report	SRR33038116	797	b66d344934922afef8672457c4979b178a756f984e2a7e6f788c2bdcd7fa7f95
reports/2024-11-17_CHI-B_0__SRR33038115.deacon_filter.json	deacon_report	SRR33038115	797	5ff2e2d140e822d6743af4807ca375294e168d14eb8ade8454a72f3076304fc4
reports/2024-11-17_CHI-D_0__SRR33038114.deacon_filter.json	deacon_report	SRR33038114	797	bd7896f258437e926a4b767cf63fcf2b613629731bb114d168d2e5ca00e102f4
reports/2024-11-17_CHI-D_1__SRR33038113.deacon_filter.json	deacon_report	SRR33038113	797	6cbed947f8fda5ed805a044254e1ad290e12f4977629aa68275d9ee938985aa7
reports/2024-11-18_CHI-C_0__SRR33038112.deacon_filter.json	deacon_report	SRR33038112	797	18ceb10f5a1f98c79083c04d3dc91994d6bc6783a5bde9441cc6791666edc3e8
reports/2024-11-19_DNI_0__SRR33037999.deacon_filter.json	deacon_report	SRR33037999	795	e4a4593892a28555757e837c00819ae2a6163069716f46baf5e9d167fe4299f6
reports/2024-11-19_DSI_0__SRR33038202.deacon_filter.json	deacon_report	SRR33038202	795	65747e89337ee4026ac6738ce8dd0cb0dbc60532b7c576ec8413d3c86deed5b5
reports/2024-11-24_CHI-A_0__SRR33038216.deacon_filter.json	deacon_report	SRR33038216	797	b47ba6b1aa4d4de5e3afc4392f958961bd5443ba125db5026f940f49934c911a
reports/2024-11-24_CHI-B_0__SRR33038214.deacon_filter.json	deacon_report	SRR33038214	797	03bf4f6578c74e436dbfe85264e9155831f7a61f50d88b991617fd75af08ef82
reports/2024-11-24_CHI-D_0__SRR33038213.deacon_filter.json	deacon_report	SRR33038213	797	86963a40ea2baf874d885f29465d70dbce7b387fac90801e5a8eacf82052b249
reports/2024-11-24_CHI-D_1__SRR33038212.deacon_filter.json	deacon_report	SRR33038212	797	42c1734c26011ab8bb106f70ed6f39cc2ef77a6149035ea0650468e67ff2fa1f
reports/2024-11-25_CHI-C_0__SRR33038211.deacon_filter.json	deacon_report	SRR33038211	797	840a2509822780c423581d07391e77e74805ed65453046469a103310a48eb2bf
reports/2024-11-27_DNI_0__SRR33038075.deacon_filter.json	deacon_report	SRR33038075	795	921384079e07c0d591d46b29e75c86ab00e734b51d6756b2de4938a4e27f4c77
reports/2024-11-27_DSI_0__SRR33038074.deacon_filter.json	deacon_report	SRR33038074	795	c1a50abfa271d56648b56f8643213a4270e101f2e5f7a2d1bedd98253ab1fbb6
reports/2024-12-01_CHI-A_0__SRR33038073.deacon_filter.json	deacon_report	SRR33038073	797	6e737dd0d29895af7c9556410071201a3c7c42f6b9a05c5dffee342ab411d4f0
reports/2024-12-01_CHI-B_0__SRR33038057.deacon_filter.json	deacon_report	SRR33038057	797	ec1aa40ee00d6b71902f9b5b564f192243034f5f221fc3c7edfc27378b2b1190
reports/2024-12-01_CHI-D_0__SRR33038072.deacon_filter.json	deacon_report	SRR33038072	797	0ab0a0fb7c8d3826aa2a67788c4d0b9e85b153e7f50db52a614cff7460369b06
reports/2024-12-01_CHI-D_1__SRR33038070.deacon_filter.json	deacon_report	SRR33038070	797	26e49d35149654cbfcacb81f8226e93aaf974a7bf81738a30ec0203ee8585d9d
reports/2024-12-08_CHI-A_0__SRR33038068.deacon_filter.json	deacon_report	SRR33038068	797	414fc8a90168094a53eea332729bc22c915a458724791e98e32419dd35b3446c
reports/2024-12-08_CHI-B_0__SRR33038067.deacon_filter.json	deacon_report	SRR33038067	797	e22aa02265f7b807b304a4e3298ac7d4ab2eff284766fee02e3d1ba7de8f3a29
reports/2024-12-08_CHI-D_0__SRR33038210.deacon_filter.json	deacon_report	SRR33038210	797	810dc63b198392e280874028110faffa17cc84e1090eab3271a53c34d8c86fa6
reports/2024-12-08_CHI-D_1__SRR33038209.deacon_filter.json	deacon_report	SRR33038209	797	31bcec67e67ad368a6fa9cb452db4d45e40000ffbf3686de770777d1430519c8
reports/2024-12-09_CHI-C_0__SRR33038208.deacon_filter.json	deacon_report	SRR33038208	797	d020cf04f4805ae8987f3f4688c07dd0f71936a366e9e1172c15d65cc629b730
reports/2024-12-09_Riverside_0__SRR33038207.deacon_filter.json	deacon_report	SRR33038207	801	003ec8f5d15ace86b2e4f73f9ac6e2d45dc153645bba3aac3889e3705065bb22
reports/2024-12-11_DNI_0__SRR33038205.deacon_filter.json	deacon_report	SRR33038205	795	cff8e5357cc763d201f653d655048147a38e4704c162f74067f18ec01e007686
reports/2024-12-11_DNI_0__SRR33038206.deacon_filter.json	deacon_report	SRR33038206	793	1073fc90baa2eab775d652e8d8a0b3f7548b4a8d1e3d5ba11eafd180cb67fff8
reports/2024-12-11_DSI_0__SRR33038203.deacon_filter.json	deacon_report	SRR33038203	795	c884b19500b8cd23949c4024c1d43885256627fc65e0c5b2f30c830ad72f4ab3
reports/2024-12-11_DSI_0__SRR33038204.deacon_filter.json	deacon_report	SRR33038204	791	726b98f345285fadc2f9f81f7a4f5d057b8dc345cb3a259f23302551f4d2d313
reports/2024-12-15_CHI-A_0__SRR33038064.deacon_filter.json	deacon_report	SRR33038064	795	326699d93e27dea7cb1e933eeb9946f16e53d12f0630e1e200ca97e933267afc
reports/2024-12-15_CHI-A_0__SRR33038065.deacon_filter.json	deacon_report	SRR33038065	797	89a15878a7ce52b42d8714d152ec845e6b08f4199bf93ce616d7871219e5db5a
reports/2024-12-15_CHI-B_0__SRR33038062.deacon_filter.json	deacon_report	SRR33038062	795	56fad134b6527b177d5d3092ff2a3583e986932acb6927aca5abf421af0e1faa
reports/2024-12-15_CHI-B_0__SRR33038063.deacon_filter.json	deacon_report	SRR33038063	797	4b6296d1f90056902e9def2de333a67d93a17fad20510ea109a7703a061ab7ff
reports/2024-12-15_CHI-D_0__SRR33038060.deacon_filter.json	deacon_report	SRR33038060	797	ad5bb11a952b5a037bb306855e972641dd2fe3f45ea51895283d83bcfe26ff80
reports/2024-12-15_CHI-D_0__SRR33038061.deacon_filter.json	deacon_report	SRR33038061	797	dfd29de0fa81311197d98f11139673345d07716d89ac3b37e788499c471427be
reports/2024-12-15_CHI-D_1__SRR33038058.deacon_filter.json	deacon_report	SRR33038058	794	3247c256eabe7bcd949771e292c3e471070bd646f46a18886d7303a92b3d4aeb
reports/2024-12-15_CHI-D_1__SRR33038059.deacon_filter.json	deacon_report	SRR33038059	796	78afdb214bf6b1ddfad69f1550b3e1f7340946506bb996422555554f53718e4c
reports/2024-12-16_CHI-C_0__SRR33038056.deacon_filter.json	deacon_report	SRR33038056	796	9b00e37015f628e5398ee98160a04e7b114a6b0a7535c94ceb07e8e4e98d86c5
reports/2024-12-16_CHI-C_0__SRR33038103.deacon_filter.json	deacon_report	SRR33038103	797	a9b751d209f6dd6e3a87ed55643049c762a50cec470b3be755fea5a5b1461609
reports/2024-12-16_Riverside_0__SRR33038053.deacon_filter.json	deacon_report	SRR33038053	799	c27d62eb1659da6f90181e9ca83dabb040adc867008a376efe032d8b9434b2a1
reports/2024-12-16_Riverside_0__SRR33038054.deacon_filter.json	deacon_report	SRR33038054	801	d7dec02378d6c3839153357748a6e4265a79304ede428ea74869a9774e058cef
reports/2024-12-18_DNI_0__SRR33038110.deacon_filter.json	deacon_report	SRR33038110	792	3773ce15afc1c6452bae9b48348470984f46c0150ff6c22e177aadef2f8f2cf9
reports/2024-12-18_DNI_0__SRR33038111.deacon_filter.json	deacon_report	SRR33038111	791	9b84f57010759b6b36bf5bc91aa560cdedba5fbcf0bf20298fb6e476aacbc772
reports/2024-12-18_DSI_0__SRR33038108.deacon_filter.json	deacon_report	SRR33038108	795	5d4f9ac36ea7f5778c8eb99dd71ac1f01aa5a32ec5efd621c360fe5f620fad09
reports/2024-12-18_DSI_0__SRR33038109.deacon_filter.json	deacon_report	SRR33038109	793	cf29f930d446478c3b29d6897ba4dbc49e1e35b9422dd63b6fe6ec643ed6ec71
reports/2024-12-22_CHI-A_0__SRR33038105.deacon_filter.json	deacon_report	SRR33038105	797	4eeb65e6a063783843a96e604ce490013fd74a03afbec4cfd06ca1d7de1e5b69
reports/2024-12-22_CHI-A_0__SRR33038107.deacon_filter.json	deacon_report	SRR33038107	795	1de581e8094dd6406189a7acfb7cc7de8e4df30d3b50f413a451f689d61b1786
reports/2024-12-22_CHI-B_0__SRR33038102.deacon_filter.json	deacon_report	SRR33038102	796	2da4d268c8738f81e46fdb14582c61c8e23a7fdb15a13b257bd78181006084db
reports/2024-12-22_CHI-B_0__SRR33038106.deacon_filter.json	deacon_report	SRR33038106	797	24f3009862b981d2bf50c6a7bd0e471c6288028ff74b3a1d29841d723af3978c
reports/2024-12-22_CHI-D_0__SRR33038193.deacon_filter.json	deacon_report	SRR33038193	795	5aa1ec657abf05a49bf92ad16d3946bf0bcfa123b8566959086d350b6a6f18db
reports/2024-12-22_CHI-D_0__SRR33038196.deacon_filter.json	deacon_report	SRR33038196	797	924fcb77267383fdc3e92b600464f1e19ed14c7e14d78b1abbebe06f5f17a8bf
reports/2024-12-22_CHI-D_1__SRR33038195.deacon_filter.json	deacon_report	SRR33038195	795	d8b012cce7702f1c7b0f07127805d87877376b2b86201c23113fa41bb18c34b3
reports/2024-12-22_CHI-D_1__SRR33038197.deacon_filter.json	deacon_report	SRR33038197	797	3ebf1bc0ed3f9cd283393b610860665f895bfa8a584ad8e4fa5752fe4642c3bb
reports/2024-12-23_Riverside_0__SRR33037998.deacon_filter.json	deacon_report	SRR33037998	799	d84c573af74c932a144a0dbe0f6dbdd06b3f48267615a9e108842ca90f919664
reports/2024-12-23_Riverside_0__SRR33038097.deacon_filter.json	deacon_report	SRR33038097	799	af9a4e42a5fc9cdd79cb78d44d9f126a4d6d41af6da80f6cef3da7099d064aee
reports/2024-12-26_DNI_0__SRR33038098.deacon_filter.json	deacon_report	SRR33038098	793	5e593df89257dcba9e0b61f5fc3524dbf0e312c495fa240e12d0d812a9dca7f5
reports/2024-12-26_DNI_0__SRR33038099.deacon_filter.json	deacon_report	SRR33038099	795	88679d881a69b9cf698f3cc589140e29c2963cdfe43d923cddc3896fe9b91fbd
reports/2024-12-26_DSI_0__SRR33038101.deacon_filter.json	deacon_report	SRR33038101	793	7e81aff2caa23f113855ba7e7c1a7e50996fa60b7400b03584b0293f968a90a1
reports/2024-12-26_DSI_0__SRR33038104.deacon_filter.json	deacon_report	SRR33038104	795	7516c9f5396867742ebe5eeff9a6a6523ef1faed4b2e185ea6d4118e0af566eb
reports/2024-12-29_CHI-A_0__SRR33038181.deacon_filter.json	deacon_report	SRR33038181	797	61c8c8c0830517cb990d1260d95520bb7bb743826faf08f81f5b60b53aada121
reports/2024-12-29_CHI-A_0__SRR33038199.deacon_filter.json	deacon_report	SRR33038199	795	28787a7dd6b43c05d1dc16045ede4269adf01f784d8c8976ba91348229f370a5
reports/2024-12-29_CHI-B_0__SRR33038184.deacon_filter.json	deacon_report	SRR33038184	797	7f3e1ee79f2527444a290cf1ad0e405d0a44b4f833db754e393f702e569078b8
reports/2024-12-29_CHI-B_0__SRR33038200.deacon_filter.json	deacon_report	SRR33038200	795	5ae1c6cab50bd50487bf03d0ba4995625840e2e5a9360082b12d592f43cdbbb6
reports/2024-12-29_CHI-D_0__SRR33038183.deacon_filter.json	deacon_report	SRR33038183	792	dcea8e4180fb3a25f46822ca8eef2627ca8809dcbd35cb897606515b063800ec
reports/2024-12-29_CHI-D_0__SRR33038186.deacon_filter.json	deacon_report	SRR33038186	795	a865cc01feaa39cefbd735b1da59ef7fabcb6d4515c04dca9bd77b96d4e140d3
reports/2024-12-29_CHI-D_1__SRR33038185.deacon_filter.json	deacon_report	SRR33038185	795	5ab39eec674c10cdfde3b68322332b5089a68cae3c81465d0b473465a5c37782
reports/2024-12-29_CHI-D_1__SRR33038187.deacon_filter.json	deacon_report	SRR33038187	797	b3ebc9b626099ecda225123f925857e60c40f6777e2b1573b2e60b386b522425
reports/2024-12-29_Riverside_0__SRR33038188.deacon_filter.json	deacon_report	SRR33038188	799	c65f4e9c8a96171675116f406b9783b307db22911a8fa80eef4aaecb434c2db0
reports/2024-12-29_Riverside_0__SRR33038189.deacon_filter.json	deacon_report	SRR33038189	801	57d1a1a4b15eca47f85f1892f4c4bce9fbfa7d8a5f0932ca59245a7718131a27
reports/2024-12-30_CHI-C_0__SRR33038182.deacon_filter.json	deacon_report	SRR33038182	797	2d844c4c6208b14c378c08cea30b69e7324d50a169f8d96c22d1673eedc196d5
reports/2024-12-30_CHI-C_0__SRR33038192.deacon_filter.json	deacon_report	SRR33038192	795	f3a90b33417b1feb67ec97462c4c4edb08c08bb28b5005dcf74a05c84562ce91
reports/2025-01-02_DNI_0__SRR33038178.deacon_filter.json	deacon_report	SRR33038178	793	2487240745a19a02789e8d246602d37f7592f04e90c55efe9d6d00475e63aebb
reports/2025-01-02_DNI_0__SRR33038180.deacon_filter.json	deacon_report	SRR33038180	795	98980b24df4919d8c6b2077f2e3ceb4331d9fa157f5e0076e5d01213a84beebf
reports/2025-01-02_DSI_0__SRR33038095.deacon_filter.json	deacon_report	SRR33038095	793	081ac539d787eda24099af82478375d62e6fd326768e6bf3a72700c6ac19162b
reports/2025-01-02_DSI_0__SRR33038096.deacon_filter.json	deacon_report	SRR33038096	794	465e9c068ba6f729e0d9c75583181f7d94084c5925dc92c4e7726b0a2779c04f
reports/2025-01-05_CHI-A_0__SRR33038044.deacon_filter.json	deacon_report	SRR33038044	797	6836aee633a74e183820de3325ce2b92b4fa162d88d1c30ccbe39545181a3876
reports/2025-01-05_CHI-A_0__SRR33038046.deacon_filter.json	deacon_report	SRR33038046	795	f9e80429b8b1e9064ebd72e6c96aa4f6670d53611e00125d5085e69d1e75e802
reports/2025-01-05_CHI-B_0__SRR33038042.deacon_filter.json	deacon_report	SRR33038042	795	75dc1be427c2a6363617f26d19fa2fe2bc55ca26fb345bdf012726e622982d41
reports/2025-01-05_CHI-B_0__SRR33038045.deacon_filter.json	deacon_report	SRR33038045	794	a8eb1ced175302f1f5bcd170915df62ee6ee9d9141cb130caf88f097511d1b15
reports/2025-01-05_CHI-D_0__SRR33038092.deacon_filter.json	deacon_report	SRR33038092	795	ccc85899ce1eb91de561b0d411a3cca6c944ca2cc3891ffa9a43b700a8d613dd
reports/2025-01-05_CHI-D_0__SRR33038177.deacon_filter.json	deacon_report	SRR33038177	797	28a35c1366ee75b057c3fef69fdc3c2d6f45f2972ecd6c4078b1c33cddf5692a
reports/2025-01-05_CHI-D_1__SRR33038175.deacon_filter.json	deacon_report	SRR33038175	797	a9f4ceca1e3a3e73ca6f83d227ae0e2bb38d72e51f7a9cd74b3432e12c10be41
reports/2025-01-05_CHI-D_1__SRR33038176.deacon_filter.json	deacon_report	SRR33038176	796	2426a1b656a3fbbfe8900ec696f9866aa4567ba7c1146193c67ac94da49dec51
reports/2025-01-06_CHI-C_0__SRR33038173.deacon_filter.json	deacon_report	SRR33038173	795	872f356d4c2a2fba6c79b70de8893bc44b8c601af3d0d33b5c6d6626bc53526a
reports/2025-01-06_CHI-C_0__SRR33038174.deacon_filter.json	deacon_report	SRR33038174	797	103760a980d0ab28ee7dee95681c2a649bf0a63e6cdf3b8c3dd48665d40d2f33
reports/2025-01-06_Riverside_0__SRR33038171.deacon_filter.json	deacon_report	SRR33038171	801	316e8239a4b8c09db97110ae891f73bd7d839b297551262467bace2e23a04ce3
reports/2025-01-06_Riverside_0__SRR33038172.deacon_filter.json	deacon_report	SRR33038172	799	f65f7ed7c05fd1be555ec55dca553cbe0c0c120d8ece8df2e65eb8823e7cbc89
reports/2025-01-08_DNI_0__SRR33038032.deacon_filter.json	deacon_report	SRR33038032	795	e2a44816d5b2efb5f54c5bf741bc5a768131eef45d6965544c0aa0f0880f73d5
reports/2025-01-08_DNI_0__SRR33038170.deacon_filter.json	deacon_report	SRR33038170	792	06097d64e8c4a9b10771c88a3e3615294f48f8ddb8c41ddd0562a197a132df62
reports/2025-01-08_DSI_0__SRR33038168.deacon_filter.json	deacon_report	SRR33038168	793	4aabe10b8d6f1f0b000b515c0584ab3cf3b308b809d94a04ef2f379eb6291468
reports/2025-01-08_DSI_0__SRR33038169.deacon_filter.json	deacon_report	SRR33038169	795	a6a802936dfab9fcdcb938ce69babf28f9e5761456f08cb96bd14580fbdedc76
reports/2025-01-12_CHI-A_0__SRR33038167.deacon_filter.json	deacon_report	SRR33038167	797	d1409b928605313a5fd8ab71b623f9ec06c62d1aaecb6a00d43f19e45e979b9d
reports/2025-01-12_CHI-B_0__SRR33038050.deacon_filter.json	deacon_report	SRR33038050	797	f19517dde9d04eb92b3bcbdb727e14a3320da1784b67740b3556904593a984fb
reports/2025-01-12_CHI-D_0__SRR33038052.deacon_filter.json	deacon_report	SRR33038052	797	677fe84bde2b369a975b005cbc4fdcc96be1e157394b65792398f87a34e4b444
reports/2025-01-12_CHI-D_1__SRR33038049.deacon_filter.json	deacon_report	SRR33038049	797	06d7b779bf00c38b2f1982b4d63d9f955e955e9d78a57f50ea92763dd71d684f
reports/2025-01-13_CHI-C_0__SRR33038048.deacon_filter.json	deacon_report	SRR33038048	797	b5ebe37e741bfaf8ad1d984b06422cc364ae686dda01a013be95379c87bd90ac
reports/2025-01-13_Riverside_0__SRR33038047.deacon_filter.json	deacon_report	SRR33038047	801	b7ee438fc9523d24fbcbcdbfd18458f37683483fea74e46711f26558d5ee4226
reports/2025-01-15_DNI_0__SRR33038089.deacon_filter.json	deacon_report	SRR33038089	795	86d2ff74e6024840a19d01f46852b2085ec57a55542bd87da7b902883d122ad8
reports/2025-01-15_DSI_0__SRR33038043.deacon_filter.json	deacon_report	SRR33038043	795	d9cb1bb413e18af59701a4136d58eff3eaffb0a3ef3c6f4a9bf017fb444e68ba
reports/2025-01-19_CHI-A_0__SRR33038040.deacon_filter.json	deacon_report	SRR33038040	797	ed835ffff4e17b7378a133696a45e692c3547cb63a5f100840d2346e0b9ab5a5
reports/2025-01-19_CHI-B_0__SRR33038039.deacon_filter.json	deacon_report	SRR33038039	797	afbac3093f2c05c8e205400a91781c2db226debbfc8bc1e25ee498942c2e1ae6
reports/2025-01-19_CHI-D_0__SRR33038038.deacon_filter.json	deacon_report	SRR33038038	797	c95b704974064b365ce349bcf76fb33c645d0a6ba4c67306dc23e27959e7f45b
reports/2025-01-19_CHI-D_1__SRR33038037.deacon_filter.json	deacon_report	SRR33038037	797	f0106b03d2f48677461ab821098800853cd73ca9ff185ea77d9c20e4ac9b22a3
reports/2025-01-20_Riverside_0__SRR33038036.deacon_filter.json	deacon_report	SRR33038036	801	944edbb9966f286abe469d4e51552772e3bf91d4b0b906cd7dfe8a7cf5c28cc4
reports/2025-01-22_DNI_0__SRR33038035.deacon_filter.json	deacon_report	SRR33038035	795	290ae39598db55e02e42dab213fc53b8613bae6ce7f174ab701d58d6880acdb6
reports/2025-01-22_DSI_0__SRR33038034.deacon_filter.json	deacon_report	SRR33038034	795	4810ce60a94a047e6a517f5be678f4973f59ac45e104e23589ba6a81aed4fd96
reports/2025-01-26_CHI-A_0__SRR33038033.deacon_filter.json	deacon_report	SRR33038033	797	4f36258bf3a550c9873dabaea2f1b13c0ceeb9a54f9b1d9c815ba16f210b8ac3
reports/2025-01-26_CHI-B_0__SRR33038028.deacon_filter.json	deacon_report	SRR33038028	797	a64abf7f0f3d5206bc17c0ef0fa012afb3a7c6d082a64f7c679d3f53b77662c7
reports/2025-01-26_CHI-D_0__SRR33038030.deacon_filter.json	deacon_report	SRR33038030	797	e9a0179954f2728d2c2caba1d15633cccb23d286c85c26d3a64d438db57173bd
reports/2025-01-26_CHI-D_1__SRR33038026.deacon_filter.json	deacon_report	SRR33038026	797	d2f34e0716a4d3f259354333c4b966d682a906db645c14fa99059bf0e89c05ef
reports/2025-01-27_Riverside_0__SRR33038025.deacon_filter.json	deacon_report	SRR33038025	801	8bced795d722d235a5fc469da86ab599e9fd09c906ff0c3e7d78091801474e69
reports/2025-01-29_DNI_0__SRR33038093.deacon_filter.json	deacon_report	SRR33038093	795	e4b4a1dae222aef393e36f623f35463fea6d5caa8c043242ab6abf91de5419bf
reports/2025-01-29_DSI_0__SRR33038091.deacon_filter.json	deacon_report	SRR33038091	795	09b98ac5d9a09fe84c8aafa35728a1795b06e76575dbb66162f8027f79c39488
reports/2025-02-02_CHI-A_0__SRR33038090.deacon_filter.json	deacon_report	SRR33038090	796	ea830840b8e4527f288a1aa78698460dea7e10feb7da5649690f87e35d346648
reports/2025-02-02_CHI-B_0__SRR33038088.deacon_filter.json	deacon_report	SRR33038088	797	a337f766764bc23f7fcd047f6dd39a090040c0da6f693c90f5a0fba80e592113
reports/2025-02-02_CHI-C_0__SRR33038148.deacon_filter.json	deacon_report	SRR33038148	797	024421161b97df6171d38a036091408fddf926f0990cd83bcd8c9b1ad7cbff9c
reports/2025-02-02_CHI-D_0__SRR33038147.deacon_filter.json	deacon_report	SRR33038147	797	10a8df3039d46402f8c7c3fdfa16b96ec2e7c8e4b66589f482a1c6423b197554
reports/2025-02-02_CHI-D_1__SRR33038146.deacon_filter.json	deacon_report	SRR33038146	795	591f35b78aaf343b823a406641789b80646058557c624f81d4aecee34fee30b3
reports/2025-02-03_Riverside_0__SRR33038087.deacon_filter.json	deacon_report	SRR33038087	801	3351bbaec89ea664bc65338931d92ebd1b7dc7bf93aebd9386b73c75a81c78a7
reports/2025-02-05_DNI_0__SRR33038085.deacon_filter.json	deacon_report	SRR33038085	795	337f908490e734fe0d85d012f2657382edc4a55f2331c6a08f64656c6ee8875d
reports/2025-02-05_DSI_0__SRR33038166.deacon_filter.json	deacon_report	SRR33038166	795	8663cbf62d0bcc2aefa938fbcc3db3c2477525343449f5f72874518f5523c8fc
reports/2025-02-09_CHI-D_0__SRR33038165.deacon_filter.json	deacon_report	SRR33038165	796	8f12a681cd3a8a30cf06735b749731639b5445e00b204b64250a308426b8bc7c
reports/2025-02-09_CHI-D_1__SRR33038164.deacon_filter.json	deacon_report	SRR33038164	797	1bf3f8e22b79f9fe359d286320bba1f60fbbde990af463ff714f62671343bbfd
reports/2025-02-10_CHI-A_0__SRR33038163.deacon_filter.json	deacon_report	SRR33038163	797	d17f75190f1c281445a1326a647abf66f0b6470f7b7dbf0505d1082e4bde2981
reports/2025-02-10_CHI-C_0__SRR33038162.deacon_filter.json	deacon_report	SRR33038162	797	90f1c646b7dd49a47797713156552cdad8c7301127a59ec640afa38cc19b7458
reports/2025-02-10_Riverside_0__SRR33038161.deacon_filter.json	deacon_report	SRR33038161	800	9032fd54b949f943f1da04bcadf886b87e31a1870577a5781cd11bd6e88cbfe7
reports/2025-02-12_DNI_0__SRR33038160.deacon_filter.json	deacon_report	SRR33038160	795	a41358e496fbf9286aa9cab56ed824f15934227ded5c48d14d2da519efa3fe8d
reports/2025-02-12_DSI_0__SRR33038159.deacon_filter.json	deacon_report	SRR33038159	795	bd58292b07d24c342e047ad2030d8636d904d07ef76b876a5173fb1a37d67fa8
reports/2025-02-17_CHI-A_0__SRR33038158.deacon_filter.json	deacon_report	SRR33038158	797	8a6c77e25e8910ef55d828b024f7944edb2d27bacff4c90c7decca87692acac3
reports/2025-02-17_CHI-B_0__SRR33038156.deacon_filter.json	deacon_report	SRR33038156	796	1e0929c6a2035e64530b950bfc0f3583a1653fb0da4c15c173f7aaad0713b136
reports/2025-02-17_CHI-D_0__SRR33038153.deacon_filter.json	deacon_report	SRR33038153	797	cf5a07123eb66415870f1ee0b04be6ca085bdda449d015076263a6e9c05bff3e
reports/2025-02-17_CHI-D_1__SRR33038155.deacon_filter.json	deacon_report	SRR33038155	797	2758728ae4e37bd77945602c69332b11b03d747d95743fb1a923659a72e4d93a
reports/2025-02-17_Riverside_0__SRR33038152.deacon_filter.json	deacon_report	SRR33038152	801	7cfe06c030440ca8685257630ef12fbef196e3bd82cab47fc57ad6d2ebb08e9a
reports/2025-02-19_DNI_0__SRR33038151.deacon_filter.json	deacon_report	SRR33038151	794	87c12f452eb1ce3d991e2e49247e567b6777236d909351560673840ef79f30eb
reports/2025-02-19_DSI_0__SRR33038150.deacon_filter.json	deacon_report	SRR33038150	795	ec2dca748163119009ba44edc4dddd0ccdaaaf2673bb144f4a67c9f074b5f177
reports/2025-02-20_CHI-C_0__SRR33038149.deacon_filter.json	deacon_report	SRR33038149	797	88f5a03679de0498efc80ca78de890d2f80732f69d45886775d1ca6a4d031989
reports/2025-02-23_CHI-A_0__SRR33038076.deacon_filter.json	deacon_report	SRR33038076	797	07dc34ffb1f79a91b8fc88b2a126a80864e2bdc5582aa99e6bda2656c4c4ea3e
reports/2025-02-23_CHI-B_0__SRR33038141.deacon_filter.json	deacon_report	SRR33038141	797	91807ae678bb2e2628f36eb05936073015a31e161c6740d2230ecea40c181542
reports/2025-02-23_CHI-D_0__SRR33038145.deacon_filter.json	deacon_report	SRR33038145	797	dc636046380b2b9b8bb045c06d26a38c40693fa4f198f39c6e8992bb2eb8120e
reports/2025-02-23_CHI-D_1__SRR33038143.deacon_filter.json	deacon_report	SRR33038143	797	59f9cb9054f3c56c116a91f89c7d2ca0741852d8cbed32e3d1e1dd1e68f115b1
reports/2025-02-24_Riverside_0__SRR33038142.deacon_filter.json	deacon_report	SRR33038142	801	b4f07ccd6713ae45ac172d91d7e61f4c643f0c473f322137f20c4a1a3524cbd1
reports/2025-02-26_DNI_0__SRR33038024.deacon_filter.json	deacon_report	SRR33038024	795	b9e019eac79e5d08944a0075c82bca0edf9d650fa32daf78824568fca08a383d
reports/2025-02-26_DSI_0__SRR33038023.deacon_filter.json	deacon_report	SRR33038023	795	82e29fe1650369a0e2a3e82eecff23bd6980e3892c675ff6b9e8184b10092928
reports/2025-03-02_CHI-A_0__SRR33038022.deacon_filter.json	deacon_report	SRR33038022	797	b350b21f0994db0fbada90b111c3dd5cb7c4ec6b22caaa44b58daa0830873d86
reports/2025-03-02_CHI-D_0__SRR33038021.deacon_filter.json	deacon_report	SRR33038021	797	d80a45df34a27cd3fd31be38533b51217628e0db1104074cd2af23c2b179b7b7
reports/2025-03-02_CHI-D_1__SRR33038020.deacon_filter.json	deacon_report	SRR33038020	797	089404e75427a83912e3631d86584138ff4da4a5508a22f7b25da0cdada2e1f8
reports/2025-03-03_CHI-B_0__SRR33038019.deacon_filter.json	deacon_report	SRR33038019	796	c945c929da609e2f6608c1133248a511663971c6ce2464f69f0ac020dc288895
reports/2025-03-03_CHI-C_0__SRR33038018.deacon_filter.json	deacon_report	SRR33038018	797	0f1e8d33504ff2ae9313dbc2c376e81ecf1891376149d3a7f589470b46c92559
reports/2025-03-03_Riverside_0__SRR33038017.deacon_filter.json	deacon_report	SRR33038017	801	54698e66d531ec2964bfc17329f9f04d7290bb093948e0ceca78ffe621549dfe
reports/2025-03-05_DNI_0__SRR33038082.deacon_filter.json	deacon_report	SRR33038082	795	44279b3dd28e39f37677cfb4f3239a50f5b8e66746028cc968edc5cd665c1fe5
reports/2025-03-05_DSI_0__SRR33038081.deacon_filter.json	deacon_report	SRR33038081	794	bf5a69924558b447849566605451e65e2d8d0460f7e526d9c1bba50febecbaa5
reports/2025-03-06_Riverside_0__SRR33038079.deacon_filter.json	deacon_report	SRR33038079	801	f41bd25c97211a3e8795495a6c291353b166cd54d60ac42b6e5f098881a4385a
reports/2025-03-09_CHI-A_0__SRR33038078.deacon_filter.json	deacon_report	SRR33038078	797	36b0fefbc1e21ae2116f310aededd4548b6d399028c5b48e60a8c6fb2c4b7465
reports/2025-03-09_CHI-B_0__SRR33038077.deacon_filter.json	deacon_report	SRR33038077	797	af14a564173e21ea95f416684686c0c5fcfaa7a75533026f24f0637b74d0b89f
reports/2025-03-09_CHI-D_0__SRR33038134.deacon_filter.json	deacon_report	SRR33038134	797	8a33854ab0b2b9bd7ff77c57ced183bb13a42022fdbb272e0fb5232cc7c22344
reports/2025-03-09_CHI-D_1__SRR33038133.deacon_filter.json	deacon_report	SRR33038133	797	45eab346a9f2eb74378c419a3bd9d7540fdecad28eb2dc1b11c071c51761d6af
reports/2025-03-10_CHI-C_0__SRR33038132.deacon_filter.json	deacon_report	SRR33038132	797	34974449cf440838e0f55f0601a0cd74b55c5f8b3acc218c30685045d6362f26
reports/2025-03-10_Riverside_0__SRR33038131.deacon_filter.json	deacon_report	SRR33038131	800	f7c26c7894fb8046226856bedc447736248603cab0620a24548c6962dd9d85f8
reports/2025-03-12_DNI_0__SRR33038139.deacon_filter.json	deacon_report	SRR33038139	795	83b546ad3f6b11b12ee24d5a0d199b7ebb3ca0107359de7db6ef73ec008583f2
reports/2025-03-12_DSI_0__SRR33038137.deacon_filter.json	deacon_report	SRR33038137	794	92e5d331b609195a310391550ee0ea338b56144132b05cd649539c1b61837e21
reports/CARiverside_20250313__SRR35931385.deacon_filter.json	deacon_report	SRR35931385	799	7ba8943d3efa8130df93c5cc392a628a76fbc95e07ccd4794cdfb88a0faa00ee
reports/CARiverside_20250317__SRR35931357.deacon_filter.json	deacon_report	SRR35931357	799	69ad88948aefde8bd49512c30459dbff7138bc994658d686cca66dc81f0db65b
reports/CARiverside_20250320__SRR35931384.deacon_filter.json	deacon_report	SRR35931384	799	bdfff2f16ff2649448fc0ea246078cd4294e8830b9aa74adcdd444965fc90565
reports/CARiverside_20250324__SRR35931354.deacon_filter.json	deacon_report	SRR35931354	799	e86de79cfbef0f87d8788a763687e433b96b8b13ee97b2524302586861d8f70a
reports/CARiverside_20250327__SRR35931341.deacon_filter.json	deacon_report	SRR35931341	799	2cd783c56b5eb8a9031ebc86c55c795779316a06e30d6684364fc3bc93fa3328
reports/CARiverside_20250331__SRR35931333.deacon_filter.json	deacon_report	SRR35931333	799	346070e02bc8b34a465541b4327611ff889c0e18fd0dc99294571e6e058851c5
reports/CARiverside_20250403__SRR35931365.deacon_filter.json	deacon_report	SRR35931365	799	30fdfd550464c8876742b53eaf4f5bd330dc2e0ae1e75d8474f04eef05e91e11
reports/CARiverside_20250407__SRR35931361.deacon_filter.json	deacon_report	SRR35931361	799	90d0bdf1e21bcefdebf68329e3302ed2ebd84da18d676cb1fc133cd60d0ef182
reports/CARiverside_20250410__SRR35931344.deacon_filter.json	deacon_report	SRR35931344	799	07a36e0d929188ba7e828b08ac3c92dc23a00972cd570aa5a1998a5921b46757
reports/CARiverside_20250414__SRR35931342.deacon_filter.json	deacon_report	SRR35931342	799	353b1cbc567fd7f491768f7634542211332a571a440b036058de12e78efeb27a
reports/CARiverside_20250417__SRR35931358.deacon_filter.json	deacon_report	SRR35931358	799	1f1256862ce5520f4c45118bb5141f0026a26fd8c54f7f27a16e28e02a76c9fb
reports/CARiverside_20250421__SRR35931359.deacon_filter.json	deacon_report	SRR35931359	799	419d1de2f836585736dfad7274f0dde9a5132c99fe563055c63cf30cda6f7188
reports/CARiverside_20250428__SRR35931360.deacon_filter.json	deacon_report	SRR35931360	797	b14d3ea2ffbd0a46f8760bf5edd3151ddc8b3fad78246ed8a463f4ea00de26c7
reports/CARiverside_20250429__SRR35931377.deacon_filter.json	deacon_report	SRR35931377	799	757398c76409cbb3f3947995d353f4dcc0226d735b7971db5344f8d550234d5e
reports/CARiverside_20250505__SRR35931379.deacon_filter.json	deacon_report	SRR35931379	799	45b9e3e3f97cea712b6f7946d51ea9b3b4739bdadbb792b6ed0e500665ec2dab
reports/CARiverside_20250508__SRR35931380.deacon_filter.json	deacon_report	SRR35931380	799	bb9d025dcb9f56536887d27c207c4aa5c6cf466b4c955b9255c58fc32f96daf3
reports/CARiverside_20250512__SRR35931381.deacon_filter.json	deacon_report	SRR35931381	799	b01879dc9d35d89b18b00062ccd726e9038c3c6935958ab5a8b048173c202550
reports/CARiverside_20250515__SRR35931382.deacon_filter.json	deacon_report	SRR35931382	799	700ef36d6b7337d52e77e204f2477e73693ed756e9c2e87d10c60937f6c06c44
reports/CARiverside_20250519__SRR35931383.deacon_filter.json	deacon_report	SRR35931383	799	d30462861742a27c45f740739a3ef5b250042b920ae8e9fd1fd62f7cb2ebdd73
reports/CARiverside_20250522__SRR35931352.deacon_filter.json	deacon_report	SRR35931352	799	70ed6b211a4e377d76b96b87a997f8e5b4d373d4a9df37e0dc4e6a9cfa838c0f
reports/CARiverside_20250526__SRR35931369.deacon_filter.json	deacon_report	SRR35931369	799	32ec948ba6cfc8451b51f8b144e01eaf126e6b1dda6ce28f7cbf38830c9fa316
reports/CARiverside_20250529__SRR35931370.deacon_filter.json	deacon_report	SRR35931370	866	e7bfe6dc39cc512675e181493a01bbfbffe7db0371833a9b7ea496e4ab7bb671
reports/CARiverside_20250602__SRR35931371.deacon_filter.json	deacon_report	SRR35931371	799	2441e45ea239cc517bf34000b37fc94d0e9b9947c950199639061bc76c4ee3d2
reports/CARiverside_20250605__SRR35931372.deacon_filter.json	deacon_report	SRR35931372	799	86fc5e6f9d5223315db24c562015b862c51e5851585675e0280e292f47fa7157
reports/CARiverside_20250609__SRR35931373.deacon_filter.json	deacon_report	SRR35931373	799	8dafa76d4168f1917cd7da7e01a494d6018dc5d6f7767c6ed3ef68ff78e6061f
reports/CARiverside_20250612__SRR35931374.deacon_filter.json	deacon_report	SRR35931374	799	46d9db7965dcf8f39a643677987a591de2af585e1c888d742fa470b14f296e9c
reports/CARiverside_20250616__SRR35931375.deacon_filter.json	deacon_report	SRR35931375	863	9e488f238e8a282fee0cb6fadefcf5d0ba54a846817dbf4b883ea43e50a01c86
reports/CARiverside_20250619__SRR35931376.deacon_filter.json	deacon_report	SRR35931376	867	17edd3279f5b0ff27d1ed31252c316f00444b077775ab8c111fe9295e12eb2ca
reports/CARiverside_20250623__SRR35931353.deacon_filter.json	deacon_report	SRR35931353	799	355b4ca05e53cc509d7c68f01bcf8d567b3a7125666c5cf4ce857c53ab06e070
reports/CARiverside_20250626__SRR35931355.deacon_filter.json	deacon_report	SRR35931355	799	3e2ee33e894be6d3aedf24fc74bc671cd597d3b920f927c04a349382874dc4e8
reports/CARiverside_20250630__SRR35931356.deacon_filter.json	deacon_report	SRR35931356	799	b9762790b3d45f75947e71db6a8c2ab0b289df41870e1a844d7bf52a846aa2a4
reports/CARiverside_20250703__SRR35931351.deacon_filter.json	deacon_report	SRR35931351	799	78b816c97eec1c4d462522f959e9b79a01525ec1296157a0c979e714c82fc2ba
reports/CARiverside_20250707__SRR35931350.deacon_filter.json	deacon_report	SRR35931350	799	613f18c5ebd594dbff30332b4f9092364779329f49aee670a8c3c2df8fa638f7
reports/CARiverside_20250710__SRR35931349.deacon_filter.json	deacon_report	SRR35931349	799	769b963966625477ff290cb8faeb4fa59ba4d1acc56d706c6c99ca35c5f05a0b
reports/CARiverside_20250714__SRR35931348.deacon_filter.json	deacon_report	SRR35931348	799	a18281d412f0c49c56ca04e246184910fb153ae7e5cc73d421a724de804cfe4b
reports/CARiverside_20250717__SRR35931347.deacon_filter.json	deacon_report	SRR35931347	799	f99db784e45a784dd370bc5640074a00100eac559ecc7b6df40103667253d9fa
reports/CARiverside_20250721__SRR35931346.deacon_filter.json	deacon_report	SRR35931346	868	58a935aabdc55ddf9831462f39f5be9ce8c2a18f01a7f3b2d0d4c063b731b92a
reports/CASPER-250423-FL_Miami-R1-A1_illumina_part_1__SRR36995871.deacon_filter.json	deacon_report	SRR36995871	823	17e5935ff7393ba51d9938759b1a1214711ce50264d4e462604a56fa31505f8a
reports/CASPER-250423-FL_Miami-R1-A1_illumina_part_1__SRR36995878.deacon_filter.json	deacon_report	SRR36995878	823	149a4a6efd90dfef7e98b91e82ed6c372825d6ad40ed74ae6bfff712b9c33b3d
reports/CASPER-250423-FL_Miami-R1-A1_illumina_part_1__SRR36995879.deacon_filter.json	deacon_report	SRR36995879	823	f8ad4ef70e0985ee4ed576bc1c6aab3aa1cd7fb8f41e360438e5d433b312ffb0
reports/CASPER-250423-MA_Boston_DITPN-R1-A1_illumina_part_1__SRR37367529.deacon_filter.json	deacon_report	SRR37367529	830	7877081b5e7d2e9714cf473549e1d9a3eb95544e0fa64454a597db01009df70c
reports/CASPER-250423-MA_Boston_DITPN-R1-A1_illumina_part_1__SRR37367671.deacon_filter.json	deacon_report	SRR37367671	828	5ea6475bab8ba509942b0a200d8d405d5d935aac6ebba9063819def74fd76ffe
reports/CASPER-250423-MA_Boston_DITPN-R1-A1_illumina_part_1__SRR37367672.deacon_filter.json	deacon_report	SRR37367672	830	955c80ded393f0b45dcbc41bd6a418e5d25f43ce0790d867e68fcdf904da2c94
reports/CASPER-250423-MA_Boston_DITPS-R1-A1_illumina_part_1__SRR37367562.deacon_filter.json	deacon_report	SRR37367562	830	909a74ea692feb9adf7d1fd47feb3f16b4fd68e4609e4059c68355a0ba5e7b42
reports/CASPER-250423-MA_Boston_DITPS-R1-A1_illumina_part_1__SRR37367595.deacon_filter.json	deacon_report	SRR37367595	830	28e6e4f0daa8d606e533c3725bca4d3511d57d89145bdf6478dac172558c17ec
reports/CASPER-250423-MA_Boston_DITPS-R1-A1_illumina_part_1__SRR37367628.deacon_filter.json	deacon_report	SRR37367628	828	0828beff4bb08883012003b188d0d37535de3d3227e5bb9cf8d1874c41f708e3
reports/CASPER-250429-FL_Miami-R1-A1_illumina__SRR36995857.deacon_filter.json	deacon_report	SRR36995857	816	b1b6f0857d6faec42d0012b10d3febc955610b323ff9c8e14634bf7a6c7f39fd
reports/CASPER-250430-MA_Boston_DITPN-R1-A1_illumina__SRR37367586.deacon_filter.json	deacon_report	SRR37367586	822	abcffb8e2ee042f0a2730825c166cb323e29bc7137a91f63370981723a4bb316
reports/CASPER-250430-MA_Boston_DITPS-R1-A1_illumina__SRR37367521.deacon_filter.json	deacon_report	SRR37367521	823	a2bf399d23a18d68f2140c613f15a52183f2b3ecc9d6caee1dfdcd414fcb4d4b
reports/CASPER-250506-FL_Miami-R1-A1_illumina_part_1__SRR36995843.deacon_filter.json	deacon_report	SRR36995843	823	d9482afcb88f7d732f2cbb692147c5743f3352221cacacffea85adbb4e33fa48
reports/CASPER-250506-FL_Miami-R1-A1_illumina_part_1__SRR36995845.deacon_filter.json	deacon_report	SRR36995845	823	8de17badf07e2ace7b7859eea35224025ccb4f0835f0e003be2ae25f0ab11aba
reports/CASPER-250507-MA_Boston_DITPN-R1-A1_illumina__SRR37367551.deacon_filter.json	deacon_report	SRR37367551	823	a02d45ce53e48aa45ce593fd0ed7a020c0fa6d347d1077bab420961e741453fb
reports/CASPER-250507-MA_Boston_DITPS-R1-A1_illumina__SRR37367626.deacon_filter.json	deacon_report	SRR37367626	823	0580bc895aafbf3c40749112d0ac78a228a1c5d3ee1d7a763aca329fbf3b1345
reports/CASPER-250513-FL_Miami-R1-A1_illumina__SRR36995842.deacon_filter.json	deacon_report	SRR36995842	884	631907856247c46f21dfa1ecda1586653e3037eb95df309f0fc485ae86da5f20
reports/CASPER-250514-MA_Boston_DITPN-R1-A1_illumina__SRR37367670.deacon_filter.json	deacon_report	SRR37367670	823	20c9129bbfc025853b4e06d63e3b373a1a5baf9d92e7ef5fd6255f43e07c3d77
reports/CASPER-250514-MA_Boston_DITPS-R1-A1_illumina__SRR37367659.deacon_filter.json	deacon_report	SRR37367659	823	f561f2c65e560cb50c9a656c1cef37ef4195d2c1e94234d7b63558f53404c02a
reports/CASPER-250520-FL_Miami-R1-A1_illumina__SRR36995841.deacon_filter.json	deacon_report	SRR36995841	816	9ef04e93911dfe1aa1fb5fb554fce641663a7477a71f83506e666bfbd06f011c
reports/CASPER-250521-MA_Boston_DITPN-R1-A1_illumina__SRR37367619.deacon_filter.json	deacon_report	SRR37367619	818	920c8eaedc9d2334e6650aad3be5bd0e71f5f1b8cb463973d091389da0a0a474
reports/CASPER-250521-MA_Boston_DITPS-R1-A1_illumina__SRR37367611.deacon_filter.json	deacon_report	SRR37367611	822	f821b3eeeb24ac9f7fd0b2e37f5328811cf7b33f45de8909a7834100c84702f7
reports/CASPER-250527-FL_Miami-R1-A1_illumina__SRR36995840.deacon_filter.json	deacon_report	SRR36995840	811	36539ab1fb7f17a71d7fcdb34bd55f8b9a6e933ffb4d2346e90f6aaf0de326bf
reports/CASPER-250528-MA_Boston_DITPN-R1-A1_illumina__SRR37367576.deacon_filter.json	deacon_report	SRR37367576	823	d0748fca6334aed4f550cbe7d400d2068021c36f84a9bf83d2df218a8a74caec
reports/CASPER-250528-MA_Boston_DITPS-R1-A1_illumina__SRR37367543.deacon_filter.json	deacon_report	SRR37367543	823	5ac05450b8b9216865b421f4c0384eb2c573d57d991f7b6de32c77b73b9ec4af
reports/CASPER-250603-FL_Miami-R1-A1_illumina__SRR36995839.deacon_filter.json	deacon_report	SRR36995839	816	390b0b67781182b6965b6257b206f8fdb44698c4a7a78d8d2053868b6c074417
reports/CASPER-250604-MA_Boston_DITPN-R1-A1_illumina__SRR37367534.deacon_filter.json	deacon_report	SRR37367534	823	94b7fe052395cc57c92c7b248ec7b10cc1226a9f291c93bd723feb52f23fee38
reports/CASPER-250604-MA_Boston_DITPS-R1-A1_illumina__SRR37367533.deacon_filter.json	deacon_report	SRR37367533	823	56199ee5769c5eb409da175326e5cec4af4ccc9f2e6d7f69682c6f36a82f65e0
reports/CASPER-250610-FL_Miami-R1-A1_illumina__SRR36995877.deacon_filter.json	deacon_report	SRR36995877	816	c9df676c4297885ddc098e8ed25b8c4e587b7b3d6c3d137fb9db4c55f1a03e86
reports/CASPER-250611-MA_Boston_DITPN-R1-A1_illumina__SRR37367532.deacon_filter.json	deacon_report	SRR37367532	823	5bf3061c9e876c129975311fe8b6a7148b8b8ad6030aa9c1638bb6d139f3d0c1
reports/CASPER-250611-MA_Boston_DITPS-R1-A1_illumina__SRR37367531.deacon_filter.json	deacon_report	SRR37367531	823	4831b043915e7ed3c72869ed0eef195f71a1becf4b6044d7d3e3f95a3a3da13e
reports/CASPER-250617-FL_Miami-R1-A1_illumina__SRR36995876.deacon_filter.json	deacon_report	SRR36995876	816	b19a8103b8b14807a9e4bffd46d60b89db35bf57da2b3953fdb8ae2fa65656c9
reports/CASPER-250618-MA_Boston_DITPN-R1-A1_illumina__SRR37367652.deacon_filter.json	deacon_report	SRR37367652	823	a33d85809046505af656b56af8168f4e8b2d80a2b2c4d2914f728e4c3b7e296c
reports/CASPER-250618-MA_Boston_DITPS-R1-A1_illumina__SRR37367651.deacon_filter.json	deacon_report	SRR37367651	822	68ec4bf39320d6a4e236a0461d9e4e4de9e74b85000e92332c56ff77a0ef095c
reports/CASPER-250624-FL_Miami-R1-A1_illumina__SRR36995875.deacon_filter.json	deacon_report	SRR36995875	814	967189424797a873d7b37ff6f669038924218836c40153c338a5ce01d4126db4
reports/CASPER-250625-MA_Boston_DITPN-R1-A1_illumina__SRR37367650.deacon_filter.json	deacon_report	SRR37367650	823	3025d083d3a346698f5addc2cb2f650bc6ac56437617d4ab54cea333e90e59e6
reports/CASPER-250625-MA_Boston_DITPS-R1-A1_illumina__SRR37367649.deacon_filter.json	deacon_report	SRR37367649	823	ce765a13cc988d036d53fe00b6d2c0c13d23207a19903dfe749694e324afd5ae
reports/CASPER-250701-FL_Miami-R1-A1_illumina__SRR36995864.deacon_filter.json	deacon_report	SRR36995864	816	3facac514f0d1e4aaa43aed36d215e3a74d080907fd168c8c77a50b777f2912a
reports/CASPER-250702-MA_Boston_DITPN-R1-A1_illumina__SRR37367648.deacon_filter.json	deacon_report	SRR37367648	823	70a6ea6eef777637305a0218f03f1845491a5ac8dfb082eb23a25e147e071cdc
reports/CASPER-250702-MA_Boston_DITPS-R1-A1_illumina__SRR37367647.deacon_filter.json	deacon_report	SRR37367647	823	4eeaae399344bb8eaa8362d7cec615590cdcaee94cbd54c31800e54ae2a9b906
reports/CASPER-250708-FL_Miami-R1-A2_illumina__SRR36995865.deacon_filter.json	deacon_report	SRR36995865	816	152d0b32a2c61d47561b6f155ac6436a82cfc33c7f848ed73f2158051acb8b94
reports/CASPER-250709-MA_Boston_DITPN-R1-A1_illumina__SRR37367646.deacon_filter.json	deacon_report	SRR37367646	823	5717c55752a7af71b1e271a2fa420ee686c06171ea7a816096b9602955c21e57
reports/CASPER-250709-MA_Boston_DITPS-R1-A1_illumina__SRR37367645.deacon_filter.json	deacon_report	SRR37367645	823	5ba73ce4d89a0974fc8aea7272b6f640614f0f91394f2aab8f58c32e2f818764
reports/CASPER-250715-FL_Miami-R1-A2_illumina__SRR36995866.deacon_filter.json	deacon_report	SRR36995866	816	1fd02cd8a3e74db0eb3c1e7c5680ec294264b82c79f1dd0a734e6e11b55445c4
reports/CASPER-250716-MA_Boston_DITPN-R1-A2_illumina__SRR37367644.deacon_filter.json	deacon_report	SRR37367644	891	14fea1809a62668f1c987d3ee6f197c4150842b961a9fb847fd127836689e02d
reports/CASPER-250716-MA_Boston_DITPS-R1-A2_illumina__SRR37367643.deacon_filter.json	deacon_report	SRR37367643	824	718a8d038991253bd14367b74e9ef797ab48d1b4925534fdb04e19ad126bf15d
reports/CASPER-250722-FL_Miami-R1-A1_illumina__SRR36995867.deacon_filter.json	deacon_report	SRR36995867	816	8c6367f385c19d591ddb425da0bc04875e5f0e473ff983e34e2726d6085cd507
reports/CASPER-250723-MA_Boston_DITPN-R1-A1_illumina__SRR37367639.deacon_filter.json	deacon_report	SRR37367639	823	0d105d5c1773de6ebd17fb87e16a57612271f7e79e2988dbe7fa3764e81c9130
reports/CASPER-250723-MA_Boston_DITPS-R1-A1_illumina__SRR37367638.deacon_filter.json	deacon_report	SRR37367638	823	05f1dbbed6a75e35bbaf16581dce898c4b6827c4bec2d36266ff88ff23320955
reports/CASPER-250729-FL_Miami-R1-A1_illumina__SRR36995868.deacon_filter.json	deacon_report	SRR36995868	816	83809754d1018b7500fdfc630bba41ba14a17235a7d462dd40b6e9e507daa4f8
reports/CASPER-250730-MA_Boston_DITPN-R1-A1_illumina__SRR37367637.deacon_filter.json	deacon_report	SRR37367637	822	b00e2e2aab5806b105620f477bca093edab0f1878525e781b0d5d215880ab364
reports/CASPER-250730-MA_Boston_DITPS-R1-A1_illumina__SRR37367636.deacon_filter.json	deacon_report	SRR37367636	823	99f3dcf42b8d5b88ca1a66b76a87e994af216fff8e9c5694bb3c6a999a80e7f3
reports/CASPER-250805-FL_Miami-R1-A1_illumina__SRR36995869.deacon_filter.json	deacon_report	SRR36995869	815	f17587f2bd9f1ab7ece7137b0497ca9ce6abdeadba433403ec68b3b50b0b381f
reports/CASPER-250806-MA_Boston_DITPN-R1-A1_illumina__SRR37367635.deacon_filter.json	deacon_report	SRR37367635	823	5ddd4ebd1501954c6a8abc4e85707bf2a19f36a3ae7cbd29a26f49d95e889ca9
reports/CASPER-250806-MA_Boston_DITPS-R1-A1_illumina__SRR37367634.deacon_filter.json	deacon_report	SRR37367634	823	e010350c92be53fc6c245809462a68a84bf487bcd6fd47c3b7e80aa0cb1f15b3
reports/CASPER-250812-FL_Miami-R1-A1_illumina__SRR36995870.deacon_filter.json	deacon_report	SRR36995870	816	0f01fa9bd45ce431db1deac773989fcd49adfba82e85989b1474dd70e025a716
reports/CASPER-250813-MA_Boston_DITPN-R1-A1_illumina__SRR37367633.deacon_filter.json	deacon_report	SRR37367633	891	613c53b28256725d6eca603fd96350fffc2e88c91bf66291a48c8fd4ac45c6e5
reports/CASPER-250813-MA_Boston_DITPS-R1-A1_illumina__SRR37367632.deacon_filter.json	deacon_report	SRR37367632	823	dee596130775f43d0db345e17c6c43f336982508348450c918aaf4ed9de0a7f6
reports/CASPER-250819-FL_Miami-R1-A1_illumina__SRR36995872.deacon_filter.json	deacon_report	SRR36995872	816	c19ae7c8cb006f597b88751db7c96e43c05eade49e8624b09382852213396623
reports/CASPER-250820-MA_Boston_DITPN-R1-A1_illumina__SRR37367631.deacon_filter.json	deacon_report	SRR37367631	889	95ab2887c3b3b1fdfb02920bacf817695afeb7e11b163dbea208ae8d0d2d37e3
reports/CASPER-250820-MA_Boston_DITPS-R1-A1_illumina__SRR37367630.deacon_filter.json	deacon_report	SRR37367630	823	23d172b89163464f4acd685656d3ab1f74d439f917215a4d357be367cbf4b516
reports/CASPER-250826-FL_Miami-R1-A1_illumina__SRR36995873.deacon_filter.json	deacon_report	SRR36995873	816	8c90c3d7244773e1479d1670d064fefa1cf701d6c16a96111af85936ae2f1a2f
reports/CASPER-250827-MA_Boston_DITPN-R1-A1_illumina__SRR37367605.deacon_filter.json	deacon_report	SRR37367605	823	c6592b03418bbede21b7eee5b6645a6c93ade2f07cb21c99085aad2d44dcb41d
reports/CASPER-250827-MA_Boston_DITPS-R1-A1_illumina__SRR37367604.deacon_filter.json	deacon_report	SRR37367604	823	2ab0153f602950604a0832c003eabe2d17a6dcbd8fa12581d6158290aad73c2a
reports/CASPER-250902-FL_Miami-R1-A1_illumina__SRR36995874.deacon_filter.json	deacon_report	SRR36995874	815	5742694ac5612c6919c4e5316a2d70b4a42c79092e3a558933e8578569f3a340
reports/CASPER-250903-MA_Boston_DITPN-R1-A1_illumina__SRR37367603.deacon_filter.json	deacon_report	SRR37367603	891	5ba5d05f5c4ac7951833f33b0f2165f6bb46af56379e34afec6d05ba4b40712b
reports/CASPER-250903-MA_Boston_DITPS-R1-A1_illumina__SRR37367602.deacon_filter.json	deacon_report	SRR37367602	823	03898e3aeb6b1b3c8305b864231da6ba6658270b74769e05fdd18b82881bfe12
reports/CASPER-250909-FL_Miami-R1-A1_illumina__SRR36995850.deacon_filter.json	deacon_report	SRR36995850	816	1b43e27ccf02b1d9069d8a83b0c8893226d99c9e40c8c95f876b408c4a259045
reports/CASPER-250910-MA_Boston_DITPN-R1-A1_illumina__SRR37367601.deacon_filter.json	deacon_report	SRR37367601	823	c06664c93bfaa5052964a2a338790c8be6e4ad1b3243970934f502529d6e40b8
reports/CASPER-250910-MA_Boston_DITPS-R1-A1_illumina__SRR37367600.deacon_filter.json	deacon_report	SRR37367600	823	ee20c95e62a4aa24ad9b0d348d78d1e16aecbee388cf7e9026c4615d819e98f7
reports/CASPER-250916-FL_Miami-R1-A1_illumina__SRR36995851.deacon_filter.json	deacon_report	SRR36995851	816	4fb0fb00178a495f3c655496d26da70c02313e5515c1ca573779f50e4fb28e14
reports/CASPER-250917-MA_Boston_DITPN-R1-A1_illumina__SRR37367599.deacon_filter.json	deacon_report	SRR37367599	823	c5e6b1423097520875a83196bced6c5689e29decc9823f53121a671a00bb6b4a
reports/CASPER-250917-MA_Boston_DITPS-R1-A1_illumina__SRR37367598.deacon_filter.json	deacon_report	SRR37367598	823	5caf069686d8227bd3363fb7e64a66ee62f5ec69906f23b5d8872716ccb1125c
reports/CASPER-250923-FL_Miami-R1-A1_illumina__SRR36995852.deacon_filter.json	deacon_report	SRR36995852	816	751215e131da2d5fee7004f57a3c42902102cfea530bdecffaeb9d43986c3c9c
reports/CASPER-250924-MA_Boston_DITPN-R1-A1_illumina__SRR37367597.deacon_filter.json	deacon_report	SRR37367597	823	ecc825656bdb494cedb73e498c81de8f3be3f8b9665300e57cc6a07964bd233f
reports/CASPER-250924-MA_Boston_DITPS-R1-A1_illumina__SRR37367596.deacon_filter.json	deacon_report	SRR37367596	823	a29b1f6980a61c8d1c82bb8bb5570e0670f4fff8ab18f3d398f87a8616ef53e3
reports/CASPER-250930-FL_Miami-R1-A1_illumina__SRR36995853.deacon_filter.json	deacon_report	SRR36995853	816	cff17e851400ec1f72808ce1e959d059f0684cc2af37ac16095a37efabe09c67
reports/CASPER-251001-MA_Boston_DITPN-R1-A1_illumina__SRR37367561.deacon_filter.json	deacon_report	SRR37367561	824	04100ee45012d48824e40e0b99eca2b3168ff12753c4972e8bb65436cd33a692
reports/CASPER-251001-MA_Boston_DITPS-R1-A1_illumina__SRR37367560.deacon_filter.json	deacon_report	SRR37367560	823	d99de8fa7f6fe5a61b439a6738a152aa17bc4d87510c4f8982c7f403b8142661
reports/CASPER-251007-FL_Miami-R1-A1_illumina__SRR36995854.deacon_filter.json	deacon_report	SRR36995854	816	04db2bc8760726bea1fac432e50e6ba191ed7af295861133797239f5f011d4b4
reports/CASPER-251008-MA_Boston_DITPN-R1-A1_illumina__SRR37367594.deacon_filter.json	deacon_report	SRR37367594	823	16a45034c573cad0c6d20397247417a0953039e1cc3cdb8461f3eda188810834
reports/CASPER-251008-MA_Boston_DITPS-R1-A1_illumina__SRR37367593.deacon_filter.json	deacon_report	SRR37367593	823	c1a8d7a5fa95f9596dab7027eeede667a9235725b50b5c2ac57ab574f8c305ad
reports/CASPER-251014-FL_Miami-R1-A1_illumina__SRR36995855.deacon_filter.json	deacon_report	SRR36995855	816	174784138309d784a2ae1776f3a27ed3078fc1d487a41d7fc42bc6155de5da55
reports/CASPER-251015-MA_Boston_DITPN-R1-A1_illumina__SRR37367592.deacon_filter.json	deacon_report	SRR37367592	823	83fe0a888ddd12a29e71a4af538a45e7637a765898e3bc15fe046d9b215ae90c
reports/CASPER-251015-MA_Boston_DITPS-R1-A1_illumina__SRR37367591.deacon_filter.json	deacon_report	SRR37367591	823	cf66d948e6038f947a73ad1af63be52b677267eceb1b5a7ba7b2c9ae4e07fff0
reports/CASPER-251021-FL_Miami-R1-A1_illumina__SRR36995856.deacon_filter.json	deacon_report	SRR36995856	816	885511789e2d40d483101eb412e20bc9c3a4b0c9637006d6eb83d021168b9c69
reports/CASPER-251022-MA_Boston_DITPN-R1-A1_illumina__SRR37367590.deacon_filter.json	deacon_report	SRR37367590	822	2ac97d5c4db6b1d1d280f9d17a0e425ca4b121037fe1f289459ae5d20b8133a0
reports/CASPER-251022-MA_Boston_DITPS-R1-A1_illumina__SRR37367589.deacon_filter.json	deacon_report	SRR37367589	823	96af7923ccbdc2a389ad895a70c7ff24aeefecc71c296596c6a3490357971f88
reports/CASPER-251028-FL_Miami-R1-A1_illumina__SRR36995858.deacon_filter.json	deacon_report	SRR36995858	816	bb0b38ce5f1a6311362a570eddafe9708d010f82854f56977cedfd0e3470fc06
reports/CASPER-251029-MA_Boston_DITPN-R1-A1_illumina__SRR37367588.deacon_filter.json	deacon_report	SRR37367588	823	c50f6ac3cc2b115894ea1cc50db92973a5e992fb62273dee67eb82810df93bb1
reports/CASPER-251029-MA_Boston_DITPS-R1-A1_illumina__SRR37367587.deacon_filter.json	deacon_report	SRR37367587	823	adb365c411798c308edb312995a53800bef3bbb82e823b61789d6e45718c4716
reports/CASPER-251104-FL_Miami-R1-A1_illumina__SRR36995859.deacon_filter.json	deacon_report	SRR36995859	816	77ba9aaff4149b65432666a183d43d78941855679930f8bf46997b55159582d7
reports/CASPER-251105-MA_Boston_DITPN-R1-A1_illumina__SRR37367585.deacon_filter.json	deacon_report	SRR37367585	823	1d045b33ca7c880286d8a7189d3bd7a43a196f8fcd42898eb382480430a084c4
reports/CASPER-251105-MA_Boston_DITPS-R1-A1_illumina__SRR37367584.deacon_filter.json	deacon_report	SRR37367584	823	fc1bb37b0c113a3fe3d6d5cef566cac70f3b334d780ad938a311ab343be31c51
reports/CASPER-251111-FL_Miami-R1-A1_illumina_True__SRR37367571.deacon_filter.json	deacon_report	SRR37367571	821	dd1505f9d86c4a846f6185dcd53ae42fb8f8fa4831938c177db36648e36bd099
reports/CASPER-251112-MA_Boston_DITPN-R1-A1_illumina_True__SRR37367569.deacon_filter.json	deacon_report	SRR37367569	828	5516d0ebacb4523e7dca32f91420bb55cd70ab374eb04602c83f62c8917e482b
reports/CASPER-251112-MA_Boston_DITPS-R1-A1_illumina_True__SRR37367568.deacon_filter.json	deacon_report	SRR37367568	828	9e3114da0dedaf0f1fb297d2cb8e6235dd57a4dc89b17aa0650867e67d410b4b
reports/CASPER-251118-FL_Miami-R1-A1_illumina__SRR36995860.deacon_filter.json	deacon_report	SRR36995860	816	f29adc250ebd949f7affb9eb014ae0fc7a3235485720f5df49bf5adbc60a587d
reports/CASPER-251119-MA_Boston_DITPN-R1-A1_illumina__SRR37367567.deacon_filter.json	deacon_report	SRR37367567	823	0de8b00cb1eec3de3df9f5aa61706de1f56cb7b2c53998f18e164a23937a3b7c
reports/CASPER-251119-MA_Boston_DITPS-R1-A1_illumina__SRR37367566.deacon_filter.json	deacon_report	SRR37367566	823	8dca6faa8d397d9abc24f664b394cf49fe083faab86ada1c33d38dd86923f5a3
reports/CASPER-251125-FL_Miami-R1-A1_illumina__SRR36995861.deacon_filter.json	deacon_report	SRR36995861	816	26bd4e33dce61ecf1637ffb003b68c90b43824da61466e1826f0ef30cf3c1f42
reports/CASPER-251126-MA_Boston_DITPN-R1-A1_illumina__SRR37367565.deacon_filter.json	deacon_report	SRR37367565	823	60b6de475d0fba954c09c280be46763f70f8dad0b23602946a8c55bdb306b248
reports/CASPER-251126-MA_Boston_DITPS-R1-A1_illumina__SRR37367564.deacon_filter.json	deacon_report	SRR37367564	823	d71ef32d8b3460057a53acc21585c1c84447033ae76de88c0023fb5c364e6755
reports/CASPER-251202-FL_Miami-R1-A1_illumina__SRR36995862.deacon_filter.json	deacon_report	SRR36995862	816	3f90a433408f48836e52e87259de9346b0fba86522315ab7ce377987197ada04
reports/CASPER-251203-MA_Boston_DITPN-R1-A1_illumina__SRR37367563.deacon_filter.json	deacon_report	SRR37367563	823	ec56a4afb2a3a7fd2d9f0b3c2908f9c7b8b5a859d09af1db8009cb9576014710
reports/CASPER-251203-MA_Boston_DITPS-R1-A1_illumina__SRR37367520.deacon_filter.json	deacon_report	SRR37367520	823	206611626b54a1cb264267de054a29066dbf0264011cdf4eeaae5b58e48a051e
reports/CASPER-251209-FL_Miami-R1-A1_illumina__SRR37181174.deacon_filter.json	deacon_report	SRR37181174	815	0ed2477c8b53080a4aa093dadee9d64441915b1fd5f06ca565f3384ac1d7a15c
reports/CASPER-251210-MA_Boston_DITPN-R1-A1_illumina__SRR37367519.deacon_filter.json	deacon_report	SRR37367519	823	d9bbeeed19cacfb650b6de18e10639f869fab0d77effb4cf0ece78239abc47f2
reports/CASPER-251210-MA_Boston_DITPS-R1-A1_illumina__SRR37367559.deacon_filter.json	deacon_report	SRR37367559	824	7f8c7b113df02b031732d835a89c00e3da78a6a7dea5e8497b314bd073725c1b
reports/CASPER-251217-MA_Boston_DITPN-R1-A1_illumina__SRR37367558.deacon_filter.json	deacon_report	SRR37367558	822	9a342764a14161833c5f0cd113c282dcfa8485701abf627fc9693ab8732c67db
reports/CASPER-251217-MA_Boston_DITPS-R1-A1_illumina__SRR37367557.deacon_filter.json	deacon_report	SRR37367557	824	b562151f891b7ccf075564b0e1a4350493f2dd8ccee7a3a4e8b79e4c4c47c8da
reports/CASPER-251222-FL_Miami-R1_illumina__SRR37181173.deacon_filter.json	deacon_report	SRR37181173	813	cbd227c8f3b55da59341ff94de976c8520f4e5ce238222499487cc9025eb05c6
reports/CASPER-251223-MA_Boston_DITPN-R1_illumina__SRR37367556.deacon_filter.json	deacon_report	SRR37367556	820	8bd24c84a53242dac78032d8daa947ad00d5f21f307142c69b74ebf298fddb81
reports/CASPER-251223-MA_Boston_DITPS-R1_illumina__SRR37367555.deacon_filter.json	deacon_report	SRR37367555	819	234d0d7bbbc17b2060f966969bb3b1150c59975a756dd160f2ef10d53c79b826
reports/CASPER-251229-FL_Miami-R1-A1_illumina__SRR37181162.deacon_filter.json	deacon_report	SRR37181162	816	9533cc1cc4abe3a6d7824a5b57b2e7610b1ec6aa469bc354d8d49fa817f5ae23
reports/CASPER-251230-MA_Boston_DITPN-R1-A1_illumina__SRR37367554.deacon_filter.json	deacon_report	SRR37367554	823	61d7e46b01eca161d57467058e34ab8bbaace1bf152349d1a8b1eb6170aba571
reports/CASPER-251230-MA_Boston_DITPS-R1-A1_illumina__SRR37367553.deacon_filter.json	deacon_report	SRR37367553	823	6464ceccf7c6978c3924ce56b066efc16708cdfb7ca204b773ca2099229f58ef
reports/CASPER-260104-Southern_California-R1-A1__SRR38294733.deacon_filter.json	deacon_report	SRR38294733	814	6d73fe5f1a29d903d2d6222c24421dddc7cdc811e038133fb18c9eaee04a3110
reports/CASPER-260105-FL_Miami-R1-A1__SRR38294689.deacon_filter.json	deacon_report	SRR38294689	806	97879003a8c168821115cffa51a351d4614f9838b0b76a837975fd2d7a60d434
reports/CASPER-260105-FL_Miami-R1-A1__SRR38294732.deacon_filter.json	deacon_report	SRR38294732	797	fa473b6bd299d421b65f32e645944e9d215c9a9a5967778db0df84353457d9af
reports/CASPER-260107-MA_Boston_DITPN-R1-A1__SRR38294924.deacon_filter.json	deacon_report	SRR38294924	814	09c1be90db29ace85fe1533a4766f424d6bfb6cb2d78e92ade5b885529c7d1ef
reports/CASPER-260107-MA_Boston_DITPS-R1-A1__SRR38294799.deacon_filter.json	deacon_report	SRR38294799	814	72051b1a48a5427538b452cd7102d4c188aee1f4c7249c29cef189d139dff302
reports/CASPER-260112-FL_Miami-R1-A1__SRR38294966.deacon_filter.json	deacon_report	SRR38294966	797	ffb8e1a21581625467e48493ad62b2d413b2b6ef1e7adfcbec7210e0592252f2
reports/CASPER-260112-FL_Miami-R1-A1__SRR38294980.deacon_filter.json	deacon_report	SRR38294980	807	7cfafad8f01187459abe021ed7d45eddfe8aa24c81b7c6466cc4d86fe03902c4
reports/CASPER-260114-MA_Boston_DITPN-R1-A1__SRR38294667.deacon_filter.json	deacon_report	SRR38294667	814	8d4f16af9f3968570db51d31197392ae8e30796d420e2cc30330e1779a36cb7c
reports/CASPER-260114-MA_Boston_DITPS-R1-A1__SRR38294956.deacon_filter.json	deacon_report	SRR38294956	814	150a06c9a44fb1aa77102c7656cf20a161f6b1bd0437b5b92ad87c858ba1a58b
reports/CASPER-260114-Southern_California-R1-A1__SRR38294891.deacon_filter.json	deacon_report	SRR38294891	818	9f5dede96f3275132799af07f24bb137dc862bde86cf876fc32ea78265d1a1b9
reports/CASPER-260118-Southern_California-R1-A1__SRR38294734.deacon_filter.json	deacon_report	SRR38294734	818	dbb532c5ffa13bcc1355b5daf9a127009bd894f47f45b7b440c852c418b26b6d
reports/CASPER-260119-FL_Miami-R1-A1__SRR38294720.deacon_filter.json	deacon_report	SRR38294720	807	a8dc6bd78427bce47d14e52ac6e5ed08adeebd87f1eb525ee547978df7c36edf
reports/CASPER-260121-MA_Boston_DITPN-R1-A1__SRR38294731.deacon_filter.json	deacon_report	SRR38294731	814	3c4e861437053d17476c3344e3dc26f71b52a2bb5ca0bba30616f5a6ed977621
reports/CASPER-260121-MA_Boston_DITPS-R1-A1__SRR38294762.deacon_filter.json	deacon_report	SRR38294762	814	e88c6256fca4f7164dcc77933ef489f7fbb294f48d40d9bcf51dcbe47e274e90
reports/CASPER-260121-Southern_California-R1-A1__SRR38294773.deacon_filter.json	deacon_report	SRR38294773	818	703455a3cd5a619aeac3ffe280e4f3a00dfd2d0f642d83a765dc20ecbfcac8d6
reports/CASPER-260125-Southern_California-R1-A1__SRR38294764.deacon_filter.json	deacon_report	SRR38294764	813	1a250f0d2457516895cf597685259c6207e327e51450b8551591fa49cf5bfa81
reports/CASPER-260126-FL_Miami-R1-A1__SRR38294706.deacon_filter.json	deacon_report	SRR38294706	803	465b767a2a2ddf160e36d6fea8f6183d07889c42c9c7be0fed9cd4964012e4e3
reports/CASPER-260128-MA_Boston_DITPN-R1-A1__SRR38294941.deacon_filter.json	deacon_report	SRR38294941	814	312438d843bdd9eefeb88d41b749b8af46e638eff89b3b976eb775f574940a10
reports/CASPER-260128-MA_Boston_DITPS-R1-A1__SRR38294695.deacon_filter.json	deacon_report	SRR38294695	814	7cb4b94cf764379d65fe23918bbd63c4058a44823a09bbfa19874e491baf5b5d
reports/CASPER-260128-Southern_California-R1-A1__SRR38294755.deacon_filter.json	deacon_report	SRR38294755	817	2d6bae0f2ab93c82a8ca71beea36aaf8117310762c2ee4811e4ec0c1baee996d
reports/CASPER-260201-Southern_California-R1-A1__SRR38294687.deacon_filter.json	deacon_report	SRR38294687	818	66153c91333790e5bbb236bacbd7d5bd6c08fb4c3fd76a769045c57b3d780c2d
reports/CASPER-260202-FL_Miami-R1-A1__SRR38294678.deacon_filter.json	deacon_report	SRR38294678	807	1523072af4ea11c9e052fa7b25ed0ffe057c7ee00f17b94e9c63af88ad79b8ac
reports/CASPER-260204-MA_Boston_DITPN-R1-A1__SRR38294639.deacon_filter.json	deacon_report	SRR38294639	814	649d0bc3db99bba61b2873b9eb6e327e60e4d25a175f3f0e922b7513c6de04bb
reports/CASPER-260204-MA_Boston_DITPS-R1-A1__SRR38294628.deacon_filter.json	deacon_report	SRR38294628	812	02e8f0a431b3547813a5fdc48e3446961f999bb98bdd3ba87880a72e59b5417f
reports/CASPER-260204-Southern_California-R1-A2__SRR39695076.deacon_filter.json	deacon_report	SRR39695076	818	fbcc43b219fabd4c9f7006320d56c7bb6673bc0bc2e0095b8b4e7997cb4ffe88
reports/CASPER-260208-Southern_California-R1-A2__SRR39695075.deacon_filter.json	deacon_report	SRR39695075	818	c501b6f8a0a1a1e2079502f56a59f6aaec20b0b0f72e11317c185306182daa36
reports/CASPER-260209-FL_Miami-R1-A2__SRR39695047.deacon_filter.json	deacon_report	SRR39695047	807	1366947542f4b3c52323fefe71b23add9597d8723117a27ea46285eac67fddae
reports/CASPER-260211-MA_Boston_DITPN-R1-A1__SRR38294616.deacon_filter.json	deacon_report	SRR38294616	814	74d2cb23c87e26c5004e0085410608567cf7b94938706c9fe988e995dceaa2b7
reports/CASPER-260211-MA_Boston_DITPS-R2-A1__SRR38294937.deacon_filter.json	deacon_report	SRR38294937	814	c68ac357492b76d0e9238a761e468962c4e39d9f9871beb3bf80637dbdb74386
reports/CASPER-260211-Southern_California-R1-A1__SRR38294926.deacon_filter.json	deacon_report	SRR38294926	824	827c16b929a71685acbffedb062c980f429ad7eafda858f0bc8f9f0702e2e793
reports/CASPER-260215-Southern_California-R1-A1__SRR38294887.deacon_filter.json	deacon_report	SRR38294887	818	20d8637d62107316da9207928d6ad4f85c42845634932a8d06a3b6a7f0a95967
reports/CASPER-260215-Southern_California-R1-A1__SRR38401629.deacon_filter.json	deacon_report	SRR38401629	818	eb79a069bda8c6d121dac773c6ebd35d19122b4cea319e0de6324b893396746d
reports/CASPER-260215-Southern_California-R1-A1__SRR38401630.deacon_filter.json	deacon_report	SRR38401630	818	8db91fb7c2c060742b50013e14b4823cd6017a2f80aabd06890554e5dba0f5ba
reports/CASPER-260215-Southern_California-R1-A1__SRR38401631.deacon_filter.json	deacon_report	SRR38401631	818	259e62fa41f5b42579740c36dfed841679a60d193e8758916fb516292430e3b8
reports/CASPER-260215-Southern_California-R1-A1__SRR38401632.deacon_filter.json	deacon_report	SRR38401632	818	9f4dfad06f82514a6e1fc39a3bb49e8c131598f677e1ca09a93e7c94be3e3079
reports/CASPER-260216-FL_Miami-R1-A2__SRR39695193.deacon_filter.json	deacon_report	SRR39695193	807	48971e11bdf84a8c1bf415bfc2b8fd86fcefb43aec390d04bcf186fc32be3143
reports/CASPER-260218-MA_Boston_DITPN-R1-A1__SRR38294875.deacon_filter.json	deacon_report	SRR38294875	820	c7d5bf506f2b87662ce1b73cf91b45b5b8aa264c86cc2cb04473ea613ef1deaf
reports/CASPER-260218-MA_Boston_DITPS-R1-A1__SRR38294864.deacon_filter.json	deacon_report	SRR38294864	820	3de82f1ee1aef9deee22b10e3cada3f297b99ef9b3c66eae1311a4a11e914219
reports/CASPER-260218-Southern_California-R1-A1__SRR38294923.deacon_filter.json	deacon_report	SRR38294923	816	37b1760732535f106d2ceb3bd710839375f3c0e02b297324e5c9b57128f9b2af
reports/CASPER-260222-Southern_California-R1-A1__SRR38294915.deacon_filter.json	deacon_report	SRR38294915	816	94c77f912c3e1d7a53eec784cb9204c7413ae226fcafc5c421cba9bfa6788d40
reports/CASPER-260224-FL_Miami-R1-A1__SRR38295002.deacon_filter.json	deacon_report	SRR38295002	807	f40dac5e96eb8720b68e9b00f468acc3bf2fcb60bce82c0c9b4fc479a519a3e7
reports/CASPER-260225-MA_Boston_DITPN-R1-A1__SRR38294909.deacon_filter.json	deacon_report	SRR38294909	814	0c438d7d38bd49e05ce38f7428afc484923bec82344ab791fd42f917b089ae55
reports/CASPER-260225-MA_Boston_DITPS-R1-A1__SRR38294839.deacon_filter.json	deacon_report	SRR38294839	814	c080c98ca6d6e7e6840ce7fcf570a1824d3a7dac497cf198be83ceb0b5863fed
reports/CASPER-260302-FL_Miami-R1-A1__SRR38294907.deacon_filter.json	deacon_report	SRR38294907	807	8630a55e01bfc61f62a0c2a4ed075de77960962837fe4e5938131a28504e5df3
reports/CASPER-260304-MA_Boston_DITPN-R1-A1__SRR38294896.deacon_filter.json	deacon_report	SRR38294896	814	f80e646fa5529218034b7640921f33e147d0b0c1c2d9e9c59dc8d3919d06e3fb
reports/CASPER-260304-MA_Boston_DITPS-R1-A1__SRR38294986.deacon_filter.json	deacon_report	SRR38294986	814	bbd4696463e263a06f8cd306bb07bb7e90e8438d1929d77839f23278e6d58e56
reports/CASPER-260304-Southern_California-R1-A1__SRR39694975.deacon_filter.json	deacon_report	SRR39694975	818	0069ee3be2454510f0d05d07f5deb99c4e5326c90204ddcd5d2f7ae3db598d06
reports/CASPER-260308-Southern_California-R1-A1__SRR39695247.deacon_filter.json	deacon_report	SRR39695247	817	f9ac2ca5b7665a49ba5359e63299b7be04e27b8af0ce7d9ccf6bc7b23d87df74
reports/CASPER-260309-FL_Miami-R1-A1__SRR39695139.deacon_filter.json	deacon_report	SRR39695139	807	9bd864a85af180e8d11f5ece376b3640d0c0b6b543c8a3a3e467ce840c1428bb
reports/CASPER-260311-MA_Boston_DITPN-R1-A1__SRR39695128.deacon_filter.json	deacon_report	SRR39695128	814	94900b6af163542d51f1e6bb5e656f9e7547a6fad52518460cb84c046d774696
reports/CASPER-260311-MA_Boston_DITPS-R1-A1__SRR39695236.deacon_filter.json	deacon_report	SRR39695236	814	4858f3531aca07667361ff35a6ddec09d1c4f781fa6d48d298975eabfe8a0e54
reports/CASPER-260316-FL_Miami-R1-A2__SRR39695389.deacon_filter.json	deacon_report	SRR39695389	807	3c7d23d65da077c465d99e76477952c02be3a4c0af35b2a381eb125c319c4ba0
reports/CASPER-260318-MA_Boston_DITPN-R1-A2__SRR39695074.deacon_filter.json	deacon_report	SRR39695074	814	bc3ee70c9d68dcfe597e97dd7f8d5d7409aea9d1318facc37fe9995e843a6eb1
reports/CASPER-260318-MA_Boston_DITPS-R1-A2__SRR39694954.deacon_filter.json	deacon_report	SRR39694954	814	f6b1d638e1a1a9c6367efff1fb9e15ce82b868524e0fc1f2a4ec0b527cbc3999
reports/CASPER-260325-Southern_California-R1-A1__SRR39694943.deacon_filter.json	deacon_report	SRR39694943	818	3bc3e6a4d6fa39d999e23b6f871a53aeb6e40aeb7bdcf717c7a222f86bb6c632
reports/CASPER-260329-Southern_California-R1-A1__SRR39694941.deacon_filter.json	deacon_report	SRR39694941	818	8ac7a60cddee4d5de1b8909550203f836ec8996e0523eee4fe5497bae31f5f54
reports/CASPER-260330-FL_Miami-R1-A2__SRR39695121.deacon_filter.json	deacon_report	SRR39695121	807	69c7774dbf91107b3477585683b0e8384ddee5d2f0b1aafbcd00f184ce7dca9a
reports/CASPER-260401-MA_Boston_DITPN-R1-A1__SRR39695330.deacon_filter.json	deacon_report	SRR39695330	813	f195323a9c77f3896919d10d1d5bf4ab653b30a2b871f4a20d2899c9ca7980b2
reports/CASPER-260401-MA_Boston_DITPS-R1-A1__SRR39695060.deacon_filter.json	deacon_report	SRR39695060	814	c669fbf0e2271a7b071ce2d9df5b32d212ce4709e856a25de31a48a84d388a89
reports/CASPER-260402-Southern_California-R1-A2__SRR39695228.deacon_filter.json	deacon_report	SRR39695228	818	f53882fdb3f40444c56b2a449d9f438005f0f96ed3eb3f94b200e2d846199234
reports/CASPER-260405-Southern_California-R1-A2__SRR39695101.deacon_filter.json	deacon_report	SRR39695101	818	b8b87da84e86b0d572ca562cc7bcabcdb92fcf84d20eb93ec6dedd71a939f159
reports/CASPER-260406-FL_Miami-R1-A2__SRR39695323.deacon_filter.json	deacon_report	SRR39695323	807	75a9ed7be119cdb3c2b893dccf6dfa54a35d697bf4eda31f17de22984f1647a1
reports/CASPER-260408-MA_Boston_DITPN-R1-A2__SRR39695046.deacon_filter.json	deacon_report	SRR39695046	814	ef2b63084f7db26161127491da1ec5d36a8ff548eb7c45dec9dcfbc681a714ec
reports/CASPER-260408-MA_Boston_DITPS-R1-A2__SRR39695223.deacon_filter.json	deacon_report	SRR39695223	814	e05f33348c0457a4a20bbfeddb4190de95d09f4aa77ee7d32a432d464d78dcfd
reports/CASPER-260408-Southern_California-R1-A1__SRR39695098.deacon_filter.json	deacon_report	SRR39695098	818	891bed33bc7094a9152290f542b2737995922e055e828e5382bc0eed8be3e6a8
reports/CASPER-260412-Southern_California-R1-A1__SRR39695087.deacon_filter.json	deacon_report	SRR39695087	818	e9804efc38768a9d688f13415e222c31ce67b04d6ceecd2e6c348e83911c5ac4
reports/CASPER-260413-FL_Miami-R1-A1__SRR39695377.deacon_filter.json	deacon_report	SRR39695377	807	786f5aba9a087bc4d104c8cebb00e6290305fe81d47694cfca994bb9ca6ee91a
reports/CASPER-260414-MA_Boston_DITPN-R1-A1__SRR39695310.deacon_filter.json	deacon_report	SRR39695310	814	a5ae7d54acabdf39e38d098c723c011736733bc298f43aca31c49b0087771b74
reports/CASPER-260414-MA_Boston_DITPS-R1-A1__SRR39695035.deacon_filter.json	deacon_report	SRR39695035	812	763a48e3f43adde9ca498b4d92a49969805c8f57782d0b6f5900c6932b15fab3
reports/CASPER-260420-FL_Miami-R1-A2__SRR39695214.deacon_filter.json	deacon_report	SRR39695214	808	07687ea231caad4eaee980d16bbbe63ea0dab67ca965ca37bafd62f81aeb239c
reports/CASPER-260422-MA_Boston_DITPN-R1-A1__SRR39695202.deacon_filter.json	deacon_report	SRR39695202	884	7fcb7b87ebea6facc1ce98cb4385866d5c30fd39542bf2130506430bb62ef3fc
reports/CASPER-260422-MA_Boston_DITPS-RI-A1__SRR39695363.deacon_filter.json	deacon_report	SRR39695363	814	2eb920181bfb11d971637515a783798dfbff7143757e04ce5809ee32a82d07b4
reports/CASPER-260429-MA_Boston_DITPN-R1-A1__SRR39695192.deacon_filter.json	deacon_report	SRR39695192	814	c435b66b150533af9a288e92b8dd599cc2780dd0d54be4408f66cba53c02c3fe
reports/CASPER-260429-MA_Boston_DITPS-RI-A2__SRR39695296.deacon_filter.json	deacon_report	SRR39695296	814	5366eed0c500bd2f08f7fbcf8e2e40d5741712fa8f984cd567131c9582be539a
reports/CASPER-260429-Southern_California-R1-A2__SRR39695022.deacon_filter.json	deacon_report	SRR39695022	818	1c9e18c9a5f03c791d2700b255b76e9d6a2280ec2b47042aab3dfa98cd0af8c3
reports/CASPER-260503-Southern_California-R1-A2__SRR39695013.deacon_filter.json	deacon_report	SRR39695013	818	53807544c84c7cb29d755f921e6dd6c5a72d6e3fa6b02c752181216fdc8b303e
reports/CASPER-260506-Southern_California-R1-A1__SRR39695178.deacon_filter.json	deacon_report	SRR39695178	818	b010853a548126b22a9feaede13376a907a0323757131740b5e16fdc0df42fb3
reports/CASPER-260510-Southern_California-R1-A1__SRR39695003.deacon_filter.json	deacon_report	SRR39695003	819	c8d55905084242f81a5c6731f4bf0e01cf097d374dd13ff48e939094d7f95aa4
reports/CASPER-260511-FL_Miami-R1-A1__SRR39695280.deacon_filter.json	deacon_report	SRR39695280	807	8e29e3329cbae16300a834fdfbfe3f43b15d02be7aa8eaafad2c7662bbe7b2d6
reports/CASPER-260513-MA_Boston_DITPN-R1-A1__SRR39694996.deacon_filter.json	deacon_report	SRR39694996	814	b57862cdb42aef0ae74d77e3b407e762a558483262529076c84e6a734afe04e1
reports/CASPER-260513-MA_Boston_DITPS-R1-A1__SRR39694986.deacon_filter.json	deacon_report	SRR39694986	813	0cd0ced9da6356795c156223af7d76c7b3294ac45c863a6fdb71032ff834b941
reports/CASPER-260513-Southern_California-R1-A1__SRR39695163.deacon_filter.json	deacon_report	SRR39695163	818	7d6e3ac9cdc84ef1240066ccdc8c78dbbffc211cbbc83b243d78b2d14a520b85
reports/CASPER-260518-FL_Miami-R1-A1__SRR39694976.deacon_filter.json	deacon_report	SRR39694976	807	35b115f10c81ee9b7770975a2b7a33f42c183ad4f74b3b1e54cd7e6963122db6
reports/CASPER-260520-MA_Boston_DITPN-R1-A1__SRR39695266.deacon_filter.json	deacon_report	SRR39695266	814	587a66477a2cd66dbd3d461464bfaa03548427f4e6c371eaf0d8708105462770
reports/CASPER-260520-MA_Boston_DITPS-R1-A1__SRR39695154.deacon_filter.json	deacon_report	SRR39695154	814	7f0083d26827657d1eb26807e5b8c82058eabbef5d8e80f55d424c2cb607690c
reports/CASPER-260520-Southern_California-R1-A1__SRR39695357.deacon_filter.json	deacon_report	SRR39695357	818	d2334e52771f9d69dde1c867b738ca17a11353095f2dc20446d245b106132762
reports/CASPER-260524-Southern_California-R1-A1__SRR39695347.deacon_filter.json	deacon_report	SRR39695347	818	7f09de0291592c2f49b4e034e88ca8a81e656507e0a2a5da4614d7499a9be66c
reports/CASPER-260526-FL_Miami-R1-A1__SRR39694958.deacon_filter.json	deacon_report	SRR39694958	807	7d9f503b7c62ef58a489e256479c0251ea2ccc6a91dad4c1747ede94a67cb852
reports/CASPER-260527-MA_Boston_DITPN-R1-A1__SRR39695251.deacon_filter.json	deacon_report	SRR39695251	814	643dcf435c4e114b25a58853e5d61581f3d9f0c9bf4bb53d3f10e3ba6ca34dbf
reports/CASPER-260527-MA_Boston_DITPS-R1-A1__SRR39695249.deacon_filter.json	deacon_report	SRR39695249	814	3f26e5e6261f22cd941486792d689e446b7b309410260dac81c864d0fd18febf
reports/CASPER-260527-Southern_California-R1-A1__SRR39695248.deacon_filter.json	deacon_report	SRR39695248	818	c849465a57673f46944e3953ebd503686accb154d8d46c2335a37544a8e8033e
reports/CASPER-260531-Southern_California-R1-A1__SRR39694967.deacon_filter.json	deacon_report	SRR39694967	818	b80aa82aa02bece9183d8960c3684e397fca00fe0f285bce512ae6bcfd7d76cd
reports/CASPER-260601-FL_Miami-R1-A1__SRR39695246.deacon_filter.json	deacon_report	SRR39695246	806	0bc63af0c0e0fc68f1bd5ef253f24ff8a2236a4dea675fde61bf69b010ce364c
reports/CASPER-260602-MA_Boston_DITPN-R1-A1__SRR39694964.deacon_filter.json	deacon_report	SRR39694964	814	755e84ba5e52428655af3736c5b48d417fcde3a239bbc565969efb80cf4ef83e
reports/CASPER-260602-MA_Boston_DITPS-R1-A1__SRR39695125.deacon_filter.json	deacon_report	SRR39695125	814	aabf19a13af2118feb22b17ade84a5c6de9d0c6b75a9e80a6e731ed22078e650
reports/CASPER-260603-Southern_California-R1-A1__SRR39695244.deacon_filter.json	deacon_report	SRR39695244	818	684c5726e8346df031fc2ae266e47ce1552fdde1b0b739ce96fafc91ac3ec0f1
reports/CASPER-260607-Southern_California-R1-A1__SRR39695242.deacon_filter.json	deacon_report	SRR39695242	818	35e7003cc094e7ca824e738ee2d93e95fed336bd227b39579389099023c6e5f9
reports/CASPER-260608-FL_Miami-R1-A1__SRR39695144.deacon_filter.json	deacon_report	SRR39695144	808	c0c4bf2fcc67b3192e7bf96beff3ff9e04661a4cc5ad96299a01fcf858880b9a
reports/CASPER-260610-MA_Boston_DITPN-R1-A1__SRR39695143.deacon_filter.json	deacon_report	SRR39695143	814	c62b01d9d522e901b6143af10f51655fa6ae2809a81672cd7dfc67ed531ad1f7
reports/CASPER-260610-MA_Boston_DITPS-R1-A1__SRR39695142.deacon_filter.json	deacon_report	SRR39695142	814	6966fdf4a1e727c67875ef143fb8b42047d584b3c5be9b5bdb727370c9a58599
reports/CASPER-260610-Southern_California-R1-A1__SRR39695141.deacon_filter.json	deacon_report	SRR39695141	818	036b7d9a28dcc9b3b185ccf2183f157a2e15abe41aa2d2fcfd066dafc332a780
reports/CASPER-260610-Southern_California-R1-A2__SRR39695140.deacon_filter.json	deacon_report	SRR39695140	818	e8e611fc6edd7f9e96e39f71c70979bc1d938b055efe4fbbabd033c471f55a69
reports/CASPER-260614-Southern_California-R1-A1__SRR39695138.deacon_filter.json	deacon_report	SRR39695138	818	1d78cea9197d5d180e2acb40c42a040ee8105dc70b0caad2eb97cbf6d65c3a96
reports/CASPER-260614-Southern_California-R1-A2__SRR39695137.deacon_filter.json	deacon_report	SRR39695137	818	94f063027a913a62565b48498e4d1612fcd68e24317af2ff5396977d4f7abdf9
reports/CASPER-260616-FL_Miami-R1-A1__SRR39695136.deacon_filter.json	deacon_report	SRR39695136	808	41398dbbd732edce693bc23e88861c3a442dee3665adcde460f6ef4a42630645
reports/CASPER-260617-MA_Boston_DITPN-R1-A1__SRR39695135.deacon_filter.json	deacon_report	SRR39695135	884	bb4be58e5514a8aa8d94a8cc304cb99158a04d2a1c17a881527c865d6d1912f8
reports/CASPER-260617-MA_Boston_DITPS-R1-A1__SRR39695134.deacon_filter.json	deacon_report	SRR39695134	815	0ba2371c3c6848c7a879cdfdacb22e40649dbb03eda45b26c7b907d02bf9eaaf
reports/CASPER-260619-Southern_California-R1-A1__SRR39695133.deacon_filter.json	deacon_report	SRR39695133	818	aa8eeb54817ba7e66589087152d4654e702b13f785d8b5df1c53c3c140379394
reports/CASPER-260621-Southern_California-R1-A1__SRR39695132.deacon_filter.json	deacon_report	SRR39695132	818	9c67e39c801d5ff255c74c944ebdeaa6c3ea4101f7a93cd95d22487f74053ec6
reports/CASPER-260622-FL_Miami-R1-A1__SRR39695131.deacon_filter.json	deacon_report	SRR39695131	807	4684f96ed2936079dc462eb66af6005ab199cbc68a897bc29c0d1f04d1d639e4
reports/CASPER-260622-FL_Miami-R1-A2__SRR39695130.deacon_filter.json	deacon_report	SRR39695130	807	14ac75b673e5be87dda9001aca2d05baa40f0882075c132c47b93734e8176464
reports/CASPER-260622-MA_Boston_DITPN-R1-A1__SRR39695129.deacon_filter.json	deacon_report	SRR39695129	814	03b424c7cd58d5072f7430775d58968e447283933d802f7d2c4b7e3ca9d512ae
reports/CASPER-260622-MA_Boston_DITPN-R1-A2__SRR39695127.deacon_filter.json	deacon_report	SRR39695127	815	18ea50c71054f81219e7d53b3567706ac66ad3006f5889859946fd3e944f5a29
reports/CASPER-260622-MA_Boston_DITPS-R1-A1__SRR39695126.deacon_filter.json	deacon_report	SRR39695126	814	174361affbc449fb8434bd3816a7631f9632dffff541e49f1423ff1eea9edd52
reports/CASPER-260622-MA_Boston_DITPS-R1-A2__SRR39695387.deacon_filter.json	deacon_report	SRR39695387	813	170fa698a5c0b04d12de819a2bcf86f9a3c624f281cfc629e9bd4a6582a0c7f9
reports/CASPER-260629-FL_Miami-R1-A2__SRR39695384.deacon_filter.json	deacon_report	SRR39695384	807	414fa128dfe4f1ae492857a9e7ae2d84198b30f00a605317476054eeb8e62474
reports/CA_Ontario_20250825__SRR36790980.deacon_filter.json	deacon_report	SRR36790980	798	d8cd5691d2d485963217a859358f4b47ac57384f45c981cc0e151bcf05473a81
reports/CA_Ontario_20250827__SRR36790970.deacon_filter.json	deacon_report	SRR36790970	798	f98ff7c369a1ab302613e789ba984029eaa95f121d23b017cbef92ab564304b3
reports/CA_Ontario_20250901__SRR36790957.deacon_filter.json	deacon_report	SRR36790957	797	a9b7d200998d680057cf76a86253671de9affaf4e54afdbe009072f560720b51
reports/CA_Ontario_20250903__SRR36790976.deacon_filter.json	deacon_report	SRR36790976	866	47a032090a693928878ce02f5b2ba51776ef81945cf509c6bc0bd5a1a2dd1c86
reports/CA_Ontario_20250908__SRR36790975.deacon_filter.json	deacon_report	SRR36790975	798	76fee6486cf25fcb1310dd91033e13d2c303eac2f59e0253e1a6e4b33434beba
reports/CA_Ontario_20250910__SRR36790974.deacon_filter.json	deacon_report	SRR36790974	798	bace13594d5301c7b6db7b532575dca8ca25b4b32cbf4ed3b870c070939285b6
reports/CA_Ontario_20250915__SRR36790973.deacon_filter.json	deacon_report	SRR36790973	798	437a684a854e12a8ec52c3b0eb0258f11adb9773bf3bc73caccb20d744139947
reports/CA_Ontario_20250917__SRR36790972.deacon_filter.json	deacon_report	SRR36790972	798	0cc715a02a32ccc2323288a2265db09a6e74a2cd3866df173a6a39f1a5afe6ea
reports/CA_Ontario_20250922__SRR36790971.deacon_filter.json	deacon_report	SRR36790971	868	5091a9a45d3246f2c0c419a12a45f431d0270fd6fa9e497cab6f1e5bbe433e38
reports/CA_Ontario_20250924__SRR36790969.deacon_filter.json	deacon_report	SRR36790969	798	2d006d8f17a35a9eabed7c5c3ceda12a0902ac2d07f19043680c1ca3915077f7
reports/CA_Ontario_20250929__SRR36790967.deacon_filter.json	deacon_report	SRR36790967	798	81b26e8d4a9975362bb45a3f338b0e507dc8ab741db656c9751915ad3d9c067d
reports/CA_Ontario_20251001__SRR36790968.deacon_filter.json	deacon_report	SRR36790968	798	73080dadf682c978db408b3cd97e9f05d72b51690d3b2596dc70f01eb987f64f
reports/CA_Ontario_20251006__SRR36790966.deacon_filter.json	deacon_report	SRR36790966	798	86518b0ecf79609b991cbce40ae87a40e80f969387b70a8c20432184a4c23fe4
reports/CA_Ontario_20251008__SRR36790965.deacon_filter.json	deacon_report	SRR36790965	798	e5a49e0e139e1df6cdee9f8610d11b3eccbb81c437c9980ca6b2510435196e23
reports/CA_Ontario_20251013__SRR36790964.deacon_filter.json	deacon_report	SRR36790964	798	e5eb8e4516f4d3ec12bacd13f442334da77d90e182d36e2378564df09d8f35aa
reports/CA_Ontario_20251019__SRR36790962.deacon_filter.json	deacon_report	SRR36790962	798	51da252361b36e232e8743d081eeb15d3a86aee8d112d683c54782fa12bbc6bc
reports/CA_Ontario_20251020__SRR36790963.deacon_filter.json	deacon_report	SRR36790963	798	0029009979e96b9b6f4161df59a32082a1febfa12920a50b48e2962b26d0b84d
reports/CA_Ontario_20251023__SRR36790961.deacon_filter.json	deacon_report	SRR36790961	798	ce612bebb0935d6dec49e0a476b40fbdeb62893c141ee8d74f2e45c308b8cc9d
reports/CA_Ontario_20251027__SRR36790960.deacon_filter.json	deacon_report	SRR36790960	797	21459ee9cdeb6f0d3d8408e1eef5c2ed197cf75a085deeab9abcffe6402901b4
reports/CA_Ontario_20251029__SRR36790959.deacon_filter.json	deacon_report	SRR36790959	798	f10d344fbf16dffd29d5ac42a450dbb5e0b082d515c4ecc83dfefbf311815801
reports/CA_Ontario_20251103__SRR36790958.deacon_filter.json	deacon_report	SRR36790958	798	4ea25f2a2c550bae98f5d2a347b3a76b6e1cc031b50787890d7207e1ceff2581
reports/CA_Ontario_20251105__SRR36790956.deacon_filter.json	deacon_report	SRR36790956	797	3f11a5f06c770f0714ed6ab2d9df4a11a00e0264f2f70bd4755bf981d00b24ff
reports/CA_Ontario_20251111__SRR36790981.deacon_filter.json	deacon_report	SRR36790981	798	6d14b4c92cf94ee8302b25f8420389b991d7ebd6b5a2e204e469b3ff532ade7e
reports/CA_Ontario_20251118__SRR36790979.deacon_filter.json	deacon_report	SRR36790979	798	66da11933e58a22931cda882b617f20989f6b6b06d2a9c64546a9130ce86b58e
reports/CA_Ontario_20251201__SRR36790978.deacon_filter.json	deacon_report	SRR36790978	798	fe19b2ebfd2976cd85d273470fc01d99269f83490efb784d98b38522b4ab8f30
reports/CA_Ontario_20251208__SRR36790977.deacon_filter.json	deacon_report	SRR36790977	798	b5cb2e1cd2d6a3cbed12c69dd6d260de7769dd198e9df333efab114eb719bfd1
reports/CA_Ontario_20251215__SRR37192085.deacon_filter.json	deacon_report	SRR37192085	798	e5045e5104b74aba25334af5ebf0b940cb630469c09b6d5553c718315933baaf
reports/CA_Ontario_20251229__SRR37192084.deacon_filter.json	deacon_report	SRR37192084	798	cd1065ea6d6bc926c0ec5a2eb60fa03b4fe0655e22d486636f779448e452141c
reports/CA_Ontario_20260105__SRR37192083.deacon_filter.json	deacon_report	SRR37192083	797	7827b69661302a0153af0b1e67b655444a64406cb2e285b22b5fee7ae2bf6ace
reports/CA_Ontario_20260112__SRR37192082.deacon_filter.json	deacon_report	SRR37192082	798	03dafdf27d7e52a030858a70a9b5917f483f7a7ffc9b57c85be69711c34de42d
reports/CA_Ontario_20260120__SRR37192081.deacon_filter.json	deacon_report	SRR37192081	798	6e590e3c08ec0a24e09b32e4d6389217ea26184c1e2bef08ba5cefdc49adaf86
reports/CA_Ontario_20260126__SRR38294820.deacon_filter.json	deacon_report	SRR38294820	798	4d21d59eea8a7b4e50f1dbe60bd52ad93dde549d7d381c4431277777ff3ee21f
reports/CA_Ontario_20260202__SRR38294811.deacon_filter.json	deacon_report	SRR38294811	798	27fbf44a9c94c1109831065a76b121d2799358f34d518560a25ca3edf7d96d50
reports/CA_Ontario_20260209__SRR38294798.deacon_filter.json	deacon_report	SRR38294798	798	27ce223a875f3dd310e0833ad024a687468cf4e2ebae5e7b030fe135dc4fd737
reports/CA_Ontario_20260216__SRR38294792.deacon_filter.json	deacon_report	SRR38294792	798	79604ea9065263c5a58f5841fbb83d7f28a0d6a5942df90400a747a38a05e99f
reports/CA_Ontario_20260223__SRR38294791.deacon_filter.json	deacon_report	SRR38294791	798	01a05888bfb84c49899d0c0a9e9bb479d227bd43a029372a2bd238aaf83bdb2f
reports/CA_Ontario_20260302__SRR38294790.deacon_filter.json	deacon_report	SRR38294790	798	48428eba40660b79a31ac55b36b40ffcbe6f942b3df9673bc868677aa735aeff
reports/CA_Ontario_20260311__SRR38294788.deacon_filter.json	deacon_report	SRR38294788	798	773a74d866eb7e63ee1b35a5ae05a3add12b519b27b65ee26787e01bb1ebc1eb
reports/CA_Ontario_20260316__SRR38294789.deacon_filter.json	deacon_report	SRR38294789	798	cb450dc8e711e3da18871868ba02ca07000175a236196c349028a44efdb7f07d
reports/CA_Ontario_20260323__SRR38294787.deacon_filter.json	deacon_report	SRR38294787	798	40bce3e88e9a55a66ec9a270d75415e834e640e3e10cbeb04578a319a1be9656
reports/CA_Ontario_20260330__SRR38294970.deacon_filter.json	deacon_report	SRR38294970	798	c0541763f2e8f8bb611d41cadcd562d7059dc87df6e85641f685eff642a5eb93
reports/CA_Ontario_20260406__SRR39695383.deacon_filter.json	deacon_report	SRR39695383	798	bad66a6f6170d652d0a38ac198df536ef5707ed4c8913d5ce97d6da4a9870207
reports/CA_Ontario_20260413__SRR39695241.deacon_filter.json	deacon_report	SRR39695241	867	f9b0a77566001ec083bf6858d12fd0f978b451f421f715bb3456fe1f7e724971
reports/CA_Ontario_20260420__SRR39695239.deacon_filter.json	deacon_report	SRR39695239	798	b273acf8c3d54c31891419b078d4e03758155e7673d000a73e1133b26922596a
reports/CA_Ontario_20260427__SRR39695240.deacon_filter.json	deacon_report	SRR39695240	798	56fe54cf6595095b9f2bbaed8a7166677038549325b95a91b9107ddc1e38842f
reports/CA_Ontario_20260504__SRR39695238.deacon_filter.json	deacon_report	SRR39695238	798	6ce6a23f75711ac5c1e516258dc04f1ec217f390b78e6878329a83244191c800
reports/CA_Ontario_20260511__SRR39695237.deacon_filter.json	deacon_report	SRR39695237	798	e812105cedb09d89106024b69ecc9b63934f924a4116a38d7118a67422cfe742
reports/CA_Ontario_20260518__SRR39695235.deacon_filter.json	deacon_report	SRR39695235	798	30ee601554d549cfa8b4c6bbcb3d1080bbd2c9b7b06c62bd1f61fd29c23a64f5
reports/CA_Ontario_20260525__SRR39695234.deacon_filter.json	deacon_report	SRR39695234	798	a757b953cf303bd556b04a2c90149ad79461a4e5d249eabe9cad45ff208a8784
reports/CA_Ontario_20260601__SRR39695232.deacon_filter.json	deacon_report	SRR39695232	798	3ce744824c7724b69e480fddc3bfe55e1c6cc99a75e3c5bf8e22a27eb710b863
reports/CA_Ontario_20260608__SRR39695233.deacon_filter.json	deacon_report	SRR39695233	798	ade6f9ff328554d841c89faf52fb4fb77aa9964cbfadf2de55c56b60ac347eb4
reports/CA_Ontario_20260615__SRR39695231.deacon_filter.json	deacon_report	SRR39695231	798	119c7fef8fe1d409318f57fe6e9b06684d814362d5736d968db906161151e33d
reports/CA_Ontario_20260622__SRR39695230.deacon_filter.json	deacon_report	SRR39695230	798	83a38230ace2e8e8be2687d54242705aeed8e192f87a46911aa36bb0b53a42d5
reports/CA_PaloAlto_20250825__SRR37036134.deacon_filter.json	deacon_report	SRR37036134	799	e27457f17ea5174add2ece1db51d0aa29e66dfc64ff970a67479586e1c01042c
reports/CA_PaloAlto_20250902__SRR37036133.deacon_filter.json	deacon_report	SRR37036133	799	9fc8e508b8e9972b0f5e8072afef4cb1a657b46e14dd09d008c0a1f9ead1c9ee
reports/CA_PaloAlto_20250908__SRR37036126.deacon_filter.json	deacon_report	SRR37036126	799	f692fa5a05e803baba79629ae2f150af21d04fa5c49c1bdc0040ce2f9d01e565
reports/CA_PaloAlto_20250915__SRR37036127.deacon_filter.json	deacon_report	SRR37036127	799	023caa15e3539edba7f9a44a7b55882f4960e3b8c5f4aa46786e0969a2eecba6
reports/CA_PaloAlto_20250922__SRR37036125.deacon_filter.json	deacon_report	SRR37036125	799	a64f2bc7f93ce765a8b735e9cc192d69fab32e0060f7c8be752a62e88cfa0540
reports/CA_PaloAlto_20250929__SRR37036124.deacon_filter.json	deacon_report	SRR37036124	799	5383e6ebd098d1ca04080e3ad83d354097b6dcac54577e85afa89282490f562b
reports/CA_PaloAlto_20251006__SRR37036123.deacon_filter.json	deacon_report	SRR37036123	799	2e253419b684cfcc4154727e56e385fb9123b342dc350738d1a687c3bfbc2233
reports/CA_PaloAlto_20251014__SRR37036121.deacon_filter.json	deacon_report	SRR37036121	799	48cbf0c326488423a0b98e50dc918849d7508f368ac026f184e4129b5dfa98f0
reports/CA_PaloAlto_20251022__SRR37036122.deacon_filter.json	deacon_report	SRR37036122	799	94e09e8f02809431dce2646bf03e8d2fc97033954f0f0d468f98b27ce12b358c
reports/CA_PaloAlto_20251027__SRR37036120.deacon_filter.json	deacon_report	SRR37036120	799	0e9de56b305c67e2057ce320fbbe7b441862053f98e4b7fad35080943f9f6efd
reports/CA_PaloAlto_20251105__SRR37036131.deacon_filter.json	deacon_report	SRR37036131	799	7e89f9d4a3a14acf4b3a5f68c93c6b0e57f9436c12156d7212f14a8c79f1c85f
reports/CA_PaloAlto_20251110__SRR37036132.deacon_filter.json	deacon_report	SRR37036132	799	59065a56e987a43550196c0dec75680b1f73cf8352d8eb6d0afb66eb6ba891e7
reports/CA_PaloAlto_20251124__SRR37036130.deacon_filter.json	deacon_report	SRR37036130	799	2556c46224cf80ab7877970d5f229ede65cd21c5c41d16ba1102ef9ac790a1c6
reports/CA_PaloAlto_20251201__SRR37036129.deacon_filter.json	deacon_report	SRR37036129	799	77878182750b4d13f000c2acaab0925b921efec67fc6c806498620d78c8b32cf
reports/CA_PaloAlto_20251209__SRR37036128.deacon_filter.json	deacon_report	SRR37036128	799	149ab0a9eecce228ca9b1858a432f032926c9cf5206c699929e9d0c0894694d9
reports/CA_PaloAlto_20251216__SRR37181178.deacon_filter.json	deacon_report	SRR37181178	799	21cf3ba2481455abe3c328cfb8e4049203b4242a3c3b747b507126b8039d9f87
reports/CA_PaloAlto_20251222__SRR37181156.deacon_filter.json	deacon_report	SRR37181156	799	75c0a4b89367c75a9c2ee77c1945ffea2bf5dff3aec46fe9e74793ae0a31389b
reports/CA_PaloAlto_20251229__SRR37181154.deacon_filter.json	deacon_report	SRR37181154	799	ffd5055d170a2089f1ca5fd5d82698e54b79f738f05ada48e5e97d5efd6dcd39
reports/CA_PaloAlto_20260106__SRR37181155.deacon_filter.json	deacon_report	SRR37181155	799	f8726e9c285787b33007e08712f134f0e2f0fab1be979685a6c4ce713d714dc1
reports/CA_PaloAlto_20260112__SRR37181153.deacon_filter.json	deacon_report	SRR37181153	799	9e98544abc61634d03c165f525cc84487b01cd6f984dee05ab9d32c54a2d72f1
reports/CA_PaloAlto_20260120__SRR37181152.deacon_filter.json	deacon_report	SRR37181152	799	a04b91c66cfa0f5e6ef44bf0383979e7b92abe9a9e7b31b8c7d1efeea93f303c
reports/CA_PaloAlto_20260126__SRR38294786.deacon_filter.json	deacon_report	SRR38294786	799	ee4df5eedc759f78a06c303b2d6eca001f2e7c177307e01058f23300f2b55e54
reports/CA_PaloAlto_20260202__SRR38294967.deacon_filter.json	deacon_report	SRR38294967	799	61bb78ad23e94b74775e9812eace59372ba92d3843aea6b13e842fe86f9f2e70
reports/CA_PaloAlto_20260209__SRR38294784.deacon_filter.json	deacon_report	SRR38294784	799	9a939befa080dcaf8d933b08dd2daf47afa870bbf11ac95b215bc391fd8c3f02
reports/CA_PaloAlto_20260217__SRR38294782.deacon_filter.json	deacon_report	SRR38294782	799	18c7a19f215e070400ac81f6025a984b35a50e9553c7f868da96a4c1152812b0
reports/CA_PaloAlto_20260224__SRR38294781.deacon_filter.json	deacon_report	SRR38294781	799	b2fcefaf64c7fb2cc53d950c98d0452142955fb65d0ca55e861d965676148185
reports/CA_PaloAlto_20260302__SRR38294780.deacon_filter.json	deacon_report	SRR38294780	799	b2aa63c957f2bff92343c9269fd849c95e8493b448f6b6fecbbd60f77eb840ee
reports/CA_PaloAlto_20260309__SRR38294778.deacon_filter.json	deacon_report	SRR38294778	799	9f6c6b0fe148ff3b46e5d049237665f35bef9e04883be1e66a727000b8394ce3
reports/CA_PaloAlto_20260316__SRR38294779.deacon_filter.json	deacon_report	SRR38294779	799	5d3b23618837fc616dac66cff6bc36dd2a1ab09d5ec467fdd56b464590b4a480
reports/CA_PaloAlto_20260323__SRR38294777.deacon_filter.json	deacon_report	SRR38294777	799	30153e883829f83cbde14b9de9d47e3246048c734de4bdc65a42af714629c9bd
reports/CA_PaloAlto_20260330__SRR38294776.deacon_filter.json	deacon_report	SRR38294776	799	604f91a7a974e55cd89bae7bb6d4bc1a55f8f5db4a6d98942d5aae5bab1bb74f
reports/CA_PaloAlto_20260406__SRR39695382.deacon_filter.json	deacon_report	SRR39695382	799	e32e58a4746e82441ab0aa12b1b20f762646b758801b61ed9e065a989640021a
reports/CA_PaloAlto_20260413__SRR39695391.deacon_filter.json	deacon_report	SRR39695391	798	b5076f4bba0b43e931c9f1027d7be964e84d7e46f210d80a605cc583efb00730
reports/CA_PaloAlto_20260420__SRR39695392.deacon_filter.json	deacon_report	SRR39695392	799	77a9e422125d989c256948d7ccca0cf50f9bab4390c4c68125fc853d6ca239cf
reports/CA_PaloAlto_20260427__SRR39695390.deacon_filter.json	deacon_report	SRR39695390	799	f4d0abd6076810a6d25ebbdc567e7bffdd4caaa98b20b484f75682289ececc56
reports/CA_PaloAlto_20260504__SRR39695388.deacon_filter.json	deacon_report	SRR39695388	799	50608d7944770dfaf51eb0caf1267e59884b0a05165f3fef60663855b3431342
reports/CA_PaloAlto_20260511__SRR39695386.deacon_filter.json	deacon_report	SRR39695386	799	e0510367af33a8bf4e1eaa5668958ebf017714fa1f47a23b26dacbf22efa7599
reports/CA_PaloAlto_20260518__SRR39695385.deacon_filter.json	deacon_report	SRR39695385	799	fd3cdf37c892b39d04336d53b9aa1584d7285f7277f999219668d53237f38a15
reports/CA_PaloAlto_20260526__SRR39695343.deacon_filter.json	deacon_report	SRR39695343	799	6066b3f39c845998687e50731b5335a973f3fded4c8ec1a5f664928fb96a28ff
reports/CA_PaloAlto_20260602__SRR39695341.deacon_filter.json	deacon_report	SRR39695341	799	b05d752b746316d682b4103055fb0f5413b3f4d3a3692f6c2e6c1cd7e0dd6749
reports/CA_PaloAlto_20260608__SRR39695381.deacon_filter.json	deacon_report	SRR39695381	799	2a48a382de6f2a8cb3a2d8e56de7034998352e6cabaea8b6cbef65246080fafb
reports/CA_PaloAlto_20260615__SRR39695380.deacon_filter.json	deacon_report	SRR39695380	799	0f8e8f0f8c54b23f1a80302608f54120b8751570f46de1fa5701e90a2cb69abb
reports/CA_PaloAlto_20260622__SRR39695379.deacon_filter.json	deacon_report	SRR39695379	867	9cd723e7a7d94dc7b35d89cb49070c637f09a1d802ef593a2af7edd0b627785f
reports/CA_PaloAlto_20260630__SRR39695344.deacon_filter.json	deacon_report	SRR39695344	799	84daa4faa163112838d01e7d6448a895739c0a07ba94ecb8c481b2a1e2e79d2b
reports/CA_Riverside_20250731__SRR35931345.deacon_filter.json	deacon_report	SRR35931345	800	85dcffdfddcecaac9d5718f8f7c084725fbb3fe360510c6628c70dab2cd82211
reports/CA_Riverside_20250804__SRR35931343.deacon_filter.json	deacon_report	SRR35931343	868	ee812a87d12e656f43d95a3e8cca1c73f2aa2c58dd1880454999e27fd721ac60
reports/CA_Riverside_20250807__SRR35931364.deacon_filter.json	deacon_report	SRR35931364	868	9b74f6121e2d1de7fb70d711ad0a777242964d10cd8efbd7746fcb779ada3367
reports/CA_Riverside_20250811__SRR35931363.deacon_filter.json	deacon_report	SRR35931363	800	d361909521a2485f7ab31a9e98df5b8289839edda9a5d3d65fcf73a9e5830457
reports/CA_Riverside_20250814__SRR35931362.deacon_filter.json	deacon_report	SRR35931362	800	3a53240a8b7d27801bb231abbe77e39aab7ee0a995f4a371b3b52459961fd6d9
reports/CA_Riverside_20250818a__SRR35931340.deacon_filter.json	deacon_report	SRR35931340	801	0d9784e3c87602a876c51188351320733a91cf1a7ab2e6c361a64dcddac8733f
reports/CA_Riverside_20250821__SRR35931339.deacon_filter.json	deacon_report	SRR35931339	800	bd37641be0aa003402ba30f47bc94601552778193fcddf434d53c57c4e5cf400
reports/CA_Riverside_20250825__SRR35931338.deacon_filter.json	deacon_report	SRR35931338	800	edec57be0b03270e0668595cb31c721386468ac8878f568d5808515597fba80a
reports/CA_Riverside_20250828__SRR35931337.deacon_filter.json	deacon_report	SRR35931337	800	4a9bf4448f74717256bad0f551014e7b7e65850da92e5d55655a81aea0193631
reports/CA_Riverside_20250901__SRR35931336.deacon_filter.json	deacon_report	SRR35931336	800	79e35f8d8cbd8fabd177656211049634a3191ad43ed093b3c718eaaf00a80fec
reports/CA_Riverside_20250908__SRR35931335.deacon_filter.json	deacon_report	SRR35931335	800	2094418773b8205cd113f25b6bc15ec5116a3d17118f79cd08f1c22b89c56253
reports/CA_Riverside_20250909__SRR35931334.deacon_filter.json	deacon_report	SRR35931334	800	dbf63fe91682d8d1b6676f69ab86e6e4af633fb9ebcdf8e821631bf3ebe41b24
reports/CA_Riverside_20250911__SRR35931332.deacon_filter.json	deacon_report	SRR35931332	800	d16ea4dec0794a4f8979c61bb56b68939429652b69db867f130e7baebfb8c3f2
reports/CA_Riverside_20250915__SRR35931331.deacon_filter.json	deacon_report	SRR35931331	800	2bb05b0d2f885044af7e7f35fffd64c9a8af56889842fd9a28feff52cc93ccbd
reports/CA_Riverside_20250918__SRR35931330.deacon_filter.json	deacon_report	SRR35931330	800	63204a4dc2ee035d0e64407b151d4ded7f32636dad7f89741513242d25f90bc3
reports/CA_Riverside_20250922__SRR35931329.deacon_filter.json	deacon_report	SRR35931329	800	7937cc45b0288e243114a8cf3988adcb94bee3f033c063989979199f4ae51417
reports/CA_Riverside_20250925__SRR35931328.deacon_filter.json	deacon_report	SRR35931328	800	e9c737cebeb7cc466b6bb8c007e2a470c8c7c36b666effbdc1165b303cf3688e
reports/CA_Riverside_20250929__SRR35931327.deacon_filter.json	deacon_report	SRR35931327	800	fe97083b528f00da0aa0d30ff106cfd4c17f212046eabd913516881e58d0c56a
reports/CA_Riverside_20251002__SRR35931368.deacon_filter.json	deacon_report	SRR35931368	800	461c0e21ae37335c5637053e3388342d8c6114cd1acf09f8303b9f2215ab8558
reports/CA_Riverside_20251006__SRR35931367.deacon_filter.json	deacon_report	SRR35931367	800	7a5c2c08d787f6bf4b87d954fa79d10d5f2b1f78a73e1ae7b2e5c46c83d4ed15
reports/CA_Riverside_20251009__SRR35931366.deacon_filter.json	deacon_report	SRR35931366	800	b1811997d9afb4a1fa5a25d4028730a9d2c455293231620bfeb0b17987f944f0
reports/CA_Riverside_20251015__SRR36830275.deacon_filter.json	deacon_report	SRR36830275	800	c569cc74226967cef28cc5f9b598e30e830c54be563f8687a38696bb3c5e6f48
reports/CA_Riverside_20251016__SRR36830274.deacon_filter.json	deacon_report	SRR36830274	799	66bd03ec4898d2ad7882d1418e5c7ef5b716586d15b8f29bd09af26a26c030f3
reports/CA_Riverside_20251020__SRR36830266.deacon_filter.json	deacon_report	SRR36830266	800	edfac023fc8168dcbfba469c27d8925e93635d1a435feb376a2b6a2122dbda8e
reports/CA_Riverside_20251023__SRR36830265.deacon_filter.json	deacon_report	SRR36830265	800	bd90044e574ef6fc376de63eb149aca980fd435cf209bdae757bd6c5e22222c7
reports/CA_Riverside_20251027__SRR36830264.deacon_filter.json	deacon_report	SRR36830264	800	92cedfa391e4806c4814aae0c530ca02a3dff91223618a0a25eb4e39dab6fca5
reports/CA_Riverside_20251030__SRR36830262.deacon_filter.json	deacon_report	SRR36830262	800	f2a4af2ecbe40f962ebba601a905e9a126789f909294afa1faddfc3be68d4d8d
reports/CA_Riverside_20251103__SRR36830263.deacon_filter.json	deacon_report	SRR36830263	800	6abdf398f01d5324fdfe6f1246c979fbcffcd84c7aeb43257c498f21263aec48
reports/CA_Riverside_20251105__SRR36830261.deacon_filter.json	deacon_report	SRR36830261	800	e91ac7b30ed896c886de3b060309ec2a2f6301f431a17c1fbdf78a2c521f84a5
reports/CA_Riverside_20251109__SRR36830260.deacon_filter.json	deacon_report	SRR36830260	800	cf6d24c94265dcb1292a1818d5daadf65ad96cd62e0e2ae354045c36a1050aee
reports/CA_Riverside_20251113__SRR36830259.deacon_filter.json	deacon_report	SRR36830259	800	e93541cdd7794e018882608a4a5ddfb9f4e61c3b7a3d54dcaba03a19a665a093
reports/CA_Riverside_20251117__SRR36830272.deacon_filter.json	deacon_report	SRR36830272	800	40a73ecb33bf7341b0a4cc8c7d105067aa6b33e15cdd80f862f36f90c689b8ba
reports/CA_Riverside_20251120__SRR36830273.deacon_filter.json	deacon_report	SRR36830273	800	682ec09d75ac1fa2884734b962f4b8baeae72a409911ec6f22bd8a2dd76ca7b2
reports/CA_Riverside_20251125__SRR36830271.deacon_filter.json	deacon_report	SRR36830271	800	0d5736ba74d86858b10e158abb4af9e578aeb03d94800822ae51363336dacef1
reports/CA_Riverside_20251127__SRR36830270.deacon_filter.json	deacon_report	SRR36830270	800	9fab85ec86544660885fc1b0f5279842d9f21f8be5fa71459e0b907d012187d5
reports/CA_Riverside_20251201__SRR36830269.deacon_filter.json	deacon_report	SRR36830269	799	eaaf27de80eecc043b75db71523590a8cc52f34bb49b2364b42a52f26c3f1cc9
reports/CA_Riverside_20251204__SRR36830267.deacon_filter.json	deacon_report	SRR36830267	800	3a4e588282160873cc23782f7d7c5f6b9bdbf6e082a57d450fb838e6d6728ee5
reports/CA_Riverside_20251208__SRR36830268.deacon_filter.json	deacon_report	SRR36830268	800	fd6cda5621c206e40f0b9bd5bd225993920c238ee9f244ca92dec4069d98bce7
reports/CA_Riverside_20251215__SRR37092422.deacon_filter.json	deacon_report	SRR37092422	800	ae185fbbcf3c1a7e180522135f52e950e1db251903e39524405fdcff0186f736
reports/CA_Riverside_20251217__SRR37092421.deacon_filter.json	deacon_report	SRR37092421	800	db27debf1d0632e699a927abdc86d5fb7e02f4e8dd6e54af98e7ba01f6cce36f
reports/CA_Riverside_20251218__SRR37092409.deacon_filter.json	deacon_report	SRR37092409	800	8b3c95dc83784e6d69f3d85c6cdc35f44bf2c61a3f969c17027bff6bf5a7e348
reports/CA_Riverside_20251222__SRR37092404.deacon_filter.json	deacon_report	SRR37092404	800	f472959737bb6fedf9920143136d0d17a992b886abc926703f6fd3de093c6274
reports/CA_Riverside_20251229__SRR37092403.deacon_filter.json	deacon_report	SRR37092403	800	b421ec844893ee35919b05e1140480387d95465cf48464c7887bd1a95ffb83e1
reports/CA_Riverside_20260101__SRR38294982.deacon_filter.json	deacon_report	SRR38294982	799	2895823ebc7765ac648657bf2fafd9f5690f8691924ea352cb598f5b6aafe2b5
reports/CA_Riverside_20260105__SRR38294979.deacon_filter.json	deacon_report	SRR38294979	799	d56ae942a60da08a39d5513a7f998f96aff518949242103ea83528a16480446b
reports/CA_Riverside_20260107__SRR38294978.deacon_filter.json	deacon_report	SRR38294978	800	5051f553b0b52964527834394db64cfe3facd5e99477c92dfa046e597a7d1a5d
reports/CA_Riverside_20260112__SRR38294977.deacon_filter.json	deacon_report	SRR38294977	800	91095df0ced056340b5656ff66609ca2670a9ea6866bf70c3c3e430f029696dc
reports/CA_Riverside_20260115__SRR38294976.deacon_filter.json	deacon_report	SRR38294976	800	e8b5f815c20aaccae931c5e2435c6bdf378504ddaad6654c3dd75048e36f5450
reports/CA_Riverside_20260119__SRR38294975.deacon_filter.json	deacon_report	SRR38294975	800	aa857933dea26c522a03cc2f31ce835297ec07a9ad502a92d91f48f1a0d04a8f
reports/CA_Riverside_20260122__SRR38294974.deacon_filter.json	deacon_report	SRR38294974	800	bb367a0eaeace1a27af259621546c38c16e280e18ba3bd1f3e50eb684058c381
reports/CA_Riverside_20260126__SRR38294972.deacon_filter.json	deacon_report	SRR38294972	800	4001933d3f24bbaf02bf4fac54ab35f21cbeaae8901a6bdb121bb619f496765c
reports/CA_Riverside_20260129__SRR38294973.deacon_filter.json	deacon_report	SRR38294973	800	94af35df6807f94936bca119527fddde53ae679052c4f7d94587351e20bc527b
reports/CA_Riverside_20260202__SRR38294971.deacon_filter.json	deacon_report	SRR38294971	800	9c7cfbb4156c2781600cdc41869754edffba67b957607ab7dbf0fe7dbac96c90
reports/CA_Riverside_20260205__SRR38294969.deacon_filter.json	deacon_report	SRR38294969	800	33147cc34051677d15ef812c9e08818464f158fc5da1405cb0d6e90b8671dd7b
reports/CA_Riverside_20260209__SRR38294968.deacon_filter.json	deacon_report	SRR38294968	800	bcdf2f81754f57f7a9e85f3c63fde80842d60763d47098405c99245834645beb
reports/CA_Riverside_20260212__SRR38294965.deacon_filter.json	deacon_report	SRR38294965	800	e8e957a7d41a0ccef6cdf5a7232b13348e280e7fc01cd39236386b9ff612091e
reports/CA_Riverside_20260216__SRR38294964.deacon_filter.json	deacon_report	SRR38294964	800	7452107117bb035d87079945ff26573ef6bd3752d55cd31bb8609484601a1914
reports/CA_Riverside_20260219__SRR38294963.deacon_filter.json	deacon_report	SRR38294963	800	dba4f05eaa47117a040475e4634b02ba077303c2d46ff90f5528f87e912368fd
reports/CA_Riverside_20260226__SRR38294962.deacon_filter.json	deacon_report	SRR38294962	800	a67cc4710ff4d05e0e7e46cee73649f2901585b96a2dfa9e52b808276c6b6f21
reports/CA_Riverside_20260302__SRR38294960.deacon_filter.json	deacon_report	SRR38294960	799	4df4db8d86112ecef17a3b7586cbd14c3e45d4e99749b6bdb9622d282b2c884d
reports/CA_Riverside_20260305__SRR38294961.deacon_filter.json	deacon_report	SRR38294961	800	07229749f98f38132d58265e4f93d0eb878c4d670710e0b751684c205982d897
reports/CA_Riverside_20260309__SRR38294959.deacon_filter.json	deacon_report	SRR38294959	800	4b0e6d2194e2f90cd464b9fb9bd890a28a2282d846949b19044c26fe81575867
reports/CA_Riverside_20260312__SRR38294958.deacon_filter.json	deacon_report	SRR38294958	800	3a2eabd5bcc5040b232b58bcb024268adf2f0d1aad7316d3bab2ef76e20dcd0e
reports/CA_Riverside_20260316__SRR38294957.deacon_filter.json	deacon_report	SRR38294957	800	c21c1cf20c14c284cc0feaabcbda4b2b84c492f3883d3f61738fa4664d5bc68a
reports/CA_Riverside_20260319__SRR38294955.deacon_filter.json	deacon_report	SRR38294955	800	0fc18b4b380b4d6aec2d565b2388f181fd65155af1ab42c054e6a1665c401d14
reports/CA_Riverside_20260323__SRR38294954.deacon_filter.json	deacon_report	SRR38294954	800	f8830efd4393c7969c53cb40225e8fb12ca8e4bfaadac777bf2a95d4e51b53d6
reports/CA_Riverside_20260326__SRR38294675.deacon_filter.json	deacon_report	SRR38294675	800	46e0949b2c5976aefa282f139f890b17682c78615b576930002117842059bebc
reports/CA_Riverside_20260331__SRR38294674.deacon_filter.json	deacon_report	SRR38294674	800	a177d41511ca6b910d75ba182260d5aabb62dbfb942cf096aa9d8bc9c726ced0
reports/CA_Riverside_20260402__SRR39695342.deacon_filter.json	deacon_report	SRR39695342	800	819a3b25a6ba2c8c1180b0084828fda9ccf91ca33a1c505b7668599897cdb9cc
reports/CA_Riverside_20260406__SRR39695073.deacon_filter.json	deacon_report	SRR39695073	800	acc6ee96da2ccd1d137b55a526bc162871575b1b2d3b8b4283a1ea8a808617f1
reports/CA_Riverside_20260409__SRR39695071.deacon_filter.json	deacon_report	SRR39695071	800	ec13022b6b462130f88848d91436fcf83d4d21e7a81d88ee967492785f96cab8
reports/CA_Riverside_20260413__SRR39695072.deacon_filter.json	deacon_report	SRR39695072	800	daf42d5fb93ff0572e0682bb7c22b3bc6f34d7ab684d3ba5ad0663a92b5e8232
reports/CA_Riverside_20260416__SRR39695070.deacon_filter.json	deacon_report	SRR39695070	800	cbd81ab4b59a7b8d8dbf2c4110edefa1fda16f162700f81166cbb344164c6113
reports/CA_Riverside_20260420__SRR39695069.deacon_filter.json	deacon_report	SRR39695069	800	b266d5f936384aef73224368db58bc3669c48d3216f9d4371f90f67eddc0d2f3
reports/CA_Riverside_20260423__SRR39695068.deacon_filter.json	deacon_report	SRR39695068	800	bc1aeae792a8f0681516e2323142622be23f5c664d6d148afa15385f0df335c7
reports/CA_Riverside_20260427__SRR39695066.deacon_filter.json	deacon_report	SRR39695066	800	fac22b6aee7aa0efd6c13062f2c2ca3cdc6193af1ef0d93edfb8cef95556ea36
reports/CA_Riverside_20260430__SRR39695067.deacon_filter.json	deacon_report	SRR39695067	800	d5a94ce73e2bf164b8a465c15c86896e48bc2d8068e4f1d68d1d6d1481720caf
reports/CA_Riverside_20260504__SRR39695064.deacon_filter.json	deacon_report	SRR39695064	800	3b8c97466dcbcb345bae5812dd2332adfc43946ac3633d493faf267e9e7e76f9
reports/CA_Riverside_20260507__SRR39694956.deacon_filter.json	deacon_report	SRR39694956	800	39e4d7c35750245641b31492693c86ec8ecb74a659bb36fe4b52c3aa95f4ff34
reports/CA_Riverside_20260511__SRR39694952.deacon_filter.json	deacon_report	SRR39694952	800	82d059e0c743006f32266d3706bd5fa7366b7c13ce7ad17ddc0cebf18ba177cd
reports/CA_Riverside_20260514__SRR39694953.deacon_filter.json	deacon_report	SRR39694953	800	6117dbf49416303aff9a77e56d01259e53996ba62187dc1cde1ab1e226427f30
reports/CA_Riverside_20260518__SRR39694951.deacon_filter.json	deacon_report	SRR39694951	800	70c5f9c113805183f9ef39181bca80aab37e966f7a8bcee652443979e5f63902
reports/CA_Riverside_20260521__SRR39694950.deacon_filter.json	deacon_report	SRR39694950	800	e713039a0b0d4c0e70901d76919eb737ffd75a5ec8f25e3cf680f7c9e1374f61
reports/CA_Riverside_20260525__SRR39694949.deacon_filter.json	deacon_report	SRR39694949	800	658d6dec7a1e15419c30a0cf416c2753414fa9ed90536f24facd7f7c7df0b20e
reports/CA_Riverside_20260528__SRR39694948.deacon_filter.json	deacon_report	SRR39694948	800	8496f2dc7e54e1695e4dbb1ba2fc5ad39e105ad02348e785ab45e16904778c80
reports/CA_Riverside_20260601__SRR39694947.deacon_filter.json	deacon_report	SRR39694947	800	e1adecd32f8c225b43d6593bfca41270146d42108d346764ce59c0b1b8380d25
reports/CA_Riverside_20260604__SRR39694946.deacon_filter.json	deacon_report	SRR39694946	800	5771e5e6ee299b97d7080baa86c78df850d049380191df611e7f2d7e4af6c7b2
reports/CA_Riverside_20260611__SRR39694945.deacon_filter.json	deacon_report	SRR39694945	799	bd7f9e39993c22c93de34bc094bd392b7ad9111bfb1290072f16dee402f18b68
reports/CA_Riverside_20260615__SRR39694944.deacon_filter.json	deacon_report	SRR39694944	800	8edbcf122cac93a90d66f9bb69e403a01442ba7a77802de39234176bba1208c7
reports/CA_Riverside_20260618__SRR39694934.deacon_filter.json	deacon_report	SRR39694934	800	be7c2f70278c3f048f7e5b80a27f22fab5343cb338f47b1daa4a01859230259c
reports/CA_Riverside_20260622__SRR39694935.deacon_filter.json	deacon_report	SRR39694935	800	8173d6ce9efac2db33571dde801c1d1b0f8294138329cc86a6a3220137697049
reports/CA_Riverside_20260625__SRR39695065.deacon_filter.json	deacon_report	SRR39695065	800	88a68b4309f03c83bd1f18dad2b498224c3ca4043e679671ca6da9d28eb1dd5f
reports/CA_Riverside_20260629__SRR39695328.deacon_filter.json	deacon_report	SRR39695328	800	64c4a1c6b0c272f6d5e65a0780005c11cde2152d00531873650f36264483524c
reports/CA_Sacramento_20250917__SRR36814895.deacon_filter.json	deacon_report	SRR36814895	801	f6ee9744d6f3bc028f6550ee3c68500eb96a99d0d5eb961df3a248667d786b29
reports/CA_Sacramento_20250925__SRR36814894.deacon_filter.json	deacon_report	SRR36814894	801	35fea230db612dc00dc76eee97b0879755045c458114ec3887fb6e4eb94f3f15
reports/CA_Sacramento_20251003__SRR36814888.deacon_filter.json	deacon_report	SRR36814888	801	ebfb67115a6c5546082b6d8abe6c0e46d6ac4e0fff6c8da625a4f5d32d2dab0c
reports/CA_Sacramento_20251010__SRR36814886.deacon_filter.json	deacon_report	SRR36814886	801	41151e732c057f9e391ba6b4c92d221fa312dcdb7ff0786a6d00ede4f3a8675b
reports/CA_Sacramento_20251015__SRR36814885.deacon_filter.json	deacon_report	SRR36814885	801	0ab79dd2286ff0f9c8e3c63e0b4bebf314695778113d810a9365a548c00944f7
reports/CA_Sacramento_20251023__SRR36814884.deacon_filter.json	deacon_report	SRR36814884	801	26509984a42823c598be6a78a65f68259278f7013b393d2bfb4ee383d2475b3f
reports/CA_Sacramento_20251029__SRR36814882.deacon_filter.json	deacon_report	SRR36814882	801	7192427aeab9d1b263fbd668f9ebc5e25feb60c30ca59d66fbd4736f3be15d0e
reports/CA_Sacramento_20251105__SRR36814883.deacon_filter.json	deacon_report	SRR36814883	801	b69743f9d1f87b6f9dcd44d87661a3a99eacc12cc84070720a897843b12319f2
reports/CA_Sacramento_20251112__SRR36814881.deacon_filter.json	deacon_report	SRR36814881	800	9d618d7b4defa2f35fe805a1fde3bcb1753e6751c6860242cfcec58db20f969b
reports/CA_Sacramento_20251120__SRR36814880.deacon_filter.json	deacon_report	SRR36814880	801	91908c998e4d6caa7095526c8b231060fc8220836a4feb85636c875e38d67c80
reports/CA_Sacramento_20251125__SRR36814892.deacon_filter.json	deacon_report	SRR36814892	869	3f4766687d47af37ab10e6462f4a8bbed18f48cbbe1381b1112d85ba515ed599
reports/CA_Sacramento_20251203__SRR36814893.deacon_filter.json	deacon_report	SRR36814893	801	d3fe711443e2d016b25d3fd381b310b4d21c1d84ffea032e410a6350ab34a5ba
reports/CA_Sacramento_20251211__SRR36814891.deacon_filter.json	deacon_report	SRR36814891	801	15c1ae1db4c96ad64b86186bf39f6a8b7bc2f421b3f6cc13d00a2cb09ae7dde9
reports/CA_Sacramento_20251224__SRR37092402.deacon_filter.json	deacon_report	SRR37092402	801	081c2dfe9abd396372e5d7954090bca31e69f0a0d97be3e666e87226c3311e51
reports/CA_Sacramento_20251229__SRR37092401.deacon_filter.json	deacon_report	SRR37092401	801	9ed92aa116218fbb46b75d5cf895ada1cbf3d51fd41a9fd81f3db7354175a6bb
reports/CA_Sacramento_20260107__SRR38294673.deacon_filter.json	deacon_report	SRR38294673	801	6630ca486f87d1cee91a200607f7f9a7c02217abe8864a6553c827dc95190079
reports/CA_Sacramento_20260114__SRR38294672.deacon_filter.json	deacon_report	SRR38294672	801	f9ecf11495ebd5c89b39cd5e60456134dff218faf471de972c066c45dd58b2b5
reports/CA_Sacramento_20260122__SRR38294670.deacon_filter.json	deacon_report	SRR38294670	801	fed8b45c4c606bf97250d377244ca278fb5aaa798d86f60beb56f690fd48e076
reports/CA_Sacramento_20260128__SRR38294671.deacon_filter.json	deacon_report	SRR38294671	801	7ca7419f9bbb2bbe30ede5300ca16f8f762a19e405ba832c0ca1611be93f8ee6
reports/CA_Sacramento_20260202__SRR38294669.deacon_filter.json	deacon_report	SRR38294669	801	bdd132516b20bb36ccc290d72a27e6641fb658c50e20eb8b72d1a1860345e612
reports/CA_Sacramento_20260212__SRR38294893.deacon_filter.json	deacon_report	SRR38294893	801	770d30a30c90331677193fa9459786b7c18bc02e44a16773755d64173a6ac43c
reports/CA_Sacramento_20260219__SRR38294668.deacon_filter.json	deacon_report	SRR38294668	799	c2ed0e8ea77520ec91f4478da4096010f1a2fde53f8e0eb927452b1c55eac1eb
reports/CA_Sacramento_20260225__SRR38294890.deacon_filter.json	deacon_report	SRR38294890	801	c44daf07a1329b86525350545cfba75c24b336a63bf9b97f1cbb171f886d3c4b
reports/CA_Sacramento_20260305__SRR38294888.deacon_filter.json	deacon_report	SRR38294888	801	4fef80a567b62c9934f7f746e0267092f830f4cab98993c864616b8e171144f3
reports/CA_Sacramento_20260311__SRR38294666.deacon_filter.json	deacon_report	SRR38294666	801	69b0e019ca0398e0b31db2c3914e8ec615dcc67c7d241b1cb0e09602de520d5a
reports/CA_Sacramento_20260319__SRR38294665.deacon_filter.json	deacon_report	SRR38294665	801	f8738fdb977b73e65f4144f511215a37a590a2ea560d4ae6e8a9521422d3162a
reports/CA_Sacramento_20260326__SRR38294663.deacon_filter.json	deacon_report	SRR38294663	801	ec9e4b687970cae3dcb638bdd12582ac04192caca16f124d026d45980337112e
reports/CA_Sacramento_20260402__SRR39694936.deacon_filter.json	deacon_report	SRR39694936	870	f520f85f57af3b3af9331f55dfbf25f7cd6af1403f2fbbf0a21426175535ae42
reports/CA_Sacramento_20260408__SRR39694938.deacon_filter.json	deacon_report	SRR39694938	801	f076fb216730d3dedb66700b5577d927f3aab4f2d8fb61a57825e75b6f95101a
reports/CA_Sacramento_20260415__SRR39694937.deacon_filter.json	deacon_report	SRR39694937	800	8a6c49ee6485d53cdbb56973c83d14a849e71885a3964693cca5f94736c54265
reports/CA_Sacramento_20260423__SRR39694939.deacon_filter.json	deacon_report	SRR39694939	800	7bbced98876a9cb5ab061443c6fc12d3edda0aef4db5a4abda19311a3104b30e
reports/CA_Sacramento_20260430__SRR39695117.deacon_filter.json	deacon_report	SRR39695117	801	9e94cdf24cc921ce7493f0845bf68812565b0087aa26f1bd47f0d53d8c722679
reports/CA_Sacramento_20260507__SRR39695119.deacon_filter.json	deacon_report	SRR39695119	801	36e72f12387d23da2e7ffe4a9c5563a5a4cb7512852e7a1503f66c0f5dffdd8c
reports/CA_Sacramento_20260513__SRR39694942.deacon_filter.json	deacon_report	SRR39694942	801	70c0a67de0bc6eeca35971d6db387339109a9180affd7cc3db5d1f5ae81ebaa4
reports/CA_Sacramento_20260520__SRR39695118.deacon_filter.json	deacon_report	SRR39695118	801	b42d376465b98b86f6b49ce8b3f18830f635afc708e295a257e25405bd1a27ac
reports/CA_Sacramento_20260528__SRR39695120.deacon_filter.json	deacon_report	SRR39695120	800	3fd1f96487c674e9ec7bb9cbf3fe45510db63da8aea541a8005c7d37188ad945
reports/CA_Sacramento_20260603__SRR39695339.deacon_filter.json	deacon_report	SRR39695339	801	833f23c8753900102a4567c1e066db031f0a0408dbb07d1f21137d88304aab03
reports/CA_Sacramento_20260611__SRR39695340.deacon_filter.json	deacon_report	SRR39695340	801	589db5edd2dc50c4215cc1e56d8939560b4ebdb2995118910eb31b696974271f
reports/CA_Sacramento_20260617__SRR39695111.deacon_filter.json	deacon_report	SRR39695111	801	61d30a228b808f34575472d6235368d6e8033fbba24fb17bfcd8c18d42743f35
reports/CA_Sacramento_20260625__SRR39695114.deacon_filter.json	deacon_report	SRR39695114	801	6cfd213254826b8eb9da778cdc28b20de9ef3118ec57d21c5cc7dec5c51cd251
reports/CA_Sacramento__20250828__SRR36814890.deacon_filter.json	deacon_report	SRR36814890	802	9e9985ab2d68c5c0f3e551a3c2bff0c2cf115408565b507957f4d08d17475695
reports/CA_Sacramento__20250904__SRR36814889.deacon_filter.json	deacon_report	SRR36814889	802	18b9a19af7a47d7a4b90556703aa012ebf2ca0c3009861209cf55e7be34bce33
reports/CA_Sacramento__20250909__SRR36814887.deacon_filter.json	deacon_report	SRR36814887	802	7ed38571acb3ca45c66303a8193c4c458e83a3132a2ca576d2e33c3e9fe74ea4
reports/CHI-A_20250316__SRR35987634.deacon_filter.json	deacon_report	SRR35987634	793	e01d4188c0ad55556a052621a36dc18241d194408861065cd34dac2694918411
reports/CHI-A_20250323__SRR35987633.deacon_filter.json	deacon_report	SRR35987633	793	a88d71050b4fd61ae48063faa916b0afeb8e88271b7fc1f0f11bffb01b1e1cc9
reports/CHI-A_20250330__SRR35987586.deacon_filter.json	deacon_report	SRR35987586	793	df950ab8e9aaf5630d52adc535ee44dcf72de5a7b3aa3078820677b18b3107b4
reports/CHI-A_20250406__SRR35987660.deacon_filter.json	deacon_report	SRR35987660	793	212643eba68069942cae86e3d07d8769e8b6f94dd718687280c0d91e6e48d3ac
reports/CHI-A_20250413__SRR35987614.deacon_filter.json	deacon_report	SRR35987614	793	8dfed34729d2090820cad99b2885f5079c6440b9f30e87254e86ec92af7eda26
reports/CHI-A_20250420__SRR35987577.deacon_filter.json	deacon_report	SRR35987577	861	9433a6988af3770c39a90464c23cab9c15771f80603b0d137b615c220c8f5046
reports/CHI-A_20250427__SRR35987650.deacon_filter.json	deacon_report	SRR35987650	793	b2f1de9ed29e217bcd81d7127c1d35e1a34988514969f5eb190ccf8999e65a74
reports/CHI-A_20250504__SRR35987575.deacon_filter.json	deacon_report	SRR35987575	793	b15d9c76c6ba4fd286c26504a518f5dad6e14f72cd97cf2d457c988f710087da
reports/CHI-A_20250511__SRR35987673.deacon_filter.json	deacon_report	SRR35987673	793	fcf7ad4f21810efff7ef634142b95dfb0bcc2e232ee95887223400cb229df6b4
reports/CHI-A_20250518__SRR35987636.deacon_filter.json	deacon_report	SRR35987636	792	f45b59ed80a2836acaffe8c76bf9b77eec8fb3f15075c3ff78b5abdba56361a6
reports/CHI-A_20250525__SRR35987631.deacon_filter.json	deacon_report	SRR35987631	793	cbd3e366dc29b2b9042015c8ceb5a9d9df5b8714646d9e0e4007f33787ab671d
reports/CHI-A_20250601__SRR35987624.deacon_filter.json	deacon_report	SRR35987624	793	679635d8c0a6f36cdcd0ff94258ba325e8d2d5595e350f07583de10ed424bba2
reports/CHI-A_20250608__SRR35987567.deacon_filter.json	deacon_report	SRR35987567	792	ff1cc4efd412409cead6b2605289cb25bea14428fcf4bb77b68179dce977bf11
reports/CHI-A_20250615__SRR35987592.deacon_filter.json	deacon_report	SRR35987592	793	76f85dfca58ea5b59007fdc1980f352886dae2ad074b69cead34bf215a96506b
reports/CHI-A_20250622__SRR35987589.deacon_filter.json	deacon_report	SRR35987589	862	7ad9fd094a98493ddd91560ec9681d1ce29fedc42ec10f1456222c9ccd9405c5
reports/CHI-A_20250629__SRR35987588.deacon_filter.json	deacon_report	SRR35987588	792	896145370d9060df2c9b97d6311bbf5e27daddf6fcf6cb5485e7dccb78f30d95
reports/CHI-A_20250706__SRR35987654.deacon_filter.json	deacon_report	SRR35987654	793	9ce9545510a71e477c89801c882ef74e82e41af45f897c8a81f47ae03153d6c5
reports/CHI-A_20250713__SRR35987653.deacon_filter.json	deacon_report	SRR35987653	793	8385a1f319c08b2b78f9003ce73966bd6bafe7d4c1c0c6c42c332323d23fb080
reports/CHI-A_20250720__SRR35987652.deacon_filter.json	deacon_report	SRR35987652	792	b05a9ae6c3e19f5abf307599e64a11eae560a7b9668720ebdfb7cf45bebf9a32
reports/CHI-A_20250727__SRR35987587.deacon_filter.json	deacon_report	SRR35987587	793	e2087c376d719a3356307f7056933e468cb61b88ba5731b47691d96d1dcd0815
reports/CHI-A_20251026__SRR36832699.deacon_filter.json	deacon_report	SRR36832699	793	57f462822ae0a231943fbfefc5882989aa5de2e79a8ae10cd8a265f0a9f66ed8
reports/CHI-A_20251102__SRR36832698.deacon_filter.json	deacon_report	SRR36832698	793	4376f211f205c6b5e717adfd1dfd4a1a7bc04dd81c300868da1488e71d505bd7
reports/CHI-A_20251109__SRR36832686.deacon_filter.json	deacon_report	SRR36832686	793	4a9148eb9b8f53fdd9aaa5c8a6fcfba05ad1791e5c95f706f37ff267fbbf46f9
reports/CHI-A_20251116__SRR36832672.deacon_filter.json	deacon_report	SRR36832672	792	27a24a1651d982014b8de9b537ea27f56ca5186eb63cd70624c4c67456df0d3e
reports/CHI-A_20251123__SRR36832673.deacon_filter.json	deacon_report	SRR36832673	793	65715d126904ecb94e4f2f729dd222b060ffecd9664acb0909e17265a4fd1241
reports/CHI-A_20251130__SRR36832674.deacon_filter.json	deacon_report	SRR36832674	793	c67d46d00f75e53cb6c4c45dd1ae4e552acb2534d059e184757ff7609a4401c1
reports/CHI-A_20251207__SRR37089594.deacon_filter.json	deacon_report	SRR37089594	793	bd7de7acee3c8219c55f0f363c84d432aeb87e08523dc7fd5604c4db8a9f246e
reports/CHI-A_20251214__SRR37089593.deacon_filter.json	deacon_report	SRR37089593	793	a46bc589ada92df838bcac89b7cf82eb37992962d64135ff5e841a9f9e803f81
reports/CHI-A_20251221__SRR37089578.deacon_filter.json	deacon_report	SRR37089578	793	ecd55e0b9e51e40ee4cd36d8db7990967270fd27016fda3e0c2bcd7256a3b216
reports/CHI-A_20251228__SRR37089572.deacon_filter.json	deacon_report	SRR37089572	793	55b4fdebc772af266de8c0288e3522248e0b2dd203f80a9f441a130fdcedb7bc
reports/CHI-A_20260104__SRR37089573.deacon_filter.json	deacon_report	SRR37089573	793	ca761712dafbe3147f8f7efcc452b657a8e3369a92b06ea9b75535662138411a
reports/CHI-A_20260111__SRR38294664.deacon_filter.json	deacon_report	SRR38294664	793	8dd368a3f7b6a1838c88b3fb004a95675f15a0e9021a84cfbcb3bbe0944eecb0
reports/CHI-A_20260118__SRR38294662.deacon_filter.json	deacon_report	SRR38294662	793	f27cb8fe4d4e81f66e8264ed3816e8056898a3cfc88b21375519058dbb08470d
reports/CHI-A_20260125__SRR38294895.deacon_filter.json	deacon_report	SRR38294895	793	cda2bc98315b5f1120be6d670d69b4facfaca0b192fa4a157f67602be24afee3
reports/CHI-A_20260201__SRR38294894.deacon_filter.json	deacon_report	SRR38294894	793	e38327e8db82b9b045ab7f151068363110d97cc719e65bf7fd8284b792293f19
reports/CHI-A_20260208__SRR38294892.deacon_filter.json	deacon_report	SRR38294892	793	894fdfa84bc27e004c71baa59b7cf1718e61b6879c339522298e51121274254a
reports/CHI-A_20260215__SRR38294735.deacon_filter.json	deacon_report	SRR38294735	792	e1927c9be211f48628099398e6b3fa4ee775bedbf937d745b2729a66d740e012
reports/CHI-A_20260222__SRR38294736.deacon_filter.json	deacon_report	SRR38294736	793	6821ab9bddc14a5853ea199ef45027fed9f4004ee9e08d58a4b3dc6607ea4d2e
reports/CHI-A_20260301__SRR38294737.deacon_filter.json	deacon_report	SRR38294737	793	dc97340bea27d42e5fefbd725c7751c243a071dd1d5d6c4107e15c6cf4744cce
reports/CHI-A_20260308__SRR38294739.deacon_filter.json	deacon_report	SRR38294739	793	9482afae98d5ccce60f9d7769aba8b5509db730074864c8e17ca16d80d8e3bf4
reports/CHI-A_20260315__SRR38294659.deacon_filter.json	deacon_report	SRR38294659	792	ae5dc714e8f7fad543e258bad04e1834fb04501e30ba0b32825c6bf2c2d2d74b
reports/CHI-A_20260322__SRR38294660.deacon_filter.json	deacon_report	SRR38294660	793	9a8bdf1033316ac81111bce971d6d67948911665e62aeb83b0b1e51ba6d05606
reports/CHI-A_20260329__SRR38294738.deacon_filter.json	deacon_report	SRR38294738	793	a5ff652d7e8f81f08be59d12a1e2dba6b435987bbac96075356b3ff10780ba22
reports/CHI-A_20260405__SRR39695113.deacon_filter.json	deacon_report	SRR39695113	793	96f9b0ffd6003a31c83aad6f5ed655f07cd037769f4c1fc69738f40e4beaeceb
reports/CHI-A_20260412__SRR39695115.deacon_filter.json	deacon_report	SRR39695115	793	272ab8c51419d51588c649fdb5e3d83ca6fe4a6eb7bb365b87399b2e30df6adc
reports/CHI-A_20260419__SRR39695116.deacon_filter.json	deacon_report	SRR39695116	793	eba4a36896d0ecde2e5286a7f1b69c22306991d3aafec966d449f78f3a0dfaf1
reports/CHI-A_20260426__SRR39695122.deacon_filter.json	deacon_report	SRR39695122	793	9ea56e80eb8d2d2e3d8210bd406fde23b9ebc63a6f5926fa594f51115c51e749
reports/CHI-A_20260503__SRR39695123.deacon_filter.json	deacon_report	SRR39695123	793	1ba79834858acbcf5ecd27ebc0358e5b8f3cbdb9746e099ded19f416db82f20d
reports/CHI-A_20260510__SRR39695124.deacon_filter.json	deacon_report	SRR39695124	793	08b1d0ae02e57ebdebdc8821901abed6e1fe4c63e79d7ec16c75b72c266f2821
reports/CHI-A_20260517__SRR39695337.deacon_filter.json	deacon_report	SRR39695337	792	a4627ab2f87c38689486c26f14b68e489f091863ae7bf13d6ad2602234a46799
reports/CHI-A_20260524__SRR39695338.deacon_filter.json	deacon_report	SRR39695338	861	5bb03d21b94808cb6d34ec7500373b2b6c29af2ebc18dd43e7aa7723a8f54f7f
reports/CHI-A_20260531__SRR39695336.deacon_filter.json	deacon_report	SRR39695336	793	9f11f437ce6e5aaab0e6edd8c7ad81285716f2b916baba73fd6f573a4056a252
reports/CHI-A_20260607__SRR39695335.deacon_filter.json	deacon_report	SRR39695335	792	52cbb8a1ab666605e1989b8eefe92aa90aeb1ec8ee42696646ec7c8783f50168
reports/CHI-A_20260614__SRR39695332.deacon_filter.json	deacon_report	SRR39695332	793	6aa8be5c86338ee847f4ea6faa4f1b913da6abdeebff7d381e17e67fe29a9aeb
reports/CHI-A_20260621__SRR39695331.deacon_filter.json	deacon_report	SRR39695331	793	a9368ded191b857dd5bfe063895a207ba86ef3731992c450e48e3f2bf4332633
reports/CHI-A_20260628__SRR39695329.deacon_filter.json	deacon_report	SRR39695329	859	877f0dfbd909d372f52ef262e6a7ddf52837e2f6782461258bb7d3a90b4efe45
reports/CHI-B_20250316__SRR35987585.deacon_filter.json	deacon_report	SRR35987585	793	78818191670eaa1a25d82bf527e29c6bf4f8dc190a04fa2c1cb786fa224e8890
reports/CHI-B_20250323__SRR35987584.deacon_filter.json	deacon_report	SRR35987584	793	4bb328ba1ee88217b477293db2455da4e842849bd133779ffb7e314155974b5f
reports/CHI-B_20250330__SRR35987562.deacon_filter.json	deacon_report	SRR35987562	793	17dba7c837c1abdb308aa4f41347c3823a3ee6a223442bc8eb75407b2969ec08
reports/CHI-B_20250406__SRR35987557.deacon_filter.json	deacon_report	SRR35987557	793	9ae764163e31632dbb32e370f7f4aad6b79f57885778dd0dda2389e316cd7822
reports/CHI-B_20250413__SRR35987556.deacon_filter.json	deacon_report	SRR35987556	793	15493f5764160a16ef508d8bfab12b89d2d746bb6dab64925a82287bffbf4b82
reports/CHI-B_20250420__SRR35987555.deacon_filter.json	deacon_report	SRR35987555	793	af51ac58829774147c2d0ec3811ea7082d8bd131bb52a40f07a7b6c0b4f106d4
reports/CHI-B_20250427__SRR35987554.deacon_filter.json	deacon_report	SRR35987554	793	108d791356baa1335e95f5d87ecf2ecf89ca4951d0c2b3baaddaabb65436cf9a
reports/CHI-B_20250504__SRR35987553.deacon_filter.json	deacon_report	SRR35987553	793	9dff2679afd9dc09a7f8fbefc034c212eee8003cf0c890d0c37ab4294ebbf8aa
reports/CHI-B_20250511__SRR35987552.deacon_filter.json	deacon_report	SRR35987552	793	70bd6e862423745292487c4e8a6c6e250e27ad300d82a0db1167cdff0451a62f
reports/CHI-B_20250518__SRR35987551.deacon_filter.json	deacon_report	SRR35987551	793	5195ac1e75d8d908dde8fab7a7addb926f7b082b3001e1667341aafe6806c0cd
reports/CHI-B_20250525__SRR35987658.deacon_filter.json	deacon_report	SRR35987658	793	34283c67472cdbaee22c5746f5c22b464d63cdf63f21354ae732346cb7dade55
reports/CHI-B_20250601__SRR35987657.deacon_filter.json	deacon_report	SRR35987657	793	4ba1adaaa365cc8e38b1ecf91001d52309761c892d31045f90e37a5b80e2a680
reports/CHI-B_20250608__SRR35987656.deacon_filter.json	deacon_report	SRR35987656	793	f1f57032cd662e9641ed1abfb20dc98ac5298eab2c96f5a10454c87014db85a0
reports/CHI-B_20250615__SRR35987655.deacon_filter.json	deacon_report	SRR35987655	793	6b7dd773a4eecc1a09345ff40f3c6ac27cd1990960d5d7aa93e4ba34e627fafb
reports/CHI-B_20250622__SRR35987549.deacon_filter.json	deacon_report	SRR35987549	793	0c514ad9f955ee03efaf4402bcc86c51c191cfc013a9cd462a65e6a5ccae71f0
reports/CHI-B_20250629__SRR35987548.deacon_filter.json	deacon_report	SRR35987548	793	5608a12b8d4cc6f1e8dcb75ab658ce3ae72d4fcbeee28ada2cdb4ad6bb2e0cf9
reports/CHI-B_20250706__SRR35987547.deacon_filter.json	deacon_report	SRR35987547	793	a595c13d1f00adb25a5f81cb03f1cb1dcf9364716179579cd1572b952859ce6d
reports/CHI-B_20250713__SRR35987546.deacon_filter.json	deacon_report	SRR35987546	793	4212af97a63d08273c11964357c05fc63329b7c8d38d7a5602426552919f101a
reports/CHI-B_20250720__SRR35987545.deacon_filter.json	deacon_report	SRR35987545	793	55e2afbffb861248dcbd96977233597ea1b52b85b658bd0d07725dd40857940f
reports/CHI-B_20250727__SRR35987615.deacon_filter.json	deacon_report	SRR35987615	793	3dc9afef79c4bc3db04b7dc24b5a6dc71ecd04f128095edf998948dfdbadfbbc
reports/CHI-B_20251026__SRR36832675.deacon_filter.json	deacon_report	SRR36832675	793	28159b2a16df4469842bcf82bee0cb12252ec7150b3e6e6c06feaf541258fbec
reports/CHI-B_20251102__SRR36832676.deacon_filter.json	deacon_report	SRR36832676	793	7f01f35e03ad87fe3b67ffcb8e17a8f2e9b1feff70325c39f46d74ac0a37606a
reports/CHI-B_20251109__SRR36832677.deacon_filter.json	deacon_report	SRR36832677	792	d6ef7408508a3d9fc1ed425694c3ea4a1e17d1e24fba9b3b966a507d44a0d853
reports/CHI-B_20251116__SRR36832678.deacon_filter.json	deacon_report	SRR36832678	793	3c0902bafbf67ae75daa982ee1d6c343a4f67f528aeaadf786f2c6272b3c4809
reports/CHI-B_20251123__SRR36832696.deacon_filter.json	deacon_report	SRR36832696	793	658096dcf528e7b8ec24b4aff4ff23de475986ffeeff07fbeb65090878e6c16e
reports/CHI-B_20251130__SRR36832697.deacon_filter.json	deacon_report	SRR36832697	793	cfe7f0df492fe2509c5e6d0a2f8c38f1d6575cf7f9a8c8cb4c3e9f87fe966d96
reports/CHI-B_20251207__SRR37089574.deacon_filter.json	deacon_report	SRR37089574	793	946a5a957cfbb708e688b084dd0031c674315f036e4d915fae95c00d8ec5dbaf
reports/CHI-B_20251214__SRR37089575.deacon_filter.json	deacon_report	SRR37089575	792	b215c57327f05c1844abf9c3eb510656bbcd105fe844045ce18baf98cf341c03
reports/CHI-B_20251221__SRR37089576.deacon_filter.json	deacon_report	SRR37089576	793	62d8f15cb5d15c8c104422fa15cbc610e8b93553637daef03a972fe2ac73fec2
reports/CHI-B_20251228__SRR37089577.deacon_filter.json	deacon_report	SRR37089577	793	a8264fe858201c0fa14b841374e3e6ed47d9814253b5df8cdd69d02fadde55bc
reports/CHI-B_20260104__SRR37089579.deacon_filter.json	deacon_report	SRR37089579	793	c56106a4fed06d641f50834e6e1363478432327f2b56c97d1fdabdef8f2cdfc0
reports/CHI-B_20260111__SRR38294740.deacon_filter.json	deacon_report	SRR38294740	792	d1662eebd0806640b3dd015e9f65eb1edf0a0cabdce5f27015234232be1bb178
reports/CHI-B_20260118__SRR38294741.deacon_filter.json	deacon_report	SRR38294741	792	3f34fcd9e6f612f8b0f9ab69c459fcb94321a78a7ef9ecfa6c68a1f191ec3961
reports/CHI-B_20260125__SRR38294742.deacon_filter.json	deacon_report	SRR38294742	792	ac24a97d9d3b3ceaefe028427dc9096b4fa1c5dc1ed196925effa92b13f9fbae
reports/CHI-B_20260201__SRR38294721.deacon_filter.json	deacon_report	SRR38294721	793	48b82809946411517b8efc732f216d4d134c662f05261ee071088112453b34a6
reports/CHI-B_20260208__SRR38294743.deacon_filter.json	deacon_report	SRR38294743	793	ad6906f742ea3285d549c0a95bb684839febd27b1b59aa1b9ef2b8d555a536fa
reports/CHI-B_20260215__SRR38294744.deacon_filter.json	deacon_report	SRR38294744	793	32559df23673b9b2c40068c818a023e251b028c82495a189ac7c4c47238a1177
reports/CHI-B_20260222__SRR38294724.deacon_filter.json	deacon_report	SRR38294724	793	88d40198967458bd9b37af24349e5786ea3b87340e4d23d589253e763883b0d0
reports/CHI-B_20260301__SRR38294725.deacon_filter.json	deacon_report	SRR38294725	793	7e862932da3b0475e7fbd7be7eb64bfdc1e4b09ae7ceb9f96401055b4013791f
reports/CHI-B_20260308__SRR38294727.deacon_filter.json	deacon_report	SRR38294727	793	7705238733c30ec62dc50aa98abf077143e6433520fca2bb3fb5b9462630354c
reports/CHI-B_20260315__SRR38294726.deacon_filter.json	deacon_report	SRR38294726	793	ea5e796a172f9f462a1ed9a8f97fc94a899102cb24bdc8b57431a36a85cc3e13
reports/CHI-B_20260322__SRR38294728.deacon_filter.json	deacon_report	SRR38294728	793	41607185c97c7a48d3abc22cca2306bbf21610d1e52bd885b49e99f5ec42ccc2
reports/CHI-B_20260329__SRR38294729.deacon_filter.json	deacon_report	SRR38294729	793	2632e5f8f6a552e9af8d51b305e9279e1cc494a4d33f921160852b1f199d4573
reports/CHI-B_20260405__SRR39695334.deacon_filter.json	deacon_report	SRR39695334	793	4d2c217656f608e097590d5c29752340061780ea9e38946d157b6fd7c7680ede
reports/CHI-B_20260412__SRR39695333.deacon_filter.json	deacon_report	SRR39695333	793	57c6d33822717e0dff16d4e448e8c10253623d77a18ed629de5c5dc885470587
reports/CHI-B_20260419__SRR39695058.deacon_filter.json	deacon_report	SRR39695058	792	ce246f576027a69a65ec083412edbd54d842115b0d50f0a6cd080848353f5838
reports/CHI-B_20260426__SRR39695056.deacon_filter.json	deacon_report	SRR39695056	793	8d9ac3b0fad49bfe25ffd9a312626a6df65d224f2732e06d4073f4130e2f5161
reports/CHI-B_20260503__SRR39695055.deacon_filter.json	deacon_report	SRR39695055	793	1c8e77d796016a4f09a344d7fbc26d52685c6a59fa9b4aa7ebc0710675d1b147
reports/CHI-B_20260510__SRR39695054.deacon_filter.json	deacon_report	SRR39695054	793	f455c29f2bcb878142d7e9c373353deb1197ae32c6b9aaaa41256c37a5173150
reports/CHI-B_20260517__SRR39695052.deacon_filter.json	deacon_report	SRR39695052	793	14c7520709c644291aaaf8fd314e03d4bc67a292cd795ccf7f87a6e7579ef23a
reports/CHI-B_20260524__SRR39695063.deacon_filter.json	deacon_report	SRR39695063	793	e19a400fba0fbd20aa5a81eb58b5e9064cd64a98c2a574fc92d9844546ad11d2
reports/CHI-B_20260531__SRR39695062.deacon_filter.json	deacon_report	SRR39695062	793	b94542b49fe289b7266898d2dcf5fd6bc2228127fc69ed831a3305714c31c3da
reports/CHI-B_20260607__SRR39695061.deacon_filter.json	deacon_report	SRR39695061	793	709087cba020a4541802aa2ddf14e1c17d4e6480683a1fc8a382f632063eb817
reports/CHI-B_20260614__SRR39695059.deacon_filter.json	deacon_report	SRR39695059	792	ca565fdeab3c7ec2dd5599468c006533d8590fb2d280b626b6c45ffe95c6a950
reports/CHI-B_20260628__SRR39695057.deacon_filter.json	deacon_report	SRR39695057	863	487a53fd6d6b2a475257b88580049338d5d1c0f8e3a738fdb054a987116f84e6
reports/CHI-C_20250317__SRR35987613.deacon_filter.json	deacon_report	SRR35987613	793	1fde14bb70288ea9635b6c7a164787e6a536f049109b9dea580c44add27e17b4
reports/CHI-C_20250324__SRR35987612.deacon_filter.json	deacon_report	SRR35987612	791	a6cd2196f455d38ad5739e3fc222bcca84c2d4283e0189accf9ec177631b2198
reports/CHI-C_20250331__SRR35987611.deacon_filter.json	deacon_report	SRR35987611	793	3ca15f06a3aa258dd0b5f51d3879ebd0e396a427a64bb6b42aa2a71b6d43fc81
reports/CHI-C_20250407__SRR35987610.deacon_filter.json	deacon_report	SRR35987610	793	7aa23e7215ed15b8e24477dc35117fb03d319dbf51e111b2e173787dc657ab06
reports/CHI-C_20250414__SRR35987609.deacon_filter.json	deacon_report	SRR35987609	793	b6a845364ea125536be58c3c818dfcc81bdf94426578a0d3a1d8f5506bdea070
reports/CHI-C_20250421__SRR35987608.deacon_filter.json	deacon_report	SRR35987608	793	c72c4d0706d8f1249b90e8f6378717da5c66fc2be49dbe7d8c5082c5928d2057
reports/CHI-C_20250428__SRR35987583.deacon_filter.json	deacon_report	SRR35987583	793	88b511dcf4d59501cb39586e9aecafed5cdaf86a73c9dc06d54930ee2c963ca7
reports/CHI-C_20250505__SRR35987582.deacon_filter.json	deacon_report	SRR35987582	793	983c8b4348cf7903ab2927c1aab93d942c99977b7dbbdfe58fe69321093461ab
reports/CHI-C_20250512__SRR35987581.deacon_filter.json	deacon_report	SRR35987581	793	0292803f778f66e28cd71657fcec4a8d7a0860828e319716c5b99bf85b93bcd4
reports/CHI-C_20250519__SRR35987580.deacon_filter.json	deacon_report	SRR35987580	793	b37beea0280076fc0c18229cdb188adc0c4b1c9bcf9347f109ac0e944c282d30
reports/CHI-C_20250602__SRR35987579.deacon_filter.json	deacon_report	SRR35987579	863	be1e0835ca7996342a8c22bed167a7f4b03bc2899520d2942b29a41affe35ca8
reports/CHI-C_20250609__SRR35987576.deacon_filter.json	deacon_report	SRR35987576	793	59317fa700105e8d8231047d14206b139262b442157c4086eaed9a30813f6d54
reports/CHI-C_20250616__SRR35987571.deacon_filter.json	deacon_report	SRR35987571	793	ff50f498471f79c912994edae50d41e1e77902dc2b79ccd57e50573059590bc4
reports/CHI-C_20250623__SRR35987550.deacon_filter.json	deacon_report	SRR35987550	793	6b13b9333d23edc866136607e3ded9a39eab2f20eaeb0315c0a676a0aa262e2d
reports/CHI-C_20250630__SRR35987568.deacon_filter.json	deacon_report	SRR35987568	793	71190d67762739ab324eae0f4b4c969c69bcebde0a324d7dd40705f3907a76d2
reports/CHI-C_20250714__SRR35987558.deacon_filter.json	deacon_report	SRR35987558	793	4430cc220a7d6550a9e81898df036cae097722f8a038e31d1651bd4808fc4922
reports/CHI-C_20250721__SRR35987674.deacon_filter.json	deacon_report	SRR35987674	793	a5125b2b1a61dbecfdd568c854c31b51ee12a453e0b49e4b1e52d542acaa268b
reports/CHI-C_20250728__SRR35987635.deacon_filter.json	deacon_report	SRR35987635	863	1df2c2e74e08398fbc140f7cc06d1a09f40804c0b563fbbafdf913a022c68225
reports/CHI-C_20251027__SRR36832695.deacon_filter.json	deacon_report	SRR36832695	793	062303b0d5a3826fc14dbe61db9ea15ee64849614db895ca9a8599b7f1adb9ad
reports/CHI-C_20251103__SRR36832694.deacon_filter.json	deacon_report	SRR36832694	793	df42f01c186a74465230bce5994d764b038e8437ab83b8c22bb0686ad3adafbb
reports/CHI-C_20251110__SRR36832693.deacon_filter.json	deacon_report	SRR36832693	793	ee5be3e334c7c5da504d310bbd1100f78c87238f7b88f7dbe80c4964f5717c36
reports/CHI-C_20251117__SRR36832691.deacon_filter.json	deacon_report	SRR36832691	793	bffe4399b3a5862ce0f19f383283a3e40eec4d4d255938d637139e7ff477c514
reports/CHI-C_20251124__SRR36832692.deacon_filter.json	deacon_report	SRR36832692	793	785da22df86779edf7abe7505c6cb390b87515d75c1d426ca784bda512f7679d
reports/CHI-C_20251201__SRR36832690.deacon_filter.json	deacon_report	SRR36832690	793	f95d80750501d80e72d3d4ee8e7ed044e473edfc3290083b4bb07215290577d3
reports/CHI-C_20251208__SRR37089592.deacon_filter.json	deacon_report	SRR37089592	793	18ce2b205916a2413f0b9456574e864c4cb7571386c6f554cf05a2cd693f1330
reports/CHI-C_20251215__SRR37089591.deacon_filter.json	deacon_report	SRR37089591	792	9745d0cb477e54ab22da5ca8cdba33b0af39fecdddbfd992d78d3407f934cbc1
reports/CHI-C_20251222__SRR37089590.deacon_filter.json	deacon_report	SRR37089590	793	84d6715085cb31df446da1117a43eeb547b0499c1f86ae521b06f81ff7cd5402
reports/CHI-C_20251229__SRR37089588.deacon_filter.json	deacon_report	SRR37089588	792	7bebebce207fec9e19819aa4ccbf5761ab21dc916e6e47b9712f5df2d3cdc664
reports/CHI-C_20260105__SRR37089589.deacon_filter.json	deacon_report	SRR37089589	792	d4db9a8fa26493fdcae0d29325ff62fddbe7ee63b707273a26be3afda1d9efc5
reports/CHI-C_20260112__SRR38294730.deacon_filter.json	deacon_report	SRR38294730	793	8ecff3a5bd41b7930354e04c2ab1b1f7aed639c422ffde20d1aa42ccd308def1
reports/CHI-C_20260119__SRR38294723.deacon_filter.json	deacon_report	SRR38294723	793	00822a4ac01bef8be92c0889bc2fd13722e266f8b5662b6772592eb440cd61b6
reports/CHI-C_20260126__SRR38294722.deacon_filter.json	deacon_report	SRR38294722	793	0d71b4ca808048a058bdc018aecc5e11ddaef8809c44ba95dbfb57253c411895
reports/CHI-C_20260202__SRR38294719.deacon_filter.json	deacon_report	SRR38294719	793	6536cc2077065fbb36ef704b3b0d1d9707b5e46d8f6c9e1ccddf676d3a735d33
reports/CHI-C_20260209__SRR38294718.deacon_filter.json	deacon_report	SRR38294718	791	89c7855b015c06510e7ceebb537f02f6fecffbba6e025ff8edff0bad8889e711
reports/CHI-C_20260216__SRR38294717.deacon_filter.json	deacon_report	SRR38294717	792	aa73ebd09c539b8cf8f267ad916cbc316c8ebb098a9b505c49ec4e8b48d7865b
reports/CHI-C_20260223__SRR38294661.deacon_filter.json	deacon_report	SRR38294661	793	c19ed4ad266cc72c0df1f4a4c48348e54cd2e19a1643ea1dd26458687126d946
reports/CHI-C_20260302__SRR38294658.deacon_filter.json	deacon_report	SRR38294658	793	2d5085a79a46be51926698944dc4627acc31815d4fe199fd187b2bc91541e71c
reports/CHI-C_20260309__SRR38294657.deacon_filter.json	deacon_report	SRR38294657	792	c833454f5e10941b51c6e77cb4a3485aa68d0dacdd40acd184dcab9d329009a8
reports/CHI-C_20260316__SRR38294655.deacon_filter.json	deacon_report	SRR38294655	793	de3acd881936a59e25a400e8dcf1683ba6f7a8323fc80f04bb927ae2263fdbc1
reports/CHI-C_20260323__SRR38294656.deacon_filter.json	deacon_report	SRR38294656	793	b19d289e7639284b9975dc28851bcc0fa8b07dbe140669cbaf866e666bafb585
reports/CHI-C_20260330__SRR38294716.deacon_filter.json	deacon_report	SRR38294716	793	00326b998ff461d8f24a06fb83376cebaed3879bfc4703065c2ee01185526fcf
reports/CHI-C_20260406__SRR39695053.deacon_filter.json	deacon_report	SRR39695053	793	10441d207e2295c8aad5ce2828a430f061eb568bf02cf946f8be4fd88a39a857
reports/CHI-C_20260413__SRR39695050.deacon_filter.json	deacon_report	SRR39695050	792	f2d0b7f3568a1232d35608c95fc73ee3bd5716b8a42b84e2c98ead8cac6dfe7f
reports/CHI-C_20260420__SRR39694940.deacon_filter.json	deacon_report	SRR39694940	793	453c68d3178384e756cfa461213147e10724c8b8534c8d12e1828fd6a5b8ea71
reports/CHI-C_20260427__SRR39695099.deacon_filter.json	deacon_report	SRR39695099	793	379e918bbb83a9aeda22842a0cd1e6bc9fe4be3b1ead320c413a6d78b1f333e8
reports/CHI-C_20260504__SRR39695326.deacon_filter.json	deacon_report	SRR39695326	793	159b407822c270d5ee3a141e138f308203be86ed268a4cd921d88e240a0552a3
reports/CHI-C_20260511__SRR39695325.deacon_filter.json	deacon_report	SRR39695325	793	97923cad22d3440305d5a2b80347a7f75c1192d74118ac12ad52dcde497ed317
reports/CHI-C_20260518__SRR39694932.deacon_filter.json	deacon_report	SRR39694932	793	9f2a5c031959ba3827d20999f195e96684f5a34fde7b7c4c06b469cb74939114
reports/CHI-C_20260528__SRR39695078.deacon_filter.json	deacon_report	SRR39695078	793	7e10571104f56c6cc5834a0771f66e19ad387921da89a0bd99edb7d7500270cf
reports/CHI-C_20260601__SRR39695227.deacon_filter.json	deacon_report	SRR39695227	793	99a30b38e7e52e53d46ae9b9b979c396127fdadb3d56666b0c5b62a81e1e1687
reports/CHI-C_20260608__SRR39695112.deacon_filter.json	deacon_report	SRR39695112	793	9d656a234cafd6899732d98af5f9545faa61e22fe9619482cf140beb77af46d8
reports/CHI-C_20260615__SRR39695110.deacon_filter.json	deacon_report	SRR39695110	861	8628834eb98aaed6ca30cb39ee478e4be6a8287bc9133d7a0dedad6f2fe38009
reports/CHI-C_20260622__SRR39695109.deacon_filter.json	deacon_report	SRR39695109	793	b1f885cbcb05ad401c9fd812f0b67c79ed1a568ec228c071a16f8d64ddab21f9
reports/CHI-C_20260629__SRR39695108.deacon_filter.json	deacon_report	SRR39695108	790	d7a10fed8e4834a85bced491ccfa59d81b87d93dc3b1f27b36aa13dc17b031a2
reports/CHI-D1_20250316__SRR37428234.deacon_filter.json	deacon_report	SRR37428234	794	ae80632617dc0af51e5fdd366a5923b690693775ce6825caa516b03a77ee982e
reports/CHI-D1_20250323__SRR37428233.deacon_filter.json	deacon_report	SRR37428233	794	adacd281a9f716e720a5ac5e5385f589898dbd03bebb3e62b4f6bc357bd3f8bd
reports/CHI-D1_20250330__SRR37428221.deacon_filter.json	deacon_report	SRR37428221	794	53ca876c7576a472099c93cf50dbd5a95d3ef04fef573fd2272dee730582ba6d
reports/CHI-D1_20250406__SRR37428224.deacon_filter.json	deacon_report	SRR37428224	794	241c78544241fc1cacda9c27fa5fd11b7f54eec228a2515ed85b7ff922954c4a
reports/CHI-D1_20250413__SRR37428208.deacon_filter.json	deacon_report	SRR37428208	793	2c08fbc9ed271a9bb5d7c47291b50d460c901c661a7bebaf6a609b817346100f
reports/CHI-D1_20250420__SRR37428183.deacon_filter.json	deacon_report	SRR37428183	794	5bacaf26d13fdfc1c93294efe488cbaebf31b5b6e5c7c5d9f9d9b3b91caeba5d
reports/CHI-D1_20250427__SRR37428187.deacon_filter.json	deacon_report	SRR37428187	794	b5275c3750db739ce2589564f7b0942df984043b2a295f2114f5231c12a589ec
reports/CHI-D1_20250504__SRR37428186.deacon_filter.json	deacon_report	SRR37428186	794	e64c0f0788dda2455a05b1441f206a95b317b695e5e80ee90921ae4e60432260
reports/CHI-D1_20250511__SRR37428185.deacon_filter.json	deacon_report	SRR37428185	795	79a4920989283ce7bfd0a2befdbd0a94b91f1583446d06fa4231c71e99c309ab
reports/CHI-D1_20250518__SRR37428184.deacon_filter.json	deacon_report	SRR37428184	794	18aa53012ae1c615e18c7457ccce429931155043393dd85da2ca0348989d866c
reports/CHI-D1_20250525__SRR37428232.deacon_filter.json	deacon_report	SRR37428232	793	5aaf0b98efa138baa179f1bd44384026a12ead931b1af22a7a57795f95cc86b7
reports/CHI-D1_20250601__SRR37428229.deacon_filter.json	deacon_report	SRR37428229	794	034d955b5d0ae8873269eab6174f02a8bcfb1d749b1e659beb6729b26e2b3a1f
reports/CHI-D1_20250706__SRR37428228.deacon_filter.json	deacon_report	SRR37428228	794	e5de6c6ce84caea99a2e7c109cdc6e23e04db2fd13b0bca0843a2397c2051c92
reports/CHI-D1_20250713__SRR37428230.deacon_filter.json	deacon_report	SRR37428230	794	9092fd12484648b8e5ad95f8edbe5e0cf9f37b0a689d72fafa69939485d0aa0b
reports/CHI-D1_20250720__SRR37428231.deacon_filter.json	deacon_report	SRR37428231	794	3a278f8ec8337fde2598b3e85facfa609ea8d4bc28aa0c36209250b116364930
reports/CHI-D1_20250727__SRR37428192.deacon_filter.json	deacon_report	SRR37428192	794	c1a90b5b6f952bef194be68252b6f3218e151033ae58ca80169b3a84b715569e
reports/CHI-D1_20250803__SRR37428193.deacon_filter.json	deacon_report	SRR37428193	794	d79a2af687eae175e7437c5f194e5e3d2e24fc54d0b4976e0908f3663a8ea145
reports/CHI-D1_20250810__SRR37428194.deacon_filter.json	deacon_report	SRR37428194	794	2a24d3af0fbc4b88cfcf2dfb940eb89865af789838b9d75197e49924031a62c1
reports/CHI-D1_20250817b__SRR37428207.deacon_filter.json	deacon_report	SRR37428207	795	0d389f554f6e4daebdafa2234d5618a4cbcb8fc3d14bf308e9832d917b5ec20d
reports/CHI-D1_20250826__SRR37428210.deacon_filter.json	deacon_report	SRR37428210	794	aac241e041a3eb36c01aabb46a84bcd36d6fea7d702d398108fee5862140bbb1
reports/CHI-D1_20250831__SRR37428223.deacon_filter.json	deacon_report	SRR37428223	794	7d494e46842794df74e5f912f3b0604eaba668a0be784d446555c0e167582dc1
reports/CHI-D1_20250907__SRR37428212.deacon_filter.json	deacon_report	SRR37428212	794	6a747caaf67eeea421620141f719ed623b0b8f1d699c76c8094b6f996d770427
reports/CHI-D1_20250914__SRR37428213.deacon_filter.json	deacon_report	SRR37428213	794	60dfa606ccae4d348d9306bda12a9974f01a80f5cd4e0f6661391d94a6a62235
reports/CHI-D1_20250921__SRR37428214.deacon_filter.json	deacon_report	SRR37428214	765	a22e6b527baaa71adf5efc2d4ad8a13b694a883897859907bd93be11fa3ca117
reports/CHI-D1_20250921__SRR37428215.deacon_filter.json	deacon_report	SRR37428215	794	86a6d612848bddf6d97f0e06c308ba8bf80ad6f3464b138d8eda9997a80a34e1
reports/CHI-D1_20250928__SRR37428217.deacon_filter.json	deacon_report	SRR37428217	794	22e1d0d5d9b2b758b4add99c9950491404d834d4e2c5ccdbcdc9d6313379d9b8
reports/CHI-D1_20251005__SRR37428216.deacon_filter.json	deacon_report	SRR37428216	793	58b4540d9d21ca0f9fb22d26ed7266966608ffe5d77c9aa9295113cebe5b49d9
reports/CHI-D1_20251026__SRR36832689.deacon_filter.json	deacon_report	SRR36832689	794	4c1017383889d82231d2f0bd0a891b72e54b7d0c70d81b339461f09363b86bea
reports/CHI-D1_20251102__SRR36832688.deacon_filter.json	deacon_report	SRR36832688	794	916bd45189ec7217845130c885880e02ec73344d7851d2055bbb4f5d41b37ff4
reports/CHI-D1_20251109__SRR36832687.deacon_filter.json	deacon_report	SRR36832687	794	4fcc78437712b068bfbbb1a543271fa0cb32505dd3d3a599b6dbebbe836f65bc
reports/CHI-D1_20251116__SRR36832685.deacon_filter.json	deacon_report	SRR36832685	793	4238330dd72d701aabc67ecda64f5cfcfb038639d063b3797e213a15e6e62679
reports/CHI-D1_20251123__SRR36832681.deacon_filter.json	deacon_report	SRR36832681	794	aea1d66176fdb6c522d255fef3349f08d18b13fad0ad0dff2458afa6038927a0
reports/CHI-D1_20251130__SRR36832680.deacon_filter.json	deacon_report	SRR36832680	794	1f9af183008ae93cfe8dc98ecf56cf7d809985e97c9c353cca7b9138d5a99dd6
reports/CHI-D1_20251207__SRR37089587.deacon_filter.json	deacon_report	SRR37089587	794	88f761a3c9f06ef7860242ca623e66c260b90a410009273d4f946de78d963079
reports/CHI-D1_20251214__SRR37089586.deacon_filter.json	deacon_report	SRR37089586	794	8945ff5f301e7afd88fc33f5bec94de9b09f638feefce9198aa63bb68d0480fa
reports/CHI-D1_20251221__SRR37089585.deacon_filter.json	deacon_report	SRR37089585	793	d1400cf4a7bd46bd4bb53bf818ac8629a000495befe2d3b6dbaac33b805c93e7
reports/CHI-D1_20251228__SRR37089583.deacon_filter.json	deacon_report	SRR37089583	794	ad2d96e0e2827063ef68090f642d329a196b6e89695926bc7292a087286a4c19
reports/CHI-D1_20260104__SRR37089584.deacon_filter.json	deacon_report	SRR37089584	794	b4401d88843c7daca50b3ceb37db94b333f10dbf82c65b6dbfee3058c6185004
reports/CHI-D1_20260111__SRR38294715.deacon_filter.json	deacon_report	SRR38294715	794	56e05dcb73cc1ec689ab80415ebee4d5cbacdbe20252f6ce9d282ca5e20a297e
reports/CHI-D1_20260118__SRR38294654.deacon_filter.json	deacon_report	SRR38294654	794	9ce520ef3fbf729796665db0398da595ea4e73ba87cdbf21d90d3cad4ba41c9c
reports/CHI-D1_20260125__SRR38294653.deacon_filter.json	deacon_report	SRR38294653	794	f2ff918e30dc75ed2065d5c26d87a68aab03db4135daa8e12a02a9180eb197d6
reports/CHI-D1_20260201__SRR38294652.deacon_filter.json	deacon_report	SRR38294652	794	d240e359ab6f3ff4e1955d4d4713728d40d7d28432450640da2e9dd56388e934
reports/CHI-D1_20260208__SRR38294650.deacon_filter.json	deacon_report	SRR38294650	793	5f78a1bd3b913e769d91a63a03b388974f652f05344c7bb97a16d832612d7ce5
reports/CHI-D1_20260215__SRR38294651.deacon_filter.json	deacon_report	SRR38294651	794	f5f9ca85e3e3f6343b4910f6d38cad8298d8a32b6a856f358908fe7ade1f75f6
reports/CHI-D1_20260222__SRR38294648.deacon_filter.json	deacon_report	SRR38294648	794	4e55086c8784a7c302fe1f12ebe1926e34ae5e0c72137cf1fb6658a0e94b03c1
reports/CHI-D1_20260301__SRR38294775.deacon_filter.json	deacon_report	SRR38294775	794	f6136d637d2e5acf5cec81b97a6e2164af90db6bc111489119f8e6f6c9e62af6
reports/CHI-D1_20260308__SRR38294774.deacon_filter.json	deacon_report	SRR38294774	794	c6693482b0f03f3425a4417701287866db239ac045c33a581542f3d361f405ea
reports/CHI-D1_20260315__SRR38294772.deacon_filter.json	deacon_report	SRR38294772	794	7ca52f35312b572d2241d9e21f9ace84a23a189d2fa63edf3d7fcf135830060f
reports/CHI-D1_20260322__SRR38294770.deacon_filter.json	deacon_report	SRR38294770	794	6ab80701b85f0a22795415a1c133f602d50aa999408dc8dc381dbdb89c235592
reports/CHI-D1_20260329__SRR38294771.deacon_filter.json	deacon_report	SRR38294771	794	6792552589eccd91ebf525a861d2dfd020e695e3ee2177a5b3b2784830a772a6
reports/CHI-D1_20260405__SRR39695106.deacon_filter.json	deacon_report	SRR39695106	794	74e2005ebcfbfff89e705b736e1242871428ab24d46a4335bdab2cbf527bfd00
reports/CHI-D1_20260412__SRR39695107.deacon_filter.json	deacon_report	SRR39695107	794	a31ef337e484c3c57225a9cd299d0b1c4897d1f6e893c56d7f4e412078603cbb
reports/CHI-D1_20260419__SRR39695105.deacon_filter.json	deacon_report	SRR39695105	794	ddb8decac859e02134a5c31d854aadce0ec921d3d2043221469b847b3eda032a
reports/CHI-D1_20260426__SRR39695104.deacon_filter.json	deacon_report	SRR39695104	794	b61109a90096d66d3f1fee6b0a0965c1ae12f4182ee283562b9f63292997fed0
reports/CHI-D1_20260503__SRR39695103.deacon_filter.json	deacon_report	SRR39695103	794	d828e4dce096fb3a0294a9872b56f940913c9dae0b38bc6943b0a2321520b99d
reports/CHI-D1_20260510__SRR39695102.deacon_filter.json	deacon_report	SRR39695102	794	63518afd735f989fcaabe45f9db41746e2bd1641a5bebf61a297f8aea980fffb
reports/CHI-D1_20260517__SRR39695100.deacon_filter.json	deacon_report	SRR39695100	794	19b89352271a73bf6076ef3baa1d773ba27c5b9281fe38f0f8421e5fdf53618e
reports/CHI-D1_20260524__SRR39694933.deacon_filter.json	deacon_report	SRR39694933	794	73b99c63bd04ae35423e2ff6fda1ad7b72b2a281f9c559e55f02f6655b973a1c
reports/CHI-D1_20260531__SRR39695077.deacon_filter.json	deacon_report	SRR39695077	794	aab4647cceb4c16ac125991f97550c9f191493176abb318269f2b43c1e625151
reports/CHI-D1_20260607__SRR39695327.deacon_filter.json	deacon_report	SRR39695327	794	3e0a96a58dfbede46c29cf73204de5f084264694f1428b4f6d1a4def6202944b
reports/CHI-D1_20260614__SRR39695040.deacon_filter.json	deacon_report	SRR39695040	793	9095b733a3933b0b4e49dc157583fa8025ff2590339b8f5fcbd6f269a491d282
reports/CHI-D1_20260621__SRR39695038.deacon_filter.json	deacon_report	SRR39695038	793	38cd196ff1e05492d8aa3fbad9f6d7f857a316546536196e496e1e20be65236e
reports/CHI-D1_20260628__SRR39695039.deacon_filter.json	deacon_report	SRR39695039	794	cc8af214ab58a83ee3f3bdf933e4b113f0cbb3fc915936f333ce9317dc2643b6
reports/CHI-D2_20250316__SRR37428218.deacon_filter.json	deacon_report	SRR37428218	794	698aa3d993eb6ebdf63f8fe7f32a1d452d083f8c128445bce8f852ff7d9b4128
reports/CHI-D2_20250323__SRR37428219.deacon_filter.json	deacon_report	SRR37428219	794	fe403494e5254c430d761cdd481577a0f39b1c9afa2caab0b8413c2394eeaf12
reports/CHI-D2_20250330__SRR37428220.deacon_filter.json	deacon_report	SRR37428220	794	036f336f16a05b6997c974870eec3299f51b2cca238382c7c02b0dc0e3b71f81
reports/CHI-D2_20250406__SRR37428225.deacon_filter.json	deacon_report	SRR37428225	794	eb7f9f98ab289d88e3fe021aa7c4507c8fa62b40c04d3c9c597945b4bbd2db0a
reports/CHI-D2_20250413__SRR37428226.deacon_filter.json	deacon_report	SRR37428226	794	ab8822a35a0b87cb606c6244600eb590e573b4e6f15045ff09acdb256f60a6cb
reports/CHI-D2_20250420__SRR37428227.deacon_filter.json	deacon_report	SRR37428227	794	58d278e5c48778d8ff13a204aee0f7a85910078b4c3b9811efd634926e2d6970
reports/CHI-D2_20250427__SRR37428205.deacon_filter.json	deacon_report	SRR37428205	794	db65510b73b16fffe479cccb3ade71d479e858ac7d9ee53085bcfe02aac16747
reports/CHI-D2_20250504__SRR37428203.deacon_filter.json	deacon_report	SRR37428203	794	eeebc9e5fd0edc2e4b8154404530d90892ff57f10d69bc6597c12f1a25313d64
reports/CHI-D2_20250511__SRR37428201.deacon_filter.json	deacon_report	SRR37428201	795	d471da3971d82dee7b7ec58802ff114393245346eb1ed5cb4d1c8991b416eeaf
reports/CHI-D2_20250518__SRR37428200.deacon_filter.json	deacon_report	SRR37428200	794	c29f134dee1c2f8050e437598efd50bb2e69bc7497e28a80d9b50d8aa3818785
reports/CHI-D2_20250525__SRR37428199.deacon_filter.json	deacon_report	SRR37428199	793	f7fce1e7b902306318add0e353594230009c7619e1a2d8e4847963543a192c63
reports/CHI-D2_20250601__SRR37428204.deacon_filter.json	deacon_report	SRR37428204	794	bab031cf35ba0f73d3be70c3b38079747522c3f556bb3716bb142713cf25f9c7
reports/CHI-D2_20250706__SRR37428202.deacon_filter.json	deacon_report	SRR37428202	794	fa93a92718c57dfa8f7f2e9a6a233e06ade782a83fedb216d60c655d09a85931
reports/CHI-D2_20250713__SRR37428206.deacon_filter.json	deacon_report	SRR37428206	794	08d64608078c90b8907df44747eb83b85d8bbea964f9b1d5114294adc9546f56
reports/CHI-D2_20250720__SRR37428211.deacon_filter.json	deacon_report	SRR37428211	794	56adeafe67bfded0aac2015463b3953a95fbc1c4159c15c599e42423a78008b0
reports/CHI-D2_20250727__SRR37428209.deacon_filter.json	deacon_report	SRR37428209	794	7e22acd1eb188e06d4d48ee4137b8c22c101eb018b6042514bb4b6f128835a3d
reports/CHI-D2_20250803__SRR37428195.deacon_filter.json	deacon_report	SRR37428195	794	6f2631f8e45e35c398a599ba3ad9b1771d5540a86e96bedd7ea86fd8ce33fcf2
reports/CHI-D2_20250810__SRR37428222.deacon_filter.json	deacon_report	SRR37428222	794	c41b0e3bd3381c451e54d39fcda0f8960e7dd5d3c8991f0fc0b0d951f3b4f3c5
reports/CHI-D2_20250817b__SRR37428198.deacon_filter.json	deacon_report	SRR37428198	795	34dd7c2c5ea1b96da26393c57099663e2aa6bd13c37dbcefc0ad034af878582e
reports/CHI-D2_20250826__SRR37428197.deacon_filter.json	deacon_report	SRR37428197	794	0317cfe5daa28a3836143bc2c1ac69bd35e133ecf148d3e0fd3b4068393aee1e
reports/CHI-D2_20250831__SRR37428196.deacon_filter.json	deacon_report	SRR37428196	794	37b47df0cdc98a39b9700d077f9b5ee7c140b74d6f62970d75e6e9454111f6e4
reports/CHI-D2_20250907__SRR37428191.deacon_filter.json	deacon_report	SRR37428191	794	a580027e78746fa812e0b4177cc3236de84a38a0c2a620724da6608378734aa1
reports/CHI-D2_20250914__SRR37428190.deacon_filter.json	deacon_report	SRR37428190	794	daa431c316b45905a9ffcbecb624633a64ebcd33f5eec0c746257a2d37fc15ac
reports/CHI-D2_20250921__SRR37428182.deacon_filter.json	deacon_report	SRR37428182	794	f6ff8d0142d30eae0ea772e27cdf3d5059b5eb42a1eac4c9a7e01cc33afdab6e
reports/CHI-D2_20250928__SRR37428189.deacon_filter.json	deacon_report	SRR37428189	794	7f8dd02850f4011779b219a00f20a13f474ce9b09a89fabcaa1e5232e1f7bb66
reports/CHI-D2_20251005__SRR37428188.deacon_filter.json	deacon_report	SRR37428188	794	ed488e986254df1b39c873a6134fcf20adec9caca25a810eedf41f70d5728f1c
reports/CHI-D2_20251026__SRR36832679.deacon_filter.json	deacon_report	SRR36832679	792	2d664bf9c0fedfe989b7dd92f1bac183c4b5c99816c85a25235a6f766436a0f9
reports/CHI-D2_20251102__SRR36832682.deacon_filter.json	deacon_report	SRR36832682	793	da1e83f2018829b6f59c881de350fcf5cf3758427d12899c0ebd0962861f1fd4
reports/CHI-D2_20251109__SRR36832683.deacon_filter.json	deacon_report	SRR36832683	794	9c792555690de57bd3d05558280b5d1207720cd419761f98f162bdef69e2c592
reports/CHI-D2_20251116__SRR36832684.deacon_filter.json	deacon_report	SRR36832684	794	8d132d032120b04464cfbd2c4794ebb946aa4ba7838e7c003dead4e0a2cb109a
reports/CHI-D2_20251123__SRR36832670.deacon_filter.json	deacon_report	SRR36832670	794	3cef8c9e544ad02771b7f1964a43d4cfa16dfb5b2b61ab558035ec2f4c3bbb3c
reports/CHI-D2_20251130__SRR36832671.deacon_filter.json	deacon_report	SRR36832671	794	a73ec8f4a98738667cf02051f610eab16a7a23fe2e259608412a6975ab2e969f
reports/CHI-D2_20251207__SRR37089580.deacon_filter.json	deacon_report	SRR37089580	794	5a2c6bbdc4c0b66f404005e747e44501114ca5e2f0a3e9f45559d8751ff7ed2d
reports/CHI-D2_20251214__SRR37089581.deacon_filter.json	deacon_report	SRR37089581	794	500b2d422baf73ea92c3ab68d974b3e616b9fccd896537dc5e6b248dd944228d
reports/CHI-D2_20251221__SRR37089582.deacon_filter.json	deacon_report	SRR37089582	794	580fc9744253461aebf59e051ff4262d63bee4c9981a40d5bbd11cd20948b0ec
reports/CHI-D2_20251228__SRR37089570.deacon_filter.json	deacon_report	SRR37089570	794	07c62993706af0a71a4baab29e5a67f36ab4e1a470c63433ec6c00e90a8ae135
reports/CHI-D2_20260104__SRR37089571.deacon_filter.json	deacon_report	SRR37089571	791	f6f008ccbf2a91f7c4918b3a9bbffa1404b087cefb29d8d06609c5524601acb6
reports/CHI-D2_20260111__SRR38294769.deacon_filter.json	deacon_report	SRR38294769	794	e3cf40daa5dffab498c8b389ea6ba1a4990e49965c63b506cac731a2cb9bed6a
reports/CHI-D2_20260118__SRR38294951.deacon_filter.json	deacon_report	SRR38294951	793	1c2273387776575743ed7534d255b48173446f826c6b40dc87508ee90b754c9e
reports/CHI-D2_20260125__SRR38294950.deacon_filter.json	deacon_report	SRR38294950	794	fe325c9942a5a6175f4d04095eb9bad17dde85e98180b6c85e3132a417983129
reports/CHI-D2_20260201__SRR38294768.deacon_filter.json	deacon_report	SRR38294768	794	1e9f2f9f7f6f7c0059d3630b5f5fffa366a4f1a510f73eb1717e7a8d3e0c5564
reports/CHI-D2_20260208__SRR38294767.deacon_filter.json	deacon_report	SRR38294767	794	d0765476bb92a7636d583b71e023aa8fc948fd8b133cbb43c71fedd5f88e40dd
reports/CHI-D2_20260215__SRR38294766.deacon_filter.json	deacon_report	SRR38294766	794	06487fd075a6bbab6c97a2f7dd4fdbc911bcd5c592485f15e59534aea3a0074f
reports/CHI-D2_20260222__SRR38294765.deacon_filter.json	deacon_report	SRR38294765	794	1990b278f79c32bda302c98c4d684d6e9e3f84fbadd2f7c58a1761086682c46f
reports/CHI-D2_20260301__SRR38294763.deacon_filter.json	deacon_report	SRR38294763	794	d440d2ce89fe3c78dc5d3036d236ebdb4fe610e7fd0d99ec22320e476586c9e2
reports/CHI-D2_20260308__SRR38294942.deacon_filter.json	deacon_report	SRR38294942	794	1883b39a7c8b58ae5f636c61d98bd2faaa8a205c318f941ae29edcf700b7ca0a
reports/CHI-D2_20260315__SRR38294713.deacon_filter.json	deacon_report	SRR38294713	794	9a0e59e5af18426965b1b501c0103497db58d9e91a2164dc6f6e16374d907e71
reports/CHI-D2_20260322__SRR38294714.deacon_filter.json	deacon_report	SRR38294714	794	af3973d1b5f0a265a3e66fe1b5540a69ca89a2d5774fb48837c7c886ae29d95b
reports/CHI-D2_20260329__SRR38294712.deacon_filter.json	deacon_report	SRR38294712	794	caf17fce49e2ec6e848fedff5a89fa532a50da2b52b74d6180a718dd754fe055
reports/CHI-D2_20260405__SRR39695324.deacon_filter.json	deacon_report	SRR39695324	793	06f09c7f5c2f1028f8b065be9dcfcf48d9be929f4726074fce43bd2aed46f300
reports/CHI-D2_20260412__SRR39695322.deacon_filter.json	deacon_report	SRR39695322	794	742173f075995f2de3f52521ad3b873e7f2a1a45b3174fbc820532fbc17117d5
reports/CHI-D2_20260419__SRR39695321.deacon_filter.json	deacon_report	SRR39695321	794	6fa080e4001523df9ff81745b683940c179f435ea66842e47d2fc43d35ccda8d
reports/CHI-D2_20260426__SRR39695320.deacon_filter.json	deacon_report	SRR39695320	794	08f5c0d498c3f0c8cc36bd2d383ce2b62d12cb856d32b953149a9f98bf1444a7
reports/CHI-D2_20260503__SRR39695319.deacon_filter.json	deacon_report	SRR39695319	793	ecc7442996f3ca9a0e066f6765d9b5966453150462a35694f2155d76516b8df3
reports/CHI-D2_20260510__SRR39695317.deacon_filter.json	deacon_report	SRR39695317	794	478842d2c69d53355f18218755a922257f55a8f5f57c9e59348bdc172a503248
reports/CHI-D2_20260517__SRR39695318.deacon_filter.json	deacon_report	SRR39695318	794	48c6be7858aecb9594d0821cdcf195f042ebdbd692f57ad6635a9026db721272
reports/CHI-D2_20260524__SRR39695316.deacon_filter.json	deacon_report	SRR39695316	793	679a800a05d706a4581ee6da07b5053e1e00e5b7211e8619a71255c74347003f
reports/CHI-D2_20260531__SRR39695315.deacon_filter.json	deacon_report	SRR39695315	794	4311c6feb3a8d720095862b9f161f2829aabff860390c38c392831f476773d61
reports/CHI-D2_20260607__SRR39695051.deacon_filter.json	deacon_report	SRR39695051	794	1580c08c9bc43f6ef28bf1a8ed6bedbf5b8ff1be21fd4d183a4b27e11e20145c
reports/CHI-D2_20260614__SRR39695048.deacon_filter.json	deacon_report	SRR39695048	794	851910c43241c549c6ec9264b66826ff62877294f6a5a59fdf25d7aec96e8077
reports/CHI-D2_20260621__SRR39695049.deacon_filter.json	deacon_report	SRR39695049	794	edffffcde1634d5121795dd9513cae915666ec5510f35fe03c75af6d50933fe6
reports/CHI-D2_20260628__SRR39695045.deacon_filter.json	deacon_report	SRR39695045	794	f8b0f42c251eb2207f982b7e91beeb5bff39814991953ec3c9f27f0f37095270
reports/CHI-D_20250608_part_1__SRR35987570.deacon_filter.json	deacon_report	SRR35987570	800	d95322338671d11c9dd37a99c8aa3c5d6c4648fa7e21e7532bbb3c5007b257b5
reports/CHI-D_20250608_part_2__SRR35987569.deacon_filter.json	deacon_report	SRR35987569	800	0bbb150f7a13efeb88a062e07b5e62774f9fa15b6f44d4accc593c72c0b6e6ea
reports/CHI-D_20250615_part_1__SRR35987606.deacon_filter.json	deacon_report	SRR35987606	799	145536db8e911bf5463073d5e86658af7414032371646bc7693baafe8d925a29
reports/CHI-D_20250615_part_2__SRR35987605.deacon_filter.json	deacon_report	SRR35987605	800	0a862636d9387a9b90ef9eb022821f7db1a8b813c03f43f968ddf3fcc0eecb49
reports/CHI-D_20250622_part_1__SRR35987604.deacon_filter.json	deacon_report	SRR35987604	800	4c4e8434be4d3b39855003fee4c0584bbffd8247c8be658dd734691874e67b46
reports/CHI-D_20250622_part_2__SRR35987603.deacon_filter.json	deacon_report	SRR35987603	868	e5909dbe184c27e5997db77bef6f3197683a062cbb435bc6db19684ee0c946f1
reports/CHI-D_20250629_part_1__SRR35987602.deacon_filter.json	deacon_report	SRR35987602	800	5353fa0d170387e95d8ce92510d36e3b9d6cd82a8dd866d1a27df6519b3b4687
reports/CHI-D_20250629_part_2__SRR35987667.deacon_filter.json	deacon_report	SRR35987667	801	97667c09914f3f297d6c917ecd65f4b1593453b8cc19a36d8f117259abce73db
reports/Columbia_MO_20240102__SRR35904078.deacon_filter.json	deacon_report	SRR35904078	796	86fa63b3211d9dfa809de3ba9c9a3a5f67137d274af962b14ec9a2dea81175a9
reports/Columbia_MO_20240102__SRR35904089.deacon_filter.json	deacon_report	SRR35904089	796	61a22ac074e2cfaf23761115275513876d26bbdcb04fc8e4c16c01476e68c036
reports/Columbia_MO_20240102__SRR35904090.deacon_filter.json	deacon_report	SRR35904090	796	7d3a47d95079ce575173de907d1121a77a0fc7d25d4056f8bb6a65d15f83a63d
reports/Columbia_MO_20240109__SRR35904045.deacon_filter.json	deacon_report	SRR35904045	796	faf4e91dca63e6a66122fc6b63a4980271fd13845251c68c5057146fed654c29
reports/Columbia_MO_20240109__SRR35904056.deacon_filter.json	deacon_report	SRR35904056	796	f5e9f75e85a8686ca71ced163ea42eddba512998c58fd2565da84d07ebf5855c
reports/Columbia_MO_20240109__SRR35904067.deacon_filter.json	deacon_report	SRR35904067	796	9b9f060619896854456fc8e53c86de81606af78c52e324aa8896c17cc4e10df0
reports/Columbia_MO_20240116__SRR35904034.deacon_filter.json	deacon_report	SRR35904034	799	9f6c795af514f286378d2aefb4ed0a3a544a2740659c025aaec3acf72f92f80a
reports/Columbia_MO_20240123__SRR35904032.deacon_filter.json	deacon_report	SRR35904032	799	f628548b49b2fb534001f6eeb3a9dc4ee5e91405bced22e65ca97f4df1a84866
reports/Columbia_MO_20240130__SRR35904031.deacon_filter.json	deacon_report	SRR35904031	799	d70280282787bb6f58ace123c3e675823f371ac3096d2dd8151998979d342dbc
reports/Columbia_MO_20240206__SRR35904030.deacon_filter.json	deacon_report	SRR35904030	799	a114e868b4578425c97fbc76fc6725aa7831c8ddde0b700363eae3e70ab659b8
reports/Columbia_MO_20240213__SRR35904088.deacon_filter.json	deacon_report	SRR35904088	799	c95ea5974aed9204b823c5f5e0342fc0434010c15422892282a354e50ee83eaf
reports/Columbia_MO_20240220__SRR35904086.deacon_filter.json	deacon_report	SRR35904086	796	530c32293fd3e98f27571d0d965403351a3e3ecf4770abd4353dd2dc568bb2dd
reports/Columbia_MO_20240220__SRR35904087.deacon_filter.json	deacon_report	SRR35904087	798	b0456038ea69f00eccddf5ed3ce6dea151d81e349d00919b7585d3ea28a2b3ea
reports/Columbia_MO_20240227__SRR35904085.deacon_filter.json	deacon_report	SRR35904085	799	e2fffd0753480d4985957bb994e3ae4bbaaf192098d4d1acdabc27acd5d6aa66
reports/Columbia_MO_20240305__SRR35904084.deacon_filter.json	deacon_report	SRR35904084	799	c2b5836429215e2519e7a131840e2be82af304e1180bfdbfd07a7a5eedd160e4
reports/Columbia_MO_20240312__SRR35904083.deacon_filter.json	deacon_report	SRR35904083	799	17d9a07a8c6ccb084967978f3eb11a91515f2eb13f65b9084854714c8c160e9f
reports/Columbia_MO_20240319__SRR35904082.deacon_filter.json	deacon_report	SRR35904082	799	f9f75831f47373b872e82744fe1ec9ce40d65216d7190b29b8bd77adb4a7b759
reports/Columbia_MO_20240326__SRR35904081.deacon_filter.json	deacon_report	SRR35904081	799	a0c86db0780e4ff25d63574168bf7e701ed1f0fbcdb8a43e0eb7c102788c1a94
reports/Columbia_MO_20240402__SRR35904080.deacon_filter.json	deacon_report	SRR35904080	799	ae0e2a6aba39dbe0a9d1793e037476ed6ca78db73f996be81041f6dfabe457e2
reports/Columbia_MO_20240409__SRR35904079.deacon_filter.json	deacon_report	SRR35904079	799	21e0300aafc4cf53df89cc7a15eba654592951052066a8e4651f8eb48c734863
reports/Columbia_MO_20240416__SRR35904076.deacon_filter.json	deacon_report	SRR35904076	799	c979311e3954aac37658640d504adaac9b764db00246ccfbae29349993231b27
reports/Columbia_MO_20240416__SRR35904077.deacon_filter.json	deacon_report	SRR35904077	799	73ecebd1132a1b1683c036ec40eb22cbbee2f11d89b9592f7c14f03ec2d2e787
reports/Columbia_MO_20240423__SRR35904075.deacon_filter.json	deacon_report	SRR35904075	799	d18824d96d267f443a81a2fd7d7f88059be8e91f1027da8ffb0f6ba8583074e3
reports/Columbia_MO_20240430__SRR35904074.deacon_filter.json	deacon_report	SRR35904074	801	b8c0247eb29b62b646fd6ba47d7350cbc1182cab5361d84d6e26a5102aa379a0
reports/Columbia_MO_20240507__SRR35904073.deacon_filter.json	deacon_report	SRR35904073	799	6d71ca9a665f2c3d6a09494ea49b21fd62f8adbb08206ff59bc5dd56c94be032
reports/Columbia_MO_20240514__SRR35904072.deacon_filter.json	deacon_report	SRR35904072	799	3e3dd26637346f88f946970b1d909e76421392623576d2f48d7e664053a95f52
reports/Columbia_MO_20240521__SRR35904071.deacon_filter.json	deacon_report	SRR35904071	801	ee4124e93b82cac18bef7be1c06ea1e6663b35f45968f31485ca24051fe3505b
reports/Columbia_MO_20240528__SRR35904070.deacon_filter.json	deacon_report	SRR35904070	801	e75581f31d359351482bcfa7c5fb51af01020648b003e6083f7c16c6ec6b8e88
reports/Columbia_MO_20240604__SRR35904069.deacon_filter.json	deacon_report	SRR35904069	801	8e430eaa309238a9d9e2a0e7fc00304e759d9201c31b192c212ceabf30bdc48b
reports/Columbia_MO_20240611__SRR35904068.deacon_filter.json	deacon_report	SRR35904068	866	4ae0241887e5ebd3773ec7bc4a4fd731010408205959ffcb506477ddfe72da59
reports/Columbia_MO_20240618__SRR35904066.deacon_filter.json	deacon_report	SRR35904066	799	40ebc030dfb98df8bb98cca3114aff409253f5ed13952067f446b2f166ac49b1
reports/Columbia_MO_20240625__SRR35904065.deacon_filter.json	deacon_report	SRR35904065	800	975f517653872b067f6a90cd1ae15b1998877c2e24c688f56020f8863f11efff
reports/Columbia_MO_20240702__SRR35904063.deacon_filter.json	deacon_report	SRR35904063	799	c767fe0a99183912b31d6ea34b40941750626c64ea5eea8fe8c36f2e9c65f587
reports/Columbia_MO_20240702__SRR35904064.deacon_filter.json	deacon_report	SRR35904064	798	395203d9cedfe411afcfa5bf0639d0f697bdaeb3642f3f23a7fefbc90b3b35fb
reports/Columbia_MO_20240709__SRR35904062.deacon_filter.json	deacon_report	SRR35904062	794	665b053f98f8933b263af73f2f92b9e28ff94020f4b145f7da4be7010d1c6f46
reports/Columbia_MO_20240716__SRR35904061.deacon_filter.json	deacon_report	SRR35904061	867	a3c54581626381a14279360086701b1030a1814c7a0d325ef4e46cfe9751106c
reports/Columbia_MO_20240723__SRR35904059.deacon_filter.json	deacon_report	SRR35904059	867	1e3c4dd96a9ae4a523597ed36f50122ed0c13e21ea08398bc26d0ac7081e5c83
reports/Columbia_MO_20240723__SRR35904060.deacon_filter.json	deacon_report	SRR35904060	866	66bb1c1396278d62999a8017134910ae6c888db70cc66038aaa7284f17ef632a
reports/Columbia_MO_20240730__SRR35904058.deacon_filter.json	deacon_report	SRR35904058	867	6fa311f999a91f1e6113b2a58b1f74ef499708803fbb4c14db41d64df709ee1e
reports/Columbia_MO_20240806__SRR35904057.deacon_filter.json	deacon_report	SRR35904057	799	ae4e6d56a1860da04feed5aa90b40195d6d71d16c9de655a43f1f27b65899c9b
reports/Columbia_MO_20240813__SRR35904055.deacon_filter.json	deacon_report	SRR35904055	799	94a8e26c37cebb19181f07c07625b940d8634069e12d253c8198932e915dc72e
reports/Columbia_MO_20240820__SRR35904054.deacon_filter.json	deacon_report	SRR35904054	799	0c03a75911c1f73f7eb8eb6a0582f45354a838a7c23c6c6ca969ce45464cb707
reports/Columbia_MO_20240827__SRR35904053.deacon_filter.json	deacon_report	SRR35904053	799	b05fdf4fb3c650f3619e5f3ee978ded7d664f3e177bc250982f9631d36ce1051
reports/Columbia_MO_20240903__SRR35904052.deacon_filter.json	deacon_report	SRR35904052	799	e7e581bbefbc750d32a30d7349c829fbad79a52d0cc6e8b00a89556c1436e558
reports/Columbia_MO_20240910__SRR35904051.deacon_filter.json	deacon_report	SRR35904051	799	df8e6d85184696210a253f35e5f02568c9db2d8a6b14d8b1f21eb56099e6e444
reports/Columbia_MO_20240917__SRR35904050.deacon_filter.json	deacon_report	SRR35904050	865	587c88b3d2dd6c1a38b05cfac435404e8389be0d1f5dd12855296f5fa63698e4
reports/Columbia_MO_20240924__SRR35904049.deacon_filter.json	deacon_report	SRR35904049	799	cca17836cbefdc3c23f51ac3474c55543e1c47255220e00226b85db8243e195f
reports/Columbia_MO_20241001__SRR35904048.deacon_filter.json	deacon_report	SRR35904048	797	7eecf8ddab8172383cadf5eb7a7e442f2fd1e057f5411059f83098300a0b1425
reports/Columbia_MO_20241008__SRR35904047.deacon_filter.json	deacon_report	SRR35904047	797	a0a6dba40b1a0e8f72681bf15d0acd1b1de1e458c66e2275ba211ecc8583c946
reports/Columbia_MO_20241015__SRR35904046.deacon_filter.json	deacon_report	SRR35904046	799	6fd3827311b6454251daa830a2050079415ce19e0dfbaa58e44298124593a099
reports/Columbia_MO_20241022__SRR35904044.deacon_filter.json	deacon_report	SRR35904044	799	f39727721c8399f7a1f876d05b2ffb492a6dbee06ef919956df3890df1efe877
reports/Columbia_MO_20241029__SRR35904043.deacon_filter.json	deacon_report	SRR35904043	799	cd012f1e21e54611208a0ab1b44844876954bca8801412db416bb61c49753a06
reports/Columbia_MO_20241105__SRR35904042.deacon_filter.json	deacon_report	SRR35904042	801	909564f665a61b515db3597b7f877f5f90b4221a652bcc1b1156feaf08d2e710
reports/Columbia_MO_20241112__SRR35904041.deacon_filter.json	deacon_report	SRR35904041	799	2d3e6bc8dc44645084b16f7eaf6871a37f6c96f565758d4626aae730b481cbe3
reports/Columbia_MO_20241119__SRR35904040.deacon_filter.json	deacon_report	SRR35904040	799	79fd3e552e32424d531b091b72220368f0f04ce35a8f1cd2c6f492c46d976c37
reports/Columbia_MO_20241126__SRR35904039.deacon_filter.json	deacon_report	SRR35904039	799	f133c51998a2980120d7d520f62de7c4e52532f052d9b8b1fd9c7cfb67dcc278
reports/Columbia_MO_20241203__SRR35904038.deacon_filter.json	deacon_report	SRR35904038	799	1de836815d2c0c53c89a85a27356831f150c4f71233a0ecad26f5ed2312f9772
reports/Columbia_MO_20241210__SRR35904037.deacon_filter.json	deacon_report	SRR35904037	801	fa7c24ef79ac5f32b667c5f35e95557e3e341d92e4a763760ac2a17775b2c0ec
reports/Columbia_MO_20241217__SRR35904036.deacon_filter.json	deacon_report	SRR35904036	801	e88ec7dab32f9be3f55cd98fba1ff7602c62f38b199967bc66383c30e182310c
reports/Columbia_MO_20241224__SRR35904035.deacon_filter.json	deacon_report	SRR35904035	799	54d50e24e285f7dc0be10c2f94b32d46e1357d138fbf53dee18db787b7ac2313
reports/Columbia_MO_20241231__SRR35904033.deacon_filter.json	deacon_report	SRR35904033	801	ea82df06f07cc1f72402fdfd72fa460ddb337c856ef3cd34b81733803d4d8a67
reports/Columbia_MO_20250107__SRR35917740.deacon_filter.json	deacon_report	SRR35917740	801	403fbcc40eacb3c421a666f4e91f9a0c2440782127c2d8bd00f32a291e5e748c
reports/Columbia_MO_20250114__SRR35917739.deacon_filter.json	deacon_report	SRR35917739	799	cfc840a794e0cc6f0167c91ac602577628004a3044c1c75be36ac0acbf5f2075
reports/Columbia_MO_20250121__SRR35917728.deacon_filter.json	deacon_report	SRR35917728	800	a4445c1fb5332d4c072a5006fcdd219cf36c3c0bab52510c9cf5d7de3839935c
reports/Columbia_MO_20250128__SRR35917722.deacon_filter.json	deacon_report	SRR35917722	801	f4c0202b66b436c4b607757593456783b540e3bee1d322210d2effd744fd5839
reports/Columbia_MO_20250204__SRR35917721.deacon_filter.json	deacon_report	SRR35917721	801	1a6bf32e8350dcf5e423ce847b1161602684ca73d4ac1a5d7e02813214f730b8
reports/Columbia_MO_20250211__SRR35917720.deacon_filter.json	deacon_report	SRR35917720	798	fd54dcf2806f3162a4e8417d28cabccc744d72928ddbf1d001d515bea5a093a8
reports/Columbia_MO_20250218__SRR35917719.deacon_filter.json	deacon_report	SRR35917719	799	8246a1b9e5aaf85bb24c146350aa2aab1189a3172af99e098b2d57f20a6e9e60
reports/Columbia_MO_20250225__SRR35917718.deacon_filter.json	deacon_report	SRR35917718	800	bd2b320a15cd070f140b664a7c024a641d9d26cc5bd4c51fdc9f1bb6fcaf7035
reports/Columbia_MO_20250304__SRR35917717.deacon_filter.json	deacon_report	SRR35917717	799	ad51a430289413939eddc18dab6a843b17a8ef54dfccdf5b09413fd07176ad4f
reports/Columbia_MO_20250311__SRR35917716.deacon_filter.json	deacon_report	SRR35917716	801	ca97a772c75e40d0859e7178cfb696b6e2f0cfe35019fac143bfb37c2e10c87f
reports/Columbia_MO_20250318__SRR35917738.deacon_filter.json	deacon_report	SRR35917738	801	9a33f914fcbf7efc1bcaced498c33cf9a62d07a3e8f1760aca247cc40f26b036
reports/Columbia_MO_20250326__SRR35917737.deacon_filter.json	deacon_report	SRR35917737	801	5992d2877fc1a374dedac951a0a73c1e122695b8bc64f623bb4a5282b4c3fdb2
reports/Columbia_MO_20250401__SRR35917736.deacon_filter.json	deacon_report	SRR35917736	801	7195e838f520eb580acf8e356cfa82b8cd0d10c3caa2f2e40a49022363623cbc
reports/Columbia_MO_20250408__SRR35917735.deacon_filter.json	deacon_report	SRR35917735	799	a90d718e56efb7d1388aa7381bb28097ebff935007eb59d8e662828c55fc5517
reports/Columbia_MO_20250415__SRR35917734.deacon_filter.json	deacon_report	SRR35917734	801	0262f5451b763f7763a253364ce948634f89698f9e8e0e472d2f74f96f414a8b
reports/Columbia_MO_20250422__SRR35917733.deacon_filter.json	deacon_report	SRR35917733	799	7b9625036cb015f945379546e6fae1af344aad7c65645ec9ccdb13875b63eeee
reports/Columbia_MO_20250429__SRR35917732.deacon_filter.json	deacon_report	SRR35917732	799	7dfde2cafd0b5d633d6f8c8bd56b9673a961b06a99f50eba6d5c1ef180ef0324
reports/Columbia_MO_20250506__SRR35917731.deacon_filter.json	deacon_report	SRR35917731	799	08dcd3107749f6714bead9af9d8547197e67acea55f217e6644aadebfd9736e1
reports/Columbia_MO_20250513__SRR35917730.deacon_filter.json	deacon_report	SRR35917730	801	0841459c14dd887a5e0229588544a3a8afcd5200cd5652ed0f0040f4f9ddc650
reports/Columbia_MO_20250520__SRR35917729.deacon_filter.json	deacon_report	SRR35917729	799	721adc725992a48f7bc43e128d0b00a4f1fb86b16b4265820bb15b3775e043c2
reports/Columbia_MO_20250527__SRR35917727.deacon_filter.json	deacon_report	SRR35917727	799	1ea2f4fe09325444d9558d5682bb5cc3ac656227ecf652d24c155b4376e43269
reports/Columbia_MO_20250603__SRR35917726.deacon_filter.json	deacon_report	SRR35917726	799	612d81a6d4d5f3ce05f8a36629ec56c03979d15aa7c93782097bf8755f4ce81a
reports/Columbia_MO_20250610__SRR35917725.deacon_filter.json	deacon_report	SRR35917725	799	7d28f9dbad7f1c1dc8a5a4b54599c017a8e460129c9fb17a6edd0110e385b9e1
reports/Columbia_MO_20250617__SRR35917724.deacon_filter.json	deacon_report	SRR35917724	798	a4d64c647cd8da166a4aa4ae22e43c91df772f457cc01470a7072674b761c80f
reports/Columbia_MO_20250624__SRR35917723.deacon_filter.json	deacon_report	SRR35917723	799	5f407e0f2115f95ba18ffe91f87b1ab4d436d14e71741b543dec96339b3ce013
reports/DITP-20250212-North-R1-A1__SRR33038136.deacon_filter.json	deacon_report	SRR33038136	803	cea555b7aea73bffba87be3a0c3ea7861cf58483c53b99ec8e5aa65000eea08c
reports/DITP-20250212-South-R1-A1__SRR33038179.deacon_filter.json	deacon_report	SRR33038179	804	51efe3fab2bef0a1ce09dd170fa728e6b60090f34ba7afe1876a0b1e0bb86df8
reports/FL_Miami_20260112__SRR37181150.deacon_filter.json	deacon_report	SRR37181150	796	81963f043b08035644872d04be798b5f19d4326f452805b765ccdc65b86605b1
reports/FL_Miami_20260119__SRR37181172.deacon_filter.json	deacon_report	SRR37181172	795	5f72fb1ffcb6804cd468ad3cfafdb99e9cef5b9eb6f761e71e8b83b7835ec1ba
reports/FL_Miami_20260126__SRR38294711.deacon_filter.json	deacon_report	SRR38294711	796	35b539f5993c356d137f6e9cf25a00791400d6ae69d3ea7741c598a5be7a4894
reports/FL_Miami_20260202__SRR38294710.deacon_filter.json	deacon_report	SRR38294710	796	32bbf48d872c3e0bc2fd440ad792cc179096351451942d14540b4e3203602160
reports/FL_Miami_20260209__SRR38294708.deacon_filter.json	deacon_report	SRR38294708	796	cbc27cf51da382a75e779fb6ee9f63aabb5848170d6b0966f28b0a30d7772880
reports/FL_Miami_20260216__SRR38294709.deacon_filter.json	deacon_report	SRR38294709	796	2bfa21e917e578b7176d7df07439ff6500231a9de1fd884bcf7d68a8c745b2f4
reports/FL_Miami_20260223__SRR38294707.deacon_filter.json	deacon_report	SRR38294707	796	ad38ba6ba06f36dca9246c62ffc76db3ba5cb5d3f66fe4ef24c17d1938486e3f
reports/FL_Miami_20260302__SRR38294705.deacon_filter.json	deacon_report	SRR38294705	796	4c554fd9a748a6a0de83fa112d41676fba2100bbdf52ddb23dfc54b412f81199
reports/FL_Miami_20260309__SRR38294704.deacon_filter.json	deacon_report	SRR38294704	796	cdad01125cb773759aa13a6f193a62a22eb410201c5ea215cf8380667a755ff7
reports/FL_Miami_20260316__SRR38294953.deacon_filter.json	deacon_report	SRR38294953	796	4b1b25916d0950630b00b8143b1b51f382d2650144ddd9c91fb4fed27cad6943
reports/FL_Miami_20260323__SRR38294952.deacon_filter.json	deacon_report	SRR38294952	796	5f829256e96e70629a565ef53fc4ea691ca2eba21fad235822c113f3f1539996
reports/FL_Miami_20260330__SRR38294948.deacon_filter.json	deacon_report	SRR38294948	796	9957047fc705ec9e77185ebbdb5518939e8ceff58419c96a59525326619a7efa
reports/FL_Miami_20260406__SRR39695043.deacon_filter.json	deacon_report	SRR39695043	796	fd30d2d4de2be173369388d03a730eecdbb585b4502b064be5e7ea76bab69db2
reports/FL_Miami_20260413__SRR39695044.deacon_filter.json	deacon_report	SRR39695044	796	5a45daaaa104f335a5aebe38203cdcae5ad9ddab27cb84e53dbd5b281d2b90e9
reports/FL_Miami_20260420__SRR39695042.deacon_filter.json	deacon_report	SRR39695042	796	4e9f049d74c5f24d09191b91edc5262350c6c384035f5b01d2b83cbe3492077e
reports/FL_Miami_20260427__SRR39695041.deacon_filter.json	deacon_report	SRR39695041	796	694ab3096c458f9e51972e0a6dd57c6c62a70525acda1fcd97fff52ba56b6398
reports/FL_Miami_20260504__SRR39695092.deacon_filter.json	deacon_report	SRR39695092	796	d0154d2c2f95fff768629ef708fbba78ab81f48979d399971b2233dd4fdb57a6
reports/FL_Miami_20260511__SRR39695090.deacon_filter.json	deacon_report	SRR39695090	796	11b4840e54356da671ffb5dd483cb67214f71eb9813987208fef399edc7d2c60
reports/FL_Miami_20260518__SRR39695037.deacon_filter.json	deacon_report	SRR39695037	796	c70286d8ed818260754b5228dffc04f147b828f6aa9ddda58d48f6aced32ca04
reports/FL_Miami_20260526__SRR39695226.deacon_filter.json	deacon_report	SRR39695226	864	85c801acd3dcb15c342709bd03932e59a3c6ba3765d498dc44a4c4cc521f7e50
reports/FL_Miami_20260601__SRR39695225.deacon_filter.json	deacon_report	SRR39695225	796	b550387a6b000d3fb169033b1dd438f626ea5cd0dc3d578e31e3dd46280cc1b4
reports/FL_Miami_20260608__SRR39695224.deacon_filter.json	deacon_report	SRR39695224	864	a76abb3a914956f882ea7d7a1bbdf1be2402e468a3af9ef42e2c802fb615960a
reports/FL_Miami_20260615__SRR39695222.deacon_filter.json	deacon_report	SRR39695222	795	df84bd590f0225c7b4b234e9bd0100380de687c0d50bcde14bf21754c0d692ac
reports/FL_Miami_20260622__SRR39695221.deacon_filter.json	deacon_report	SRR39695221	796	e506607bdbf8ec26cc744491c9089ff8e004483d89bea9f11178be38d1a7c0f9
reports/FL_Miami_20260629__SRR39695220.deacon_filter.json	deacon_report	SRR39695220	862	3eccf95f37ada303a7b1438f98649e7cdd67424a166614d9de03ca249dc9c4af
reports/IAOTT_20250219__SRR35946918.deacon_filter.json	deacon_report	SRR35946918	793	d76a775ae10fd48c936739d0b319aa9f60f3d287e8ae76e9cee29cf5385b5dd0
reports/IAOTT_20250226__SRR35946917.deacon_filter.json	deacon_report	SRR35946917	793	55f571bf0f23c85d032cdf22e6278ed4ebe1812d81143d7c6ec60ba62569c647
reports/IAOTT_20250305__SRR35946906.deacon_filter.json	deacon_report	SRR35946906	793	d7998b9d02e11fe02cd554937534f5e568da0c0ab20113a014f6846c58cb9722
reports/IAOTT_20250312__SRR35946905.deacon_filter.json	deacon_report	SRR35946905	793	d74afda149196bcbaf35e029882f3008ab9fbc6ecbe12ccfc2faa7e0ecf6e642
reports/IAOTT_20250319__SRR35946894.deacon_filter.json	deacon_report	SRR35946894	793	d9ddaa4885370243c0d859d14ff122c59e21ec9599c11278d7f06fe6d88026a0
reports/IAOTT_20250326__SRR35946895.deacon_filter.json	deacon_report	SRR35946895	793	1497179ac427efd396a831f00004c217db76807785783e80524a1fc8ed90e3a1
reports/IAOTT_20250402__SRR35946896.deacon_filter.json	deacon_report	SRR35946896	793	368ac33bae8348a782332781b5994b5fda7081bab35ce56fa94746df5beea19e
reports/IAOTT_20250409__SRR35946897.deacon_filter.json	deacon_report	SRR35946897	793	9140ca55e15e612e898cd4e6f9413c1d309c4f7af10ada874f4f9be44640eec7
reports/IAOTT_20250416__SRR35946898.deacon_filter.json	deacon_report	SRR35946898	793	9af2fbaac8d62f6a8254e5ec08cc5db450a1599e486de4f8d59415d8f9f37ca8
reports/IAOTT_20250425__SRR35946899.deacon_filter.json	deacon_report	SRR35946899	791	8e3402a328e85110746a586b329ec8f7a7db4cbdce4e86f00a9da9e34033cdfa
reports/IAOTT_20250430__SRR35946916.deacon_filter.json	deacon_report	SRR35946916	793	710235deeb18ac9b5ed8ae7dbcd41f6d03c0a43907ae73e9c0c2d89ae458b888
reports/IAOTT_20250507__SRR35946915.deacon_filter.json	deacon_report	SRR35946915	792	c14bba4ce94ecc4e31f850b430d2161a4021ef3d37c56430da0a85532ec6add4
reports/IAOTT_20250514__SRR35946914.deacon_filter.json	deacon_report	SRR35946914	857	88ce4c0572f1fdc1a89d1eb87c2b4824909d8e3e4b7df45e5dcb7cf2bc88757f
reports/IAOTT_20250521__SRR35946913.deacon_filter.json	deacon_report	SRR35946913	793	117b168e84242c1e45781ddc3f3f11560a45ad4e57899c5aab6bf7b2ab68570e
reports/IAOTT_20250528__SRR35946912.deacon_filter.json	deacon_report	SRR35946912	793	aeaa4bf2d99f80266596fc4a126a5c74a00a270b0e260dbc26b438d5e3ca9572
reports/IAOTT_20250604__SRR35946911.deacon_filter.json	deacon_report	SRR35946911	793	34c9c01c108d819fd761fd9d642ff14ae6118a8b9d4c1fabb3625b344350df73
reports/IAOTT_20250611__SRR35946910.deacon_filter.json	deacon_report	SRR35946910	793	e5f63fdf61422af7f3b20af0c177c391981a9fbbf744f34ae11cb52ac6286180
reports/IAOTT_20250618__SRR35946909.deacon_filter.json	deacon_report	SRR35946909	793	618424278acb26c9d149ee89eba3f8d212fd61c8df09ca1ca87752815a3fddcc
reports/IAOTT_20250625__SRR35946908.deacon_filter.json	deacon_report	SRR35946908	793	656fa0f4dfaea07d23fc0589135d1d12b46222edb9850d005ccaeec9d27b9988
reports/IAOTT_20250702__SRR35946907.deacon_filter.json	deacon_report	SRR35946907	793	e4c9779e513962b489ee0a9111f188a4e71b1e700787e2f454f00eb597243bcf
reports/IAOTT_20250709__SRR35946901.deacon_filter.json	deacon_report	SRR35946901	793	f15a20db5726590f7590eacb9a42bc50ac9ec71fd787ab67dbbb3e9e5a8e3a40
reports/IAOTT_20250716__SRR35946903.deacon_filter.json	deacon_report	SRR35946903	793	660f31019e32c98fa3bbb57f7fb528ebc19bb28724fa88a3d32c5bc403db8137
reports/IAOTT_20250723__SRR35946904.deacon_filter.json	deacon_report	SRR35946904	793	d1b8ae785e2d7fc408528f99c958e56dd713b34e0e57809976f2f23731f06cc3
reports/IAOTT_20250730__SRR35946900.deacon_filter.json	deacon_report	SRR35946900	793	a87241c32777a972372d6ca17cd359156d6e2a9bd862cbecc796d17558e1e5f4
reports/IA_Ottumwa_20250806__SRR35946902.deacon_filter.json	deacon_report	SRR35946902	798	c638db42fc5aaabb6bad0500f82840678992acda749c7140f83494b5dd32123b
reports/IA_Ottumwa_20250814__SRR35946885.deacon_filter.json	deacon_report	SRR35946885	798	f28331623f6b60877a5cce0dc1c22ee597fa02b3e7008b5110702d54c2ee819d
reports/IA_Ottumwa_20250820__SRR35946886.deacon_filter.json	deacon_report	SRR35946886	798	e857c97f23f12ae90be2e373bf84b315621064189301700ef92cce4cad363bc5
reports/IA_Ottumwa_20250827__SRR35946887.deacon_filter.json	deacon_report	SRR35946887	798	58340a300ec56dfdd4473834e96112d6f92b0918fcd666ee247a6a4e01e4d043
reports/IA_Ottumwa_20250903__SRR35946888.deacon_filter.json	deacon_report	SRR35946888	798	e8babe4ad5de387f16daa19c497b6b87a12187fd6f48919825629e0bfa8c1bfe
reports/IA_Ottumwa_20250910__SRR35946889.deacon_filter.json	deacon_report	SRR35946889	798	c2a7d1916d54609f7bd5c77f64f5a8c7b326d20faa596a1a3b53cd95768449e0
reports/IA_Ottumwa_20250917__SRR35946890.deacon_filter.json	deacon_report	SRR35946890	798	3c2334ea66449768ee85aca8433f0a42f572e017dc401fc4d7fdbc70966cbcf3
reports/IA_Ottumwa_20250924__SRR35946891.deacon_filter.json	deacon_report	SRR35946891	798	f6eb798f02a8bb1c3b65bfa36b6327f620ebe5ecb412d9e9e14ef86bfe730a0b
reports/IA_Ottumwa_20251001__SRR35946892.deacon_filter.json	deacon_report	SRR35946892	797	830c9325b637d735f158943e9b8ccac08430d437be2a0c4b22731826d9c82266
reports/IA_Ottumwa_20251008__SRR35946893.deacon_filter.json	deacon_report	SRR35946893	798	acbc97d486b3fb4ccbcd6adb50388a2dfd187edd0afe773c5c4954da3050cd73
reports/IA_Ottumwa_20251015__SRR36877034.deacon_filter.json	deacon_report	SRR36877034	798	c416d356d1384bfd279b56d2561ef0922b9b3b831aa0b5d0ed7ec29538afe1a9
reports/IA_Ottumwa_20251022__SRR36877033.deacon_filter.json	deacon_report	SRR36877033	798	36cadfb3f4512dfbcab7c7eabaceca31788e9a39bb816e9683f26df5900a4c07
reports/IA_Ottumwa_20251029__SRR36877021.deacon_filter.json	deacon_report	SRR36877021	798	d8fec1a5d49429105ddf11a8e90a5fd828c48f1fe2f895b9d3e5534bda185f0e
reports/IA_Ottumwa_20251105__SRR36876998.deacon_filter.json	deacon_report	SRR36876998	798	1935965da6901bfa65e24b3855027c7860c6aa2e8bab38ce94204681bc6e76b2
reports/IA_Ottumwa_20251112__SRR36876974.deacon_filter.json	deacon_report	SRR36876974	798	f79915edf66c9b78b193be3a9faf22274064e2efce8725ec936f7d15b1c91ce0
reports/IA_Ottumwa_20251119__SRR36877016.deacon_filter.json	deacon_report	SRR36877016	798	7f0cb7876f98f3b25f99eba13411b593d43149f3bbf5cefe7873c1acd4d09368
reports/IA_Ottumwa_20251124__SRR36876961.deacon_filter.json	deacon_report	SRR36876961	798	e378125bce0fc38143f7e0daf9820b7eb10f109092168c4c42a383bc92d3df95
reports/IA_Ottumwa_20251203__SRR36876992.deacon_filter.json	deacon_report	SRR36876992	798	b11333ba43681b79fb34c25a578a50dad6a20e25d4dfefb9398e6abbe109b95b
reports/IA_Ottumwa_20251210__SRR36876983.deacon_filter.json	deacon_report	SRR36876983	798	bcc9bf1daf39321fd608e247fec30f35599bdcac87eada1a6e0f950933a2004b
reports/IA_Ottumwa_20251217__SRR37092400.deacon_filter.json	deacon_report	SRR37092400	798	347349ad6f89e404d5b11d435fe71e71efbeea8c8465a6182b66b97878430705
reports/IA_Ottumwa_20251222__SRR37092399.deacon_filter.json	deacon_report	SRR37092399	798	1d4adaeaf43cd6edfbe33960cf35f46aabe7788ff0fbcb4e451d95998c658171
reports/IA_Ottumwa_20251231__SRR37092398.deacon_filter.json	deacon_report	SRR37092398	798	b22ea4c3dd3b1ef057095ec88810c2dc6f0917c729f960f1f268ce22f60505da
reports/IA_Ottumwa_20260107__SRR38294949.deacon_filter.json	deacon_report	SRR38294949	798	2c69d125b5c223cb3f5ee94ed5c02bc1b85feb4aea1f2d8ce5ffccaf7783424a
reports/IA_Ottumwa_20260114__SRR38294947.deacon_filter.json	deacon_report	SRR38294947	798	a50ef5ba3834c6199b4b3f9f71efdc1b4d7e18eb7a36f946f1a3d61461dbb180
reports/IA_Ottumwa_20260121__SRR38294946.deacon_filter.json	deacon_report	SRR38294946	866	6039b261916b0b7a6629eb27948a2b6a255fac68a5eb549c0d7175d4da6e0504
reports/IA_Ottumwa_20260128__SRR38294945.deacon_filter.json	deacon_report	SRR38294945	798	1fc372d5eedcf3125d6e8c22087c68c7c2dcd95891b98b60dc8e652c1184a9ca
reports/IA_Ottumwa_20260204__SRR38294943.deacon_filter.json	deacon_report	SRR38294943	798	144545f778f6f54ccfa7453b95388794c91258f6d7d99e1cc1a4528ce1776f8c
reports/IA_Ottumwa_20260211__SRR38294939.deacon_filter.json	deacon_report	SRR38294939	798	8e276d088e63590978ba54d8003c6bcd1a1262a242985160680b710c29fad838
reports/IA_Ottumwa_20260218__SRR38294753.deacon_filter.json	deacon_report	SRR38294753	798	2f52f4ef822765a09f2530808f2954f8cd1bbf0bac5e7197248c8744e393ab0b
reports/IA_Ottumwa_20260225__SRR38294703.deacon_filter.json	deacon_report	SRR38294703	798	48389bba8d4e0fe2426db88006fba85032ba285cba66ffcabf7334aa672647c6
reports/IA_Ottumwa_20260304__SRR38294702.deacon_filter.json	deacon_report	SRR38294702	798	b78d501e95cb3aef25a3956a09dfeec34e04f5d1fe5dcc5ce21880eb2d15ff75
reports/IA_Ottumwa_20260311__SRR38294701.deacon_filter.json	deacon_report	SRR38294701	798	fbe4330b05674df25be646e3b77687ff9da327578cd0bc82e710d94c0f829829
reports/IA_Ottumwa_20260318__SRR38294700.deacon_filter.json	deacon_report	SRR38294700	798	a44b068a6c4b2d8863ec018b586101a1e2b188efc63f7c3f9e73cc83c0756a7e
reports/IA_Ottumwa_20260325__SRR38294699.deacon_filter.json	deacon_report	SRR38294699	798	fafb96d913dee6a5fd72057ed10a38025eab6812dfa058be44e1d666cf6d0979
reports/IA_Ottumwa_20260401__SRR39695218.deacon_filter.json	deacon_report	SRR39695218	798	984aa283087a7cbbb9a9221380ea791889f60f8568550a0e7b5564cf8d3a2796
reports/IA_Ottumwa_20260408__SRR39695219.deacon_filter.json	deacon_report	SRR39695219	798	f8931f054fff9cb2c951f370e91b8a488e8af8b624784ae62283ddf158264f8a
reports/IA_Ottumwa_20260415__SRR39695217.deacon_filter.json	deacon_report	SRR39695217	798	ed38419e4753196680ee88717800e7bff9da56ba66d7c625d208703fc83fe3af
reports/IA_Ottumwa_20260422__SRR39695216.deacon_filter.json	deacon_report	SRR39695216	798	9d6cdce8544c26b71fef34a13c5d849e796e803c7b0f111064f10d5ce5232df9
reports/IA_Ottumwa_20260506__SRR39695215.deacon_filter.json	deacon_report	SRR39695215	798	0495a37e3fd54f23e72f8006969a7ab1dbcd77d9859868154ce72b3f7629f4c1
reports/IA_Ottumwa_20260513__SRR39695213.deacon_filter.json	deacon_report	SRR39695213	798	10c723c126873159911040de625b1c3557a023240b753ff8789bc7fb5d0a9e97
reports/IA_Ottumwa_20260520__SRR39695097.deacon_filter.json	deacon_report	SRR39695097	798	9df72970e4cd1e83fc19fc5936e72e587c57e76e87e5fa2c14c9b98ff55f81d7
reports/IA_Ottumwa_20260527__SRR39695096.deacon_filter.json	deacon_report	SRR39695096	798	94b6f45433da6f1ab8d4405637a3b3024c15e1c390da44a3c0db4501d74ea886
reports/IA_Ottumwa_20260603__SRR39695095.deacon_filter.json	deacon_report	SRR39695095	798	7249d668b866487c2f0e49cd6047beb481eef43361e3b9a5b2ef9ac3fe549fbc
reports/IA_Ottumwa_20260611__SRR39695094.deacon_filter.json	deacon_report	SRR39695094	798	a4089565f9ce6c326fd49c7a2a57f4ae49503a3560fddd74a5a07aca5ba60a66
reports/IA_Ottumwa_20260617__SRR39695093.deacon_filter.json	deacon_report	SRR39695093	798	d8e328bc5c174384a4e5b67f3b005d6b514544ddeb918df66a62c9353f419601
reports/IA_Ottumwa_20260624__SRR39695091.deacon_filter.json	deacon_report	SRR39695091	798	ab352816f9394cf006320b2b0dc27a7d35f43f7d9aaf621c8f38695ee8b1b663
reports/ID_Boise_20241104__SRR36876984.deacon_filter.json	deacon_report	SRR36876984	796	0b57e65c8ad4feb9e9c65c1b8ce826370cb72ab94f22ade639c23a4e84322936
reports/ID_Boise_20241118__SRR36877032.deacon_filter.json	deacon_report	SRR36877032	796	9b2ffb4e3885c4fcbf55a18bea6886e54064eb37af267a15e5f402eee333cb74
reports/ID_Boise_20241125__SRR36877031.deacon_filter.json	deacon_report	SRR36877031	796	d9bacf508fa71f2db15f2446dbcc4154a8988b466f35055e185dca471a10f075
reports/ID_Boise_20241202__SRR36877030.deacon_filter.json	deacon_report	SRR36877030	795	897d9b3b954c7e71d10502d71f6f29704c8511a97a2fbe733f2c20c944b588a3
reports/ID_Boise_20241216__SRR36877028.deacon_filter.json	deacon_report	SRR36877028	796	1d9b24a9f7d3bc43d286032e905f4524bce481b97c72fd70b64f99e79b4b3052
reports/ID_Boise_20241223__SRR36877029.deacon_filter.json	deacon_report	SRR36877029	796	63b9d08990eabe781dbb06fbe4d6cd5995fc6baae339e7786fe8c2244410ab1d
reports/ID_Boise_20241230__SRR36877027.deacon_filter.json	deacon_report	SRR36877027	796	7a103145461d022b8e0bc2683709df00ac6c284ec7cdd7d54058173eeadf0986
reports/ID_Boise_20250106__SRR36877026.deacon_filter.json	deacon_report	SRR36877026	796	cc8365a3144115afe3c6f6bd6038127f41ed0292cfe56f4770356d410ad548cb
reports/ID_Boise_20250113__SRR36877025.deacon_filter.json	deacon_report	SRR36877025	796	d330acefe95f1bab05b15af6ed2728c16075c35d58111b13a0505126dbe418b7
reports/ID_Boise_20250120__SRR36877024.deacon_filter.json	deacon_report	SRR36877024	796	d16def80b3714dd9397b86de5faf2ae2f38f2336782fea256205e992f6f763c8
reports/ID_Boise_20250127__SRR36877023.deacon_filter.json	deacon_report	SRR36877023	796	bda82d89289104b94f22180c81a55b90e46f67aa3dca8e34cf1a58053c97ddcd
reports/ID_Boise_20250203__SRR36877008.deacon_filter.json	deacon_report	SRR36877008	796	53ace25b0e2df95ae5c44883d86b994116baa695e99baaeaa60d837d75bc428c
reports/ID_Boise_20250210__SRR36877007.deacon_filter.json	deacon_report	SRR36877007	793	b10bfcfac188948a6c6e8898fe56f3221f071d5043f5fc0813e22cd1ff71eab4
reports/ID_Boise_20250224__SRR36877006.deacon_filter.json	deacon_report	SRR36877006	796	e86771e291b177a3d0095d7ba2a8a5f0cde926b7c489a26fd54cae376cae7b4b
reports/ID_Boise_20250310__SRR36877005.deacon_filter.json	deacon_report	SRR36877005	795	db18e8f4cd97a4ef6b330acf1ce8111c2c8413a8e9e1348a2ba10d1a2d78ab41
reports/ID_Boise_20250317__SRR36877004.deacon_filter.json	deacon_report	SRR36877004	796	f0bb2c2311dd96fa066a8047741c09ed06b056fc09f8e674d90b07c17eabdb9c
reports/ID_Boise_20250324__SRR36877003.deacon_filter.json	deacon_report	SRR36877003	796	6b55fabefd515cdf809e33ceacd9d32a29870a23f481cf0aff3f953492801fdd
reports/ID_Boise_20250331__SRR36877002.deacon_filter.json	deacon_report	SRR36877002	796	15076e03507b57f12a2672f82538c5edad99714890f60a84d71c4140f69e218d
reports/ID_Boise_20250407__SRR36877001.deacon_filter.json	deacon_report	SRR36877001	796	8e49c27f0f2ec544e7c3621f06c18e1ccdc7a52886d33d3421007b9d920b3721
reports/ID_Boise_20250414__SRR36877000.deacon_filter.json	deacon_report	SRR36877000	796	f2230e830f2e4f75dad8e652fb61a8e4456f3f39baaefa16893b87b5e55aacf2
reports/ID_Boise_20250421__SRR36876999.deacon_filter.json	deacon_report	SRR36876999	796	8b36ebf47c8e7f9d7c06be53a40f32e714eada55e445cbcfc0d7cab9dc1a0d68
reports/ID_Boise_20250428__SRR36876997.deacon_filter.json	deacon_report	SRR36876997	796	3bd9dac2dddbd8e60d715b118b3cf58a20d936e6f87d984d8f8815b97cb9aedb
reports/ID_Boise_20250505__SRR36876996.deacon_filter.json	deacon_report	SRR36876996	796	187d8e04867ffce1bb15f4b175597c21b17cdb63e895df79e5bdf08d7a118641
reports/ID_Boise_20250512__SRR36876995.deacon_filter.json	deacon_report	SRR36876995	796	2532025f785e3a19db510bab20d957de492779b03595eb765c7f32dbc72e4141
reports/ID_Boise_20250519__SRR36876993.deacon_filter.json	deacon_report	SRR36876993	796	9b31acdd6c11dac6ebb8c92e86071d0787f4a4880367d7ca2d0563432337b4f8
reports/ID_Boise_20250526__SRR36876980.deacon_filter.json	deacon_report	SRR36876980	796	70f7cabc14a764782b1e3d49a50c7cc56f3eb0c7a7c5d1c574d952529bc3d428
reports/ID_Boise_20250602__SRR36876979.deacon_filter.json	deacon_report	SRR36876979	795	285989eb1cd46780fb8fcc0826c1c2c4f6c0e8ca7446232d68f44b8bf41d8732
reports/ID_Boise_20250609__SRR36876978.deacon_filter.json	deacon_report	SRR36876978	796	5a987c485f0929a4a817d3afecb2885486ab9c699140fb6fe64823162714305b
reports/ID_Boise_20250616__SRR36876977.deacon_filter.json	deacon_report	SRR36876977	796	532bfcb3bf28b5fc5892c3d24a8f55abe0ae8de48932af6ebb5d647ae9100e96
reports/ID_Boise_20250623__SRR36876976.deacon_filter.json	deacon_report	SRR36876976	796	a481e75874b92f0078be971ad2fe057802501dcf19ff0bb4884d16266993032d
reports/ID_Boise_20250630__SRR36876975.deacon_filter.json	deacon_report	SRR36876975	864	3618afac0e1ce3cee4d8ce1b54c1bdc850e6b07f17f4464d9a61d777a49d3d9a
reports/ID_Boise_20250707__SRR36876973.deacon_filter.json	deacon_report	SRR36876973	864	c7ed2820b4b61e501963bb3c4e707c96b5510f74f050def050fc7a38ad18f5b8
reports/ID_Boise_20250714__SRR36876972.deacon_filter.json	deacon_report	SRR36876972	796	ac5702295660ac56f6a918cc3ddc869e5a4dbce2a975da68f89a9054526a04ad
reports/ID_Boise_20250721__SRR36876971.deacon_filter.json	deacon_report	SRR36876971	796	efa24e7a4206fe00665f9cde0dfa1d9b794fe69bf4df90b83d1fbcdbaca0bbe6
reports/ID_Boise_20250728__SRR36876970.deacon_filter.json	deacon_report	SRR36876970	796	cf787fad1c9f10ac1e66212ac5ad3f8b9e087f2a18b61da8855ef3922ba645c9
reports/ID_Boise_20250804__SRR36876967.deacon_filter.json	deacon_report	SRR36876967	796	be963ebb309c8bd331857bb36e473f9e0d69a02d5b0779cf83daea5662ce09c8
reports/ID_Boise_20250811__SRR36877022.deacon_filter.json	deacon_report	SRR36877022	796	3a3bcfd8d119b6493d0d5f69fa7e14b049c067587cb1509b249a4f6b0c4b385b
reports/ID_Boise_20250818__SRR36877019.deacon_filter.json	deacon_report	SRR36877019	796	55119f8732ab3d3ecea71b7caa50ad7a5a04b7683526f8dedc885b1174c58170
reports/ID_Boise_20250825__SRR36877013.deacon_filter.json	deacon_report	SRR36877013	796	3b6690df10c17a15d4e99d992fc1513da947758f441294f80b373232807ffc7e
reports/ID_Boise_20250901__SRR36877015.deacon_filter.json	deacon_report	SRR36877015	796	79c2ec13a70b209fb224fbd4c06fe62ed30eac996e012efd6b9b9eb2e2af2aa4
reports/ID_Boise_20250908__SRR36877014.deacon_filter.json	deacon_report	SRR36877014	796	a363db8e75207659481adbf64fcd676e8c61ea0571ccd24a134a495ba0fb84b6
reports/ID_Boise_20250915__SRR36877017.deacon_filter.json	deacon_report	SRR36877017	796	2fcc96d61023b5216293cc4fb4db51900b31a64014faaa97bab39f3686729e09
reports/ID_Boise_20250922__SRR36877018.deacon_filter.json	deacon_report	SRR36877018	796	d6278c1d3c695aee004203da6247aaffdbb3b48bee3d3b914dd4c9e4580502ff
reports/ID_Boise_20250929__SRR36877020.deacon_filter.json	deacon_report	SRR36877020	796	20d8c2a116444026a0a105a878b689ad82fa0ecde2e1f1efc87409cf637d8bd5
reports/ID_Boise_20251006__SRR36876994.deacon_filter.json	deacon_report	SRR36876994	796	808b6b03808ae63ad77dad20583e5735530fc5636c4ec87a19e8f97f6fef6db8
reports/ID_Boise_20251013__SRR36876955.deacon_filter.json	deacon_report	SRR36876955	796	02ece538a694c20e36e7a9f56f195778ece065666e70c3b29a0556f5653b019f
reports/ID_Boise_20251020__SRR36876956.deacon_filter.json	deacon_report	SRR36876956	796	5c15744078884d5936539db8114804c66a0ed5106bc1e367b22acaca5d0d06c7
reports/ID_Boise_20251027__SRR36876957.deacon_filter.json	deacon_report	SRR36876957	796	28e84e6ee9532b7a58a442bcb0ce40fb199ccb61c76f5112d3dd92448700e588
reports/ID_Boise_20251103__SRR36876958.deacon_filter.json	deacon_report	SRR36876958	796	fbe8ec1dec3296f66caed0fbb5c3310dad8d13462c581bcf34d737f7fe7ce200
reports/ID_Boise_20251110__SRR36876960.deacon_filter.json	deacon_report	SRR36876960	796	ae76ec31548d4da9e67ebf0b1d8ec02fd537c6b5473e2d59e80e99fc22ade50d
reports/ID_Boise_20251117__SRR36876959.deacon_filter.json	deacon_report	SRR36876959	797	4fd03448e98d1a8016428af1398563d355970fef8b7757f1b0bcdb96f9481a04
reports/ID_Boise_20251124__SRR36876962.deacon_filter.json	deacon_report	SRR36876962	796	7434883ab46e02d8dfc9c11b4f61bb6d797103c515cb3b9239d1857339f61dc9
reports/ID_Boise_20251201__SRR36876963.deacon_filter.json	deacon_report	SRR36876963	796	e14df5283e8a2387bd44c338d3492ce8be03bcf8be831f9fe618d4c5856e108e
reports/ID_Boise_20251208__SRR36876964.deacon_filter.json	deacon_report	SRR36876964	796	bbbf927e2d248575e4cfbaf04c381bffaa2a5738eee89ed1a0230c9174a77900
reports/ID_Boise_20251215__SRR37092419.deacon_filter.json	deacon_report	SRR37092419	796	9438265e6034d7f4a712a3989baf220959efea56cf67a0b41c4216963677dadd
reports/ID_Boise_20251222__SRR37092420.deacon_filter.json	deacon_report	SRR37092420	796	cae43ff2292dc1c7a9a4722bf83c91f1a3344ad8bd45968a0fa1577103181cb9
reports/ID_Boise_20251229__SRR37092418.deacon_filter.json	deacon_report	SRR37092418	796	325f786172f77c98e55d684d62375f4e2ebf80b985dc754b94d7eb9db583df90
reports/ID_Boise_20260105__SRR38294698.deacon_filter.json	deacon_report	SRR38294698	796	13d2dba736a2c4aba4f961b9f0e2d5c598821f58b0665896fac98f37e0df5ac4
reports/ID_Boise_20260112__SRR38294697.deacon_filter.json	deacon_report	SRR38294697	796	ce70faf465974bcbdeb236d3efc33c3eea8bf1df8baeb39c1681b6dd1a9dd443
reports/ID_Boise_20260119__SRR38294696.deacon_filter.json	deacon_report	SRR38294696	796	951a671a23dcee9d09314ab24e30b1a866d51a4e30a265f6fb2a740f7a3e0def
reports/ID_Boise_20260126__SRR38294694.deacon_filter.json	deacon_report	SRR38294694	796	bce7f03d720040ffeac90d91e5599fe41db4cfb2a6abb556d17963535eeb8a03
reports/ID_Boise_20260202__SRR38294692.deacon_filter.json	deacon_report	SRR38294692	796	c5891e51dd63800cc62ed737e28448b27d27966eb98df12300f6c172a1236365
reports/ID_Boise_20260209__SRR38294693.deacon_filter.json	deacon_report	SRR38294693	796	53870740308aad62b04cc88a07a048e388c2a0c47c9b5d97ad0fddfe37074d00
reports/ID_Boise_20260216__SRR38294690.deacon_filter.json	deacon_report	SRR38294690	796	3d4c017d71597827b62954e305fc169931f70615aeb82477cdd7576eb1e8e4da
reports/ID_Boise_20260223__SRR38294761.deacon_filter.json	deacon_report	SRR38294761	796	3726c5de94be440d7ef35a2358b87af38372d99d7b2604483caaba16db42b867
reports/ID_Boise_20260302__SRR38294760.deacon_filter.json	deacon_report	SRR38294760	796	8d059c4257f9e55c6cb7946d662f62ddfd4e6c3b5a410a8c625e61a984ca46b7
reports/ID_Boise_20260309__SRR38294758.deacon_filter.json	deacon_report	SRR38294758	796	c2703b40d009cb9fb1f491de91bef176c64ee7ec4ed51f95955b3d6d1ca77295
reports/ID_Boise_20260316__SRR38294759.deacon_filter.json	deacon_report	SRR38294759	796	83c8b9d20206ffffd60dd7daf61a1a0b5f64a9842f40daa4f39d187ec56accbc
reports/ID_Boise_20260323__SRR38294757.deacon_filter.json	deacon_report	SRR38294757	796	4ee3cf7bbfb6aebbfbef2371352588e9598e372afaeac7c0b22ff49dcf984387
reports/ID_Boise_20260330__SRR38294756.deacon_filter.json	deacon_report	SRR38294756	796	9280c9824396d787f8572251caa35dd08af7804a540aa286dabba40f88d704b8
reports/ID_Boise_20260406__SRR39695313.deacon_filter.json	deacon_report	SRR39695313	796	485c913a783716a387958be8ed59007d4e98cb2e8d94cac8f7d2fbd539b66e90
reports/ID_Boise_20260413__SRR39695312.deacon_filter.json	deacon_report	SRR39695312	796	8c3c78ca7f8a18b12f2da6afb4298c7df2556e8db9d0e8104ea7fbf8b283a40e
reports/ID_Boise_20260420__SRR39695089.deacon_filter.json	deacon_report	SRR39695089	796	682e25abd1f2ba149e0d1d19e658e225d2981966a826f045787c00e52045436a
reports/ID_Boise_20260427__SRR39695088.deacon_filter.json	deacon_report	SRR39695088	796	7c6f9f870b529604a953343fb3c980fcc85ecc687f464cd69b735737301089c4
reports/ID_Boise_20260504__SRR39695086.deacon_filter.json	deacon_report	SRR39695086	796	21e2693a68e43a21aa83f5a101ce19e8f0593f6ed4c04207aafd2c8428f0ea84
reports/ID_Boise_20260511__SRR39695084.deacon_filter.json	deacon_report	SRR39695084	796	17aa12c9f24cb1d5307bc81d76c616cb85272087f4ac57d58207e969d6712604
reports/ID_Boise_20260518__SRR39695085.deacon_filter.json	deacon_report	SRR39695085	796	c9e59c0efd84a7d10097b1934e80fd90d4c5285c2dcf067ecc8c1ef59f5adf42
reports/ID_Boise_20260601__SRR39695083.deacon_filter.json	deacon_report	SRR39695083	796	d07ba5a414be4c8f86289b68ab242f3da5b17f031bffb5a9c4c276aee00532ec
reports/ID_Boise_20260608__SRR39695082.deacon_filter.json	deacon_report	SRR39695082	796	4c31716c1abe233a281b0a59541912308b5c7b6af1e41e9d59ccc322842a2f50
reports/ID_Boise_20260615__SRR39695081.deacon_filter.json	deacon_report	SRR39695081	796	7e8ed64e2601d10f051348626763f8cf039585fd0b65803564cb03cf620a76ac
reports/ID_Boise_20260622__SRR39695080.deacon_filter.json	deacon_report	SRR39695080	796	9c2d51ce14487f574b872f3abada8a87c55a4b19c6c788255f59ff4408dc8b70
reports/ID_Boise_20260629__SRR39695079.deacon_filter.json	deacon_report	SRR39695079	862	57f5abe46ee6028872761220cc7464e2cec692e867bc641ce581cae413a1aeec
reports/IL_CHI-A_20250803__SRR35987670.deacon_filter.json	deacon_report	SRR35987670	795	31265ebb465bd5a6bf4939e0589acb8281b1d711eef53769fe7675e2117b6aa4
reports/IL_CHI-A_20250810__SRR35987646.deacon_filter.json	deacon_report	SRR35987646	864	e43f1b52159a214ef12fe422957e491fdc6a1b94f11faab5faf5da9e8f74c14e
reports/IL_CHI-A_20250817__SRR35987642.deacon_filter.json	deacon_report	SRR35987642	796	5fa4b7235c42c98745cac3de41ccff284b877febcf52f6778af6a8532836cb91
reports/IL_CHI-A_20250826__SRR35987641.deacon_filter.json	deacon_report	SRR35987641	796	b8fa66f4cab83d2c6a032755d670ce20776a4ef6a88edb28e14f126a99263166
reports/IL_CHI-A_20250831__SRR35987640.deacon_filter.json	deacon_report	SRR35987640	796	ecc8d84f416e1cdc8c16176f192960dc85d1d1c198485a47554d9a3a3a82c73d
reports/IL_CHI-A_20250907__SRR35987639.deacon_filter.json	deacon_report	SRR35987639	796	32c919f7571e700aabee3003ee594e76c34adf816cd64d4424f79b88a9ecb12f
reports/IL_CHI-A_20250914__SRR35987638.deacon_filter.json	deacon_report	SRR35987638	796	c266409621dae9defd7c2d5649fe1f7ea12c4ac99e972575b95646e0fbffa770
reports/IL_CHI-A_20250921__SRR35987637.deacon_filter.json	deacon_report	SRR35987637	797	0ba250c7d097f6a4494a141b239a924330d4125c08e2b9fc262af1b71d93d8bc
reports/IL_CHI-A_20250928__SRR35987607.deacon_filter.json	deacon_report	SRR35987607	796	459b416bd0b9b7ba6a8d3492c8dfbe4c079f7992b059342eccbb48a6bde8f2b3
reports/IL_CHI-A_20251005__SRR35987663.deacon_filter.json	deacon_report	SRR35987663	796	3b05bfda0c323399b9c452032128039bb6b00d2adeb34522a23060407699fa6d
reports/IL_CHI-A_20251012__SRR35987662.deacon_filter.json	deacon_report	SRR35987662	796	0fbaa7f9e05d46e92772e662c2967c5afe5bbd59d13b90f493cb0630c22ec506
reports/IL_CHI-A_20251019__SRR35987661.deacon_filter.json	deacon_report	SRR35987661	796	cf33a7a412a89ee26b944d6282c8cf936e547322142f5f048f6985b92003ae7b
reports/IL_CHI-B_20250803__SRR35987659.deacon_filter.json	deacon_report	SRR35987659	866	6e72faae3d2f7e76775e3a7c2efbd46258f16eb948a1b200a03d8126238b33be
reports/IL_CHI-B_20250810__SRR35987601.deacon_filter.json	deacon_report	SRR35987601	866	35bd8a9b60ffa95162f2b2f659ccdf658c8b5a53ed9d7f0a64f87c4ff22dad63
reports/IL_CHI-B_20250817__SRR35987600.deacon_filter.json	deacon_report	SRR35987600	796	170cde9750464e7780255d8000c25cbedb116ae702f004afe6f3b0477cbb3d92
reports/IL_CHI-B_20250831__SRR35987666.deacon_filter.json	deacon_report	SRR35987666	796	f654becffbecf849642217e659f131428ce72678bd9b98dcec7b6a93f510edf7
reports/IL_CHI-B_20250914__SRR35987665.deacon_filter.json	deacon_report	SRR35987665	796	b6db6a01078961e8acb83e77c9f012ecf0cc2aa9bfa139a602b3e037e7dc510d
reports/IL_CHI-B_20250921__SRR35987630.deacon_filter.json	deacon_report	SRR35987630	795	221ffd3463db13c7fd9c8f119c62fe57d54dc3d5450c83ae40ef22c5d6a0d042
reports/IL_CHI-B_20250921__SRR35987664.deacon_filter.json	deacon_report	SRR35987664	769	21d56651d586899289bf5b66fa911909f1b864fe6e17f9f7d0f78d773de7b79e
reports/IL_CHI-B_20250928__SRR35987629.deacon_filter.json	deacon_report	SRR35987629	796	f8f5a109a82e08c7e47b40060cdaebe123e9c4c34dd30f4758d5bd8f68cbc3cf
reports/IL_CHI-B_20251005__SRR35987628.deacon_filter.json	deacon_report	SRR35987628	796	86b616af49f351856860a303c6408d13cc10996968961d804e4528a4417d3d92
reports/IL_CHI-B_20251012__SRR35987593.deacon_filter.json	deacon_report	SRR35987593	796	bd26b5a71e786f408a7f58576b1db3dbe612274e11375a0c0647680ccc45042b
reports/IL_CHI-B_20251019__SRR35987594.deacon_filter.json	deacon_report	SRR35987594	796	12e448ea991ef7479d21e851fe566572e9f3ae68b8aec75aea56715fac270b8c
reports/IL_CHI-C_20250804__SRR35987595.deacon_filter.json	deacon_report	SRR35987595	796	cb60b357b0f81589e2bf7cec9281b06684244a64d91bfd6e8519605b39c06b93
reports/IL_CHI-C_20250811__SRR35987596.deacon_filter.json	deacon_report	SRR35987596	796	8e2b5b2cc7e8c7565747888641e51ed6df2c4122d7b3a963cdd6aa6f7a09ecdb
reports/IL_CHI-C_20250818__SRR35987597.deacon_filter.json	deacon_report	SRR35987597	795	7f1732d621b8e49e33715d69b95979f079e22616349c1fd79d49a2e2036e2aaa
reports/IL_CHI-C_20250826__SRR35987598.deacon_filter.json	deacon_report	SRR35987598	796	798c3860355e37f2aef31b3d907047d56e586ff401e104f698bc5617c0607beb
reports/IL_CHI-C_20250908__SRR35987599.deacon_filter.json	deacon_report	SRR35987599	796	6b90c14731648d7c833d5e7c0722a9d625b5153768d5bd60d7d16ee9ffe832c4
reports/IL_CHI-C_20250915__SRR35987625.deacon_filter.json	deacon_report	SRR35987625	796	5624a2617bc004429c1a0d4caeddf248783f1e3b03881d4405b42a3a0eba059a
reports/IL_CHI-C_20250922__SRR35987626.deacon_filter.json	deacon_report	SRR35987626	796	7dbf75c3427ecfcad9559b8ed3ee1d0d301bee5295cf23fc1a43697839038a81
reports/IL_CHI-C_20250929__SRR35987627.deacon_filter.json	deacon_report	SRR35987627	795	b7e739f6c5e97d1be5f7d5350e0fef2c4b5cae1e3b1d4a865755249f8c715e85
reports/IL_CHI-C_20251006__SRR35987618.deacon_filter.json	deacon_report	SRR35987618	795	c5099c3ccaeac091243ccd8ebbd250593571c514017bc30aef333cf60c8a778a
reports/IL_CHI-C_20251013__SRR35987621.deacon_filter.json	deacon_report	SRR35987621	796	1e3503185269da2efa8d7d8ecad4eff4ee4ecf59d96417be771c7c7e58bd28cc
reports/IL_CHI-C_20251020__SRR35987622.deacon_filter.json	deacon_report	SRR35987622	796	ef6968f4f84961bef6de845d09aadaadd44d06a357971c9d192551e2b2f54a63
reports/IL_CHI-D_20251012_part_1__SRR35987620.deacon_filter.json	deacon_report	SRR35987620	803	dbee6a7700cda07e05e6bac325f702d646482c021f6e96a210ee09488da3ee9f
reports/IL_CHI-D_20251012_part_2__SRR35987617.deacon_filter.json	deacon_report	SRR35987617	802	0874c17ad532346287396b51c0350fa8435406a8bb319157630c47b0dcf5a51e
reports/IL_CHI-D_20251019_part_1__SRR35987616.deacon_filter.json	deacon_report	SRR35987616	803	70523936c1be8da37170cdb8b63c065f5a263b9ad2720b14b3cab63d0f58b5d5
reports/IL_CHI-D_20251019_part_2__SRR35987590.deacon_filter.json	deacon_report	SRR35987590	803	4d6e04c101f5cc497a192498327f3811ddc5481e06a175602c75819d81aa3e4b
reports/MA_Boston_DITPN_20250319__SRR37076062.deacon_filter.json	deacon_report	SRR37076062	803	83ce19ef4b2aad565d62412da5d9c7ede1378e0355e0b632785bf292532bca77
reports/MA_Boston_DITPN_20250326__SRR37076061.deacon_filter.json	deacon_report	SRR37076061	803	5b1173c0d923f85c2f41cd767faa1c17e010e61b036179b23804ca640c0965ed
reports/MA_Boston_DITPN_20250402__SRR37076049.deacon_filter.json	deacon_report	SRR37076049	803	2f803ef3c435759a65be28809ea81467b77ebe363c7763d35ae17925b2649baa
reports/MA_Boston_DITPN_20250409__SRR37076039.deacon_filter.json	deacon_report	SRR37076039	803	29226a401448cdbcbc7dbd92276b58c9672ea7ab45db61906324a38218427ba9
reports/MA_Boston_DITPN_20250423__SRR37076033.deacon_filter.json	deacon_report	SRR37076033	803	d8100000b66cf04b80dce2948a5fed285bc26318c696de6bc73d70d4f57b1bec
reports/MA_Boston_DITPN_20250430__SRR37076034.deacon_filter.json	deacon_report	SRR37076034	803	84da16e9c00013bb219219866a15aee527017e20a5ad5d0fb28e0e40ec1484f0
reports/MA_Boston_DITPN_20250507__SRR37076035.deacon_filter.json	deacon_report	SRR37076035	803	54b4d69c8c19cc807f5c32d3d0adb22ded35331d2ebb2ea0f0cabec8ecaed4d0
reports/MA_Boston_DITPN_20250514__SRR37076036.deacon_filter.json	deacon_report	SRR37076036	803	0cdcec64221be1fa491397eda1c8b1d688c0cf9afb51c241ef2f3d04826712e0
reports/MA_Boston_DITPN_20250521__SRR37076037.deacon_filter.json	deacon_report	SRR37076037	803	4f78594dcd22b0e37d8b088c0a6962fd9e539d6f5dacc24087a15552f2548b10
reports/MA_Boston_DITPN_20250528__SRR37076038.deacon_filter.json	deacon_report	SRR37076038	871	6c8dd32da6352f722c9726d15ee9169fe0f5b4179baeb390d4d1fae87da21a04
reports/MA_Boston_DITPN_20250604__SRR37076059.deacon_filter.json	deacon_report	SRR37076059	803	118cac51e191de39108c05399e7ffb6c4084cecec7ec233d50c0acd3f40e4b66
reports/MA_Boston_DITPN_20250611__SRR37076060.deacon_filter.json	deacon_report	SRR37076060	803	ad3f419172f54f0a3e94e48b0e0f2f8bc7906ff04950c55825289f9a1c87c149
reports/MA_Boston_DITPN_20250618__SRR37076058.deacon_filter.json	deacon_report	SRR37076058	803	a035109d1372c97fa391a2ec758e990bfcbb1a7deec5a1ce6e4bc039143c0583
reports/MA_Boston_DITPN_20250625__SRR37076057.deacon_filter.json	deacon_report	SRR37076057	803	58a84d4101846aa43bbda342308e753b459dc836353f62cdd4786ded29e28a18
reports/MA_Boston_DITPN_20250702__SRR37076056.deacon_filter.json	deacon_report	SRR37076056	871	8d1f25bed1d6345923293b4e1938f82166d6a1d26d3050f716a07a4422cc3029
reports/MA_Boston_DITPN_20250709__SRR37059701.deacon_filter.json	deacon_report	SRR37059701	868	649928b776c5538c0fda4cf791bc3fae37315256e495a2a345abe320cbb4e2f1
reports/MA_Boston_DITPN_20250709__SRR37367552.deacon_filter.json	deacon_report	SRR37367552	867	12c13cbf536fede27f3a958c515d776dfc1570cce096b6ad41c37c98610f7ca8
reports/MA_Boston_DITPN_20250716__SRR37059702.deacon_filter.json	deacon_report	SRR37059702	803	3f82700c8b223a70851a689a906e2e153314c4d41bdbc760929770a26935a20e
reports/MA_Boston_DITPN_20250716__SRR37367550.deacon_filter.json	deacon_report	SRR37367550	803	53d50f3286e75ef89fb29bcfce09c2b3ed9fe26ec487095488729177991eb93f
reports/MA_Boston_DITPN_20250723__SRR37059703.deacon_filter.json	deacon_report	SRR37059703	801	334c11ec15c9f816b5891b5c9868a3e230ddc97fcadc931d5002f0041d05e974
reports/MA_Boston_DITPN_20250723__SRR37367549.deacon_filter.json	deacon_report	SRR37367549	801	435185b625a34a46ecf0e0bbeedfabddec22ec746d79480305636f6eeb4afd68
reports/MA_Boston_DITPN_20250730__SRR37059721.deacon_filter.json	deacon_report	SRR37059721	801	5d75d17d05da659ca4bb1fda57275f80160af92d5da477ef2536a363d07256e4
reports/MA_Boston_DITPN_20250730__SRR37367530.deacon_filter.json	deacon_report	SRR37367530	801	dc938a094a27c114895e66e42f5778b6340ad4b6f212af7565e13491cc66b56d
reports/MA_Boston_DITPN_20250806__SRR37059723.deacon_filter.json	deacon_report	SRR37059723	803	8bcd01ef4c100ade879eff144ecd21514450f8937cbc6aa9a6892c4441e12610
reports/MA_Boston_DITPN_20250806__SRR37367528.deacon_filter.json	deacon_report	SRR37367528	802	74117e8372cbdc7f910d0594e5ae3f10dba1a14fc0058e11414ade79d4ea8472
reports/MA_Boston_DITPN_20250813__SRR37059724.deacon_filter.json	deacon_report	SRR37059724	868	6362947ce4d5bf3033b396d1e40eacb9058c74338c748a9f1c240c55a721df06
reports/MA_Boston_DITPN_20250813__SRR37367527.deacon_filter.json	deacon_report	SRR37367527	801	0f0996165c7b50125c4017d73d1e5acb51e8f9b41465f4252681a8f9dd3eb013
reports/MA_Boston_DITPN_20250820__SRR37059725.deacon_filter.json	deacon_report	SRR37059725	799	c44091eab41663c28f34b479a28e04c41655d88bfc47174556912dc49428be29
reports/MA_Boston_DITPN_20250820__SRR37367526.deacon_filter.json	deacon_report	SRR37367526	799	dab5316ebac6dc69362f9348c2804b79f6389232801d0b585d0cf2d23f45e33b
reports/MA_Boston_DITPN_20250827__SRR37059726.deacon_filter.json	deacon_report	SRR37059726	801	fe0b2d53eb38be97a16b870be881be1646459e400f2dd22f0aa095430ea6be58
reports/MA_Boston_DITPN_20250827__SRR37367525.deacon_filter.json	deacon_report	SRR37367525	800	290d71cf13c3dfa0be837e0adff0da60ede412f3dff4cf21cc793ae96e3c474c
reports/MA_Boston_DITPN_20250903__SRR37059727.deacon_filter.json	deacon_report	SRR37059727	801	c291be41dc5c183f5125c663a20ca9f2684ddf05a5c27ec04ee3969610e3f849
reports/MA_Boston_DITPN_20250903__SRR37367524.deacon_filter.json	deacon_report	SRR37367524	801	0be8d6084b94ec1fca8625f3c97969120347f9878462733eee511fb12c6cd681
reports/MA_Boston_DITPN_20250910__SRR37059728.deacon_filter.json	deacon_report	SRR37059728	801	d522ef6ccb67e812218dc445e77d4a680fa6fe80b8956a287e4495a4ce63181e
reports/MA_Boston_DITPN_20250910__SRR37367523.deacon_filter.json	deacon_report	SRR37367523	801	b0d6ecdf197e143a6d2bbfed2f1324815a479d0fe0b53c39e4b75b4a1ec7e1a7
reports/MA_Boston_DITPN_20250917__SRR37059690.deacon_filter.json	deacon_report	SRR37059690	803	aea6af3c1459083d4320ad8617815db8247592f8f312258ec29b5b17d8e2f9cd
reports/MA_Boston_DITPN_20250917__SRR37367522.deacon_filter.json	deacon_report	SRR37367522	803	9f5724752b4949dc8b3480aa60ab992d07431fe4228aff3ec67276786bc5a316
reports/MA_Boston_DITPN_20250924__SRR37059691.deacon_filter.json	deacon_report	SRR37059691	801	ce5641c64c005bc7933d6467f58bf2197f162725cefa40e8a700751353d2b7ae
reports/MA_Boston_DITPN_20250924__SRR37367625.deacon_filter.json	deacon_report	SRR37367625	801	96722599a4bef16d1b322f7f8f74c2894168407c594aa8504ae6bb969a594632
reports/MA_Boston_DITPN_20251001__SRR37059710.deacon_filter.json	deacon_report	SRR37059710	801	3f15c55471090fc5bc177f0b0618b8cfef91f01b8dcc382d400ca122f3351b42
reports/MA_Boston_DITPN_20251001__SRR37367623.deacon_filter.json	deacon_report	SRR37367623	801	ca41783b23cfe89de492171ef86c9c028bda239c368933de807e0045d5cb7879
reports/MA_Boston_DITPN_20251008__SRR37059709.deacon_filter.json	deacon_report	SRR37059709	803	082997091537c9e58be03df0dc2976a8720103dd9547048438b58c7583c96aa5
reports/MA_Boston_DITPN_20251008__SRR37367518.deacon_filter.json	deacon_report	SRR37367518	803	6f2647edf1d7f56d3aa3c777d10790f6fdbbf84da01c56bf945830ab12b96fcb
reports/MA_Boston_DITPN_20251015__SRR37059708.deacon_filter.json	deacon_report	SRR37059708	801	7a78f4c121f0aa1bf0f4b989ef006982fc6d76fde089bd5d92071cac2bf3535e
reports/MA_Boston_DITPN_20251015__SRR37367517.deacon_filter.json	deacon_report	SRR37367517	801	0cf4ffd00d81a706ec5afbc3bd23d0818071a0a8f46aa41ec8511067593ecf26
reports/MA_Boston_DITPN_20251022__SRR37059990.deacon_filter.json	deacon_report	SRR37059990	803	6ce1276c6e5651f66f33c688cdb61ce78184b34eb0ed5fe656168ea4a79d6ee3
reports/MA_Boston_DITPN_20251022__SRR37367516.deacon_filter.json	deacon_report	SRR37367516	803	42899b525d06ea8943e9046c13b6c3fe0c5fe9d8ecc466d99413a7fefd9c00c3
reports/MA_Boston_DITPN_20251029__SRR37059979.deacon_filter.json	deacon_report	SRR37059979	802	b07063b0689b71b56c2705aa69136f74897e3590fa660e5f47f63bf51e78afc7
reports/MA_Boston_DITPN_20251029__SRR37367515.deacon_filter.json	deacon_report	SRR37367515	803	b095d85c691f4e570d2f9e3f6e72414304ea26d89769b3a5620fdb49343579d6
reports/MA_Boston_DITPN_20251105__SRR37059980.deacon_filter.json	deacon_report	SRR37059980	803	5fe70f0ae9d9532b05c2d96882343e2e6648984ab5ea5c77b8cd64aacc5afe33
reports/MA_Boston_DITPN_20251105__SRR37367514.deacon_filter.json	deacon_report	SRR37367514	803	700fe309b83068c0234175d88fe098ddbc0a9c985a8ee7ac1a5c0d2785a75c37
reports/MA_Boston_DITPN_20251112__SRR37059981.deacon_filter.json	deacon_report	SRR37059981	803	e8a93bdf6b95e987f174d34d873de61f3f08f8a2fc95c383e8c94561d5db8101
reports/MA_Boston_DITPN_20251112__SRR37367513.deacon_filter.json	deacon_report	SRR37367513	803	006ffe279a1b90201195e7fb6cb8565fbf381df1168aece4f33ca0698162d6c1
reports/MA_Boston_DITPN_20251119__SRR37059991.deacon_filter.json	deacon_report	SRR37059991	800	03446e39dac200f7caccaf46c0331b01055471fe0bd8d9f6913d322959ac52fc
reports/MA_Boston_DITPN_20251119__SRR37367629.deacon_filter.json	deacon_report	SRR37367629	801	3855f9f65ecdd544f39ec7d8728e84e0ef150f192f8a3237065ed5f04daf7564
reports/MA_Boston_DITPN_20251126__SRR37059992.deacon_filter.json	deacon_report	SRR37059992	799	2320017bff2ed8c247fd49c759fdbc94c49d72420690e79b7cea128ef9814032
reports/MA_Boston_DITPN_20251126__SRR37367627.deacon_filter.json	deacon_report	SRR37367627	799	1f14c0e35a4b0000f3b4bab570709d25dfb8a70faebde83cddc53e0d18b543c2
reports/MA_Boston_DITPN_20251203__SRR37059993.deacon_filter.json	deacon_report	SRR37059993	799	09c9e323a429b2309168c088ab38d9afe44bac4f8222fa971e5569a5877f8fb9
reports/MA_Boston_DITPN_20251203__SRR37367669.deacon_filter.json	deacon_report	SRR37367669	799	82080c612644965d3c14dd446d9ca821c6813267ad65e6507d8b67c24e2987bf
reports/MA_Boston_DITPN_20251210__SRR37059994.deacon_filter.json	deacon_report	SRR37059994	801	508bddd22d053b106e95e8e09c7de5163467c2ed5785b10ff88ac43a313226c1
reports/MA_Boston_DITPN_20251210__SRR37367668.deacon_filter.json	deacon_report	SRR37367668	801	d9f3a9871364e78c2c5c82cb9635a14c158f35edfff887ef24b110011f219130
reports/MA_Boston_DITPN_20251217__SRR37367667.deacon_filter.json	deacon_report	SRR37367667	803	65f128e2f574e881634c908c3a4a3cac91057ba408e1e310e0a0b5ec948d4319
reports/MA_Boston_DITPN_20251223__SRR37367666.deacon_filter.json	deacon_report	SRR37367666	803	587bfa6eb2f2405617e7f5bea629d7ece0d13b07b2a76f6cc536a7672ebb8964
reports/MA_Boston_DITPN_20251230__SRR37367665.deacon_filter.json	deacon_report	SRR37367665	803	868ae30382b467d098dcd259e8c9418c294948a78c26277f8aed548169619ade
reports/MA_Boston_DITPN_20260107__SRR38294944.deacon_filter.json	deacon_report	SRR38294944	803	02a6bfdb3a5bb4a73ea0c0d6e573fbbdd1870272d4d7c96176b535f09d6a203f
reports/MA_Boston_DITPN_20260114__SRR38294754.deacon_filter.json	deacon_report	SRR38294754	803	76ab368dcb5dd1fc0d31edd75c67c089268fb7b046fe5b1f0e4fc5168670589c
reports/MA_Boston_DITPN_20260121__SRR38294649.deacon_filter.json	deacon_report	SRR38294649	802	57dc665e290891e53a75249fd555ab6b365e52203ca286ee746a55fe48785a0f
reports/MA_Boston_DITPN_20260128__SRR38294647.deacon_filter.json	deacon_report	SRR38294647	803	cf8f3338c12eaad40b711ef6ebd07886d8b5ceec8cec26aa9a96fc7cf0a59eba
reports/MA_Boston_DITPN_20260204__SRR38294646.deacon_filter.json	deacon_report	SRR38294646	803	9aa1c00958955d71af0875fcdd4e0fdb3788a0945feeb7c01ff3db03b4016099
reports/MA_Boston_DITPN_20260211__SRR38294751.deacon_filter.json	deacon_report	SRR38294751	803	f55de96e4c44018c9123d5953b7fd67ba68d79256225ef21d5f3ba46c85d37e4
reports/MA_Boston_DITPN_20260219__SRR38294752.deacon_filter.json	deacon_report	SRR38294752	803	3ec1fe2f05b99abd8b8d4de20afe90dac4038da28793de3f16de86b4ceaaad60
reports/MA_Boston_DITPN_20260225__SRR38294750.deacon_filter.json	deacon_report	SRR38294750	803	93d866abb52ad4b6d3fa21f2e724d52364542a30bb479980bfd82749b25fc46d
reports/MA_Boston_DITPN_20260304__SRR38294748.deacon_filter.json	deacon_report	SRR38294748	803	3f7efb2096b1be7d2091d5050eb5e39963671eecf7f9d8ab259b329918510e28
reports/MA_Boston_DITPN_20260311__SRR38294691.deacon_filter.json	deacon_report	SRR38294691	803	6613d02e9f6d96b068db16b173a24e17d57fe79c9947580b45c1fba10895bdb2
reports/MA_Boston_DITPN_20260318__SRR38294688.deacon_filter.json	deacon_report	SRR38294688	803	6e0a0f2755661fb41e5a05c17751b5aa50fac6ba5ffd71d6d7f3bc1ae596de5e
reports/MA_Boston_DITPN_20260325__SRR38294686.deacon_filter.json	deacon_report	SRR38294686	803	d8deb4f9743dfb73b8f6166adc193746616de161d1e22ec48008b5fc530621c7
reports/MA_Boston_DITPN_20260401__SRR39695229.deacon_filter.json	deacon_report	SRR39695229	803	3d6035e2a7650dc9caf0415e54ed6fc6a71863debabdd7b485a5123e0b154a8c
reports/MA_Boston_DITPN_20260408__SRR39695378.deacon_filter.json	deacon_report	SRR39695378	803	ea75ee26599e84200b770154838250294d923811d70301386cb8127703af3edc
reports/MA_Boston_DITPN_20260414__SRR39695376.deacon_filter.json	deacon_report	SRR39695376	803	d6487e2357320f822e924e6daaa8d0ce6ef58319d496b13a698192b27cefefde
reports/MA_Boston_DITPN_20260422__SRR39695375.deacon_filter.json	deacon_report	SRR39695375	802	6e5103a82597a2fa8e9b326b74af0072827b7db86fde4f6e5603c12cb067014b
reports/MA_Boston_DITPN_20260429__SRR39695374.deacon_filter.json	deacon_report	SRR39695374	803	c864096445afd163b235186162dc5aed0082d09527e3f76e2d4f4607e0feafa3
reports/MA_Boston_DITPN_20260506__SRR39695372.deacon_filter.json	deacon_report	SRR39695372	803	dbb78ad43180ee50d6db7bc127e38141272aa817c55429b364cfed30d36e5104
reports/MA_Boston_DITPN_20260513__SRR39695314.deacon_filter.json	deacon_report	SRR39695314	803	cf5f38f96273c0500c8e4d5f2e2215190a204d7fc4403ee5a1d487c86d3b5f70
reports/MA_Boston_DITPN_20260520__SRR39695028.deacon_filter.json	deacon_report	SRR39695028	803	297281b0c427748a4419f4460b6202d9fd3438304bfeb1c3ef7cbe2822dcf532
reports/MA_Boston_DITPN_20260527__SRR39695029.deacon_filter.json	deacon_report	SRR39695029	803	88a31de9d97516bfd090e8ae78ed951e33b89d0500a24a81b4d977bf55f37859
reports/MA_Boston_DITPN_20260603__SRR39695027.deacon_filter.json	deacon_report	SRR39695027	803	f1100c03e6b80de199a6015f42373c368072062f5cc7e2f435e857c85a4cbd52
reports/MA_Boston_DITPN_20260610__SRR39695026.deacon_filter.json	deacon_report	SRR39695026	803	e7a4fda29b3695c4e7e14683f0034e64f366b848a83144606648ff62a613c590
reports/MA_Boston_DITPN_20260617__SRR39695311.deacon_filter.json	deacon_report	SRR39695311	803	3d36355c06d33706a3afca1f72fb4a2c7b69a928416f22ae1ef76b8846ce97db
reports/MA_Boston_DITPN_20260622__SRR39695309.deacon_filter.json	deacon_report	SRR39695309	803	a03895619ba6de2a627b258d3713ffe8ef45c9581c9a770b6c5f7e5410f8a105
reports/MA_Boston_DITPN_20260629__SRR39695307.deacon_filter.json	deacon_report	SRR39695307	803	f8cceb111283301b4fa24f804e8cbe68a1dad0dbc6380f90a378cde5d846e00c
reports/MA_Boston_DITPS_20250319__SRR37076054.deacon_filter.json	deacon_report	SRR37076054	803	1625f32383dbd44300998b5e72418b41eaccd7318923df0af12a382e259de3cd
reports/MA_Boston_DITPS_20250326__SRR37076055.deacon_filter.json	deacon_report	SRR37076055	803	fe8e9ba27602dfa885a029308f25d5e672e4940f45efdb4cbdad5489706f490c
reports/MA_Boston_DITPS_20250402__SRR37076053.deacon_filter.json	deacon_report	SRR37076053	803	1a00569061df95e07fab39397ac03a996bf5ef3ed2c592f74c9b0aa3c260df9e
reports/MA_Boston_DITPS_20250409__SRR37076052.deacon_filter.json	deacon_report	SRR37076052	803	5eea21cc662e435afeb206d63a73f2a35ef1307ba5a6c3a693f14f6906398429
reports/MA_Boston_DITPS_20250423__SRR37076051.deacon_filter.json	deacon_report	SRR37076051	803	53a192a0a1d7d82463428f454d629e6b4f9fa80d9a72af3b297c4dc53c95a24f
reports/MA_Boston_DITPS_20250430__SRR37076050.deacon_filter.json	deacon_report	SRR37076050	803	29bd26323730b04392bfa1cbbb6e6fcf74b0a371404c9ff1a30b5678ce1ae6cc
reports/MA_Boston_DITPS_20250507__SRR37076048.deacon_filter.json	deacon_report	SRR37076048	803	5148064ea16a1b338cef5f08aac765abab923d327b8f7788d4418581f7967bd2
reports/MA_Boston_DITPS_20250514__SRR37076047.deacon_filter.json	deacon_report	SRR37076047	803	63751b7e2e91beb128b2e0091a26ac3f8b0ea77e01969a82fa38e4fab9abd7e2
reports/MA_Boston_DITPS_20250521__SRR37076046.deacon_filter.json	deacon_report	SRR37076046	802	ba9e6c0565da8e4801fd1860c233a194af5dce2e7e8a9f1eb2dcc9566c1ca6eb
reports/MA_Boston_DITPS_20250528__SRR37076045.deacon_filter.json	deacon_report	SRR37076045	803	8dd94205a70db7e8cd482f18114e88d8749af8084241bbfb3897dd0640c7d624
reports/MA_Boston_DITPS_20250604__SRR37076044.deacon_filter.json	deacon_report	SRR37076044	803	4a82442c293e5c102944844358b00958cb3d3fbd6ed2bbd45aa2a9406b9b9554
reports/MA_Boston_DITPS_20250611__SRR37076043.deacon_filter.json	deacon_report	SRR37076043	871	2e31ea2d255b51fedb2c70a9179030c983ba03280b6d4e758eca6625e1c2e836
reports/MA_Boston_DITPS_20250618__SRR37076042.deacon_filter.json	deacon_report	SRR37076042	803	ed40ec56df7dec40c8f7e94d20eb3e06aed50971478b5d868be4e719e983e5e3
reports/MA_Boston_DITPS_20250625__SRR37076041.deacon_filter.json	deacon_report	SRR37076041	869	e3123de265029470c2496fadc4f4afb258c6e7564952124188f1c16a2ee51888
reports/MA_Boston_DITPS_20250702__SRR37076040.deacon_filter.json	deacon_report	SRR37076040	803	1863d604872a7aa2a02f50eba154f72d3aa40dee6bb9a69741955761d3072511
reports/MA_Boston_DITPS_20250709__SRR37059688.deacon_filter.json	deacon_report	SRR37059688	800	e5575e1dc9e4aa64cadcff3a7f6e563f4b38e2dfbde6e922235406ea498018a4
reports/MA_Boston_DITPS_20250709__SRR37367664.deacon_filter.json	deacon_report	SRR37367664	801	7ddffb084f54873ed5ac1f59dc659331b9a126fd3dff995acb0a6c01e63e1f0f
reports/MA_Boston_DITPS_20250716__SRR37059687.deacon_filter.json	deacon_report	SRR37059687	803	665a4399b34ae90c19640ddd3b7b257874cb3651abcc74fb77653a32d794e49e
reports/MA_Boston_DITPS_20250716__SRR37367663.deacon_filter.json	deacon_report	SRR37367663	803	54803e25499b44c6e984d889f1bb8982bf79a53dec81ccb9ee648b3fd86ddb3d
reports/MA_Boston_DITPS_20250723__SRR37059686.deacon_filter.json	deacon_report	SRR37059686	803	724603a0306c1cfc81624efc6237c5d37f2c66f08780709f1102b6225084ee26
reports/MA_Boston_DITPS_20250723__SRR37367662.deacon_filter.json	deacon_report	SRR37367662	803	c15e3e5c9b967babaff5974e66892aeae7c14070f5be3b2e7707d2ffa638f15f
reports/MA_Boston_DITPS_20250730__SRR37059685.deacon_filter.json	deacon_report	SRR37059685	801	966b063f1b6f843c1b01d27b95629e2f2860df22b4f8c7f0d4764d0a27320a36
reports/MA_Boston_DITPS_20250730__SRR37367661.deacon_filter.json	deacon_report	SRR37367661	801	f799501a3488f177aa4420a35ebeb8785b772135d02db7bfe1b7d1fef7b0eaed
reports/MA_Boston_DITPS_20250806__SRR37059684.deacon_filter.json	deacon_report	SRR37059684	801	b41577d2ea4fc62d53bcd5432e935f78561a7c627149d7974ae367a8a8665418
reports/MA_Boston_DITPS_20250806__SRR37367660.deacon_filter.json	deacon_report	SRR37367660	801	b38a585b4af0fbea21ef5696cb82e59784bb46bfe868fb0f76b9823212bf1ca2
reports/MA_Boston_DITPS_20250813__SRR37059720.deacon_filter.json	deacon_report	SRR37059720	801	8c8528c7e84259aa1e223bcd5923b29f50ec941d6df5b2aedcc9c315d689f711
reports/MA_Boston_DITPS_20250813__SRR37367658.deacon_filter.json	deacon_report	SRR37367658	801	a8282f4a4e4c2b99b3a38b58d224c363396ed156c46a98fcc8d48399f678c398
reports/MA_Boston_DITPS_20250820__SRR37059719.deacon_filter.json	deacon_report	SRR37059719	801	3797ed4386a7d1349242b92cfdf12bb496990fa549aa2f5223f84f89c65deda8
reports/MA_Boston_DITPS_20250820__SRR37367657.deacon_filter.json	deacon_report	SRR37367657	801	b1d88edcc1e851db45435983115fa7450a402e4e0e2a1ba5222e0dec44fd9e74
reports/MA_Boston_DITPS_20250827__SRR37059718.deacon_filter.json	deacon_report	SRR37059718	801	3fd327ad5d7d9e260053d21ea0300620ac7f84d9b34440cfd2796ebb6196dbd9
reports/MA_Boston_DITPS_20250827__SRR37367656.deacon_filter.json	deacon_report	SRR37367656	801	d77f89cd05a45990410745e25a1fd5a8dfb8e8c8ab481cb7d9d10cb87825dd74
reports/MA_Boston_DITPS_20250903__SRR37059717.deacon_filter.json	deacon_report	SRR37059717	801	cc356dc34b034dd00b13c6a7c664f54d9404cc93e81fb3b43c56e9280bee7542
reports/MA_Boston_DITPS_20250903__SRR37367655.deacon_filter.json	deacon_report	SRR37367655	799	a4dd37430db1e47d4ce39a504ef35b04c9cc9d22d4dcaa7f0f889055b776aa21
reports/MA_Boston_DITPS_20250910__SRR37059716.deacon_filter.json	deacon_report	SRR37059716	800	9f1fd909396d789b874ecc5b292a6c2f34219e0588324b54576ea436aebe3bb4
reports/MA_Boston_DITPS_20250910__SRR37367654.deacon_filter.json	deacon_report	SRR37367654	869	c7aa4a563671f5bb58a134d4a8e3fe78fdb1004ed011c75cae753a2d8fa498bc
reports/MA_Boston_DITPS_20250917__SRR37059715.deacon_filter.json	deacon_report	SRR37059715	803	b50cfd808b95fa2d04e7a0a7a1fe53221193118eaa73ec5dec6c62ebd3b0b161
reports/MA_Boston_DITPS_20250917__SRR37367653.deacon_filter.json	deacon_report	SRR37367653	803	374367001820885d10c0f10eb9c837f767afa6342a6c1e94b85d233a58a60444
reports/MA_Boston_DITPS_20250924__SRR37059714.deacon_filter.json	deacon_report	SRR37059714	803	5b8075a7768bca466728ad24078eccea533e14a699a778eccf5ab6c1cab693fc
reports/MA_Boston_DITPS_20250924__SRR37367624.deacon_filter.json	deacon_report	SRR37367624	803	753a25cf58a036cab039e09d29cf7e1c99b90c1791688d7f4c614548cee33b0d
reports/MA_Boston_DITPS_20251001__SRR37059713.deacon_filter.json	deacon_report	SRR37059713	801	6e30a011524a1d10e2b27ce776942649862d6969f61236abea7724c2bc031385
reports/MA_Boston_DITPS_20251001__SRR37367622.deacon_filter.json	deacon_report	SRR37367622	801	e541d646363bbde89cc967de4aedbfee0b88c41e1635032205349f3b1d069913
reports/MA_Boston_DITPS_20251008__SRR37059712.deacon_filter.json	deacon_report	SRR37059712	802	dd011255c69174559e33511a736ed071b1a8d39c2b8f000df88d5dfc630af49c
reports/MA_Boston_DITPS_20251008__SRR37367621.deacon_filter.json	deacon_report	SRR37367621	803	72b0798540995d4f4f451bc0c8655c8d3572c0b08a6b86196382eb9cf8cb8cd0
reports/MA_Boston_DITPS_20251015__SRR37059711.deacon_filter.json	deacon_report	SRR37059711	801	e28a690a8d9ea4a0d573497729f9a734bdd3157e30ee55d42624b25d526ed751
reports/MA_Boston_DITPS_20251015__SRR37367620.deacon_filter.json	deacon_report	SRR37367620	803	68d4c50f2af6a434d14ddc5f1e5c0adff2818f84516426910a4c2c082def7a4b
reports/MA_Boston_DITPS_20251022__SRR37059996.deacon_filter.json	deacon_report	SRR37059996	803	4d0926b6dccd0ce0a22f7623774d9a3886911620671b933269300ca0786575a6
reports/MA_Boston_DITPS_20251022__SRR37367618.deacon_filter.json	deacon_report	SRR37367618	803	ee462f59fd2a244534a562cee5d8f947683453006923fac310a71b27fbec0782
reports/MA_Boston_DITPS_20251029__SRR37059997.deacon_filter.json	deacon_report	SRR37059997	803	ccecc9cb1629f4d9a1d5e48d54690b83eb369010f9fc2677a4218c722a07dcef
reports/MA_Boston_DITPS_20251029__SRR37367617.deacon_filter.json	deacon_report	SRR37367617	803	b09b812c17bac583b961e8eca6e04fc4cfa3ce95a8272bb1946033fcfde878a3
reports/MA_Boston_DITPS_20251105__SRR37059998.deacon_filter.json	deacon_report	SRR37059998	803	57c1ad858b9e046e87c5b4d237bc342d4db403fcd94c4eef8e611745ab6041e7
reports/MA_Boston_DITPS_20251105__SRR37367616.deacon_filter.json	deacon_report	SRR37367616	803	31538505a55c1ac7a3ec8d69f32b8c05a891654eb41e731a05e8f16fa3063a8c
reports/MA_Boston_DITPS_20251112__SRR37059999.deacon_filter.json	deacon_report	SRR37059999	803	98fcb0ca3bdbc2d2c20abf8b2ebfad9f7f88949f6f4008dee6582daf0d800732
reports/MA_Boston_DITPS_20251112__SRR37367615.deacon_filter.json	deacon_report	SRR37367615	803	a4de280d1920801668775229cb73f538d0c7efa4b1f8daabef3ec8805b6aabba
reports/MA_Boston_DITPS_20251119__SRR37060000.deacon_filter.json	deacon_report	SRR37060000	801	a4a08fe12dd7f462a5f61b511bee2058bb00ee6ec02cb230de8ebe6c95463493
reports/MA_Boston_DITPS_20251119__SRR37367614.deacon_filter.json	deacon_report	SRR37367614	801	43e920a138fef9b5b32492300edd51bd8497c411810d5fc4a8be039ae111aff6
reports/MA_Boston_DITPS_20251126__SRR37059982.deacon_filter.json	deacon_report	SRR37059982	799	436d4d71df66d574bab51823240ee0608dd6a663438e037816ad027aa18846fa
reports/MA_Boston_DITPS_20251126__SRR37367608.deacon_filter.json	deacon_report	SRR37367608	799	9bf5335358811ac09040de70d17da7e28dd42dd2a9b5e166eebadaf61c540a74
reports/MA_Boston_DITPS_20251203__SRR37060001.deacon_filter.json	deacon_report	SRR37060001	801	82767e3602bfd402e67db23dc114f751acd31ca90f649c20b17bb0a112c90db4
reports/MA_Boston_DITPS_20251203__SRR37367609.deacon_filter.json	deacon_report	SRR37367609	801	24a8326ed0366fe469e903d42f0ce83731472d84d2ff156c013d3df1863d1ebd
reports/MA_Boston_DITPS_20251210__SRR37060002.deacon_filter.json	deacon_report	SRR37060002	801	60134376ab94f01be99ff918765db8dd59487586bedd2bf4b7953f6c2162f2d5
reports/MA_Boston_DITPS_20251210__SRR37367610.deacon_filter.json	deacon_report	SRR37367610	801	889de088d1ab6b3eef5ffcb85e003f090434e10fa387a1d96612c5551d51a809
reports/MA_Boston_DITPS_20251217__SRR37367541.deacon_filter.json	deacon_report	SRR37367541	803	6ddfbbc78f5c3203d62b49e5c1b573c0b073d25246ef14ba574452c2dd1e5942
reports/MA_Boston_DITPS_20251223__SRR37367542.deacon_filter.json	deacon_report	SRR37367542	803	ddf0acafb9d34ae3686a41296cc2c1084b3bdccce71e05587e037c645dd25757
reports/MA_Boston_DITPS_20251230__SRR37367612.deacon_filter.json	deacon_report	SRR37367612	803	1e2bcdd01bf6a8e72f09122f243c0c38897991aac5b9ab49e0a92591bfcd406f
reports/MA_Boston_DITPS_20260107__SRR38294685.deacon_filter.json	deacon_report	SRR38294685	803	515f21d3be6572bc2f9690d88666b54f58d616faeddc6dc8b8d16807eedb6f4a
reports/MA_Boston_DITPS_20260114__SRR38294684.deacon_filter.json	deacon_report	SRR38294684	803	f024c16b2f3317aaa9a4ec08d512053f8d993c01b58c219e5aa554e93ee64a4d
reports/MA_Boston_DITPS_20260121__SRR38294682.deacon_filter.json	deacon_report	SRR38294682	803	703938d49d326a548653c477aff006b92fba8a9097e6c4e9f372ff4b2b39b82c
reports/MA_Boston_DITPS_20260128__SRR38294683.deacon_filter.json	deacon_report	SRR38294683	803	2d94d2d7318e797811bc643ad1bf472f261fb78e9a6dd528be453406d92a6eb2
reports/MA_Boston_DITPS_20260204__SRR38294681.deacon_filter.json	deacon_report	SRR38294681	803	ae8144633326616c66f8975b9246a2b1a8cde7c46e3aaabd18f8eae47cee5ae6
reports/MA_Boston_DITPS_20260211__SRR38294680.deacon_filter.json	deacon_report	SRR38294680	802	59984d364700841e77a14380f0619f92ae87cea622d019705a2f70a0f2a0c52d
reports/MA_Boston_DITPS_20260219__SRR38294679.deacon_filter.json	deacon_report	SRR38294679	803	5350d13522a96e3c57011b97e11aaafc158b1a318b28185f188c9f5506f74de8
reports/MA_Boston_DITPS_20260225__SRR38294677.deacon_filter.json	deacon_report	SRR38294677	803	083bf33308f97eae888db6f0404920fb763b9a1e33ed3ec849ff565d587abf46
reports/MA_Boston_DITPS_20260304__SRR38294676.deacon_filter.json	deacon_report	SRR38294676	803	f7466464261e8b44a63bb272403446d660a8fdcd3c92092bfdd2b7811e2012e2
reports/MA_Boston_DITPS_20260311__SRR38294626.deacon_filter.json	deacon_report	SRR38294626	803	f02df4d0036baf93de46819d371fbaace7f7bae1ac43ad05360b041f9da998c2
reports/MA_Boston_DITPS_20260318__SRR38294624.deacon_filter.json	deacon_report	SRR38294624	803	5368fcbfb5e7da88e84fc895bfe92d0922e31660dce177b76cf800a1dfa39181
reports/MA_Boston_DITPS_20260325__SRR38294625.deacon_filter.json	deacon_report	SRR38294625	803	10d4c860669b0f129ba215ed42b45ceac0cae7610430f8803e560ae9236efe34
reports/MA_Boston_DITPS_20260401__SRR39695308.deacon_filter.json	deacon_report	SRR39695308	803	ddb50f21e4ebec91ac950f58e467d1307c81c4b04b63a022c4cdf926b2e493c3
reports/MA_Boston_DITPS_20260408__SRR39695306.deacon_filter.json	deacon_report	SRR39695306	803	5331717abb43808dca09d1e09f3949ac5ddb9c8a8582cfeacdb766be5204cc2e
reports/MA_Boston_DITPS_20260414__SRR39695305.deacon_filter.json	deacon_report	SRR39695305	803	ecd04d9335c1f64e49f64f6c8dbebb5f492ffa9022583a5b040b3f1ee690b8f3
reports/MA_Boston_DITPS_20260422__SRR39695304.deacon_filter.json	deacon_report	SRR39695304	803	97eb02359c0f5135aa0ab0a1fa6a670a80075ba2392827f0f24762e7795bb8ab
reports/MA_Boston_DITPS_20260429__SRR39695302.deacon_filter.json	deacon_report	SRR39695302	803	dc939a38f0595d08166d10de1486c7ed9f5acf052ce208262c6bdd7a9f1c2a43
reports/MA_Boston_DITPS_20260506__SRR39695303.deacon_filter.json	deacon_report	SRR39695303	803	96181be4c897f4de47b67f3ee147589ba7f5309f5e56f25eda416603271a55b6
reports/MA_Boston_DITPS_20260513__SRR39695300.deacon_filter.json	deacon_report	SRR39695300	803	424c1c275e3720ef416449811e46852c54d01c3ec9da86386410dcd8d54c7411
reports/MA_Boston_DITPS_20260520__SRR39695036.deacon_filter.json	deacon_report	SRR39695036	803	3d88db3ed9388851f8d67561151aa08f2fa8b7f6a2ff1646c5c2dae083dde8d9
reports/MA_Boston_DITPS_20260527__SRR39695034.deacon_filter.json	deacon_report	SRR39695034	803	cf4f61132e3a193f712e2df5d44699043da67b1a1035d2d62ae678643d8d39bf
reports/MA_Boston_DITPS_20260603__SRR39695033.deacon_filter.json	deacon_report	SRR39695033	803	a8ba3e822a66f31b5acef2bbbdd6f75467b1b5d51eb936c3118ca23113ddda38
reports/MA_Boston_DITPS_20260610__SRR39695032.deacon_filter.json	deacon_report	SRR39695032	802	82684a3bbc3eed37f51691c91842bf19d4377c9232976c9286b9426e7be4db8e
reports/MA_Boston_DITPS_20260617__SRR39695031.deacon_filter.json	deacon_report	SRR39695031	803	21466df869a7470ddf83ea05aadf0cd11f4e2575ea6f4f7843161161a2a6bf23
reports/MA_Boston_DITPS_20260622__SRR39695030.deacon_filter.json	deacon_report	SRR39695030	803	aa3a6412720d7244e01170a8db40e73c8d03ba6c8a2b4be2fe5a54bc11880716
reports/MA_Boston_DITPS_20260629__SRR39695370.deacon_filter.json	deacon_report	SRR39695370	803	261df9bcca4d53b1275db85aae93914ca9186b80bb3c3171e9bfbd5d0a1819b2
reports/MOMilan_20250312__SRR35971519.deacon_filter.json	deacon_report	SRR35971519	795	da02d5b0cf7ea61dd36857d97ab350ceba6c4f7c765872cbb42c2047fdfb7201
reports/MOMilan_20250320__SRR35971518.deacon_filter.json	deacon_report	SRR35971518	795	8739bb3c9411c564dfb5d0460d629573758724b39db6470343f858d916cac709
reports/MOMilan_20250327__SRR35971507.deacon_filter.json	deacon_report	SRR35971507	795	334d8503f19e9b35720d773e17a8b53bc60f05323db4394e1e53dd3866a0c2f3
reports/MOMilan_20250402__SRR35971505.deacon_filter.json	deacon_report	SRR35971505	795	269b6d60668d4f6632e5f3507785b73feb0ed39055176def2085a7045d08185d
reports/MOMilan_20250409__SRR35971504.deacon_filter.json	deacon_report	SRR35971504	795	ce105e09f89a025c6f2135d45ffd7eee0298b06edd76ecc09d1f61b055ae4058
reports/MOMilan_20250424__SRR35971503.deacon_filter.json	deacon_report	SRR35971503	795	3d82681beae4487abd9289dce5bedd0aed12bea2b471eedb945fc26e4bb77d77
reports/MOMilan_20250507__SRR35971501.deacon_filter.json	deacon_report	SRR35971501	795	a569be4227ad862bd55db9387dde2d9b71c8818f46ee20d4808a01a79cc7c83d
reports/MOMilan_20250522__SRR35971500.deacon_filter.json	deacon_report	SRR35971500	795	f2645e893d1bb03c5d1fc5cc91de3bde7b33b01efd74a6c24763e162c77c531d
reports/MOMilan_20250612__SRR35971499.deacon_filter.json	deacon_report	SRR35971499	795	9f340fc2cc182e844420769dcb9e4bf1447c36c18bad988c50e82649a7c5c70b
reports/MOMilan_20250617__SRR35971517.deacon_filter.json	deacon_report	SRR35971517	793	6941d4998bdad62db57c4656e1189675a971fa48f0c4d92516d760579b1fb6a7
reports/MOMilan_20250626__SRR35971516.deacon_filter.json	deacon_report	SRR35971516	795	8a0c3c2a39339e711f74436642b993e8a51c3a888654002fd4dba7a84d8f0fbf
reports/MOMilan_20250709__SRR35971515.deacon_filter.json	deacon_report	SRR35971515	795	651a86bd03f1699548fc254e82467634ac25f323963d890d7274e781dc019b02
reports/MOMilan_20250724__SRR35971514.deacon_filter.json	deacon_report	SRR35971514	795	5ab9b5222766a5b3124f50f09653a6a318686aa2ef50ee0dcdb555bc88db0178
reports/MOMilan_20250729__SRR35971513.deacon_filter.json	deacon_report	SRR35971513	795	b0d550fe048e6ae42cbdb52a5aee27862c2a0f9d808330eaae7e7fbfe7e913ad
reports/MOMonett_20250610__SRR35939776.deacon_filter.json	deacon_report	SRR35939776	796	5a68fbc676583f953d98021efd1e5736da82fd8a9424b9ddbc61654c7c08c9cb
reports/MOMonett_20250616__SRR35939775.deacon_filter.json	deacon_report	SRR35939775	795	617f9557a05f26d04952d1cc1d555eef1f8537c4c455a8762f1e84971b0a70a9
reports/MOMonett_20250623__SRR35939765.deacon_filter.json	deacon_report	SRR35939765	797	93faceba4a8fefa15b1f07d813fc803e2f372096db589c31b320dbad5cd7736b
reports/MOMonett_20250630__SRR35939764.deacon_filter.json	deacon_report	SRR35939764	796	ff1d42fa86b6c04fb7395d393e7e39cf386fdb1e610203e54ebd5cd9694b1269
reports/MOMonett_20250707__SRR35939763.deacon_filter.json	deacon_report	SRR35939763	796	5bf677550353407846bb07306d5c4534826becc6ae90fbe6692a54896f102617
reports/MOMonett_20250714__SRR35939762.deacon_filter.json	deacon_report	SRR35939762	796	271768603e454195500f2f3788c8a63ec006b14f8c966fad86ed518b02fc1908
reports/MOMonett_20250721__SRR35939761.deacon_filter.json	deacon_report	SRR35939761	796	cc46824e477004041ba94b845f7ea2e3c9ba5266870aad1e24e39f17dd20a3c8
reports/MOMonett_20250728__SRR35939760.deacon_filter.json	deacon_report	SRR35939760	864	19220626f520d112c05ab03b4f09f9648a4e8dc28865fd3879113cd4a601dbf9
reports/MO_Columbia20250701__SRR37092466.deacon_filter.json	deacon_report	SRR37092466	798	c992a840ac92e8c2874fea064d2f5b562385fcb298fa588f236a6f740f4f9829
reports/MO_Columbia_20250708__SRR37092455.deacon_filter.json	deacon_report	SRR37092455	799	49d5ab24254c37eafca7b98633dd7225ee5f2f643fa51bb119a04c404b283379
reports/MO_Columbia_20250715__SRR37092448.deacon_filter.json	deacon_report	SRR37092448	799	9b2ae2b407649704788738861719627e4459202ac2b9a933db4c7d19f45cbbd7
reports/MO_Columbia_20250722a__SRR37092446.deacon_filter.json	deacon_report	SRR37092446	800	819c3a599b8a05757cb75541fea4e664ff3fe5657d774a532902bd2ed2af07c1
reports/MO_Columbia_20250729__SRR37092442.deacon_filter.json	deacon_report	SRR37092442	869	239744b59ab5277ace611a5cb1424bd0bf11b6a337c312e3dae62361906df91e
reports/MO_Columbia_20250805__SRR37092443.deacon_filter.json	deacon_report	SRR37092443	797	149c3692bfea63c505c21f1045f9aa153fc2c0ec2fed8d338dedbdcce042ee9a
reports/MO_Columbia_20250812__SRR37092444.deacon_filter.json	deacon_report	SRR37092444	866	e348c794867a6d301357f758163b5977182a5d2d258cb5c90d9c07e836c54808
reports/MO_Columbia_20250819__SRR37092445.deacon_filter.json	deacon_report	SRR37092445	799	a94d7ccd2021b3756b2ed95c88d3dc030f2e563d375ae475e6b432cc1c95880a
reports/MO_Columbia_20250826__SRR37092465.deacon_filter.json	deacon_report	SRR37092465	799	310d3a9f541b8e005e8f045a82291e5d60b754549c91f3192beed2a06fc43acf
reports/MO_Columbia_20250902__SRR37092464.deacon_filter.json	deacon_report	SRR37092464	799	517767a9ed9aed997e92f98943f6eb03bb96d99b28fc0e4c7f57de34067d0a04
reports/MO_Columbia_20250910__SRR37092462.deacon_filter.json	deacon_report	SRR37092462	799	4e8a46b00b4b2be0ea3666f6bdb24b5601cf27d690083183059ea50c84587f20
reports/MO_Columbia_20250916__SRR37092463.deacon_filter.json	deacon_report	SRR37092463	799	0355234740e1af0cb45da42d91bab63ce42068c3c8222f5272bff420f27c9513
reports/MO_Columbia_20250923__SRR37092461.deacon_filter.json	deacon_report	SRR37092461	797	a334698ea4b91266ee02bcb3167888f0c4f53acffe4887a5c7ee91342066ba45
reports/MO_Columbia_20250930__SRR37092460.deacon_filter.json	deacon_report	SRR37092460	799	1f2222f4e95706567de347edee12e7add2ce19de2101f7ff62d4122b9e51bb01
reports/MO_Columbia_20251007__SRR37092459.deacon_filter.json	deacon_report	SRR37092459	799	49fc7463e9ec272277e9190fd41d7e95eb1c583c0dd3b19590e074381ce8b25e
reports/MO_Columbia_20251014__SRR37092457.deacon_filter.json	deacon_report	SRR37092457	799	982264cf3b56c33f07d7c33c1a0214688a26105e06e0da0e560f49a6e7f49ebe
reports/MO_Columbia_20251021__SRR37092458.deacon_filter.json	deacon_report	SRR37092458	799	8a752342b6b2fbeb3107f3e8b77081173515eb05caf918628c7d12029fb99f17
reports/MO_Columbia_20251028__SRR37092456.deacon_filter.json	deacon_report	SRR37092456	799	ffbcf9e6a76a37e8098774201cd736db3643ee413acb52e52d375dc2d3b76ad6
reports/MO_Columbia_20251104__SRR37092454.deacon_filter.json	deacon_report	SRR37092454	798	0a24824b4ab428717f3ad34ea4fc3f4ad4d267f1b8bafa4811de8487dfb7d537
reports/MO_Columbia_20251112__SRR37092452.deacon_filter.json	deacon_report	SRR37092452	799	ba39dbbc2f2f9fcfaced08db972442278836777c8ffcd950301e0e5418423e95
reports/MO_Columbia_20251118__SRR37092453.deacon_filter.json	deacon_report	SRR37092453	799	42172dac2b3d2e757fd07bc92ac510ca4e02783d8961a33f38fe089347826851
reports/MO_Columbia_20251125__SRR37092451.deacon_filter.json	deacon_report	SRR37092451	799	e106952c16958e632c070b09c95933bffb36abffed38be82d7586de0577b4a17
reports/MO_Columbia_20251204__SRR37092450.deacon_filter.json	deacon_report	SRR37092450	800	6b6d289f8e4da5600056bdd1ff6bfeb7e9b73a6aff7c1784256bfe56e75bcc77
reports/MO_Columbia_20251208__SRR37092449.deacon_filter.json	deacon_report	SRR37092449	799	e6da6a78907e2e5798550f14545f0b992f14921cf54e4b7d03357966bc2deca0
reports/MO_Columbia_20251216__SRR37092417.deacon_filter.json	deacon_report	SRR37092417	799	da2c95ccb13905f04d5c653bc882be0b32bb3920bc51dc2745fb5756d8aa7534
reports/MO_Columbia_20251223__SRR37092416.deacon_filter.json	deacon_report	SRR37092416	799	3e8c41ed1268aed2338c3ae3436bf4f1baa6d8959f5ecc12cd772dd6bf42fb30
reports/MO_Columbia_20251230__SRR37092414.deacon_filter.json	deacon_report	SRR37092414	799	9e7310f968bbbc0268ac606bd1f1547fc42f3624f94313e4718adee43154e699
reports/MO_Columbia_20260106__SRR38294645.deacon_filter.json	deacon_report	SRR38294645	798	dcb64a7624434e6815dc306cddf5330bb8e0d113d764c274c87ecda45b80bf11
reports/MO_Columbia_20260113__SRR38294643.deacon_filter.json	deacon_report	SRR38294643	799	b8b3fd13a414021e0f0478dd0125d1c0af9e0e4ad30d4536dbbb281c48a5671b
reports/MO_Columbia_20260120__SRR38294644.deacon_filter.json	deacon_report	SRR38294644	799	f6e7cdeb263aad0de421ecfaf96b24d815819d70c4e380b0af1e53326fb286b4
reports/MO_Columbia_20260127__SRR38294642.deacon_filter.json	deacon_report	SRR38294642	799	5d7b8b6895b183251751cd6c8a39508ab0ac4dff5150bdfb6f1732f8603fff64
reports/MO_Columbia_20260203__SRR38294641.deacon_filter.json	deacon_report	SRR38294641	799	134b04dcbd3d636eab281049f0d271123e5407b0c98d0013d476b1d8d770461c
reports/MO_Columbia_20260210__SRR38294640.deacon_filter.json	deacon_report	SRR38294640	799	2c55863b42b551a9991483f932030ec28dd5d89b06b8b30e203d90668bc6e0b2
reports/MO_Columbia_20260217__SRR38294638.deacon_filter.json	deacon_report	SRR38294638	799	b48af4a9ba98fe73419bd35b3aaaa27df623988de889e9df5741e22e86359ecc
reports/MO_Columbia_20260224__SRR38294636.deacon_filter.json	deacon_report	SRR38294636	799	597ad9cc563fc78b5eb10bcff0b0162c9d54286b212284307ef8d710559b8139
reports/MO_Columbia_20260303__SRR38294637.deacon_filter.json	deacon_report	SRR38294637	799	3217432d7693c8fa867e30b2b078e5e8990c29f516f12bac02d7e2df56e2e0c5
reports/MO_Columbia_20260310__SRR38294635.deacon_filter.json	deacon_report	SRR38294635	799	60d2442f5b5effb6178a3b24df98dbd6bd5b5ce2533b00aeb9dced3730464350
reports/MO_Columbia_20260317__SRR38294634.deacon_filter.json	deacon_report	SRR38294634	799	18efa66a54025fa7e9464d0552a242611b8765bf8d81591ef35e837d9a09d452
reports/MO_Columbia_20260324__SRR38294633.deacon_filter.json	deacon_report	SRR38294633	799	3cd731d6ace408c500a5b78839d93a2b0efd6d3923977eb5d7bea3858bc29ebe
reports/MO_Columbia_20260331__SRR38294631.deacon_filter.json	deacon_report	SRR38294631	799	0d117d41e86b52de82af75641bb83222dbea9916b559b1e2dbc91257e34d09e7
reports/MO_Columbia_20260407__SRR39695368.deacon_filter.json	deacon_report	SRR39695368	799	016ad739f15d22c53992a6eb2cea139061ec4a121725e9a7ab14826f430a03ef
reports/MO_Columbia_20260414__SRR39695366.deacon_filter.json	deacon_report	SRR39695366	798	8134e40448b28f657932b96324f377f6deb586dea246ba1180cf8823b4f3b594
reports/MO_Columbia_20260421__SRR39695025.deacon_filter.json	deacon_report	SRR39695025	799	3ac618f0571918f488d34343bf57cfa7fc71afd66f8a987482270d6c5fde003a
reports/MO_Columbia_20260428__SRR39695024.deacon_filter.json	deacon_report	SRR39695024	799	028d2b721a5421496d454c1e416047b0a1a0fb7602c0b05798e1eee6e90ca065
reports/MO_Columbia_20260505__SRR39695212.deacon_filter.json	deacon_report	SRR39695212	799	a8f6dfdb92f98a3efaeed80b565b8f8ba6e065176e1083d2c036250fd378d9d6
reports/MO_Columbia_20260512__SRR39695211.deacon_filter.json	deacon_report	SRR39695211	799	7eb2653c78d53d3305ce903fc0dde3cc9ab7e02fc06275f9e0e321bbb5e5a6df
reports/MO_Columbia_20260518__SRR39695210.deacon_filter.json	deacon_report	SRR39695210	799	c4c18f12e055935aceaeb2fe57034c6d3438c84edd18cca7d8f1141262698e2a
reports/MO_Columbia_20260526__SRR39695209.deacon_filter.json	deacon_report	SRR39695209	799	b5074bb6da5c0c721683dd0e49f9fd2baa6eb0b358916eb69132448737497855
reports/MO_Columbia_20260602__SRR39695208.deacon_filter.json	deacon_report	SRR39695208	799	d394c31a2c0684cc84d89cd7063256bb612165e3d470874795c9e0f6f877a505
reports/MO_Columbia_20260609__SRR39695206.deacon_filter.json	deacon_report	SRR39695206	799	9b5a9aa7829a2c2b314112b611943172b9b8f174de18dda6aad6ac0ee5b31227
reports/MO_Columbia_20260616__SRR39695207.deacon_filter.json	deacon_report	SRR39695207	799	84014fca59c385ef986f6696660005a643c0d5988aea1c04e26dfa590c349135
reports/MO_Columbia_20260623__SRR39695205.deacon_filter.json	deacon_report	SRR39695205	867	bca1e497da15e13c5629f86b91421fff3f4cc7af521fe76aa287b6c43b8370a2
reports/MO_Columbia_20260630__SRR39695204.deacon_filter.json	deacon_report	SRR39695204	799	ed76ca408f7c0243004f8a9a8e0c23bc7ce619f260fe0b7a40563fabac87455a
reports/MO_Columbia__SRR37092467.deacon_filter.json	deacon_report	SRR37092467	790	42a4874313bf00d5fdaac47c0aa611acdb97dff846b1249c3504e5c0ad0f2ebe
reports/MO_KC_BlueRiver_20250812__SRR37027369.deacon_filter.json	deacon_report	SRR37027369	803	57dac87b105b1954c84c9625c0e32227c3d45574137957f48f9e87a58d29889e
reports/MO_KC_BlueRiver_20250819__SRR37027368.deacon_filter.json	deacon_report	SRR37027368	803	76f59d5ed0b839e96ad0f342fe71274244f2f8468cd5d32128770e4aa4b02026
reports/MO_KC_BlueRiver_20250826__SRR37027357.deacon_filter.json	deacon_report	SRR37027357	803	b9c437ff64bb35db56cccee714dc2563cea98743febc39882357ae277f160326
reports/MO_KC_BlueRiver_20250902__SRR37027349.deacon_filter.json	deacon_report	SRR37027349	803	3505f4fa416972ef72935903e9c984eb3c0e2c4ef1a93dbe63b87b448f7d1ed8
reports/MO_KC_BlueRiver_20250909__SRR37027348.deacon_filter.json	deacon_report	SRR37027348	803	e54d148857292b95ddd3fc95a3affb56245521beaf53df0589cff4c9219bea2a
reports/MO_KC_BlueRiver_20250916__SRR37027347.deacon_filter.json	deacon_report	SRR37027347	803	4ec83d4caeb364567537ab42ec9208092d1ce0aac38b55e90f8f3ccf92673420
reports/MO_KC_BlueRiver_20250923__SRR37027346.deacon_filter.json	deacon_report	SRR37027346	803	b64c6bf24e60712ce1a2539eed4872e2f484f51ab9aa93177d73643874e0ee8c
reports/MO_KC_BlueRiver_20250930__SRR37027345.deacon_filter.json	deacon_report	SRR37027345	803	f5fcdc2616e39683a2c72fc6cb61ad8adfad519a7f0f06bbc6c1ac896cb2545b
reports/MO_KC_BlueRiver_20251007__SRR37027344.deacon_filter.json	deacon_report	SRR37027344	802	d9eddbb3c776b22e6a317c7981c85cff6d9897c94e6c97d9a9cf33a7958c2ccc
reports/MO_KC_BlueRiver_20251014__SRR37027343.deacon_filter.json	deacon_report	SRR37027343	803	1d9966adc47f77913e32c2b1a4bc224e4bb162e333bb2248343ba2bed98fce1e
reports/MO_KC_BlueRiver_20251021__SRR37027367.deacon_filter.json	deacon_report	SRR37027367	803	8ea274d31e1b57eefd29f5cd2c9cce737c9e73ca1e6cb54e0202b07509882d18
reports/MO_KC_BlueRiver_20251028__SRR37027366.deacon_filter.json	deacon_report	SRR37027366	803	b1f63846d60fe489023711fff0dc5c6a0bb799cbcaa5030a1a823ee00a30443b
reports/MO_KC_BlueRiver_20251104__SRR37027365.deacon_filter.json	deacon_report	SRR37027365	803	44d4c770a9cc6e3e2de8865598975e3a5d26459526dbd1f130ed9ef5131603b2
reports/MO_KC_BlueRiver_20251112__SRR37027363.deacon_filter.json	deacon_report	SRR37027363	803	0030e4da32442d2068c5c824a8e51d35407e620fa9636dc191e411924796d2a5
reports/MO_KC_BlueRiver_20251118__SRR37027364.deacon_filter.json	deacon_report	SRR37027364	803	14c32ae5e7ea35b120d6783d6f74f081d4781efb55b94e12e2a63c07b3754978
reports/MO_KC_BlueRiver_20251125__SRR37027362.deacon_filter.json	deacon_report	SRR37027362	803	dfd42c4e72bf9d7d6de49ba1fc02d09b2293409a6647ae1262135d047bd29f05
reports/MO_KC_BlueRiver_20251202__SRR37027361.deacon_filter.json	deacon_report	SRR37027361	803	2a8cc04dbae76e1d5d7f9bdc3a69f490322c9f8055fac974f70b7eee0e47e6ee
reports/MO_KC_BlueRiver_20251209__SRR37027360.deacon_filter.json	deacon_report	SRR37027360	803	16b315405afe79cb76287fa75a9cf66c9c315436a4a617a9adc94cfebc12825d
reports/MO_KC_BlueRiver_20251216__SRR37181170.deacon_filter.json	deacon_report	SRR37181170	803	c460327b230f993b2b6aa31fdb79da25f939441d35f9c2d6870f1318dfbc1ea0
reports/MO_KC_BlueRiver_20251223__SRR37181171.deacon_filter.json	deacon_report	SRR37181171	803	b0265a8231c8ed33d708cf398b58b4775af58737cb9213db4bea66e68be80c8c
reports/MO_KC_BlueRiver_20251230__SRR37181169.deacon_filter.json	deacon_report	SRR37181169	803	325e042810633e7dba4b4bbe71768de18ac23209fc4cb24baca93afba70f41ec
reports/MO_KC_BlueRiver_20260106__SRR37181168.deacon_filter.json	deacon_report	SRR37181168	803	44555336f137aebb654fb65e4206dc6b7658cf11ef7885a59249258bd4618d05
reports/MO_KC_BlueRiver_20260113__SRR37181167.deacon_filter.json	deacon_report	SRR37181167	803	7a5108f65cfffe8dc8b118040bac1dd8f8acd98390b30a2d50b44b434b64dd59
reports/MO_KC_BlueRiver_20260120__SRR37181165.deacon_filter.json	deacon_report	SRR37181165	803	60fd76bde4a68e64bfa83ae29eea9ea2cf3871b8a71d8669518411f46acb82fc
reports/MO_KC_BlueRiver_20260127__SRR38294632.deacon_filter.json	deacon_report	SRR38294632	803	d13d7667eb1e9663ee5e3917298c29bd01c324506984ca08b51fc2e329c99fce
reports/MO_KC_BlueRiver_20260203__SRR38294630.deacon_filter.json	deacon_report	SRR38294630	803	2df6f5d425941276f06c5eebd6ca10597ea87e697f952074e4fbd93174e86c12
reports/MO_KC_BlueRiver_20260210__SRR38294629.deacon_filter.json	deacon_report	SRR38294629	803	e95457d227a831cfa1b0a89eafcff1bada57e9fd3777f544f1ed0606e3adf76b
reports/MO_KC_BlueRiver_20260217__SRR38294627.deacon_filter.json	deacon_report	SRR38294627	803	772abb550482e2d4a4b66647d98f1bafd1230d1ec83faefd09bba2defa800a28
reports/MO_KC_BlueRiver_20260224__SRR38294934.deacon_filter.json	deacon_report	SRR38294934	803	1198e8b10117827521f30c8c72e804cf314f229aab5cbdfd5be5662681cb02b2
reports/MO_KC_BlueRiver_20260303__SRR38294932.deacon_filter.json	deacon_report	SRR38294932	803	bc13b42c01056a895e9f04170dcdd93fd6a0f5336ffdb77f201e75d02cd40ae9
reports/MO_KC_BlueRiver_20260310__SRR38294933.deacon_filter.json	deacon_report	SRR38294933	803	7353a79d4fff9784bac34396dbe213c7ab7360c36aa2c1e635a82cabc977a317
reports/MO_KC_BlueRiver_20260317__SRR38294623.deacon_filter.json	deacon_report	SRR38294623	803	32e628018a7c8cf9a8a768f4f93beabc7e96a3f1ba0ad481a765d41775987028
reports/MO_KC_BlueRiver_20260324__SRR38294622.deacon_filter.json	deacon_report	SRR38294622	803	77bbdfa42b78f3ac2968e9d76f47fadee6863326c0be9ba25c4ae0cbabfa06f8
reports/MO_KC_BlueRiver_20260331__SRR38294621.deacon_filter.json	deacon_report	SRR38294621	803	0102a7f979bb9c91da42277acec72cc2636712626b5b811ecc903acab6207a44
reports/MO_KC_BlueRiver_20260407__SRR39695203.deacon_filter.json	deacon_report	SRR39695203	803	d28b3e55b7bfe8a1f2ab7b7ba2d5938f9e87413d01a77158bdb9e695e35482d4
reports/MO_KC_BlueRiver_20260414__SRR39695201.deacon_filter.json	deacon_report	SRR39695201	803	ca5f439514b6cb7c73162b557df35f656c393a63df47164487e8692e6b4d6ce4
reports/MO_KC_BlueRiver_20260421__SRR39695200.deacon_filter.json	deacon_report	SRR39695200	802	00487ae3b231ac42e89563334ec7e245d16ae212ea757689eb9b637396eae7d5
reports/MO_KC_BlueRiver_20260423__SRR39695373.deacon_filter.json	deacon_report	SRR39695373	803	06d403d603852cccef7b25bca2c6bfd35a4966ad813fd2a1ed0fb0bc8e95b4c7
reports/MO_KC_BlueRiver_20260427__SRR39695371.deacon_filter.json	deacon_report	SRR39695371	802	35a95f8a9e19aaa5a075693f432a93175608f87fe8069092c6c2650bd9c97352
reports/MO_KC_BlueRiver_20260430__SRR39695369.deacon_filter.json	deacon_report	SRR39695369	803	b83642928f4d7c4d7d269af41592e04e790e4ea7a4d4a26e44487b62a878a60e
reports/MO_KC_BlueRiver_20260504__SRR39695367.deacon_filter.json	deacon_report	SRR39695367	803	79528736b24b2287f45450a4b2c5cbb8e16c6ddb6bcd3bae922c601bdb52139e
reports/MO_KC_BlueRiver_20260511__SRR39695301.deacon_filter.json	deacon_report	SRR39695301	803	f12598b909f0d2bdbce42237ffe7ed8e5c3dc80df391de697ab9168d05e481f4
reports/MO_KC_BlueRiver_20260514__SRR39695298.deacon_filter.json	deacon_report	SRR39695298	803	41fe8c79733c11630c700845d50a513568b06ade41849c60bcd6f33b9d5f4c1b
reports/MO_KC_BlueRiver_20260518__SRR39695365.deacon_filter.json	deacon_report	SRR39695365	803	7ed24007d075488e12919b7605585c4ee9df8e1e701783a74e56b851efe5140c
reports/MO_KC_BlueRiver_20260521__SRR39695364.deacon_filter.json	deacon_report	SRR39695364	801	91d22142b99eb0ffb78c33bf4dda07c25d48ccd6527ca0da22721c9162347afc
reports/MO_KC_BlueRiver_20260526__SRR39695362.deacon_filter.json	deacon_report	SRR39695362	803	6105fe2fac20d6f091e2e7dca0e64f16c42875a91ee261d034f3acd86acf9b04
reports/MO_KC_BlueRiver_20260601__SRR39695360.deacon_filter.json	deacon_report	SRR39695360	803	e9449298f0cceda5748baa4bd6495dafae9ec9018fc9359db3760811b0fd5f85
reports/MO_KC_BlueRiver_20260608__SRR39695361.deacon_filter.json	deacon_report	SRR39695361	802	3191a28e0ba903cfc8c65c2a4029f08414cc4e1c7af76bdc0729ad90f2516433
reports/MO_KC_BlueRiver_20260611__SRR39695358.deacon_filter.json	deacon_report	SRR39695358	803	5d463e003f065195703bd1a519bf3a8bfee4f70ed5e67610f067728611cccb72
reports/MO_KC_BlueRiver_20260615__SRR39695199.deacon_filter.json	deacon_report	SRR39695199	803	80b2925f169116df9c1d5c67f8bb6d1f18012cdab0c0c77c75a5f2447da30690
reports/MO_KC_BlueRiver_20260618__SRR39695198.deacon_filter.json	deacon_report	SRR39695198	871	fa9f43fc8521c5446a1e807b285b2cf3e003d49ffeb1055b2a6c7a375752b411
reports/MO_KC_BlueRiver_20260628__SRR39695196.deacon_filter.json	deacon_report	SRR39695196	871	80aef481a924d4c38cdc41a7c83b988b2d904f486da47f1a0db76207ebbf32bf
reports/MO_KC_Westside_20251001__SRR37027358.deacon_filter.json	deacon_report	SRR37027358	802	a9980b589f018d35f446a2f4d547a9c1622d14efb86b1039a3972fcc90d2869a
reports/MO_KC_Westside_20251021__SRR37027359.deacon_filter.json	deacon_report	SRR37027359	802	7e2a8213aa69a9db5a067dfc5763f91806fe23d7db4a5a7bcbfb5d60e652b34b
reports/MO_KC_Westside_20251028__SRR37027356.deacon_filter.json	deacon_report	SRR37027356	802	283ead0f0e948e8b8d1230922c057243180e95c4e88b17219b967722c4a24f0b
reports/MO_KC_Westside_20251104__SRR37027355.deacon_filter.json	deacon_report	SRR37027355	802	96e9925b72b4ed2dfd1e84ad677000ed157dd93c00bd4dbf16ffb78838957f36
reports/MO_KC_Westside_20251112__SRR37027353.deacon_filter.json	deacon_report	SRR37027353	802	70b0491529dce0de1c24c9037fd06afcb0a199389cdcbdc1f98301aaf4a4b904
reports/MO_KC_Westside_20251117__SRR37027354.deacon_filter.json	deacon_report	SRR37027354	802	2e4ef15a37ab0f6cfd31c8dfb705df61a82ba61aad37454e0872df5306c8e2a3
reports/MO_KC_Westside_20251124__SRR37027352.deacon_filter.json	deacon_report	SRR37027352	802	c537d3d102057d2894756b6ccb0ad08fd4a03a06e05e4a427a839bcc954a2b30
reports/MO_KC_Westside_20251202__SRR37027351.deacon_filter.json	deacon_report	SRR37027351	802	1c8c5b0dd4f3d936fb82dd0c1b9355c6e2ebffd92c87a3308ab6e97558db699e
reports/MO_KC_Westside_20251208__SRR37027350.deacon_filter.json	deacon_report	SRR37027350	802	283011a1e358945152323e2e535743723eee6cc15b16e1ec0fd04134825aede8
reports/MO_KC_Westside_20251215__SRR37181166.deacon_filter.json	deacon_report	SRR37181166	802	338abc67313bdc35f0d6f96f3df35cb2e7eb6083fc3bce904e9b1940a4db1a93
reports/MO_KC_Westside_20251223__SRR37181164.deacon_filter.json	deacon_report	SRR37181164	802	573c4749535f52bea96b4f6fe8c3b4ec30c94cfeea090b3d432d984127a5719c
reports/MO_KC_Westside_20251229__SRR37181163.deacon_filter.json	deacon_report	SRR37181163	802	cb107bdfa18f667800045aec226bfcb3c5348806ababa4103846ec16183a2f8b
reports/MO_KC_Westside_20260105__SRR37181160.deacon_filter.json	deacon_report	SRR37181160	802	00bd4adf36e9ebd5a41ec067f55868ed44c7ee92e9ebe1962aaf0e9a5a34cc3c
reports/MO_KC_Westside_20260113__SRR37181151.deacon_filter.json	deacon_report	SRR37181151	802	0e75fdc78249ea3c44786359e09c0f836a9f975ef9151f6eb5328b74c5a72000
reports/MO_KC_Westside_20260119__SRR37181185.deacon_filter.json	deacon_report	SRR37181185	802	3eb52d2a1778debf8f5a81e59561cd60069c58a84ab645aabef52368c5c31dff
reports/MO_KC_Westside_20260127__SRR38294619.deacon_filter.json	deacon_report	SRR38294619	802	e2034ce45c7a661daa0a1349e5e109a9965cf9e89c0223e075bd87737b00951d
reports/MO_KC_Westside_20260203__SRR38294620.deacon_filter.json	deacon_report	SRR38294620	802	ad805350513bac561a55adc1358b7703b324e8c0a80da951734c4a69aa425bfa
reports/MO_KC_Westside_20260209__SRR38294618.deacon_filter.json	deacon_report	SRR38294618	802	e0c7a02e1199eda2bb713e4fc3e22cdebf5ba111165a6aadbbb503d66b3cc53a
reports/MO_KC_Westside_20260217__SRR38294615.deacon_filter.json	deacon_report	SRR38294615	802	ebdeaf282ec40e6686c3c286f352cd4fa4e13ac47cd007cde05badbafeee4d5c
reports/MO_KC_Westside_20260224__SRR38294614.deacon_filter.json	deacon_report	SRR38294614	802	f6f9d3a1c79c2718630d462cfecd48c80a258d4a1cd0d64ae6eac19a0545e274
reports/MO_KC_Westside_20260303__SRR38294612.deacon_filter.json	deacon_report	SRR38294612	802	a13ccfde8bed690c1beac9b9623b8e5d4d47782cbaa7481a0ccba12a73a7d220
reports/MO_KC_Westside_20260310__SRR38294613.deacon_filter.json	deacon_report	SRR38294613	802	eeb278577fc5ed3f3c7a0615b61d64a14f369b2640aebd776bfbcfc034b51e71
reports/MO_KC_Westside_20260317__SRR38294611.deacon_filter.json	deacon_report	SRR38294611	802	9dc4e6fa2b48f36591b086efed93acd3f27c33d2c39fc66418d136c36684cce7
reports/MO_KC_Westside_20260324__SRR38294610.deacon_filter.json	deacon_report	SRR38294610	802	ea9d34f32bac11c7f215c5f520cf7e46ca109e6030cde3f3fa92a3ca30fe5c0e
reports/MO_KC_Westside_20260331__SRR38294609.deacon_filter.json	deacon_report	SRR38294609	802	35127440e6a13a5e4967b88695e3a11cfa5d11cdc4246c0aba1c46b8240b08c7
reports/MO_KC_Westside_20260407__SRR39695197.deacon_filter.json	deacon_report	SRR39695197	801	4327986ffbdb8038dc9b823903a0514c352963cdf45c4fdec11bf371e9462400
reports/MO_KC_Westside_20260414__SRR39695195.deacon_filter.json	deacon_report	SRR39695195	801	c4edebeb1125e87cdbeeb994341485dfe0f3af053d0ae702ae576b53e9b87dbd
reports/MO_KC_Westside_20260420__SRR39695194.deacon_filter.json	deacon_report	SRR39695194	802	e719a5c51e96d1b55a213e08cfc8192772d1bd75735f9d02d04ae4c18733d6e4
reports/MO_KC_Westside_20260423__SRR39695191.deacon_filter.json	deacon_report	SRR39695191	802	72ac1af43d58af72e610692a049c059ed4fe146c264962ae644e5e258d8e7de5
reports/MO_KC_Westside_20260427__SRR39695189.deacon_filter.json	deacon_report	SRR39695189	802	14ecf1ba759188fc3d9ddfa70fb0af5046952035c786ff1fc088d27cbe4fe152
reports/MO_KC_Westside_20260430__SRR39695190.deacon_filter.json	deacon_report	SRR39695190	802	67e2c0c2a20facc1ef80b3b1a81754abae9d7a745046c2cda1c56a64e35556d9
reports/MO_KC_Westside_20260504__SRR39695188.deacon_filter.json	deacon_report	SRR39695188	802	ebae83f32dd6e34a6b0d35c063e7b4d86f20516e3461881f33ee808c952d8e48
reports/MO_KC_Westside_20260507__SRR39695187.deacon_filter.json	deacon_report	SRR39695187	802	3de6b6ff64c288cfe1efc69c8c519fad516314469741538b853f7b2411373b82
reports/MO_KC_Westside_20260511__SRR39695018.deacon_filter.json	deacon_report	SRR39695018	802	b87173d103a0e2a4ff158f2c3966ad84ace44ca287f72ad0d4a149949e8ec923
reports/MO_KC_Westside_20260514__SRR39695017.deacon_filter.json	deacon_report	SRR39695017	802	34f519a166db1f0c816c3913cf151c0407f63de68e0b042164a93e17c88f5058
reports/MO_KC_Westside_20260518__SRR39695015.deacon_filter.json	deacon_report	SRR39695015	802	b4e0d08a99284d59b6c810cfe490097f9c246f536deed32f4c09b023ddafb65f
reports/MO_KC_Westside_20260521__SRR39695299.deacon_filter.json	deacon_report	SRR39695299	801	a14c586939aa4b7a761644720431b56219f2f1ef1cf1f20b52b1c3e4ab860664
reports/MO_KC_Westside_20260526__SRR39695297.deacon_filter.json	deacon_report	SRR39695297	802	24f87c47b9b1f6cb548c2a3fe4657a38801e0c57f84abcda35a1d363b0d7695b
reports/MO_KC_Westside_20260601__SRR39695295.deacon_filter.json	deacon_report	SRR39695295	802	06f266e420d0f3170c31e9ca3f5560da4c43f023f648180f11fda8dabb230052
reports/MO_KC_Westside_20260608__SRR39695293.deacon_filter.json	deacon_report	SRR39695293	802	f71f6b2c8cd67056670a1b8a7a8a6a7e3d34173687810e6ca9c9da11bdb67bb2
reports/MO_KC_Westside_20260611__SRR39695294.deacon_filter.json	deacon_report	SRR39695294	802	8d5c5a5cc4afcda15a9e9b4c2aba736100effc862561df418853bce0902f0a32
reports/MO_KC_Westside_20260615__SRR39695292.deacon_filter.json	deacon_report	SRR39695292	801	dbdc6e8f4670b64f3121f108b3e2cfb06da6c5756ca10a4af23b7bb8375864f3
reports/MO_KC_Westside_20260618__SRR39695291.deacon_filter.json	deacon_report	SRR39695291	870	acce5168cde6fa7cbd75b4e04e65772aac361a9a74627b524dd8731eacc735e9
reports/MO_KC_Westside_20260622__SRR39695290.deacon_filter.json	deacon_report	SRR39695290	802	a1f53f1c86f001231b750cac2b08b832199dc08a5a9658caf2b24df705b8c7c1
reports/MO_KC_Westside_20260629__SRR39695288.deacon_filter.json	deacon_report	SRR39695288	802	0a27f928983e2ef351e2ad78ff5c5652759452dd55c0635009d90597d1115ee7
reports/MO_Milan_20250224__SRR36876965.deacon_filter.json	deacon_report	SRR36876965	796	3a0897a626a5020934ff0f80337e99063de54f0cf5d3606e135ceea83e0dcd20
reports/MO_Milan_20250305__SRR36876966.deacon_filter.json	deacon_report	SRR36876966	796	64d0daa13e125669c51c6e4fa5a4191bd275c34c41d0fe6a41804361f42f4322
reports/MO_Milan_20250813__SRR35971512.deacon_filter.json	deacon_report	SRR35971512	796	b81224b9ece307881c05c4f4abf4abd7c13836855462ecb8b6b9af590a13a7b8
reports/MO_Milan_20250827__SRR35971511.deacon_filter.json	deacon_report	SRR35971511	796	5b770d41c26132eb4e68cbd8caa9771191a08ea8063e17e5574f3e92506d4fb5
reports/MO_Milan_20250910__SRR35971510.deacon_filter.json	deacon_report	SRR35971510	795	42b70ae2fe0403620a24e68ef460e8d656ae48fb1440fa484e9baf462810dade
reports/MO_Milan_20250917__SRR35971509.deacon_filter.json	deacon_report	SRR35971509	796	e5b9273b035d449904caaf4aa2831b082f60e29528920f387919a1b05cf16830
reports/MO_Milan_20250924__SRR35971508.deacon_filter.json	deacon_report	SRR35971508	796	6d5386a1a5ff2a2d9280746a4aa7d81bd9a898c5dc747df10c1a79d9e8f5a21f
reports/MO_Milan_20251008__SRR35971506.deacon_filter.json	deacon_report	SRR35971506	796	983c03e45d6e86d47266b9be351f5591d67c37aeb381de523790f94da5ffd51d
reports/MO_Milan_20251022__SRR36876969.deacon_filter.json	deacon_report	SRR36876969	796	3fc5ced487bbfb38fadd1ad16ad778ee65d6af30628f19477c94b517fa5d3c9b
reports/MO_Milan_20251029__SRR36877009.deacon_filter.json	deacon_report	SRR36877009	796	dd175062a6a3653047219b86fb4d499b2bb7361108046ada4f94b12567d0c4d4
reports/MO_Milan_20251105__SRR36877010.deacon_filter.json	deacon_report	SRR36877010	796	beca3979d0a03146077ad94c427f98adf391a2390b72acf7b4ab0323278e7d50
reports/MO_Milan_20251112__SRR36877011.deacon_filter.json	deacon_report	SRR36877011	796	769e62675b3a86db002176a4768c84f63b24f5e993612c6a53f97b030fe1c5af
reports/MO_Milan_20251119__SRR36877012.deacon_filter.json	deacon_report	SRR36877012	796	3d98d42a81f94886da421888b3c644c86c1f6d4fecccf9c8ad502ac7f725bf00
reports/MO_Milan_20251125__SRR36876991.deacon_filter.json	deacon_report	SRR36876991	796	bc674a3c1a845dfbf518c1f80e40c77703ea8ce9e45c1fc6f4fad52ed6917fd1
reports/MO_Milan_20251210__SRR36876990.deacon_filter.json	deacon_report	SRR36876990	796	3f909e9da3bfb70c53427749508938cc73f895f41ab4251b21c37517b99ad0a5
reports/MO_Milan_20251217__SRR37367613.deacon_filter.json	deacon_report	SRR37367613	796	965d053cf7828fadc83a94bcc171966a86b950e2d6bcdd3461f17015ec9b4b40
reports/MO_Milan_20260106__SRR38294607.deacon_filter.json	deacon_report	SRR38294607	796	35012e4f96bf9b33b7a06c39bf4a86efa9ed44349241a9e5c65ef1e063633ae6
reports/MO_Milan_20260113__SRR38294940.deacon_filter.json	deacon_report	SRR38294940	794	e9f05b05268be2851d539e0622ed983d081f3c6af9f5bd90b6a5a20fe912e01c
reports/MO_Milan_20260121__SRR38294938.deacon_filter.json	deacon_report	SRR38294938	796	dce36e252f403eb9e7bffaea6045ca6a3dac1d99ee59dac41e7f848b085d870f
reports/MO_Milan_20260126__SRR38294936.deacon_filter.json	deacon_report	SRR38294936	796	96aae16ec71cd869f8f6566d8dc8b9cbb4b48cb7381a767cd5e9575bd6ea3795
reports/MO_Milan_20260203__SRR38294935.deacon_filter.json	deacon_report	SRR38294935	796	0ec687f2e47e5639d5ff48896164782b878cc9d0f2e11672efe00e679a0d6824
reports/MO_Milan_20260207__SRR38294882.deacon_filter.json	deacon_report	SRR38294882	796	fae99c2598a784a002d02f4cfd0dd7274235572ae22c08c2599a08d747b4292e
reports/MO_Milan_20260223__SRR38294879.deacon_filter.json	deacon_report	SRR38294879	796	73467f71e8b0d228600a7ef5f9d90984b542700e15ad3268a1b4ed6a1d95ad12
reports/MO_Milan_20260309__SRR38294931.deacon_filter.json	deacon_report	SRR38294931	796	8f8ac65631b78f3a3fc4c82a22eb229ed15697d889bda5d4caf6bd2acb662a14
reports/MO_Milan_20260504__SRR39695289.deacon_filter.json	deacon_report	SRR39695289	796	0529c02baf897e6426a475bafa10f18d010c44a3b1ce02cb4bbc9ebc3fbb1d61
reports/MO_Monett_20250804__SRR35939759.deacon_filter.json	deacon_report	SRR35939759	797	972ee29d7c052806478123354f9eaf294af3bfadd28f94592a1e197dff1ba86a
reports/MO_Monett_20250811__SRR35939758.deacon_filter.json	deacon_report	SRR35939758	796	db0bc13b2e3b837eb34331cd499e25db6e73a626cade8e48d1919fcec1bd76b7
reports/MO_Monett_20250818a__SRR35939774.deacon_filter.json	deacon_report	SRR35939774	798	ba3a989bd104699ea0f385b5645fda1f0e45c02fc560065d0b4d2967fb1c4c0b
reports/MO_Monett_20250825__SRR35939773.deacon_filter.json	deacon_report	SRR35939773	797	612b64462175d9bc5869cdc3564f01c5d79a33808a192974bfd55504b0495cc4
reports/MO_Monett_20250902__SRR35939772.deacon_filter.json	deacon_report	SRR35939772	862	cf03645d7d60b8713fde888be20a809a24293782d9445e6451bedab6d593fb1a
reports/MO_Monett_20250908__SRR35939771.deacon_filter.json	deacon_report	SRR35939771	797	fefa9d4f7eb3d19eccc4de8a1a41a7dd95c68f4f0e0cda6422e18a9acb97036f
reports/MO_Monett_20250915__SRR35939770.deacon_filter.json	deacon_report	SRR35939770	797	fc60d9486a95f57ebbc2d4a4f71d49c86b3874f57b9818bcc1c5b5128ecf15ac
reports/MO_Monett_20250922__SRR35939769.deacon_filter.json	deacon_report	SRR35939769	797	f86b8dc10612c3c8b3b2b3df05bc3dc8427ac493072937d5905be095c6f53465
reports/MO_Monett_20250929__SRR35939768.deacon_filter.json	deacon_report	SRR35939768	797	ba070fe1627e82f8eb03d7ca2ad86d2bb65cebc82f72be10ca4f9d16a3ad70db
reports/MO_Monett_20251006__SRR35939767.deacon_filter.json	deacon_report	SRR35939767	797	4c6ce438c127ce4a0867a90a0740a318da182a9c25193650d66761ca53c30cf2
reports/MO_Monett_20251013__SRR35939766.deacon_filter.json	deacon_report	SRR35939766	797	7d6f52da2cbeb9ff58d9189419b24e32560372ec2ec8775735159d1a6fca2c66
reports/MO_Monett_20251027__SRR36876982.deacon_filter.json	deacon_report	SRR36876982	797	980f5c5b563cf51d0d3498eeb7df7107bdd4777770d211f594927855bfe4860e
reports/MO_Monett_20251103__SRR36876981.deacon_filter.json	deacon_report	SRR36876981	796	8c3782d6895af4f76b9db29ed78f7e7f30df1e81bdf5e3263d214397260cc95a
reports/MO_Monett_20251110__SRR36876968.deacon_filter.json	deacon_report	SRR36876968	797	024d6f0b04d32a020bc0ab7abb8978e9aba94c62021f20e2493994c35c41f795
reports/MO_Monett_20251117__SRR36876989.deacon_filter.json	deacon_report	SRR36876989	865	bbd0b3805d0093acf7e48133b6b93d18aa027e45a1e5f3e24cb3f7f8c4139a69
reports/MO_Monett_20251124__SRR36876987.deacon_filter.json	deacon_report	SRR36876987	797	30c481b9fdcc16fd59b037e37f06778b9bf8fe0153ca59b9da8306effb1c3f61
reports/MO_Monett_20251201__SRR36876986.deacon_filter.json	deacon_report	SRR36876986	797	f63d8530f618bd88a419da68c7d254928a8c2a5a0b2585f21d8f0806d58b4335
reports/MO_Monett_20251208__SRR36876985.deacon_filter.json	deacon_report	SRR36876985	797	fdfe7a4aaa6b9f27225ba2b43f581144104bd4e49d0f6fb109663349edf2fe4c
reports/MO_Monett_20251222__SRR37092415.deacon_filter.json	deacon_report	SRR37092415	797	ad1f7431062e31a6e2a4f96ae8faa881b120189450d766736b68cda4820db02a
reports/MO_Monett_20251229__SRR37092413.deacon_filter.json	deacon_report	SRR37092413	797	00a0da817ab3ee3942423fc03f449b50645fbb75c14c18e3b315b98badf9225f
reports/MO_Monett_20260105__SRR38294930.deacon_filter.json	deacon_report	SRR38294930	797	865aaa9135f4c4dd92a079ff09cd15bc4135bf00afdd31b72809b600cc927e24
reports/MO_Monett_20260112__SRR38294929.deacon_filter.json	deacon_report	SRR38294929	797	98293d6778484903a75db37bf300224e06e93d8a2d9f90905e7a1c1fa849a205
reports/MO_Monett_20260119__SRR38294927.deacon_filter.json	deacon_report	SRR38294927	797	d96c971e58c29b43d7d4c90ea486e445e5501ca961d05f83b121df516afbc77a
reports/MO_Monett_20260126__SRR38294928.deacon_filter.json	deacon_report	SRR38294928	797	8759a8750ad81e6fc742ab42fb48f457a9fb1a1a44d16b6044641671689187fa
reports/MO_Monett_20260202__SRR38294617.deacon_filter.json	deacon_report	SRR38294617	797	f947ce9a4b0d77016113dbe5a109b7a071363b87463c391b20c6354b28e6c03d
reports/MO_Monett_20260209__SRR38294608.deacon_filter.json	deacon_report	SRR38294608	797	bbed85c7e60395fe98f96f9bf403369852e1f49a4580dc1be03410bc9e6e4c84
reports/MO_Monett_20260216__SRR38294606.deacon_filter.json	deacon_report	SRR38294606	796	a7a0b85dffda1748a86af367e055e987185be7c7c6f35b776c4af7e5d572a2b7
reports/MO_Monett_20260223__SRR38294605.deacon_filter.json	deacon_report	SRR38294605	797	de7a2a5a68c688e32b44a9deae8f5cca8cbd2a615ab8b02ddc757bb4dbf6b0b3
reports/MO_Monett_20260302__SRR38294604.deacon_filter.json	deacon_report	SRR38294604	797	239f6a79d8605bc481755f5686fa9208807931d84c8e30e2fe332684ac3d0cf4
reports/MO_Monett_20260309__SRR38294602.deacon_filter.json	deacon_report	SRR38294602	797	8ffa74b880b98525bbd1e9f3cda120e7533295ba9fa497b26911f95e004f943f
reports/MO_Monett_20260316__SRR38294603.deacon_filter.json	deacon_report	SRR38294603	797	3556b02f08ba51b77e53f78527bfb05029151191c9a2e3aa728a40e353d43e4d
reports/MO_Monett_20260323__SRR38294601.deacon_filter.json	deacon_report	SRR38294601	797	37b3894d3c4d853e13b5e7e6aafcb4dc2a815c36930ce19a3829098defa0e0be
reports/MO_Monett_20260330__SRR38294600.deacon_filter.json	deacon_report	SRR38294600	797	ea25b7c0b49f78ab7fd2d97a121ecd21eefa980f2c5d3a40d02bab1fc2015952
reports/MO_Monett_20260406__SRR39695286.deacon_filter.json	deacon_report	SRR39695286	797	7cd06f77fb442223ebe7441da599d2258008e405fce9214855e06c54a70892d3
reports/MO_Monett_20260413__SRR39695023.deacon_filter.json	deacon_report	SRR39695023	797	dda5cd59e729f7394c89c2c9f064a46bb6eb9ee617e39c3fcea9093f8bd4fc37
reports/MO_Monett_20260420__SRR39695020.deacon_filter.json	deacon_report	SRR39695020	797	2af4e5535c99ca7185f32136a9db6deaa482523a5177ad95f773bdead8834a91
reports/MO_Monett_20260427__SRR39695021.deacon_filter.json	deacon_report	SRR39695021	797	b2212f58832c4d2d77b17c9baf91823608e7c4a09451e225b7fb706a7ebe95a5
reports/MO_Monett_20260504__SRR39695019.deacon_filter.json	deacon_report	SRR39695019	797	e788c57bd95136b486dfaada823cf3cd1c09a0804e430374eb73ef743776a930
reports/MO_Monett_20260511__SRR39695175.deacon_filter.json	deacon_report	SRR39695175	797	7fdf82bc66d4b5d0eeac6700cdbde1408fa9d855ec7a07f95005f34858b71150
reports/MO_Monett_20260518__SRR39695172.deacon_filter.json	deacon_report	SRR39695172	797	a68b14b11006d6ae8e2ab606febce26523bcb66a21d6a1775a6d4181e231bea1
reports/MO_Monett_20260526__SRR39695010.deacon_filter.json	deacon_report	SRR39695010	797	e3bdda42987215ff413ebe6aa9b23371fa3f893de6cba747269b150003c6c953
reports/MO_Monett_20260601__SRR39695007.deacon_filter.json	deacon_report	SRR39695007	797	4f4aad1a0b193d35d9e8d7cbab1a6eca4c61ac46e2aa5a839fe31c9f01682bde
reports/MO_Monett_20260608__SRR39695008.deacon_filter.json	deacon_report	SRR39695008	797	d06025da204ffce929c1e5776a78e72800e69430f52e2cb86b2b01bf89d53274
reports/MO_Monett_20260615__SRR39695016.deacon_filter.json	deacon_report	SRR39695016	797	630dfb0c6b69cc981ca32839c27a3b45546dfc500a715a242de2edbe3f36fb3d
reports/MO_Monett_20260622__SRR39695014.deacon_filter.json	deacon_report	SRR39695014	864	eb09712d8a741397960ac23763ee729518591a015479b8132e3326076650e8be
reports/MO_Monett_20260629__SRR39695012.deacon_filter.json	deacon_report	SRR39695012	797	6cf2bb6d81b543535a2fd98fbed29d9fe944586c11cbd98424616c0a9a73f350
reports/MO_STL_Bissell_20250603__SRR38294189.deacon_filter.json	deacon_report	SRR38294189	802	bec6dd03796a14997e7ba430c2eb13f0c88f5a846ff4826eb4703bf09f072b0b
reports/MO_STL_Bissell_20250605__SRR38294188.deacon_filter.json	deacon_report	SRR38294188	802	52e7761ad21f3888a9e83503834feece37133fdee6c3653933b65f59be381281
reports/MO_STL_Bissell_20250609__SRR38294129.deacon_filter.json	deacon_report	SRR38294129	802	9db9f17e1f714a7beb34c9c41fb1a02a65f3029a7dd715cd1f683e8c7ce45210
reports/MO_STL_Bissell_20250612__SRR38294154.deacon_filter.json	deacon_report	SRR38294154	801	1115e3ae3f4b322beaed626e4712e6a9e3c0b6501d6f1280729b640d0984bf1c
reports/MO_STL_Bissell_20250620__SRR38294114.deacon_filter.json	deacon_report	SRR38294114	801	4a25baacf0668e4fe24a3bfe809af2600fd791ac06c2438696eefea0aa225d70
reports/MO_STL_Bissell_20250624__SRR38294086.deacon_filter.json	deacon_report	SRR38294086	802	1df6b04c68060738eb4a97ae7235215acc86e3f1d70e96eb827273663ba07f7b
reports/MO_STL_Bissell_20250701__SRR38294060.deacon_filter.json	deacon_report	SRR38294060	800	197337be3d68214b713e5859b56c319e1f535ac76479fd118fc9f6a37810502e
reports/MO_STL_Bissell_20250707__SRR38294078.deacon_filter.json	deacon_report	SRR38294078	802	71c6499cc244dc468316cef4699ecc294a6c4ef45f5100f9ca7cc54de6613bef
reports/MO_STL_Bissell_20250717__SRR38294147.deacon_filter.json	deacon_report	SRR38294147	802	20a4c10cca8a5b53f4a56838bd5afc16d4a57bca6812e75d452b4533f3fd27ac
reports/MO_STL_Bissell_20250723__SRR38294098.deacon_filter.json	deacon_report	SRR38294098	801	bc6dbbe2c169f9cbc8019d9401f1ef27f2268f4e481983ddec7a468db8eb484b
reports/MO_STL_Bissell_20250728__SRR38294187.deacon_filter.json	deacon_report	SRR38294187	802	0f5c00b0790d9ce7954a1e688866510c3bfb199a8ceecab0e2e6d2ee0908a4b9
reports/MO_STL_Bissell_20250806__SRR38294176.deacon_filter.json	deacon_report	SRR38294176	802	f50249ca9b935b0ae867c06369344850cf267de7e9034dad76c1aad94472df8c
reports/MO_STL_Bissell_20250811__SRR38294134.deacon_filter.json	deacon_report	SRR38294134	802	7814c6cdb671e4f11545de165ed35f4d3cef284fac5c520ef0df008c311e3fba
reports/MO_STL_Bissell_20250818__SRR38294162.deacon_filter.json	deacon_report	SRR38294162	802	11f4e5a9000ab1a4f4dd1ff1bb7b23a4b03ca8796fa2b12be9b52ced68b7fd48
reports/MO_STL_Bissell_20250825__SRR38294164.deacon_filter.json	deacon_report	SRR38294164	802	2a96bdbcb9a43107dfcbef77f36b3746dea3269f12b1c7cc15c80d2967529c59
reports/MO_STL_Bissell_20250901__SRR38294124.deacon_filter.json	deacon_report	SRR38294124	802	a47cb4974237267d1eadccb2fd51461efd67211b1d5bf3ede4bbe239b073e59c
reports/MO_STL_Bissell_20250908__SRR38294126.deacon_filter.json	deacon_report	SRR38294126	802	c92d3cfcac0cb50cca9451b2b46d56deeb90d68732ad57ce623814a048221667
reports/MO_STL_Bissell_20250915__SRR38294125.deacon_filter.json	deacon_report	SRR38294125	802	587889259ba891c4025f72d8778474147c5a018257c19c39dae91b3b7407c109
reports/MO_STL_Bissell_20250922__SRR38294127.deacon_filter.json	deacon_report	SRR38294127	767	58fbdecf2e121e838aa0f9a62e9fa2e6ae0701f9c53cbce0b9fd7348d4030655
reports/MO_STL_Bissell_20250922__SRR38294128.deacon_filter.json	deacon_report	SRR38294128	802	a24c2bd74fe76917b1b02e3a5e1861d4643deb092576989b078baa95f291cec0
reports/MO_STL_Bissell_20250929__SRR38294130.deacon_filter.json	deacon_report	SRR38294130	800	194692c2ccdac9051d789a287d12a2d4e36fbbe8fe9813a89c2907e5995bc3ae
reports/MO_STL_Bissell_20251006__SRR38294131.deacon_filter.json	deacon_report	SRR38294131	802	011346babad75a5e2ed4aa8381660ecd766636edae8fae5cbb6bd38a3192356a
reports/MO_STL_Bissell_20251013__SRR38294133.deacon_filter.json	deacon_report	SRR38294133	801	6cf831dcca1042295aea099be7935aab91b1aa2a9c5312dcde798bda8f93f28c
reports/MO_STL_Bissell_20251021__SRR38294155.deacon_filter.json	deacon_report	SRR38294155	802	70bc26009eabc9f5677b0d6b9a203c9ecdd1df9a6c177fee31736de123ba2785
reports/MO_STL_Bissell_20251027__SRR38294153.deacon_filter.json	deacon_report	SRR38294153	802	0ed02c022387e8ff4ad5f59229280bf22446d5b4145b92a626cdecc0621fb1af
reports/MO_STL_Bissell_20251103__SRR38294093.deacon_filter.json	deacon_report	SRR38294093	802	90f5c7b79e16f105d27d9a3d4669875c3932c42772c259fde746cedc07c232ee
reports/MO_STL_Bissell_20251112__SRR38294092.deacon_filter.json	deacon_report	SRR38294092	802	0fbdb94bccfa72898ef0815ef053e0cb1d63cc2f0395b8f8fc3722c5dea1d0d7
reports/MO_STL_Bissell_20251117__SRR38294091.deacon_filter.json	deacon_report	SRR38294091	802	2876f9b5265faffb49d8215306098cbfb5ce44af24e7d24f80d5527eb9b600ef
reports/MO_STL_Bissell_20251124__SRR38294089.deacon_filter.json	deacon_report	SRR38294089	802	49a5d133f34da18196d53312aeae07cdbefb3d80d46d6d9596c5ce7610d3674e
reports/MO_STL_Bissell_20251201__SRR38294090.deacon_filter.json	deacon_report	SRR38294090	802	c6ff94e92c25fb38fb095145eb250c185b630b22fb685c24c283681fc9013daa
reports/MO_STL_Bissell_20251208__SRR38294152.deacon_filter.json	deacon_report	SRR38294152	802	aac570b3bd17cb63f5a202f2ea497b2e75cdb56d607f5e72a0b147439b799d50
reports/MO_STL_Bissell_20251215__SRR38294123.deacon_filter.json	deacon_report	SRR38294123	802	e48966af69cf2716fb31a6725b6f528d224116df331fa11b6f92f2549992a79c
reports/MO_STL_Bissell_20251222__SRR38294122.deacon_filter.json	deacon_report	SRR38294122	802	f46e76c0c057e0d1604ba769e0b3ae87160220582bbdee8f7fac07f631d6373b
reports/MO_STL_Bissell_20251229__SRR38294120.deacon_filter.json	deacon_report	SRR38294120	801	5140c9d48f1b6fe916e3336c2512e62722a79b68999bc1c394e4031cde37ba71
reports/MO_STL_Bissell_20260105__SRR38294746.deacon_filter.json	deacon_report	SRR38294746	802	d83099a925805bb12aeea9c1b9d7bac565f3aef3f057c8efe78718d3d7f0edc7
reports/MO_STL_Bissell_20260112__SRR38294886.deacon_filter.json	deacon_report	SRR38294886	802	6f35e5e28f42479957edcc8210cfa563e65ec280f730b743a78c239902e672b0
reports/MO_STL_Bissell_20260119__SRR38294885.deacon_filter.json	deacon_report	SRR38294885	802	03b30f58603ef1e195e5d2dde87bf93a2a90bbb8181b233a213e9f88cf4e3e8c
reports/MO_STL_Bissell_20260126__SRR38294884.deacon_filter.json	deacon_report	SRR38294884	801	f62be9c3876ab6bb93426c92afa04b1973c9162e22576b281c6db2cdb9415ffd
reports/MO_STL_Bissell_20260202__SRR38294883.deacon_filter.json	deacon_report	SRR38294883	802	66ae239ae2fd26e1e8db4114852dcbf9fbe9b0a54fbe56eb915c702845dfabf8
reports/MO_STL_Bissell_20260209__SRR38294881.deacon_filter.json	deacon_report	SRR38294881	802	da4ebc683ec60d7df93aa548642e1a2bbf9baa65395f51432cca1d01b94cdff9
reports/MO_STL_Bissell_20260216__SRR38294859.deacon_filter.json	deacon_report	SRR38294859	801	200c1985534cd990706446d464935495be3b29411eb76f72d3adcc5512dfb700
reports/MO_STL_Bissell_20260224__SRR38294858.deacon_filter.json	deacon_report	SRR38294858	801	efa938027d2f6020e3559f46d00ac8c8b36d6699e466607fd8907e57304874a8
reports/MO_STL_Bissell_20260302__SRR38294880.deacon_filter.json	deacon_report	SRR38294880	802	887843f333479aa23693cdc85ff88783bac0a91f0dddc2ef8af90268bac3bdde
reports/MO_STL_Bissell_20260309__SRR38294878.deacon_filter.json	deacon_report	SRR38294878	802	1a544bd0f6b0201f25dd53845b51b89e6de755e5a2a4e14f920329f9a80ab040
reports/MO_STL_Bissell_20260316__SRR38294877.deacon_filter.json	deacon_report	SRR38294877	802	400ce2709f430bf8ad881d4b07bea6909fef4b90db8360005f06c2f51d564aef
reports/MO_STL_Bissell_20260324__SRR38294876.deacon_filter.json	deacon_report	SRR38294876	802	4c168f8ecad844e1f11ae102d89a5d13cfe7febc78f25854108d99dd119e444d
reports/MO_STL_Bissell_20260330__SRR38294874.deacon_filter.json	deacon_report	SRR38294874	802	dd57f3bc82c38ba11cf216146bd9d4ee2b1d301262a22fab91d8bd12d848d562
reports/MO_STL_Bissell_20260406__SRR39695011.deacon_filter.json	deacon_report	SRR39695011	802	6db3b0f2dc17684e589ed8c65b20d90e67bdad171a21f56fed86541ad466c9a5
reports/MO_STL_Bissell_20260414__SRR39695186.deacon_filter.json	deacon_report	SRR39695186	802	a3dc650a79002ba7247df7f79ab3b7b0b9acc4db0b7d225b46b82006308720f5
reports/MO_STL_Bissell_20260420__SRR39695185.deacon_filter.json	deacon_report	SRR39695185	802	5465b016a8139a1f20435a64f1acd7ebdba020ef8815f495b13f55d2f8f33c3f
reports/MO_STL_Bissell_20260427__SRR39695184.deacon_filter.json	deacon_report	SRR39695184	802	9c3c121879164ccabfc7164ecb2ebe53950e79aacf67970f1030f501d2202e59
reports/MO_STL_Bissell_20260504__SRR39695183.deacon_filter.json	deacon_report	SRR39695183	802	a16d7f990c907f49b8e3d08133b4e85c099543850eaf2259ffbfdee268531652
reports/MO_STL_Bissell_20260506__SRR39695181.deacon_filter.json	deacon_report	SRR39695181	802	03b4aca4a08b0f717f9c75e5b3c2a6767023dc3a7170d786a68211b69d669c6e
reports/MO_STL_Bissell_20260511__SRR39695182.deacon_filter.json	deacon_report	SRR39695182	802	bcd6a75dce5adebf9c788ece1e552cbf3a867bf9df538a8c1396968b48ce9692
reports/MO_STL_Bissell_20260518__SRR39695180.deacon_filter.json	deacon_report	SRR39695180	802	ac77604bafd626464f2b2eac7239968e88ddbffb2099ec7339b8722bc4e7b831
reports/MO_STL_Bissell_20260525__SRR39695179.deacon_filter.json	deacon_report	SRR39695179	801	034f696797a97ec78448a2c2a0a836203e31d0cd636aec9e1d64dbf70872905a
reports/MO_STL_Bissell_20260602__SRR39695177.deacon_filter.json	deacon_report	SRR39695177	802	7a2ffda0a070ef7da567704ef816cb72670f64b12c315d5e5decd9cb02808264
reports/MO_STL_Bissell_20260608__SRR39695176.deacon_filter.json	deacon_report	SRR39695176	802	c084e5e916fd69a8e1ce7c19cf5b93888733f8722995f4969a0bdcd3950208b9
reports/MO_STL_Bissell_20260615__SRR39695174.deacon_filter.json	deacon_report	SRR39695174	802	22ea0341bc502ce21c0cfa3b51ff2d22b6ce32583b33f079d820bbd4cb04148d
reports/MO_STL_Bissell_20260617__SRR39695009.deacon_filter.json	deacon_report	SRR39695009	802	711fb0576946785a2303419f25307da7cbdb8fc42962cf8856bc45a5e6de2386
reports/MO_STL_Bissell_20260630__SRR39695276.deacon_filter.json	deacon_report	SRR39695276	802	e290446f641dfb8180a17f3030adc31a0cfbe8cb961388021cba2f32e470a510
reports/MO_STL_Coldwater_20250603__SRR38294121.deacon_filter.json	deacon_report	SRR38294121	804	b4956dc3dd43e5a530c74f2bb34df3633652020764bb5483dc7e658195524b51
reports/MO_STL_Coldwater_20250605__SRR38294119.deacon_filter.json	deacon_report	SRR38294119	804	ae0e40feb67058697718ecab0502383182b10e5bc52764b0a81a996d4cf40a5b
reports/MO_STL_Coldwater_20250609__SRR38294118.deacon_filter.json	deacon_report	SRR38294118	804	1f3cab10992c0cd7114df3b0c340f49a2455c151c381a4fd4679bc5db9a6960b
reports/MO_STL_Coldwater_20250612__SRR38294117.deacon_filter.json	deacon_report	SRR38294117	804	8c55fd9700abb0f303852e5d4bdd0a2a0e912626422da75a3ca2a9a2712f5f52
reports/MO_STL_Coldwater_20250617__SRR38294116.deacon_filter.json	deacon_report	SRR38294116	804	57844951a10b040838d228a5985be2be14f3f742f0e522281d04a3dbe6b8b775
reports/MO_STL_Coldwater_20250620__SRR38294115.deacon_filter.json	deacon_report	SRR38294115	804	374f4ade4f6eb411d79f972ed572807ed9b7f3dc7ea9f3ad5934668cfeb887eb
reports/MO_STL_Coldwater_20250626__SRR38294112.deacon_filter.json	deacon_report	SRR38294112	804	09ca08616b09bd2321359f9d48e107ff074251b673c0e2214093134a2a55fb53
reports/MO_STL_Coldwater_20250701__SRR38294113.deacon_filter.json	deacon_report	SRR38294113	804	f2830805a5fccd60d0bc8208617c7c4107f5547dc5b48c4ef2a3eb0d5800f087
reports/MO_STL_Coldwater_20250707__SRR38294111.deacon_filter.json	deacon_report	SRR38294111	868	daff3fb436636cfa4bf2d95a99af4e29dd5796cf81d27c441dcfd8522d7a1317
reports/MO_STL_Coldwater_20250714__SRR38294097.deacon_filter.json	deacon_report	SRR38294097	804	bec7985dc76f4409302ee0e4749ca2746c8c1f92e6e50f7bce3e32f804978b58
reports/MO_STL_Coldwater_20250717__SRR38294096.deacon_filter.json	deacon_report	SRR38294096	804	35c7f8aabd48bd51bf357e34cb18e616e300d8f6d88ceb1186ba8a65c4c7aecc
reports/MO_STL_Coldwater_20250723__SRR38294094.deacon_filter.json	deacon_report	SRR38294094	804	30b460c7c11de546cf867f6330d0651c09d5c685e509c9b465a795deb4873b1b
reports/MO_STL_Coldwater_20250728__SRR38294095.deacon_filter.json	deacon_report	SRR38294095	804	45392462f69314d78c145160ddd24d292c2d562693132fe6bc32f17169dacdee
reports/MO_STL_Coldwater_20250806__SRR38294083.deacon_filter.json	deacon_report	SRR38294083	870	39c5e5f23233abb583a18cba22a4739cccaaf40b1d8a49aee2800c015c2ead36
reports/MO_STL_Coldwater_20250811__SRR38294088.deacon_filter.json	deacon_report	SRR38294088	804	643bddd68e9c47d90da9c31403ee500955de8e33686737bc138cb9de83c1a023
reports/MO_STL_Coldwater_20250818__SRR38294087.deacon_filter.json	deacon_report	SRR38294087	804	1904827d8aa4317529eb87e8a2c53c2893c893839359c70112dd8a3b58d1e513
reports/MO_STL_Coldwater_20250825__SRR38294084.deacon_filter.json	deacon_report	SRR38294084	804	addd4d4f9c8ad8c77e546785b450e99511a95150b26ca829892a05a60f219277
reports/MO_STL_Coldwater_20250901__SRR38294070.deacon_filter.json	deacon_report	SRR38294070	804	8b9b8523eaac50d960a2239c75800150f8869f5d2b162bf1b5899a0a391fd6c8
reports/MO_STL_Coldwater_20250908__SRR38294069.deacon_filter.json	deacon_report	SRR38294069	804	44df19bc2925e18bb237e3c6b2afcebd4881e2d7a918acc0138e3b4198710993
reports/MO_STL_Coldwater_20250915__SRR38294067.deacon_filter.json	deacon_report	SRR38294067	804	286d15a08c7428825075c76646334e89a53cdd86e2b9595cd89c04f0e06e2e19
reports/MO_STL_Coldwater_20250922__SRR38294066.deacon_filter.json	deacon_report	SRR38294066	804	bb5425ca1a88595212bd2f302c0027b7cb208f29a459f83d96fdbce3178746bc
reports/MO_STL_Coldwater_20250922__SRR38294068.deacon_filter.json	deacon_report	SRR38294068	761	39a932c6fb7776aeb90dbeede1e3a25d728fea73110bd7bf539a0a5278d6cc87
reports/MO_STL_Coldwater_20250929__SRR38294065.deacon_filter.json	deacon_report	SRR38294065	804	30d760e2c4a4b1e7590e419586cc2c8ddfbda875f0d1f31ce7ef981b8d0d9e39
reports/MO_STL_Coldwater_20251006__SRR38294064.deacon_filter.json	deacon_report	SRR38294064	804	d2ed76576f348da14faefca5c8ce4cae64aa61b2cf6a62c7d7f3ce09a8404392
reports/MO_STL_Coldwater_20251013__SRR38294063.deacon_filter.json	deacon_report	SRR38294063	804	fd885928eb02f404b1f5f1eb9a1c66055562e0e21a994d4a48e1267014a2b850
reports/MO_STL_Coldwater_20251021__SRR38294062.deacon_filter.json	deacon_report	SRR38294062	804	f72c0390f04c9ee783374b3b820818a513cd8802fa46d22a575d1b7592f0d14e
reports/MO_STL_Coldwater_20251027__SRR38294061.deacon_filter.json	deacon_report	SRR38294061	872	00533167977f81de674e256c94b63f0c0bbd996dacc0b85545d1ec8089216dbe
reports/MO_STL_Coldwater_20251103__SRR38294059.deacon_filter.json	deacon_report	SRR38294059	804	ec26f8e4b2ecbfa24637b686367e6be7967ccaef0ec684273eb3099aa3938ce1
reports/MO_STL_Coldwater_20251112__SRR38294058.deacon_filter.json	deacon_report	SRR38294058	804	afe5758a65e712ebcc26a3841de0e667e628839663f61965757aedf925799e74
reports/MO_STL_Coldwater_20251117__SRR38294085.deacon_filter.json	deacon_report	SRR38294085	802	36e63b4102666eca2cbdd031b3d4869dea00fc943bca2e2ace3fd0abca11559a
reports/MO_STL_Coldwater_20251124__SRR38294082.deacon_filter.json	deacon_report	SRR38294082	804	d4188b59c48ad4dee81b04b10432364be4550415653b8f9237e00a5a075ccfa8
reports/MO_STL_Coldwater_20251201__SRR38294081.deacon_filter.json	deacon_report	SRR38294081	804	07dfd5a3c6c05eaa0e65dfc2a8dac5bf9ad64a8e05f0a2f884a3981076a42918
reports/MO_STL_Coldwater_20251208__SRR38294080.deacon_filter.json	deacon_report	SRR38294080	804	add320c17ecab8dee84704e03dac3825b296af29b1fdf7599078a9a6df4b5d20
reports/MO_STL_Coldwater_20251215__SRR38294079.deacon_filter.json	deacon_report	SRR38294079	804	3a604b01297398a090686fa193fce78737ce65aee29f29a33cdea59e05ce88f6
reports/MO_STL_Coldwater_20251222__SRR38294077.deacon_filter.json	deacon_report	SRR38294077	804	a962436d0d2263d7e2e81bdebe8426702c2a9be8b01f7b5404861d6f4026fec1
reports/MO_STL_Coldwater_20251229__SRR38294107.deacon_filter.json	deacon_report	SRR38294107	804	35185d8f9e5cc97fa85757db7c81d6ddb1a7bce24b9d3caa691d115382324ac6
reports/MO_STL_Coldwater_20260105__SRR38294872.deacon_filter.json	deacon_report	SRR38294872	804	6a6b505169f3549b0dc45c26c48c1f3254cb0ed6c3484e27088fb48acd83f2a7
reports/MO_STL_Coldwater_20260112__SRR38294873.deacon_filter.json	deacon_report	SRR38294873	803	2cb79348a3902307026d60d09d4fc1d2837e8bd4e3ec7106ae83ecd70df7af62
reports/MO_STL_Coldwater_20260119__SRR38294871.deacon_filter.json	deacon_report	SRR38294871	804	9398c8ddb428d2ceba9d28e0a47574223671942ddc1955df121b193ec7a5b313
reports/MO_STL_Coldwater_20260126__SRR38294870.deacon_filter.json	deacon_report	SRR38294870	804	eaebfaab8739155bf98bbb7114808a09ab379635b0938437b9b044252d9103d4
reports/MO_STL_Coldwater_20260202__SRR38294869.deacon_filter.json	deacon_report	SRR38294869	804	aa6e8fc6b08ff6d4c81f537d339cb9cd00eba54832aabc48091cbbc488632079
reports/MO_STL_Coldwater_20260209__SRR38294867.deacon_filter.json	deacon_report	SRR38294867	804	ffd8a5e525fad6544f9d0cf7cb09ceebe43a085daf775fc3e1066196d265348e
reports/MO_STL_Coldwater_20260216__SRR38294868.deacon_filter.json	deacon_report	SRR38294868	803	0e8ef5f38e79f25f993ced2e57b25fead9051b263379f16d4845955d5dece8bf
reports/MO_STL_Coldwater_20260224__SRR38294866.deacon_filter.json	deacon_report	SRR38294866	804	2f835a426e38393f78255064e152e06d6f52fa45487b5bc6107e752baafe9927
reports/MO_STL_Coldwater_20260302__SRR38294865.deacon_filter.json	deacon_report	SRR38294865	804	52d06801544f113c8c1a3f70bc2a6e9c12d40e626f2bbbedcfaec3bd41596fe6
reports/MO_STL_Coldwater_20260309__SRR38294863.deacon_filter.json	deacon_report	SRR38294863	804	57f0631a5b633edae308032c341047ba4856371a6be140af6dad6cd6e898bfd0
reports/MO_STL_Coldwater_20260316__SRR38294862.deacon_filter.json	deacon_report	SRR38294862	804	192fdd65e8a9bb69126b522e0bc89a29285cca1acd4312fe0c3b6ba003cd6d2e
reports/MO_STL_Coldwater_20260324__SRR38294860.deacon_filter.json	deacon_report	SRR38294860	804	840682c91db925dbb21259867b72c081c59fc8a572daf539744bc9930fd4b5d4
reports/MO_STL_Coldwater_20260330__SRR38294861.deacon_filter.json	deacon_report	SRR38294861	803	a702ff30e0bf82c2c36384edddde8a94cb3ea83208c0ff6c9b8ecf33c9900034
reports/MO_STL_Coldwater_20260406__SRR39695275.deacon_filter.json	deacon_report	SRR39695275	804	59fbabd6062f575c16ba4cdb721318febc4ae5f18ecdaf5796acf1a891a28725
reports/MO_STL_Coldwater_20260414__SRR39695006.deacon_filter.json	deacon_report	SRR39695006	804	2426330b842b8e8daee4e3d28f630fbb28d6db3e48e1c7cba66c2d65ce6b4bf7
reports/MO_STL_Coldwater_20260420__SRR39695005.deacon_filter.json	deacon_report	SRR39695005	804	0a7cbae03f4a7d5b54eba48f76d1e72945d0014aa75d2e06125cae8c94b033f8
reports/MO_STL_Coldwater_20260427__SRR39695004.deacon_filter.json	deacon_report	SRR39695004	804	75b4f6ed6038a747c4e6b3ee9efbe9d824641db4fb4bbf99030eb1fe143155cb
reports/MO_STL_Coldwater_20260504__SRR39695002.deacon_filter.json	deacon_report	SRR39695002	804	9eb4257784053703ca810dedd958c6ccd4cf812f59389c7e5a53945dc7df1f7e
reports/MO_STL_Coldwater_20260506__SRR39695001.deacon_filter.json	deacon_report	SRR39695001	804	fdd9e1ca11aef64a45c343336317269112ecae75c73365c55178a74b907bc8c6
reports/MO_STL_Coldwater_20260511__SRR39695000.deacon_filter.json	deacon_report	SRR39695000	804	4691ba8ee429d34273cf3974efc6d3a9ef43111410e9b3b320d7548c56f3f46c
reports/MO_STL_Coldwater_20260518__SRR39694999.deacon_filter.json	deacon_report	SRR39694999	804	7fa57c8b1ac748d83c35e2e8b68403eecd8288fba747765e5d16ca73dd63c68e
reports/MO_STL_Coldwater_20260525__SRR39694998.deacon_filter.json	deacon_report	SRR39694998	804	4d9900e44f79fac7b7a699c8c713afd62335c2edaccd9c88e6ff40e336fb452d
reports/MO_STL_Coldwater_20260602__SRR39695287.deacon_filter.json	deacon_report	SRR39695287	804	ee48a119d934f89a23e13398ef5b0fb8bbf9fac5ba05bbc50161be2f0309a1f1
reports/MO_STL_Coldwater_20260608__SRR39695284.deacon_filter.json	deacon_report	SRR39695284	804	41c44273e540381fecc670180db76ce5d0961af20b63f54de6b995f583431d94
reports/MO_STL_Coldwater_20260615__SRR39695285.deacon_filter.json	deacon_report	SRR39695285	804	592d2d606350e88ad4808f3461899557fae716adb5122aa68c005b5a34ca1b53
reports/MO_STL_Coldwater_20260617__SRR39695283.deacon_filter.json	deacon_report	SRR39695283	804	d32540ca747c3d6f6688be63f340163af2256394b4a67b196564def3573a9772
reports/MO_STL_Coldwater_20260630__SRR39695282.deacon_filter.json	deacon_report	SRR39695282	803	80e4069c30768a1088a0f04e66b24e1e2a8d40e094821bcecd2d4566bb211094
reports/MO_STL_Lemay_20250603__SRR38294076.deacon_filter.json	deacon_report	SRR38294076	800	bcfeed069b35c79f68cd669a95201d518d670a0acebef9c96ed103e80948327f
reports/MO_STL_Lemay_20250605__SRR38294075.deacon_filter.json	deacon_report	SRR38294075	795	eaa9a57d04b0efdc08cbb01aea79a1dc95acb41a14940a54242c106342540f89
reports/MO_STL_Lemay_20250609__SRR38294074.deacon_filter.json	deacon_report	SRR38294074	800	69dcc66d27a736fe7fb75029802f2d0a18ad2d7b54748cf5e826bce6fed22f6b
reports/MO_STL_Lemay_20250612__SRR38294072.deacon_filter.json	deacon_report	SRR38294072	800	83af6461ccc0ee331137321f56c4c648b0423e909c65cb1d42334affb124aa02
reports/MO_STL_Lemay_20250620__SRR38294073.deacon_filter.json	deacon_report	SRR38294073	800	2a009c2d49a31e3d4b3837b5793f7ed4ed56497b93cbb12f22c64d69ec9b55c5
reports/MO_STL_Lemay_20250626__SRR38294071.deacon_filter.json	deacon_report	SRR38294071	800	cab6f0c4b6f2bd697e255b7082cd3a841d38565f61c92749c79b0edabc2cbf73
reports/MO_STL_Lemay_20250701__SRR38294151.deacon_filter.json	deacon_report	SRR38294151	800	91d5b9acae95b6e2e0d48505799becbd3effa19d74c3478c6151d22586b7f5f0
reports/MO_STL_Lemay_20250707__SRR38294150.deacon_filter.json	deacon_report	SRR38294150	800	169ee92c33c9dc0be5592b7ea5461e9b5ab332c81052d7c3ec4112754ba2113e
reports/MO_STL_Lemay_20250714__SRR38294149.deacon_filter.json	deacon_report	SRR38294149	799	746df444e9bef0008a5d3efc1d898634d6a8634f92dabbceb3a19554b5275961
reports/MO_STL_Lemay_20250723__SRR38294148.deacon_filter.json	deacon_report	SRR38294148	800	9964396bd5add2c92f957f6e9812ab85c7ce6aedeabc125b7d217e9e5b8cecbd
reports/MO_STL_Lemay_20250728__SRR38294145.deacon_filter.json	deacon_report	SRR38294145	800	9318b11ad0a31f95f796c01e32f84d9d4780c21e73c91b5d3fea384a3c0ebb2b
reports/MO_STL_Lemay_20250806__SRR38294146.deacon_filter.json	deacon_report	SRR38294146	866	131ec41616eba23077fd9ec0813394de2371ec8aade13ee68b285a8a63439ee5
reports/MO_STL_Lemay_20250811__SRR38294144.deacon_filter.json	deacon_report	SRR38294144	800	cf3919b0c9fe72e90a731f60130c243ec76a4dc468b59116861e13321771e506
reports/MO_STL_Lemay_20250818__SRR38294143.deacon_filter.json	deacon_report	SRR38294143	800	8e157af270b4a3d594e59aee776f79e9d4c483e79db3d3844bfea993b06619f6
reports/MO_STL_Lemay_20250825__SRR38294142.deacon_filter.json	deacon_report	SRR38294142	800	9d2fe9270fe13b340ec7c573f13116f54aed82c14c3bda598136212821778dad
reports/MO_STL_Lemay_20250901__SRR38294137.deacon_filter.json	deacon_report	SRR38294137	800	a4d8e6b9076ba6e1bd3246c9390814e02b0d15f0e76ea8bd6d3a156b0d73b711
reports/MO_STL_Lemay_20250908__SRR38294138.deacon_filter.json	deacon_report	SRR38294138	800	aee1de72c14da19faadb911b7b91fb9ec20fa28e902bd5380f2fead7b4f4e2ef
reports/MO_STL_Lemay_20250915__SRR38294139.deacon_filter.json	deacon_report	SRR38294139	800	e6f20a994eb26aa4fa4228b72bfca1f089466124b6452288036bd26b2ac3ee5e
reports/MO_STL_Lemay_20250922__SRR38294110.deacon_filter.json	deacon_report	SRR38294110	800	6af89242a969a3c31d377b72afdfc558543aaa7ee4f9dac7571ff87ffd96a487
reports/MO_STL_Lemay_20250929__SRR38294109.deacon_filter.json	deacon_report	SRR38294109	800	7f42ed3dbeba0a1cdc1600c7792c7be46a636562c4fa54ab402f95e7b8da9e1a
reports/MO_STL_Lemay_20251006__SRR38294140.deacon_filter.json	deacon_report	SRR38294140	800	c7cb104e5e06f2d486634d3df6bc27cda0fd9136cba064eb7963465077af2845
reports/MO_STL_Lemay_20251013__SRR38294108.deacon_filter.json	deacon_report	SRR38294108	800	16c9344d5ffa938eaeef36ec8d113be59e4786b8904e8f8100d290ec8fd5859c
reports/MO_STL_Lemay_20251021__SRR38294106.deacon_filter.json	deacon_report	SRR38294106	799	ff15356597fa86884cbba1f7cc6bada37484c56d9a5f792b342dbdd2222958f2
reports/MO_STL_Lemay_20251027__SRR38294105.deacon_filter.json	deacon_report	SRR38294105	868	aceb16cd2e745647a82561beff402822927e3cd0c80939d8ff0cc60b767594c4
reports/MO_STL_Lemay_20251103__SRR38294104.deacon_filter.json	deacon_report	SRR38294104	800	dffbb4deb61661faa57b891cd1f2b637ce13802488c179458985d2ac57b1dd7a
reports/MO_STL_Lemay_20251112__SRR38294102.deacon_filter.json	deacon_report	SRR38294102	799	f45222ef124850fe30b40adfef7c766338f465d6c039e105fc3afcba80aa6e34
reports/MO_STL_Lemay_20251117__SRR38294103.deacon_filter.json	deacon_report	SRR38294103	799	d77d54992d02a4b3a9fc6c42f4590840e1c73445592a2d368571c8494969cb05
reports/MO_STL_Lemay_20251124__SRR38294101.deacon_filter.json	deacon_report	SRR38294101	800	fe78f6f8eff90d2e0dddb9b9387836eca8b3e4433e0699a8ee71359903b16256
reports/MO_STL_Lemay_20251201__SRR38294100.deacon_filter.json	deacon_report	SRR38294100	800	6241ed5988c18484e531e00c3908fe6489b12d4fe96bfc4ecd74dadd88fecbaf
reports/MO_STL_Lemay_20251208__SRR38294099.deacon_filter.json	deacon_report	SRR38294099	800	84faa975d6683dc3e37b4240f7439302846e40c9b619131b0511f6377e557726
reports/MO_STL_Lemay_20251215__SRR38294186.deacon_filter.json	deacon_report	SRR38294186	800	0fd475bef7cf759d97c8b266008e9cfc79a226f81eb699c0aef6810426794f48
reports/MO_STL_Lemay_20251222__SRR38294185.deacon_filter.json	deacon_report	SRR38294185	800	d79992656235f42484d9906a66168f99a3b20e6ca24de6a963905f9fb039e0c1
reports/MO_STL_Lemay_20251229__SRR38294183.deacon_filter.json	deacon_report	SRR38294183	800	3b138e1e7008b5c244680d1fae6dc0367f13baf1db452bb367df02caf4f48233
reports/MO_STL_Lemay_20260105__SRR38294910.deacon_filter.json	deacon_report	SRR38294910	800	30c014732be662f536bb484dd3694c861cd71d4727334670ede249fd74321ecc
reports/MO_STL_Lemay_20260112__SRR38294749.deacon_filter.json	deacon_report	SRR38294749	800	3eb0a99e84369c67c30480f7ef2b3ee79c3cb3b727fe98d8357367c36adb9e09
reports/MO_STL_Lemay_20260119__SRR38294747.deacon_filter.json	deacon_report	SRR38294747	800	77c7a58bf7c9e574d1aa1a150c3dee930a27d4c93d52efe02e3dfa1f6c2abb12
reports/MO_STL_Lemay_20260126__SRR38294857.deacon_filter.json	deacon_report	SRR38294857	800	0a85efbae75184c2cd448dd87bf5be40e7d61c7c222833707d27b4b3b0aca70d
reports/MO_STL_Lemay_20260202__SRR38294855.deacon_filter.json	deacon_report	SRR38294855	800	db180eccee8986800bac6dfed8a3c1ec135eeee06e30e2d41324deb0b6eb0930
reports/MO_STL_Lemay_20260209__SRR38294925.deacon_filter.json	deacon_report	SRR38294925	800	e1ae940fb28aee31840d6b767b66ddd4b00438bd564bf90b009a890c26e943ea
reports/MO_STL_Lemay_20260216__SRR38294922.deacon_filter.json	deacon_report	SRR38294922	800	abcefcae32aea4923b909511bcac247da488641cb9469c67ed5e6eee0d5b6c34
reports/MO_STL_Lemay_20260224__SRR38294921.deacon_filter.json	deacon_report	SRR38294921	800	fbdf1e6a84d6180497efb265dbadb23c250334f50581f12a851f8ae54e1e19c6
reports/MO_STL_Lemay_20260302__SRR38294919.deacon_filter.json	deacon_report	SRR38294919	800	62992341b9ceeb31e00c24c1482450ad52b59303d6755593ca2a3f92629d10c8
reports/MO_STL_Lemay_20260309__SRR38294920.deacon_filter.json	deacon_report	SRR38294920	800	1a5f27aaab4506d7938c3ffe2ea50241fd3738e413b4776eddf6080f3050bf51
reports/MO_STL_Lemay_20260316__SRR38294918.deacon_filter.json	deacon_report	SRR38294918	800	7e651a6d5d23201c36b58d2028bb905d66422b48a528886a80a3bd7f4aa4716e
reports/MO_STL_Lemay_20260324__SRR38294917.deacon_filter.json	deacon_report	SRR38294917	800	ce137b51b6dd5e1086424753d8119638853a0abd10c484ec8212705cd18d9cad
reports/MO_STL_Lemay_20260330__SRR38294856.deacon_filter.json	deacon_report	SRR38294856	800	19b7d807a26c1ce0b0722647d3921227bd9e0234404a6635c076f6b6aa479e65
reports/MO_STL_Lemay_20260406__SRR39695281.deacon_filter.json	deacon_report	SRR39695281	800	cd52faec839735fa22b89f3775230de264c5e048f1da4feca806396a46e6a908
reports/MO_STL_Lemay_20260414__SRR39695279.deacon_filter.json	deacon_report	SRR39695279	867	c85632ee33774a106b183bae226721f84b4ea02a85eaecb255ba370e87691871
reports/MO_STL_Lemay_20260420__SRR39695277.deacon_filter.json	deacon_report	SRR39695277	800	1d389556d1ded74420992c25032b65d1d94e447f4e1c2b40b525a036d6dbfd8e
reports/MO_STL_Lemay_20260427__SRR39695278.deacon_filter.json	deacon_report	SRR39695278	800	e1875934e984e9e361e4543f0836e06362ad6052fa23c1fb4fe5070f5caaa7af
reports/MO_STL_Lemay_20260504__SRR39695170.deacon_filter.json	deacon_report	SRR39695170	800	04def1b65c4a03de360d246df7e4535b84ad0c38d5b703ba5b2e13cfe6d8990d
reports/MO_STL_Lemay_20260506__SRR39695169.deacon_filter.json	deacon_report	SRR39695169	800	c4412d57d562589a1629cbcbd945ef1dc1ded81cda902a91a88ccc7057a41054
reports/MO_STL_Lemay_20260511__SRR39695167.deacon_filter.json	deacon_report	SRR39695167	800	045f529ef4a05953a1d1e8f907cf6e089f92dfcb28a920830cfc313470ec1eb8
reports/MO_STL_Lemay_20260518__SRR39695168.deacon_filter.json	deacon_report	SRR39695168	800	596fe5bffd27dc2f6f6306016935854e2af24c7f967efb7e1f04333592d286ad
reports/MO_STL_Lemay_20260525__SRR39695274.deacon_filter.json	deacon_report	SRR39695274	800	4bbd9c923a4c8cee0cb6ed3f7e29d0335b26cbea11a8f924fccbed8335a77a7a
reports/MO_STL_Lemay_20260602__SRR39695273.deacon_filter.json	deacon_report	SRR39695273	800	a0ac7c71a1b81030c39a5b084d1b0ee3559ee3f1d5ab0e73a2b2926619253379
reports/MO_STL_Lemay_20260608__SRR39694997.deacon_filter.json	deacon_report	SRR39694997	800	f264457e4ed2cf0accf046c387e906ef53c14226b42cbed3f36d95199db9887e
reports/MO_STL_Lemay_20260615__SRR39694995.deacon_filter.json	deacon_report	SRR39694995	800	bb1213700e32e98305ee019be4eb19962db6df64c96810215c010482695c5f0d
reports/MO_STL_Lemay_20260617__SRR39694994.deacon_filter.json	deacon_report	SRR39694994	800	b2a650cab743fd1f3522c84baa85e72859554558732f9c9ad85b2cfe73796f7b
reports/MO_STL_Lemay_20260630__SRR39694993.deacon_filter.json	deacon_report	SRR39694993	870	e7fb13ef06eb613827503fd47e4d34e7f764d0891841e28b565b1b467f788d11
reports/MO_STL_MORiver_20250620__SRR38294184.deacon_filter.json	deacon_report	SRR38294184	868	bfea5172111f8cad3332c182d4c58a8ab004b9bfffb7b7777018d75290f37db4
reports/MO_STL_MORiver_20250624__SRR38294182.deacon_filter.json	deacon_report	SRR38294182	802	402bbb7a808c84e603ee4bc23fca713955200668c7a8a27340465ca1da9ac8b7
reports/MO_STL_MORiver_20250701__SRR38294181.deacon_filter.json	deacon_report	SRR38294181	802	00f8106de9ea1b8676db2d04a4d563d1713dc3aded2254186b8197a937b96917
reports/MO_STL_MORiver_20250710__SRR38294180.deacon_filter.json	deacon_report	SRR38294180	868	1bf00b1823392a5d369e93fd2618c9543e44d4c786c8ceb05d8f20c473e2645b
reports/MO_STL_MORiver_20250714__SRR38294178.deacon_filter.json	deacon_report	SRR38294178	868	b7c0d7bbccb418121eec5bdab4bd7fcda2ccd8a3ff4e76dfde60d93e8796bd9e
reports/MO_STL_MORiver_20250723__SRR38294179.deacon_filter.json	deacon_report	SRR38294179	802	95cae1ab94e6541357fd4ff04c8570da1139a1bb76b0bfa8880799beeb7ed7e0
reports/MO_STL_MORiver_20250728__SRR38294177.deacon_filter.json	deacon_report	SRR38294177	802	6b52c52f4aeb4471c22474364493b3e4304b668a94a9f3c29c465e3f951cec70
reports/MO_STL_MORiver_20250806__SRR38294175.deacon_filter.json	deacon_report	SRR38294175	802	80f0e331fd576610e992319a85e02f2fe3f9d83eb6d199c1bd27c121e2c073ab
reports/MO_STL_MORiver_20250811__SRR38294173.deacon_filter.json	deacon_report	SRR38294173	868	03113890860b7efa5491acd129d0d61070b10e00517e70c7396a90f149985ed1
reports/MO_STL_MORiver_20250818a__SRR38294174.deacon_filter.json	deacon_report	SRR38294174	803	aad7b803560d75b0a2af474fb7c3ade521472a3d535a99238f36c2328865fc4a
reports/MO_STL_MORiver_20250825__SRR38294172.deacon_filter.json	deacon_report	SRR38294172	802	af869ed10bfb5b1c80411dc47a81bd54d185684ab81bb8355ed3deb22b33c26a
reports/MO_STL_MORiver_20250901__SRR38294171.deacon_filter.json	deacon_report	SRR38294171	802	6e76cefd59fe45272933022624b9e0885d1dd177fa433f74d6ba01a5641e0d9e
reports/MO_STL_MORiver_20250908__SRR38294170.deacon_filter.json	deacon_report	SRR38294170	802	58cf03ddb3bdcc7c9e0247d2b81953b27ce95431e357c8473f9f7e057d796bce
reports/MO_STL_MORiver_20250915__SRR38294169.deacon_filter.json	deacon_report	SRR38294169	802	0159c22a19605fa03afc0592ac866d0e02daaaeba0f02761f804bc3c9c2faa2d
reports/MO_STL_MORiver_20250922__SRR38294168.deacon_filter.json	deacon_report	SRR38294168	803	fea4ba6b3fb5eaf1de05aa5a02b86c12efa21e556cc6c20473632a3d8b4e6283
reports/MO_STL_MORiver_20250929__SRR38294167.deacon_filter.json	deacon_report	SRR38294167	802	19a871dae911133c48649e1e078707876b548228cab0ab8024b612c84ca6a0c1
reports/MO_STL_MORiver_20251006__SRR38294132.deacon_filter.json	deacon_report	SRR38294132	802	8bb276d841b580b9b88d916bf1a45f28cb5b06bdcab15c2c03eb2e61af8f5748
reports/MO_STL_MORiver_20251013__SRR38294135.deacon_filter.json	deacon_report	SRR38294135	802	6f925e9d4129e91b485962555834445a4a9972606c6aea4ef33d43ed4474878b
reports/MO_STL_MORiver_20251021__SRR38294136.deacon_filter.json	deacon_report	SRR38294136	802	9fbf5d228d2ed0f464e951994e4685050fe1127d55e77a04e6a4d28f5c3edf1c
reports/MO_STL_MORiver_20251027__SRR38294141.deacon_filter.json	deacon_report	SRR38294141	802	6926527615f8556ae179c4415c3026f0e81f70517bbba69e13aab105404d9fce
reports/MO_STL_MORiver_20251103__SRR38294165.deacon_filter.json	deacon_report	SRR38294165	870	065aeb77b793b90dce82008af761341f0b147f72ec1789a256fd9f91cece3f99
reports/MO_STL_MORiver_20251112__SRR38294166.deacon_filter.json	deacon_report	SRR38294166	802	190ca6b2d8167ab06268719df4c3ca8451559cee4e3d182d6e0248b190faed56
reports/MO_STL_MORiver_20251117__SRR38294156.deacon_filter.json	deacon_report	SRR38294156	802	2f5d1083a9e0fa3a46029d91b6adf4bdcf9441607de8fec1900af3658743ce0c
reports/MO_STL_MORiver_20251124__SRR38294157.deacon_filter.json	deacon_report	SRR38294157	802	79681b0296cf4257bfe2ebb2dfd30d30f15dfd8ca6ccc45385a168636a075f1e
reports/MO_STL_MORiver_20251201__SRR38294158.deacon_filter.json	deacon_report	SRR38294158	802	7c21bd65e578fd44484a81f4004598fb0b7bbd3b9bb57b5b156cf7a6a4a33bc1
reports/MO_STL_MORiver_20251208__SRR38294159.deacon_filter.json	deacon_report	SRR38294159	802	82eef668e0a0f6a3c2867ed9e82b67496e63a3e5adfef4f30a848e9cbadd205d
reports/MO_STL_MORiver_20251215__SRR38294160.deacon_filter.json	deacon_report	SRR38294160	801	c9a051faa843be563bc82fb1ebcf73b90abc6b63cc003f4a22ae12c0659280d6
reports/MO_STL_MORiver_20251222__SRR38294161.deacon_filter.json	deacon_report	SRR38294161	801	6323ded8affbd7a148f8e50db56fc2013e30d369021d5f9252e86435a8fb9888
reports/MO_STL_MORiver_20251229__SRR38294163.deacon_filter.json	deacon_report	SRR38294163	802	52a333e810922b50be3b5e2aeb0b1353c7f88264e8d75dac07771cff441735f0
reports/MO_STL_MORiver_20260105__SRR38294853.deacon_filter.json	deacon_report	SRR38294853	802	8af99b20f599a14e6525ff8de872a9eb4b436ce7997cb76dd34e13070b954557
reports/MO_STL_MORiver_20260112__SRR38294854.deacon_filter.json	deacon_report	SRR38294854	802	00f2b46f86d8693a1c6cf5e65447c769103ae269d7132d714e1b1099369a5065
reports/MO_STL_MORiver_20260119__SRR38294916.deacon_filter.json	deacon_report	SRR38294916	802	8ff847dca667398a325f9d2b140161f8c43ba82e917696d8bdb88b5a29aa660a
reports/MO_STL_MORiver_20260126__SRR38294914.deacon_filter.json	deacon_report	SRR38294914	802	34fa253186468582a58b1b7a314ef2c3e424b4709264c5594dc3de5fcda741a4
reports/MO_STL_MORiver_20260202__SRR38294912.deacon_filter.json	deacon_report	SRR38294912	802	e78ce92a08c58867696b0f8d898d45549883417b19ffe139689bca3257c48936
reports/MO_STL_MORiver_20260209__SRR38294913.deacon_filter.json	deacon_report	SRR38294913	802	30ff158ea8b58905580a3f5d25f8d3b7daca845cd67c2f9e320613f1707823d2
reports/MO_STL_MORiver_20260216__SRR38294849.deacon_filter.json	deacon_report	SRR38294849	802	c5ab16b837e2ca9935fdab56e54c29cc932530b1ea51ed26e924714011ab45e8
reports/MO_STL_MORiver_20260224__SRR38294847.deacon_filter.json	deacon_report	SRR38294847	802	c36a2d6eeb3f3a2d1c19bfbcff4c9ebe0490470179a83cdd6546eea5eb5709f0
reports/MO_STL_MORiver_20260302__SRR38294846.deacon_filter.json	deacon_report	SRR38294846	802	ceac0d9853e6a14f528e8621426c3451abd3e3707265bbcc7ba5c056e68c4180
reports/MO_STL_MORiver_20260309__SRR38294745.deacon_filter.json	deacon_report	SRR38294745	802	432afd1aa9fcc5cd5fafce9d0e99d135d707d7cb2b4d96dba83947def97014bb
reports/MO_STL_MORiver_20260316__SRR38294889.deacon_filter.json	deacon_report	SRR38294889	802	16365ff00913589f7d883756af06852fc0a996cf02ef30ff7d6384a1e680998f
reports/MO_STL_MORiver_20260324__SRR38295004.deacon_filter.json	deacon_report	SRR38295004	802	56eda300e8906830263aae088f3714f75c023f23a7a24c2f9dcba56b663d30d1
reports/MO_STL_MORiver_20260330__SRR38295003.deacon_filter.json	deacon_report	SRR38295003	802	e155379ee395cf652eb0ec19ddad08cd0a9d2783acbd2c22a0729aa377e846c0
reports/MO_STL_MORiver_20260406__SRR39694992.deacon_filter.json	deacon_report	SRR39694992	802	f26fbb5253e82a24279b46ff354bbdbaaa25122ef691e1175a89f14630f155a6
reports/MO_STL_MORiver_20260414__SRR39694990.deacon_filter.json	deacon_report	SRR39694990	802	18c60fc0a78ee1aaf38e487cec4e97b60bb5fd55bfbea6c6e68bc77e58fb8fca
reports/MO_STL_MORiver_20260420__SRR39694991.deacon_filter.json	deacon_report	SRR39694991	802	fb075a8af9145cbf56e6ffca56708155de23a0e2f13ce4d6d019832647ac3a99
reports/MO_STL_MORiver_20260427__SRR39694989.deacon_filter.json	deacon_report	SRR39694989	802	3faac31913f2720e5954adfd1e1d127e64ffc48de02f9ef03c26730716ddbcc4
reports/MO_STL_MORiver_20260504__SRR39694988.deacon_filter.json	deacon_report	SRR39694988	801	ec640fcff3739fba6148d5f2988515a3d068948246004f55b92cf7fa57385ac0
reports/MO_STL_MORiver_20260506__SRR39694987.deacon_filter.json	deacon_report	SRR39694987	802	51e60023cca810bc7f8447a9b11651bfaa67c4c0bc12fc5a67ed909991292301
reports/MO_STL_MORiver_20260511__SRR39694985.deacon_filter.json	deacon_report	SRR39694985	802	b239589accba475ba502896740343b57c4ce02e50bcfeb5b63a312f83c227fc5
reports/MO_STL_MORiver_20260518__SRR39694984.deacon_filter.json	deacon_report	SRR39694984	802	981aaea63b7995ba2f372257c8d21d768617ba3a7810f4594bd7fa68d01f098d
reports/MO_STL_MORiver_20260525__SRR39695173.deacon_filter.json	deacon_report	SRR39695173	802	503c6a84bf8b6598015d303710882db2f51e75a0565ae0704bde8a1807341fcb
reports/MO_STL_MORiver_20260602__SRR39695171.deacon_filter.json	deacon_report	SRR39695171	802	eeaf7321791fd9859242695e2939f8fd0f69383ce419ab8efd913cf97f0ed9cb
reports/MO_STL_MORiver_20260608__SRR39694973.deacon_filter.json	deacon_report	SRR39694973	802	47e2e8e9e28304f9b2ca6f9b1a47720cbea9c48ed4ebeaf3dcab89eebfd8d6e9
reports/MO_STL_MORiver_20260615__SRR39694969.deacon_filter.json	deacon_report	SRR39694969	802	cf45a820f452d0f57c53a3b4a17c7d1ae72fd218fb974ed6afe506871570dba3
reports/MO_STL_MORiver_20260617__SRR39695272.deacon_filter.json	deacon_report	SRR39695272	866	cf27cf17a978e89f5cade5ca740ffd696a3c4c7693aead01dfb2c045df169f0d
reports/MO_STL_MORiver_20260629__SRR39695166.deacon_filter.json	deacon_report	SRR39695166	802	17c933761eabc456aa89c2b22930fe52156b002bfc96c8a3769f82e2f76c138b
reports/NYC-Hospital-A_20250828__SRR37006695.deacon_filter.json	deacon_report	SRR37006695	802	58ea2b263ef9fa1bb30a3d3c901930b5b7b01c5abb1311b389309c682c5b5bdd
reports/NYC-Hospital-A_20250903__SRR37006694.deacon_filter.json	deacon_report	SRR37006694	803	5eb5688cbae0117d8ad74c65388f710d58ad9752adb5d44658ebfdd18b5d0964
reports/NYC-Hospital-A_20250912__SRR37006672.deacon_filter.json	deacon_report	SRR37006672	797	630f2437206218ffc18b7d658156d937929e89ce7d39380271b46d6c09b072a0
reports/NYC-Hospital-A_20250912__SRR37006682.deacon_filter.json	deacon_report	SRR37006682	802	9334ba7251461b2ea1bd3cf1433b6ea99a96a564a16fbf310ae77f39282533fb
reports/NYC-Hospital-A_20251015__SRR37006659.deacon_filter.json	deacon_report	SRR37006659	797	4321b96a5978fa9859a1dbec1f8fcab3a8a4c6431524227c3f996b2a87ae2940
reports/NYC-Hospital-A_20251023__SRR37006661.deacon_filter.json	deacon_report	SRR37006661	797	4737935fbd324ac93c520a4eafac9c17c0874e29269a457904ca724db6213617
reports/NYC-Hospital-A_20251025__SRR37006660.deacon_filter.json	deacon_report	SRR37006660	797	81fe58d6a312a8d5b49ee5e5948595227d440f0e6d05cd5a22352b3cd85eaea5
reports/NYC-Hospital-A_20251204__SRR37367546.deacon_filter.json	deacon_report	SRR37367546	798	2e329a122693f1963601728f82c3a13246cb770ff35b7d9651a91f7d9c8cfc23
reports/NYC-Hospital-A_20251211__SRR37367547.deacon_filter.json	deacon_report	SRR37367547	797	5ccea3bd1060cea9be0c4fb8777766e386154fc78f97577af544ecfe9faaf831
reports/NYC-Hospital-A_20251219__SRR37367548.deacon_filter.json	deacon_report	SRR37367548	797	45bb48ba5510aa5cd34ae959921d53a64c3579f2e0c11a49a252593f42b7ab41
reports/NYC-Hospital-A_20251223__SRR37367570.deacon_filter.json	deacon_report	SRR37367570	797	14ac54e418f875a036b5d384f80a3ceb1ec504e55113e6d033c7f93d896ef0d6
reports/NYC-Hospital-A_20260107__SRR38295001.deacon_filter.json	deacon_report	SRR38295001	797	a1ac045d4d43a02f3e70f845b13746f0e872281f1d8827c73b7a37a183a2fedf
reports/NYC-Hospital-A_20260122__SRR38295000.deacon_filter.json	deacon_report	SRR38295000	797	daff5d2637157d7715a67e4d6bd4ec0ea5caf5c661ab2cea70b17eb356ed1729
reports/NYC-Hospital-A_20260205__SRR38294998.deacon_filter.json	deacon_report	SRR38294998	802	f7323cedf06dda0a89dab5a8d18b7e25b08e4ff3f7d05602d74e58d9e3484903
reports/NYC-Hospital-A_20260211__SRR38294999.deacon_filter.json	deacon_report	SRR38294999	800	8429361f148c480547f24f1ae74f31576792a85efe6120744e4480bbc7a5b5b2
reports/NYC-Hospital-A_20260220__SRR38294997.deacon_filter.json	deacon_report	SRR38294997	801	b8203eed38846fa9a8c2197f440d15cc2534b319f992a7234603f173293f9c76
reports/NYC-Hospital-A_20260229__SRR38294996.deacon_filter.json	deacon_report	SRR38294996	799	94252d20fd0be862436c568bcf7e2c41b54251fd8c66fe88bd60eaca01027a4a
reports/NYC-Hospital-A_20260305__SRR38294852.deacon_filter.json	deacon_report	SRR38294852	797	b5a00fd83319ad26ea969e56a94dbf3a73026472502314175bc71833a9ffd669
reports/NYC-Hospital-A_20260312__SRR38294851.deacon_filter.json	deacon_report	SRR38294851	797	99834fed009a57401ad605c6e6c90365050ae6bf4d0d58af55d651696c89456a
reports/NYC-Hospital-A_20260319__SRR38294850.deacon_filter.json	deacon_report	SRR38294850	797	5bdfa0daf7fdd441313e73061ba1ac9e82dda656a1f95ee631e72d4cb6220f6d
reports/NYC-Hospital-A_20260402__SRR39695165.deacon_filter.json	deacon_report	SRR39695165	802	a063efa5fe4a37e5dcc239eb92c82a82c887bf1bc8284373552fab024e3518dd
reports/NYC-Hospital-A_20260409__SRR39695164.deacon_filter.json	deacon_report	SRR39695164	796	f8dc8254306dfaf9346d940356d98e25609877c8673bd3f71690ddb706adf10e
reports/NYC-Hospital-A_20260416__SRR39695162.deacon_filter.json	deacon_report	SRR39695162	797	604fd9c3d084f8a3a2c64979db0c8dedf4d03778d513e1453d4e7d526bd1bb28
reports/NYC-Hospital-A_20260501__SRR39695161.deacon_filter.json	deacon_report	SRR39695161	797	1934e0c2bbdccb726d45646f59920991d74862c1e2e22a0819ada1029268921b
reports/NYC-Hospital-A_20260507__SRR39695160.deacon_filter.json	deacon_report	SRR39695160	796	1058f756c9d65ce4d8eabb420b761978b36acbe7e7500cdcf5db5c5baf20b1d6
reports/NYC-Hospital-A_20260514__SRR39695158.deacon_filter.json	deacon_report	SRR39695158	798	e526c674886f9839e8af333ef824c521cc9b90d16a2a97f5b5bdb3a33e539423
reports/NYC-Hospital-A_20260604__SRR39694983.deacon_filter.json	deacon_report	SRR39694983	798	2c3072bd0d7f93882d4adb1a676f08653941f933a36d83d453d59ae970161cb6
reports/NYC-Hospital-A_20260618__SRR39694982.deacon_filter.json	deacon_report	SRR39694982	798	a958539558e5d9c2b08298d5dbbc0d91bb13e0c973bed4c89c4d0c8142e549a8
reports/NYC-Hospital-B_20240116__SRR37006662.deacon_filter.json	deacon_report	SRR37006662	802	51ac27993fa9165215d0555dbae6ce9a0af1237ad9375b6ceb62056101f4366a
reports/NYC-Hospital-B_20241018__SRR37006663.deacon_filter.json	deacon_report	SRR37006663	802	6a5ce37dcec1e358b9ec7e096b98d2f2eac80525b51268244fcc2fd33677f665
reports/NYC-Hospital-B_20241120__SRR37006664.deacon_filter.json	deacon_report	SRR37006664	802	a2346d03fb89b3df1cd4d54e954c92c8dfef149bc5fe078b59580005208441e3
reports/NYC-Hospital-B_20250103__SRR37006692.deacon_filter.json	deacon_report	SRR37006692	802	475a2a95d099ba82841ebe2f545452bde8d768fd2c6807a848edf98c1788cb0c
reports/NYC-Hospital-B_20250109__SRR37006693.deacon_filter.json	deacon_report	SRR37006693	800	a39cd272ed1403bf0ce2567cac3af7fc08fc5a025c4e32eb64d3580342d59069
reports/NYC-Hospital-B_20250130__SRR37006691.deacon_filter.json	deacon_report	SRR37006691	802	4fd867c16fc897baf384acf05b3ce9cae985b5f2ef986a1569d2042baaf24af2
reports/NYC-Hospital-B_20250205__SRR37006690.deacon_filter.json	deacon_report	SRR37006690	802	1551ed7af8f717a9c0a7dcb996a82bf4eb51b980df94135211aad5e1025dcc71
reports/NYC-Hospital-B_20250220__SRR37006689.deacon_filter.json	deacon_report	SRR37006689	801	36caa3c45b5342e18d341a3a3c976c4426f780fb0fc5358b38dc24df659b5a7f
reports/NYC-Hospital-B_20250313__SRR37006687.deacon_filter.json	deacon_report	SRR37006687	802	eb86ae4acab9159c14ac73b8c7f562abff817af81b8d12cef65d7735e4868581
reports/NYC-Hospital-B_20250319__SRR37006688.deacon_filter.json	deacon_report	SRR37006688	801	44574a3a0596f0458e7ee4407104c29f1c9892aa2df25140ff218d906863bc34
reports/NYC-Hospital-B_20250403__SRR37006686.deacon_filter.json	deacon_report	SRR37006686	802	9c8f4fd3edaa8420dc0d9775a77c3190e4bbd3b9dc394c2fa1e251d278538d3c
reports/NYC-Hospital-B_20250409__SRR37006685.deacon_filter.json	deacon_report	SRR37006685	801	2198f3b7065c5d080214506fbc2e158b8bb07a0a9230a593bf45d5ebec938a5e
reports/NYC-Hospital-B_20250514__SRR37006684.deacon_filter.json	deacon_report	SRR37006684	802	5479282c5792d8cc569c0aaa2281b3c9bfd6d01f952284cfc31ad2065fa93449
reports/NYC-Hospital-B_20250520__SRR37006683.deacon_filter.json	deacon_report	SRR37006683	802	b165da9263033ab1b29144b33644aba96bfbd7659a6da07d63f262d8fd84e94d
reports/NYC-Hospital-B_20250528__SRR37006681.deacon_filter.json	deacon_report	SRR37006681	802	3dd31c19ad79da423d920590d55fba5c8e5cd1b6f36e8f162fc69444371b6ff1
reports/NYC-Hospital-B_20250604__SRR37006680.deacon_filter.json	deacon_report	SRR37006680	802	0f6b73312a13151f83c830a6792cf02f517654d32eeb7b009c31dfa99af6d7f9
reports/NYC-Hospital-B_20250612__SRR37006679.deacon_filter.json	deacon_report	SRR37006679	872	9f9ac7949429b5d3d938b1bf503c57808cf2fa83f8c9466dd5760cd399c091de
reports/NYC-Hospital-B_20250618__SRR37006678.deacon_filter.json	deacon_report	SRR37006678	802	224cdbe4cf3d189414cecab6f3e12b8f4752bdf38df264f8f745c1643ef957b3
reports/NYC-Hospital-B_20250624__SRR37006677.deacon_filter.json	deacon_report	SRR37006677	802	b6af0f622b29f71ce2686c9c7228b9671a6c3f765ae35b9158491312fb9c9533
reports/NYC-Hospital-B_20251210__SRR37181186.deacon_filter.json	deacon_report	SRR37181186	796	4968d47bb82fedcabede2c4b69d523e7d05a92cbb2c99fdc2243b7e8c6a09cff
reports/NYC-Hospital-B_20251216__SRR37181184.deacon_filter.json	deacon_report	SRR37181184	797	2a9864b8babdd1329645ef2bf88b444dec631534ccbf4dc05eab6d6e9f00acc9
reports/NYC-Hospital-B_20251222__SRR37181183.deacon_filter.json	deacon_report	SRR37181183	797	82ba821e0af1e85e6cae2423f080474dd448687e8bd958bb3072e0a986695092
reports/NYC-Hospital-B_20251230__SRR37181182.deacon_filter.json	deacon_report	SRR37181182	798	a028cab6c10f7749790bcf3124c5fff9fdbdc6711736cb51308f5f8d5d1eb3b4
reports/NYC-Hospital-B_20260106__SRR37181181.deacon_filter.json	deacon_report	SRR37181181	797	ea945b55ec067ab9b03e4b8785ae7b20ef6601dd81b01965218a1012fff8de0f
reports/NYC-Hospital-B_20260113__SRR37181180.deacon_filter.json	deacon_report	SRR37181180	797	931659c27fb1beeb1de1effb1749f2e30fc67e9a096f9d509cb68a4ca8b9e5bc
reports/NYC-Hospital-B_20260121__SRR38294848.deacon_filter.json	deacon_report	SRR38294848	797	b4561ca49b65b6664b02007f5f4af8a257263c8252ede3f5160f048497fd0f6a
reports/NYC-Hospital-B_20260127__SRR38294908.deacon_filter.json	deacon_report	SRR38294908	797	090b14c06616114b894c42b43fa176c4c5007741d0189f8c1d2025f30edfd470
reports/NYC-Hospital-B_20260204__SRR38294906.deacon_filter.json	deacon_report	SRR38294906	797	b9f33982b5dd06f2f9abb59522b7f0b4ec4ece5a5770a69296adf360cdeb1d46
reports/NYC-Hospital-B_20260210__SRR38294905.deacon_filter.json	deacon_report	SRR38294905	800	9e6a7546cffc78663363f2c45fb619b5ef11608ef620b614b56675fe041224a3
reports/NYC-Hospital-B_20260217__SRR38294845.deacon_filter.json	deacon_report	SRR38294845	797	77839720b89da5337ea25d6df5a3b26d7fd1669cca5bceebe52deff83d0ed5ca
reports/NYC-Hospital-B_20260225__SRR38294843.deacon_filter.json	deacon_report	SRR38294843	792	05c9d288c14751d400f8db42a697b2aff01ff8637236773133b60ff2e6f2447c
reports/NYC-Hospital-B_20260304__SRR38294844.deacon_filter.json	deacon_report	SRR38294844	797	f9719ed96a3c271fed34071f321705e4612670c08055b8df115383c57196e7ef
reports/NYC-Hospital-B_20260310__SRR38294842.deacon_filter.json	deacon_report	SRR38294842	797	19f5c03ba48d81cc74d08ac4191399908470275cb0e8875c841850df87cc5acd
reports/NYC-Hospital-B_20260318__SRR38294841.deacon_filter.json	deacon_report	SRR38294841	797	dc75066db26d6dc67103ced90c4e832bc15542da43118e4a5ead8f350597ab14
reports/NYC-Hospital-B_20260331__SRR38294840.deacon_filter.json	deacon_report	SRR38294840	802	645aeddbf24ff4dfa2767f254fec1421760c2755dca01285b3aaadfa5cfb41a6
reports/NYC-Hospital-B_20260407__SRR39694980.deacon_filter.json	deacon_report	SRR39694980	797	d48c57278d2c6cb7cda10ac0ab35c928d3bd177e9788b4c21187b96264afb1bc
reports/NYC-Hospital-B_20260414__SRR39694981.deacon_filter.json	deacon_report	SRR39694981	797	37f60536ca035470fb753d9e7fc938c7166a2a414a5c3cc109c927bbf5284c04
reports/NYC-Hospital-B_20260428__SRR39694979.deacon_filter.json	deacon_report	SRR39694979	798	d827641ade9fe35165db3c8d9910d9f10046d3c9ae8b049b6426e1f2d91da803
reports/NYC-Hospital-B_20260505__SRR39694978.deacon_filter.json	deacon_report	SRR39694978	797	028683f784c06ba6f5650b930154b6b833e97410b2860c010e65d8fde709565a
reports/NYC-Hospital-C_20241113__SRR37006676.deacon_filter.json	deacon_report	SRR37006676	802	fc6ff5dc5487c8e47631cc9540bb7de904916cac7eded8c7ed8b6f2a68ae891b
reports/NYC-Hospital-C_20250123__SRR37006675.deacon_filter.json	deacon_report	SRR37006675	802	ee1bc2ae0a9e4eb75ae33886181d14a2e434d2202042b0055ea9e5f138c85d8e
reports/NYC-Hospital-C_20250827__SRR37006674.deacon_filter.json	deacon_report	SRR37006674	802	03763d0c75b329d237baface82608bdcaa7283028fa2baaa5c1422f45ea8fe1f
reports/NYC-Hospital-C_20250912__SRR37006673.deacon_filter.json	deacon_report	SRR37006673	802	5ce0c0236757dd662fff8ade4f7fe1c4469d7d779905afc46b151dee87cf1356
reports/NYC-Hospital-C_20251204__SRR37367572.deacon_filter.json	deacon_report	SRR37367572	797	ed4b7aeb36cdcc2d60dfb648c1476c33a79fef51b5d792bca858f8ec1393ae59
reports/NYC-Hospital-C_20251210__SRR37367573.deacon_filter.json	deacon_report	SRR37367573	797	9e895fe7be4cdd1bbcb8fd0c53fcd6c061198a7bdb2831eb51271387801a4eb1
reports/NYC-Hospital-C_20251217__SRR37367574.deacon_filter.json	deacon_report	SRR37367574	797	a7b8a7b6bda1ccc9425c2cc0b4b79e84f58de598edd8f6854bcf5d8edfce20ac
reports/NYC-Hospital-C_20251222__SRR37367575.deacon_filter.json	deacon_report	SRR37367575	797	bead727683fd8eea2ab85d0651efef25cb5a2eeab002640fae2af1977115400d
reports/NYC-Hospital-C_20260107__SRR38294838.deacon_filter.json	deacon_report	SRR38294838	797	23ac08dcc3f27a240869cf57209fc4d689f86827fcb3325643197d0a51d2b7c5
reports/NYC-Hospital-C_20260113__SRR38294837.deacon_filter.json	deacon_report	SRR38294837	797	8c51e22100012211fe2845029e4cff38cd85f3d14c31ed659418190e5f5da62a
reports/NYC-Hospital-C_20260120__SRR38294836.deacon_filter.json	deacon_report	SRR38294836	797	87972d02ab366725caa256475249a9b80757079d04a1bbb782df054f20062209
reports/NYC-Hospital-C_20260128__SRR38294835.deacon_filter.json	deacon_report	SRR38294835	797	7e18aa17cd4e42f1876387fc8858a36c284995cf490b739c182651e0872b8222
reports/NYC-Hospital-C_20260204__SRR38294834.deacon_filter.json	deacon_report	SRR38294834	797	aba8473115012d72c454b182dc9844894a73a6af344b56d93df9e88d96df8aa7
reports/NYC-Hospital-C_20260212__SRR38294833.deacon_filter.json	deacon_report	SRR38294833	800	058021ae144238394d0ded2feebf84a13b11fb5ab62e4022678d9f319ea193d8
reports/NYC-Hospital-C_20260218__SRR38294831.deacon_filter.json	deacon_report	SRR38294831	797	a0a5457f14a4f7c3e0703d0e2070a02750f7a30918923f6df254637c58d130bc
reports/NYC-Hospital-C_20260226__SRR38294832.deacon_filter.json	deacon_report	SRR38294832	797	082b08b5393ee8db6540cb93dc5fbdd9d97d58015339c5825f77b68ae07d608c
reports/NYC-Hospital-C_20260304__SRR38294830.deacon_filter.json	deacon_report	SRR38294830	797	97aa5d0cde60dc088bc836d4703918d968cbae299f6df767daa8793ecd64dfc4
reports/NYC-Hospital-C_20260310__SRR38294829.deacon_filter.json	deacon_report	SRR38294829	797	fc8ccb00208e616ca5df74f6eedccf64ea3ba85c31fb9d6347da9c0a9e356d52
reports/NYC-Hospital-C_20260318__SRR38294911.deacon_filter.json	deacon_report	SRR38294911	797	d48c4d42b44243349074bda1a52a6d763d9f6d696971b7717e2df9310caed84a
reports/NYC-Hospital-C_20260414__SRR39694977.deacon_filter.json	deacon_report	SRR39694977	797	b26794af5ebf660b447c4ee9d153e69efdca6491a207b7f6436f7602804a8935
reports/NYC-Hospital-C_20260422__SRR39694974.deacon_filter.json	deacon_report	SRR39694974	797	8a02de9e2e45c9f8241c5e851dfd901e8b5e23733c6bf6716893976ec59e37d6
reports/NYC-Hospital-C_20260430__SRR39694971.deacon_filter.json	deacon_report	SRR39694971	797	e55da5ca4b0bab033cd885f79d94f5453fae3408ee3d6265fbf8dd5410d511f0
reports/NYC-Hospital-C_20260507__SRR39694972.deacon_filter.json	deacon_report	SRR39694972	797	dd5ab60241ca62407af8bb6bc336dee96a932ca85223750b2912ed0d4e1caf7f
reports/NYC-Hospital-C_20260514__SRR39695150.deacon_filter.json	deacon_report	SRR39695150	798	44929dbe8fe3c773b42a5a48e9531dd0f7b6abb1b8d1a4c27b7face0d5cf368d
reports/NYC-Hospital-C_20260520__SRR39695148.deacon_filter.json	deacon_report	SRR39695148	798	7d7c373c69982c638fad3f0aaccdd0a16f08d2d0175e26ae006a84df6e0b32a6
reports/NYC-Hospital-C_20260527__SRR39695271.deacon_filter.json	deacon_report	SRR39695271	798	bdc35dd074be3e6167f7fd35e02c07ef6e0899791b5761e20eeb9efc06f6eaff
reports/NYC-Hospital-C_20260602__SRR39695269.deacon_filter.json	deacon_report	SRR39695269	798	c4ad0686d23773f633ea46a24345749472edbf362336db72212528194369c011
reports/NYC-Hospital-C_20260608__SRR39695270.deacon_filter.json	deacon_report	SRR39695270	798	5c5002fb582df58137fa4053b46175dab71c212c6c0317c84dc66c9cc067062a
reports/NYC-Hospital-C_20260615__SRR39695268.deacon_filter.json	deacon_report	SRR39695268	798	8ef37a9dd8d089a317660e78fa8bade4369deeecbed53053c25ade5b0ecea7d4
reports/NYC-Hospital-C_20260623__SRR39695267.deacon_filter.json	deacon_report	SRR39695267	798	7410aed4ec9124ef25b6a35459f4af8004c127b12e9668007ccdbb62d58726fd
reports/NYC-Hospital-D_20250902__SRR37006671.deacon_filter.json	deacon_report	SRR37006671	797	82d33eb0769ab3b850d8e3da2144afc233d16e82b04e3fb172a8f98aa36354d6
reports/NYC-Hospital-D_20250909__SRR37006670.deacon_filter.json	deacon_report	SRR37006670	797	49e85f71bef4b5886b3d71847594859cb321f59fca5467db0bf1519574e25217
reports/NYC-Hospital-D_20250916__SRR37006669.deacon_filter.json	deacon_report	SRR37006669	797	8fb47f6ba1226aea6bdcead89ed57ecf245d0dc75637f3eb5802565767ae05e1
reports/NYC-Hospital-D_20250930__SRR37006668.deacon_filter.json	deacon_report	SRR37006668	798	bc1efe030c2c52701c1a0127b500203d1cc7122d2d55f9f4321a301a3590a19a
reports/NYC-Hospital-D_20251014__SRR37006667.deacon_filter.json	deacon_report	SRR37006667	796	524ab7786c417376f56836839ef082a6e429330d178293ca6db18ff2528a8005
reports/NYC-Hospital-D_20251021__SRR37006665.deacon_filter.json	deacon_report	SRR37006665	797	347502f21c227bfa92e7a685d858fa5647707298c925b7310a5fcf7104892743
reports/NYC-Hospital-D_20251028__SRR37006666.deacon_filter.json	deacon_report	SRR37006666	797	d3cb6c32ff0c5741f10775d9e537709cae8df2cfd0b3f37e1fbb2aad3e0279ed
reports/NYC-Hospital-D_20251105__SRR37006656.deacon_filter.json	deacon_report	SRR37006656	795	2516c54b226c259eec4ca717511ec1ebfe23397f6300a1f4cb6672d2a19fa526
reports/NYC-Hospital-D_20251113__SRR37006657.deacon_filter.json	deacon_report	SRR37006657	797	47115d0593e741acd34dab5a5916dc494611b7f7c39f4f64ec24dfd4d06c8425
reports/NYC-Hospital-D_20251118__SRR37006658.deacon_filter.json	deacon_report	SRR37006658	797	1c529790bf3c04b1e6ec33929c3df9289da89585d189c430663c9599de55c91a
reports/NYC-Hospital-D_20251125__SRR37367577.deacon_filter.json	deacon_report	SRR37367577	798	c0558823229430f5646ab93b97cab2dcde262da353189528ddf9aaaf52022598
reports/NYC-Hospital-D_20251202__SRR37367578.deacon_filter.json	deacon_report	SRR37367578	797	9a36950623651482fef877e77289ee1ea99831467dd0c7f2e4369544810e8217
reports/NYC-Hospital-D_20251209__SRR37367580.deacon_filter.json	deacon_report	SRR37367580	798	fb446999a9a9697fb210bbef773bef2393c696b424d80b15e2084b3d633d0fcc
reports/NYC-Hospital-D_20251210__SRR37367581.deacon_filter.json	deacon_report	SRR37367581	797	9734f3f0381ea1a61bca6ab5b856ae56a1928586f4e64584b2ba8d9e9887b0e0
reports/NYC-Hospital-D_20251217__SRR37367582.deacon_filter.json	deacon_report	SRR37367582	797	fc9e7d41fc4f0bd62c7f09fa3b83d380934990a772450e3ab743db8e4c8c131a
reports/NYC-Hospital-D_20251223__SRR37367583.deacon_filter.json	deacon_report	SRR37367583	797	b4614f2eb3b3408085dd2baab053dce4d185f6657d0839ff3d9a12a08214218b
reports/NYC-Hospital-D_20260107__SRR38294983.deacon_filter.json	deacon_report	SRR38294983	798	62970d37c85b6af5dbba0cbf7042933b29a25cb6e82b763c1df1c489dc5d6c85
reports/NYC-Hospital-D_20260113__SRR38294981.deacon_filter.json	deacon_report	SRR38294981	796	6a8d0d4a7c91a06447e6edef968316101308e723e5ccb8610de5f82ae5ab8b3a
reports/NYC-Hospital-D_20260120__SRR38294904.deacon_filter.json	deacon_report	SRR38294904	797	e319115bc4e833dfb27db39d59a80ed5710ac86be3f12823f35d0833c187049b
reports/NYC-Hospital-D_20260128__SRR38294902.deacon_filter.json	deacon_report	SRR38294902	802	7c4d9cb9a91e1193580c10b2568372fb61b40a5cd25e12284e6c9ca153258659
reports/NYC-Hospital-D_20260210__SRR38294903.deacon_filter.json	deacon_report	SRR38294903	800	accf4de072b3f125564c30fc0d321f6aa09b9e9610685802da4b78fbed734411
reports/NYC-Hospital-D_20260218__SRR38294901.deacon_filter.json	deacon_report	SRR38294901	797	0e5bb5919a926aa826cb0b0b035494d14d4fce5fefafd5d3a56939e99ec1ca74
reports/NYC-Hospital-D_20260303__SRR38294900.deacon_filter.json	deacon_report	SRR38294900	797	0e4e9966cb3c6463b3973e60fc3e2b50def3895e0a4d26223b9cec2982443597
reports/NYC-Hospital-D_20260310__SRR38294899.deacon_filter.json	deacon_report	SRR38294899	797	3ce32dddb67ce768ee04b25dec9cab1f248ea1506fc90bd126e9438fe11e9314
reports/NYC-Hospital-D_20260317__SRR38294897.deacon_filter.json	deacon_report	SRR38294897	797	068928ccb2d7616de2d245ee20d22132c74941f788a2646b762caf7c125119b6
reports/NYC-Hospital-D_20260331__SRR38294898.deacon_filter.json	deacon_report	SRR38294898	802	e9873af07f59a3afdb0ccedc9e234134c5a7cb02d1dd1b8af807a6d4409746f4
reports/NYC-Hospital-D_20260407__SRR39695265.deacon_filter.json	deacon_report	SRR39695265	797	a986966022442121ecff2f90405308b1ad7b64bc9ed4214e99ab4136a23cbd97
reports/NYC-Hospital-D_20260414__SRR39695264.deacon_filter.json	deacon_report	SRR39695264	797	ce3c451183fb91f428049a1067770c557371d4b82cfa5cb5edd2b86fa89c47f5
reports/NYC-Hospital-D_20260428__SRR39695262.deacon_filter.json	deacon_report	SRR39695262	797	a65f000c4f1bed81a6a20a6d5d68aa232fb755efe0c79d39c4f6ac4debb58559
reports/OK-A_20250818__SRR36861567.deacon_filter.json	deacon_report	SRR36861567	792	759910a0ef3c864cd0ceb1233af68271c9889cc27e28c4f600da62aefbb3d09a
reports/OK-A_20250826__SRR36861566.deacon_filter.json	deacon_report	SRR36861566	791	416f2d3145b32260cd404b57d94850b645bf65316bda8c3a72d3180d646a87e9
reports/OK-A_20250901__SRR36861555.deacon_filter.json	deacon_report	SRR36861555	792	508b171c0d56462a1dba8032256f9e39c0153600a4dc174f1347bb62d33ec52a
reports/OK-A_20250909__SRR36861544.deacon_filter.json	deacon_report	SRR36861544	792	d3f2a460325f266f48b4d5348ee07bc217376155d6183a39954fe11ce2f3a8fe
reports/OK-A_20250916__SRR36861539.deacon_filter.json	deacon_report	SRR36861539	791	0e0405022885d5b00c78925bb583bbdfb8b1f703e9cadff561d5193ad21750a7
reports/OK-A_20250923__SRR36861537.deacon_filter.json	deacon_report	SRR36861537	792	603b3835539f6a6afa9f3260484f499cad0e66555eb3e48d73f492be057bd496
reports/OK-A_20250930__SRR36861538.deacon_filter.json	deacon_report	SRR36861538	792	c93327d54057a0012f095421f6c0b6ca38f581608a500a22b13a1b322aeb16fe
reports/OK-A_20251007__SRR36861536.deacon_filter.json	deacon_report	SRR36861536	792	cd77144765aad7aeb857436f13dc4cd974ef060644d19a39aa7f63c3e43667a5
reports/OK-A_20251014__SRR36861535.deacon_filter.json	deacon_report	SRR36861535	792	ca5c27bad716eb3a79404fd62f1d80cb2213ba5ed60dd58b539587944ca40a8a
reports/OK-A_20251021__SRR36861534.deacon_filter.json	deacon_report	SRR36861534	792	bc9ca27c5e0eb4a29b7695cf3b52cc548a2a343384290eb62707455484cd712e
reports/OK-A_20251027__SRR36861565.deacon_filter.json	deacon_report	SRR36861565	792	2039c54b95e4bbcd2fa8fac6e1c8a331edfd4aa103ab02aaaba9d3fd8aa9ed3c
reports/OK-A_20251104__SRR36861564.deacon_filter.json	deacon_report	SRR36861564	792	01aacbc32ef657ddfedc0c560a4959c2656a064dd35360cbcafd67cf7ccda561
reports/OK-A_20251111__SRR36861563.deacon_filter.json	deacon_report	SRR36861563	792	d46b1177f0ffb189498684b6a4885d083aeb184cd78a5dc8744aac5b133cd521
reports/OK-A_20251118__SRR36861561.deacon_filter.json	deacon_report	SRR36861561	792	da7aed485453945e19ca27ffa17d0edb5534ea49703d92faca5833c2aa0ffd5d
reports/OK-A_20251128__SRR36861562.deacon_filter.json	deacon_report	SRR36861562	792	4362fd47b1209c549c3067401f926d57a5b2d4cef13af08caf5d472b9fbe7a90
reports/OK-A_20251202__SRR36861560.deacon_filter.json	deacon_report	SRR36861560	792	435cddd1bb5c65c2e9f8fbd91bf1914ccb0d5d15f4a6ba4a89a11ce41e26200d
reports/OK-A_20251209__SRR36861559.deacon_filter.json	deacon_report	SRR36861559	792	4f83c4f26b36d242db2aff18f0177c6cb742d7c39280771fd0472072d3eb1cef
reports/OK-A_20251216__SRR37181179.deacon_filter.json	deacon_report	SRR37181179	792	868327b26b2427d0ff6d7656bdca52ec0f76059b3be0ef9cdecbf54c405749a2
reports/OK-A_20251223__SRR37181177.deacon_filter.json	deacon_report	SRR37181177	792	7eb6fb9a0b0542704074d22a2f20c97dfda00c96829f408537eee38ae4330c4f
reports/OK-A_20251230__SRR37181176.deacon_filter.json	deacon_report	SRR37181176	792	b8eee70196ce8877f96c8596b58f6f1934a3b12c1925a0cd74b13d777f50aeda
reports/OK-A_20260113__SRR37181175.deacon_filter.json	deacon_report	SRR37181175	792	5557540f2b2e31afc497b3bb0d77e01b2a2d3e887b39778b6121dc5ab618bfd4
reports/OK-A_20260120__SRR38294995.deacon_filter.json	deacon_report	SRR38294995	791	8309a90830df28a470f2ce8665c6e4718cad927b1ded9ef3028893c7b531b9cd
reports/OK-A_20260127__SRR38294994.deacon_filter.json	deacon_report	SRR38294994	792	baff304485309300ac894e93fbfae216e9e187c89794f68cdc9a62050ff6b3af
reports/OK-A_20260203__SRR38294993.deacon_filter.json	deacon_report	SRR38294993	792	b3ded9e5e95589b86b5e7b984bd18ac4bded0f86d587b72c2b6c55817fd78a35
reports/OK-A_20260210__SRR38294992.deacon_filter.json	deacon_report	SRR38294992	792	c33155b96bb4de0e4c558720626174d6816c545ff8f73ead120b2d956f9ff42f
reports/OK-A_20260217__SRR38294990.deacon_filter.json	deacon_report	SRR38294990	792	d386cf07fb477f9bc6adfd463a739f2b40caaa01d1c1b82cb86c2b287f69ab9d
reports/OK-A_20260224__SRR38294991.deacon_filter.json	deacon_report	SRR38294991	792	295f5538b7f1c47028fe6e51d427b2e11693a6fc363c23343d0179a6d486f521
reports/OK-A_20260303__SRR38294989.deacon_filter.json	deacon_report	SRR38294989	792	3887539a11cd9e17af9a62dc962675c18ef5f5fdde58a838a004d6aac9dc483a
reports/OK-A_20260310__SRR38294988.deacon_filter.json	deacon_report	SRR38294988	792	64ff148fd53f55f31c5e492efa3d5b77d26d255a9e053a3aff6d241579c7dd61
reports/OK-A_20260317__SRR38294987.deacon_filter.json	deacon_report	SRR38294987	792	308abb3aad094230cd91027221a16c622e38258347925d4aa0c87368d6fb6ab2
reports/OK-A_20260324__SRR38294985.deacon_filter.json	deacon_report	SRR38294985	792	30db30e42ecc06201e707def8150cdffeefe1295de82aad89796a98e1d618d0c
reports/OK-A_20260331__SRR38294984.deacon_filter.json	deacon_report	SRR38294984	792	6b692bbf92564c4ba806e6e094a4710bfa1665f72c2e8493a3e010df81f81a2d
reports/OK-A_20260407__SRR39695263.deacon_filter.json	deacon_report	SRR39695263	792	452347c898757dca8f9a6cb6e4393be88bb9bc0ae9a6e60a918e6216a04b1fa7
reports/OK-A_20260414__SRR39695261.deacon_filter.json	deacon_report	SRR39695261	792	5d970574d10446b0b52d0784310814746f61d9276a42b4a442951fd498f2a9dc
reports/OK-A_20260421__SRR39695260.deacon_filter.json	deacon_report	SRR39695260	791	934b8c203f49618629d678ccf5ac717ada7ce9ab86f3068061bb5dff861cf126
reports/OK-A_20260428__SRR39695159.deacon_filter.json	deacon_report	SRR39695159	792	cdbeef3ca1c4736fdc9902b9cbd82af425d89190e85680935a0bc2c7e4720e58
reports/OK-A_20260505__SRR39695156.deacon_filter.json	deacon_report	SRR39695156	791	2cae31b97fa11e15d928be42694c89c7b4786e6c91ba00bc0390957e07cd237c
reports/OK-A_20260512__SRR39695157.deacon_filter.json	deacon_report	SRR39695157	792	bc95cc4449fbfc41c7b6c4768b89d1895613ec7d0b28296af2d575da977f1ebe
reports/OK-A_20260519__SRR39695155.deacon_filter.json	deacon_report	SRR39695155	790	f93e8e57713717d2ac57971d3b5593171f82d6055bb1cc70569f7cd16276eff7
reports/OK-A_20260526__SRR39695153.deacon_filter.json	deacon_report	SRR39695153	792	8442736fe074957e792e500ad95d1c872bc5e684a0ed796f0202e1fb75a8c2b2
reports/OK-A_20260602__SRR39695152.deacon_filter.json	deacon_report	SRR39695152	862	30dadfc1ab990cf133342ba638b1305d66c78c91e635d160611aa42a1eaa0e3c
reports/OK-A_20260609__SRR39695151.deacon_filter.json	deacon_report	SRR39695151	792	e264f678f61393eedeba3ae5c50e539364a7594f30319c4c8bec88605861bfd0
reports/OK-A_20260616__SRR39695149.deacon_filter.json	deacon_report	SRR39695149	792	77f09f789db27293a301e07bc53895d531e90a10c8f9d83623653a1646bd5e84
reports/OK-A_20260623__SRR39694963.deacon_filter.json	deacon_report	SRR39694963	792	f4e288e525b33d7595a34834adec04ce3992b61b97112e9d62230e26aa3785c5
reports/OK-B_20250818__SRR36861558.deacon_filter.json	deacon_report	SRR36861558	792	ebf42019f3b745bb8e4bd866d13a7f515f2462c91a6de702e72b76d1de203e02
reports/OK-B_20250826__SRR36861556.deacon_filter.json	deacon_report	SRR36861556	858	4ece6ff5e5dc34227f8bc40aa49dd6fb2197c15cf230e76bb6762fcdb51d36c7
reports/OK-B_20250901__SRR36861557.deacon_filter.json	deacon_report	SRR36861557	792	354169e6b72a1554f37070ddc14716dbc62863c5e690d4e4afa3e7813c2e67c4
reports/OK-B_20250909__SRR36861554.deacon_filter.json	deacon_report	SRR36861554	792	1cc03336c1dac3023ac8db68fe1f3565135725e6e6c22a145e304fa09029a18c
reports/OK-B_20250916__SRR36861553.deacon_filter.json	deacon_report	SRR36861553	792	890a35508027f5eec5f4a1db4657027a17a7708885fe0936a6c0afa09f2d0dda
reports/OK-B_20250923__SRR36861551.deacon_filter.json	deacon_report	SRR36861551	792	6902a32f8b3044c1cb6dbbc7a13d3926528cc3d209e8b299d0f5f4631fae441c
reports/OK-B_20250930__SRR36861552.deacon_filter.json	deacon_report	SRR36861552	792	4bcca84011b246d0ae24deadf8d64e0ccf678c09e3eb90b4db4575e6d07f45fe
reports/OK-B_20251007__SRR36861550.deacon_filter.json	deacon_report	SRR36861550	792	dc9bf1b4dfd0243eda066da6f87e306efcd683e23cda8937ea42930040c0b2d6
reports/OK-B_20251014__SRR36861549.deacon_filter.json	deacon_report	SRR36861549	792	bfee41573f7e2911dc5191caf13dcc3656f13c6724a75eb8d387f60b5a244749
reports/OK-B_20251021__SRR36861548.deacon_filter.json	deacon_report	SRR36861548	792	b31799e76b296acda3627066f8eca7072b7692868110ef5286f3362ee184d22a
reports/OK-B_20251027__SRR36861547.deacon_filter.json	deacon_report	SRR36861547	792	b4b7b77a3b8165ffe1f37ec3594ef97452897ff1238ea6604c0302f0b0ac5d1a
reports/OK-B_20251104__SRR36861546.deacon_filter.json	deacon_report	SRR36861546	792	21dbed9bba0d3f7ab6758275ec6c6458c863ca7c9b45ed316e07e78d5ebfce81
reports/OK-B_20251111__SRR36861545.deacon_filter.json	deacon_report	SRR36861545	792	082127c202306fbc13be0c9a7076bedd69f7b53e15d0688c1213031678784e9b
reports/OK-B_20251118__SRR36861543.deacon_filter.json	deacon_report	SRR36861543	792	23367864b935e6f64e642a472edaef0d71e770889e82be9a2aa51e733ea185bc
reports/OK-B_20251128__SRR36861542.deacon_filter.json	deacon_report	SRR36861542	792	841d86597076f5a7b334fac8cfd0b45391e88adeadce78b7f074413958330019
reports/OK-B_20251202__SRR36861541.deacon_filter.json	deacon_report	SRR36861541	792	f5c0cfc13683606eecee960e8ff6cd642837f38566c5e9e9a458febd0b49af66
reports/OK-B_20251209__SRR36861540.deacon_filter.json	deacon_report	SRR36861540	791	b835f1ca0dd747e693e8065aa8ca705b3316b53f9e91896a4de5ef4be789ea45
reports/OK-B_20251216__SRR37181161.deacon_filter.json	deacon_report	SRR37181161	792	5a70d88a9eab0f0a6dbfcea2c24d8e64dff14e376699264365d0933045da3805
reports/OK-B_20251223__SRR37181159.deacon_filter.json	deacon_report	SRR37181159	792	6dec4a8e0da1c0a3a14c107d9099bbce2d251170611af8c0c454edee1d0741ba
reports/OK-B_20251230__SRR37181158.deacon_filter.json	deacon_report	SRR37181158	792	32a777a0a51b26fd2e8ea82756fa40c6a2fdd9bacfbf21853af7533b382ab572
reports/OK-B_20260113__SRR37181157.deacon_filter.json	deacon_report	SRR37181157	791	02d8464886159a09352b729427f5cfb3bed8912fc243d2e2175725613bd41c12
reports/OK-B_20260120__SRR38294807.deacon_filter.json	deacon_report	SRR38294807	792	b4b570379c3b49fa5b1fe8d7d9f5a9f140617abff2cd59440565f5b8d47eb35d
reports/OK-B_20260127__SRR38294805.deacon_filter.json	deacon_report	SRR38294805	792	e3deaa6eeab10a241edbd7aef145ea6bdcde5e03d3bb326e8a28ef2656b865ae
reports/OK-B_20260203__SRR38294828.deacon_filter.json	deacon_report	SRR38294828	792	c9d956b0032c1fc7203b9ce93ff3ee35181ab1f3dc53557d419d6972c62ddc56
reports/OK-B_20260210__SRR38294827.deacon_filter.json	deacon_report	SRR38294827	792	2b7c0f747ac1239a6be3514c05a4ec43d073131c22fbbcad7afc6bc236d726fc
reports/OK-B_20260217__SRR38294825.deacon_filter.json	deacon_report	SRR38294825	791	9123436c44decccbdd8e1d7993b436df49c16bef878af22ee67575093a5d2fa6
reports/OK-B_20260224__SRR38294826.deacon_filter.json	deacon_report	SRR38294826	792	aa51174d89f36d3534a6ed623279df9dbb6b364b35cee48e3b4adb01c0758903
reports/OK-B_20260303__SRR38294824.deacon_filter.json	deacon_report	SRR38294824	792	5e6ab86440ae70fbb97709abd0bfb4c381e54e47787eb4c5b62b997fef5aa218
reports/OK-B_20260310__SRR38294823.deacon_filter.json	deacon_report	SRR38294823	792	4c86c7d506f487142b32dde484b2e4a0509e24af5a9c91b6604448e6e161619c
reports/OK-B_20260317__SRR38294822.deacon_filter.json	deacon_report	SRR38294822	792	238c456ec35275a6c1466fadc79903ba76b7b4f4639a28db61b0cb2656073180
reports/OK-B_20260324__SRR38294821.deacon_filter.json	deacon_report	SRR38294821	792	1dbd09473ddfcc7a2cbbb01cf2019f77a72cfcd9aeed1e9bf715ef2e948607b6
reports/OK-B_20260331__SRR38294819.deacon_filter.json	deacon_report	SRR38294819	792	6bf84538d623f79111339f622ab6220d5e6f0364b5b133e50e86257692bd02ed
reports/OK-B_20260407__SRR39694962.deacon_filter.json	deacon_report	SRR39694962	792	2df8ea089278ff7e3120bf78138dc3c5a32b7d446985cc89cfbfdff4b4a649a8
reports/OK-B_20260414__SRR39695147.deacon_filter.json	deacon_report	SRR39695147	792	708ad8fb5fba8b592756a8a09d03479caade4ee168f2e9f6f92da11b17f9e139
reports/OK-B_20260421__SRR39695146.deacon_filter.json	deacon_report	SRR39695146	792	aea5fd213a17436d02f2fb82ed6b38fedb85049a9dbce62a21d59783037c0c89
reports/OK-B_20260428__SRR39695145.deacon_filter.json	deacon_report	SRR39695145	792	a3e3129b743c987cf04d0ef5bc7c735e34dd6998ec4d39abbd7d528a1bdfe1b8
reports/OK-B_20260505__SRR39695359.deacon_filter.json	deacon_report	SRR39695359	792	0dec9bb5ba698f95bb5191085ef167755a6731020c2c7d4f5ffab6fed287da73
reports/OK-B_20260512__SRR39695356.deacon_filter.json	deacon_report	SRR39695356	792	4054360f8e6e430b682cddb15f30ca8c692136cc74d6ce21b05a927e3b522af9
reports/OK-B_20260519__SRR39695355.deacon_filter.json	deacon_report	SRR39695355	792	e2d93ea1466298f7a7877acddb65564e0b52801bd12376d2b2185b725ceb1aa9
reports/OK-B_20260526__SRR39695354.deacon_filter.json	deacon_report	SRR39695354	792	1ebc099fe227f15d4185cd4a59308b6fb376280724d7d1834e8b022ade98defc
reports/OK-B_20260602__SRR39695353.deacon_filter.json	deacon_report	SRR39695353	792	341f828faa31f88acfe771b6b7c5addbd42b05c275e4e5ad76a407bc315cc51f
reports/OK-B_20260609__SRR39695351.deacon_filter.json	deacon_report	SRR39695351	792	a8160109608858d80d3932c1bfe5e431d70dd31bf8eca0b69d1d8633cd8b04f4
reports/OK-B_20260616__SRR39695352.deacon_filter.json	deacon_report	SRR39695352	792	deb2d5b6a48d9596f7111cc4cc6389630ddeff300ad41f2e09a4b01c04b57bbc
reports/OK-B_20260623__SRR39695350.deacon_filter.json	deacon_report	SRR39695350	792	ff93bbfb20239441c98b0fd6d5330f0e0abc863c33e71a830d2df97e52f4891e
reports/PH-250325-FL_Miami-R1-A1_illumina_part_1__SRR36995849.deacon_filter.json	deacon_report	SRR36995849	819	acf4e9c3067003302d8b4c03011edcc0f5ea4a203cc1dbf02ee2db73bdd03830
reports/PH-250325-FL_Miami-R1-A1_illumina_part_1__SRR36995863.deacon_filter.json	deacon_report	SRR36995863	819	0ee2bd0f37783a5b84d4dc9b341a9810d10ca1bfead3064d74a2d5b787f491a6
reports/PH-250402-FL_Miami-R1-A1_illumina__SRR36995848.deacon_filter.json	deacon_report	SRR36995848	812	d5079df607b37cbcf9b1a2950c8c24a706e927765b7d92d2bae110c52eb3c1fd
reports/PH-250408-FL_Miami-R1-A1_illumina__SRR36995846.deacon_filter.json	deacon_report	SRR36995846	812	f8233dd1ebe836fb26f5663efc2bad32a15167ab7cc0ece95d4c6f8bc34b56c6
reports/PH-250408-FL_Miami-R1-A1_illumina__SRR36995847.deacon_filter.json	deacon_report	SRR36995847	812	26e748c140ee29b3eb3d116e712368796e4b9334c03c33bcf3ce8977c6335864
reports/PH-250415-FL_Miami-R1-A1_illumina__SRR36995844.deacon_filter.json	deacon_report	SRR36995844	812	ce38f475f0e84bb121b76bba9056baa1b2fa09199663b6b7313f055c1b6b1673
reports/PR-20250219-DNI-R1-A2__SRR33038100.deacon_filter.json	deacon_report	SRR33038100	800	12add881a86e06c52fe348c72b9910853dd42bd620d1eaf971d167f0b764e10a
reports/PR-20250219-DSI-R1-A2__SRR33038080.deacon_filter.json	deacon_report	SRR33038080	800	eea493248ad0646ea21ba80f08619e2a77146afdc4983a86af58d4f77d096551
reports/PR-20250226-DNI-R1-A2__SRR33038051.deacon_filter.json	deacon_report	SRR33038051	799	748e61a2974ada6adfe9268e90b51caf8bc480f6918286c5750d9af4064e5f03
reports/PR-20250226-DSI-R1-A2__SRR33038029.deacon_filter.json	deacon_report	SRR33038029	800	72c87471511ea8b6c3ec00625f7fdf7a6ef3b4988882e83ff1fcfdb0f6b64e2c
reports/PR-250319-MA_Boston_DITPN-R1-A1_illumina__SRR37367606.deacon_filter.json	deacon_report	SRR37367606	819	1838d78a0d3b57121047fb8cd065d5df92b504df8e258740d6236f93f22797da
reports/PR-250319-MA_Boston_DITPS-R1-A1_illumina__SRR37367607.deacon_filter.json	deacon_report	SRR37367607	820	391f3449a532edad39571962b81221fa171b5e9310e8e9fcce61ccab6613aa70
reports/PR-250326-MA_Boston_DITPN-R1-A1_illumina_part_1__SRR37367544.deacon_filter.json	deacon_report	SRR37367544	826	c2d201cd87313722c7718ff1b65636d3b7a13d17104e91c629e6fce8cc8d3735
reports/PR-250326-MA_Boston_DITPN-R1-A1_illumina_part_1__SRR37367545.deacon_filter.json	deacon_report	SRR37367545	826	8bb4008f529deb97641715f34ddfce48d52749039cc24c85794ef095415c185d
reports/PR-250326-MA_Boston_DITPS-R1-A1_illumina_part_1__SRR37367641.deacon_filter.json	deacon_report	SRR37367641	826	fa996f8be30c754615293001c02da200872b63f54130de91636562296a8cec38
reports/PR-250326-MA_Boston_DITPS-R1-A1_illumina_part_1__SRR37367642.deacon_filter.json	deacon_report	SRR37367642	826	b1133dd23600f08715e5cada40289cf232c92f0d3dee0c1aa894b8a63c815ef0
reports/PR-250402-MA_Boston_DITPN-R1-A1_illumina_part_1__SRR37367540.deacon_filter.json	deacon_report	SRR37367540	826	002caa291b9d0cd9f3ce81664688baa99e3d8723f944400afa3cd98d86d9ec9a
reports/PR-250402-MA_Boston_DITPN-R1-A1_illumina_part_1__SRR37367640.deacon_filter.json	deacon_report	SRR37367640	826	f7608b58ab510eeebb24e7765cff77f7becf7475646653541bf1cc68b9ce16ef
reports/PR-250402-MA_Boston_DITPS-R1-A1_illumina_part_1__SRR37367538.deacon_filter.json	deacon_report	SRR37367538	826	53f8d4c0c736c63f75f4fc6019ac3d3e198421d3c2d25a1d035cac9cbd624ffd
reports/PR-250402-MA_Boston_DITPS-R1-A1_illumina_part_1__SRR37367539.deacon_filter.json	deacon_report	SRR37367539	826	677cd1f6ed3b98242148b1c6d990274c10af41fa0c7ecf0b900123c4967be4ab
reports/PR-250409-MA_Boston_DITPN-R1-A1_illumina_part_1__SRR37367536.deacon_filter.json	deacon_report	SRR37367536	826	1f183a994a80d11b217938caec36366940f078220062a770b4d0411721793f47
reports/PR-250409-MA_Boston_DITPN-R1-A1_illumina_part_1__SRR37367537.deacon_filter.json	deacon_report	SRR37367537	826	f4057911fa6c15ea6649dbff0c7ec05438c40ee6b8ef6bb1950126ac407962ca
reports/PR-250409-MA_Boston_DITPS-R1-A1_illumina__SRR37367535.deacon_filter.json	deacon_report	SRR37367535	819	85565d569018a4d77c99b439a77a0c7a4b78d0b03a4f09e3417bc8d41475cd5c
reports/PR-250409-MA_Boston_DITPS-R1-A1_illumina__SRR37367579.deacon_filter.json	deacon_report	SRR37367579	819	c93d27ae54dd89828427f1a0daf48dce6ef7ad8eaf0344ce454565a11b418c8a
reports/Southern_California_20250416__SRR36876861.deacon_filter.json	deacon_report	SRR36876861	807	af45d621035c98b5348e98b75847a88bcb89bafa2300a8c98e088f86489db8eb
reports/Southern_California_20250420__SRR36876860.deacon_filter.json	deacon_report	SRR36876860	807	ec48d01e3cf8ce71e5aab6be2e73cd968758c5876d5c6866b707e2480542622d
reports/Southern_California_20250423__SRR36876818.deacon_filter.json	deacon_report	SRR36876818	807	c40dc9822158410fe486d786f189cfda73082a7dfc6107586d04ccf079c07e22
reports/Southern_California_20250427__SRR36876843.deacon_filter.json	deacon_report	SRR36876843	805	20e6ebbfc9da5e92c257af9ed0b1bb111bf23c76dbbb6d4be03dd8e08c0f7320
reports/Southern_California_20250430__SRR36876798.deacon_filter.json	deacon_report	SRR36876798	807	b9e6850a637977afc3487e3a7818fbde25cf811e7abc03b357af976b51df8048
reports/Southern_California_20250504__SRR36876806.deacon_filter.json	deacon_report	SRR36876806	807	33ecc1a67fd29d4eb066f5742572b4c00dcdc409de0e9ca985aed6ec2be64ec8
reports/Southern_California_20250507__SRR36876824.deacon_filter.json	deacon_report	SRR36876824	807	e9c9fcb8f02b457b8de787d1f1eaa9f28d9584dd6970c892a34087b6c954d199
reports/Southern_California_20250511__SRR36876829.deacon_filter.json	deacon_report	SRR36876829	807	83f1d34f2452972d4f0e4333a08a2743753b0db337159691cb3890106727dabd
reports/Southern_California_20250514__SRR36876830.deacon_filter.json	deacon_report	SRR36876830	807	af63000201ec969b3987490e2e27bf94c24a54ff45028b0acd3a81bf9a76bb63
reports/Southern_California_20250518__SRR36876828.deacon_filter.json	deacon_report	SRR36876828	807	d8f0302930621d3dd46bbd54685354f12c4bd16b9305e2dc8414c2115abb53be
reports/Southern_California_20250521__SRR36876858.deacon_filter.json	deacon_report	SRR36876858	807	6e3ed6b3300b2ee137c26708d610e311c1251aef142bb174a6fdd99285d9a7e2
reports/Southern_California_20250525__SRR36876859.deacon_filter.json	deacon_report	SRR36876859	807	cba3e94e88e1e32671f79cd19d8e773ef8c6717c22a4b948eb01949b826dc864
reports/Southern_California_20250528__SRR36876857.deacon_filter.json	deacon_report	SRR36876857	807	70795b43a2aa92d4d33a701b7b9ceb978dd24a2ecaaeea0488fdeafeed5d15a7
reports/Southern_California_20250601__SRR36876850.deacon_filter.json	deacon_report	SRR36876850	807	26d7f794dd1ab012084863e70a7875efebf9aa3e0475261d843fcde3a5527d76
reports/Southern_California_20250604__SRR36876851.deacon_filter.json	deacon_report	SRR36876851	807	09282a0dc044295ec22a0404ebc3f5af9c1b392be4204da470d8f44e486d1c98
reports/Southern_California_20250608__SRR36876852.deacon_filter.json	deacon_report	SRR36876852	807	de511126addbaebf89159867ec7d2691def118af09db282286be1248c47b7d4a
reports/Southern_California_20250611__SRR36876854.deacon_filter.json	deacon_report	SRR36876854	807	f6e52db6ce6209d70a86d96f3ade2f956616b6cbcedddcbdb166186b30977e0b
reports/Southern_California_20250615__SRR36876853.deacon_filter.json	deacon_report	SRR36876853	807	aaa67e9d597d1af615fbc5528cd5643b14c8af3177349ac27fcfd47692f438d5
reports/Southern_California_20250618__SRR36876855.deacon_filter.json	deacon_report	SRR36876855	807	1e42c38530420e412214f3673c651d3cd1032132459c05eb9a71b0dc4a9c57ab
reports/Southern_California_20250622__SRR36876856.deacon_filter.json	deacon_report	SRR36876856	807	6adb1c9a80ee9f739df424714b76b2ea48c740eee2cd3276ba449aa9513d6723
reports/Southern_California_20250625__SRR36876820.deacon_filter.json	deacon_report	SRR36876820	807	c1e68bfe91ae66c2237766d2a202d66843311bbf53598bade7335fac733a01db
reports/Southern_California_20250629__SRR36876821.deacon_filter.json	deacon_report	SRR36876821	807	31250f163fdc5b9c3475b70cf5123a8f89b0dda180bc9b37063f32075694d703
reports/Southern_California_20250702__SRR36876822.deacon_filter.json	deacon_report	SRR36876822	807	cf73841f13afe172445585f5d8e30e6dcb734c8e8fde99ade12f5020d00af8e9
reports/Southern_California_20250706__SRR36876823.deacon_filter.json	deacon_report	SRR36876823	875	ff39dae04475e50dd082b78b1a8f9384a544d4648afde13d6ed86c64f0445f87
reports/Southern_California_20250709__SRR36876837.deacon_filter.json	deacon_report	SRR36876837	807	0dd6abb59b328811a7388a72e45370a3ba20368e2b83774d71403e4d8f98e7ab
reports/Southern_California_20250713__SRR36876838.deacon_filter.json	deacon_report	SRR36876838	807	b65d56a5eb6b088371178f7c5b252d68933a82c21883449e0dd64301d0ec2f48
reports/Southern_California_20250716__SRR36876839.deacon_filter.json	deacon_report	SRR36876839	807	0afed3718c21a2ca1593aefe69695b00fdfb48b0bf0dce6282c41d1a2d652e52
reports/Southern_California_20250720__SRR36876840.deacon_filter.json	deacon_report	SRR36876840	807	8dc5d7b0a4c362218c4fbee5c73c332724f0e0e291c97122074225f227bc0d28
reports/Southern_California_20250723__SRR36876841.deacon_filter.json	deacon_report	SRR36876841	807	28f9da464e4ee632ea51f6606cdb75bb79ac91b51f7525d2995282917fd13709
reports/Southern_California_20250727__SRR36876842.deacon_filter.json	deacon_report	SRR36876842	807	c047380857e3d0174b706ed1548809f2e02be1d273e657eeb5390d10ad90cce3
reports/Southern_California_20250730__SRR36876844.deacon_filter.json	deacon_report	SRR36876844	807	5d6c64b6e13e2f80ec75e5013c08c053af381029d4a8b338b2b6add1f64f90ab
reports/Southern_California_20250803__SRR36876845.deacon_filter.json	deacon_report	SRR36876845	806	ce38e854a5697bc6f10f9e2e8b7a44efdddd89b8d1e142c0f3c558592fd86424
reports/Southern_California_20250806__SRR36876846.deacon_filter.json	deacon_report	SRR36876846	875	5750429c1faf37bb59f681443e1eae81574b5111630867b3a09e01bd088ead8f
reports/Southern_California_20250810__SRR36876847.deacon_filter.json	deacon_report	SRR36876847	807	c5f17ef26affc4c62e290625780455cd6d8f0aaf7117390c9328f10b24802e3d
reports/Southern_California_20250813__SRR36876849.deacon_filter.json	deacon_report	SRR36876849	807	8129aa23170a3a3cae462db7831a1e7f517e00fc41ec7daed92ae8588743797e
reports/Southern_California_20250817__SRR36876848.deacon_filter.json	deacon_report	SRR36876848	807	b98776fdb4df070db36a39c4027583d95cd881b8bc2690326be0a7168c51a686
reports/Southern_California_20250820__SRR36876819.deacon_filter.json	deacon_report	SRR36876819	807	6154ebe1db3c444d2f6b2e868f7c2532b6afca9f6bd253d947f027463afcf233
reports/Southern_California_20250824__SRR36876817.deacon_filter.json	deacon_report	SRR36876817	807	3c75f9d18aac717f8854e901392a53a13a87a96924ba5dc8bd9a8dc49bba62c2
reports/Southern_California_20250827__SRR36876816.deacon_filter.json	deacon_report	SRR36876816	807	c993abf7d6f0785337b416ae121beb937650a4ae433df255bbb2c93bcf41e807
reports/Southern_California_20250903__SRR36876815.deacon_filter.json	deacon_report	SRR36876815	807	ede8387f4c5b9b34336faf4714c93dddf682633e2162d1216d4ddabb08a4fcb3
reports/Southern_California_20250907__SRR36876836.deacon_filter.json	deacon_report	SRR36876836	807	568a738eade7e70ae1f9b79c3974ca31f1fbcde4f19a265983a93b6aa661a2b4
reports/Southern_California_20250910__SRR36876834.deacon_filter.json	deacon_report	SRR36876834	807	d848eec2891683c996f6b784b42f2d34aa0651a24863de67c1ed5d669051d508
reports/Southern_California_20250914__SRR36876813.deacon_filter.json	deacon_report	SRR36876813	807	c69c67969d91a9ddfc55827bd22bf8a0c616a5da23ebad27984ef71995a2c6b6
reports/Southern_California_20250917__SRR36876814.deacon_filter.json	deacon_report	SRR36876814	807	f154d1067bfcc0d23e21271969494742387c20161b61f7027fe969cf0edf5f4b
reports/Southern_California_20250921__SRR36876812.deacon_filter.json	deacon_report	SRR36876812	807	7043add93b7b57fa61c2b3d544011e0f60ca5d9b5c0ed89fa1a852387d968d3a
reports/Southern_California_20250924__SRR36876811.deacon_filter.json	deacon_report	SRR36876811	807	0e0e733009f99878bb61d90e693239d011fb601ae98a7dbd95a33d1353cff724
reports/Southern_California_20250928__SRR36876810.deacon_filter.json	deacon_report	SRR36876810	807	3d672cc93381dfac45fef18f84e2802c719db49dd10b8e3c4fa68255175ad954
reports/Southern_California_20251001__SRR36876808.deacon_filter.json	deacon_report	SRR36876808	806	a0f663549e680b2095aec387917746fafb71907f65849bba26c889e0fc6c9869
reports/Southern_California_20251005__SRR36876809.deacon_filter.json	deacon_report	SRR36876809	807	524c44a80ef5ac0001ac1456ff837efe25a8b54ba29423cf7d7b5b9536aa5491
reports/Southern_California_20251009__SRR36876807.deacon_filter.json	deacon_report	SRR36876807	807	c1363b385df69592cbde240b3fb402877c033de56d850eb89a4521e22174968e
reports/Southern_California_20251016__SRR36876805.deacon_filter.json	deacon_report	SRR36876805	807	6a879b9fa5e538de893b54db55e36915b774a2ac8c80e3dc614ea454449a0043
reports/Southern_California_20251019__SRR36876804.deacon_filter.json	deacon_report	SRR36876804	807	8fcfc0374c59aac3fb036939b8880a157d1d8af825d19e261db1948eb2aaad82
reports/Southern_California_20251023__SRR36876803.deacon_filter.json	deacon_report	SRR36876803	807	52f738556464c52c78ab6a51949000f1b4b795b8b46a42db1cf75ac89a89b789
reports/Southern_California_20251026__SRR36876802.deacon_filter.json	deacon_report	SRR36876802	807	04fca65229b5f9017897f3c76cdcd97061ab379ee397a5cbcf998b9d348f1e04
reports/Southern_California_20251029__SRR36876800.deacon_filter.json	deacon_report	SRR36876800	807	ab37837319bf005495ca15c9bd6c88c03f274f29f94ec898fcc8dac2ac89bedc
reports/Southern_California_20251102__SRR36876801.deacon_filter.json	deacon_report	SRR36876801	807	346b44406f8ee88fc54a007e23b8e1c49fb192459816a9c9145d985013b28164
reports/Southern_California_20251105__SRR36876799.deacon_filter.json	deacon_report	SRR36876799	807	817adf7608017bdb93fa9447978d77efeff827b706ea1d8fa6db62ddd94e3c2b
reports/Southern_California_20251109__SRR36876827.deacon_filter.json	deacon_report	SRR36876827	807	cef36bdc6ac02d951fcd8decd20129e2c2bb7916fc7a7833e00f58aab71d0c95
reports/Southern_California_20251112__SRR36876826.deacon_filter.json	deacon_report	SRR36876826	807	aebb3c41c679c0dc57abc178aa4ef56281bb0402a285107e7900911e79c82b7d
reports/Southern_California_20251116__SRR36876825.deacon_filter.json	deacon_report	SRR36876825	807	cd954e94c06b008232b78eaf806310f1c88df97ac6384bfda83da0f1d9e6ba16
reports/Southern_California_20251119__SRR36876797.deacon_filter.json	deacon_report	SRR36876797	807	857273efa1aa5d7abfb2adfc4ed0c66098dd1108bae381c2954937c14e8d2dca
reports/Southern_California_20251123__SRR36876796.deacon_filter.json	deacon_report	SRR36876796	807	3bed5a4c02d7d5a0800914976788a20ebba5c94ef7a6a8483fe4a0ddce13a00b
reports/Southern_California_20251126__SRR36876835.deacon_filter.json	deacon_report	SRR36876835	807	097cb62ca40957fbf62a5728e8a3272c07cd0c66501fc30a1afa3cb988f0240b
reports/Southern_California_20251130__SRR36876833.deacon_filter.json	deacon_report	SRR36876833	806	e3d65eb50e5f37393cef554174ab374fd882740287276c3adeab2ad77e5eb25d
reports/Southern_California_20251203__SRR36876832.deacon_filter.json	deacon_report	SRR36876832	807	2dd5f79565c3a1bf7a25d101d93d1bb8b0a7e0e59c78047154a5ba69ad42a8ae
reports/Southern_California_20251207__SRR36876831.deacon_filter.json	deacon_report	SRR36876831	807	fe287db971b9c5645bdf3b753090b3cb902d3f6a56111fc33d8ede849e983402
reports/Southern_California_20251210__SRR37092412.deacon_filter.json	deacon_report	SRR37092412	807	a5d95aa110ac79dad0cc4dd44a7dc7d4fc3669d12ebd2c0e52d5fd7b88a80605
reports/Southern_California_20251214__SRR37092411.deacon_filter.json	deacon_report	SRR37092411	807	49484ea4f10a17b4b142e1e40a11d7cb73054affd39b4734bad87225f858a5ea
reports/Southern_California_20251217__SRR37092410.deacon_filter.json	deacon_report	SRR37092410	807	854a99c7b1651bb77f94eab03ae72da8596e30c9e1c44a008c1beef6126c3e94
reports/Southern_California_20251221__SRR37092408.deacon_filter.json	deacon_report	SRR37092408	807	83d0c8c6c81c988e811d8aa5d928bb23568396564326e9b44b91a739c778dd3d
reports/Southern_California_20251224__SRR37092407.deacon_filter.json	deacon_report	SRR37092407	807	00a706943657663b21398a3921c7dc52f8ea8c4645e249cc7a37a06959310ade
reports/Southern_California_20251228__SRR37092406.deacon_filter.json	deacon_report	SRR37092406	807	2efae5f0e0d9d82858d5da434b6b7e8495048abf70a5abe0c62d62e5f554c092
reports/Southern_California_20251231__SRR37092405.deacon_filter.json	deacon_report	SRR37092405	807	e5946657d47c9ff87e9f1a76f6b8331124dcbc9b4d77c4c420ed3e4b6ecf21b0
reports/Southern_California_20260104__SRR38294818.deacon_filter.json	deacon_report	SRR38294818	807	cc308979ec63e61612e484930bba8ff045fb9ed9eb1cb989717529c9bbb15d6e
reports/Southern_California_20260114__SRR38294817.deacon_filter.json	deacon_report	SRR38294817	807	42690c915fa9645896a791768b6ee6080633fd87ca743f2cf1ff31d436a6a232
reports/Southern_California_20260118__SRR38294815.deacon_filter.json	deacon_report	SRR38294815	807	8b09d804cfb5d55529c48c6b123e467a500022492c423d44c426ca39a9fc7689
reports/Southern_California_20260121__SRR38294816.deacon_filter.json	deacon_report	SRR38294816	806	3566c66db8f78386494aeca07e3764995fd7d2cb1bc6a9af60d4dcb8a248c501
reports/Southern_California_20260125__SRR38294814.deacon_filter.json	deacon_report	SRR38294814	807	7f816b5493e61156cf9bf2f2f230f47794ea12e45200817cb6b923474bfc7e16
reports/Southern_California_20260128__SRR38294813.deacon_filter.json	deacon_report	SRR38294813	807	0704148969fc2bb6f88fd32faa7251fe72db30c39903f4f34a4d243936417db1
reports/Southern_California_20260201__SRR38294812.deacon_filter.json	deacon_report	SRR38294812	807	5ffe9e75205bf8afec77d4662cded845205c3e6f3fc9de93dda9679b798740c2
reports/Southern_California_20260204__SRR38294810.deacon_filter.json	deacon_report	SRR38294810	806	45102a037d41255bed58330c7412d46fbc289a6892dbb850e0e73ff741058515
reports/Southern_California_20260208__SRR38294809.deacon_filter.json	deacon_report	SRR38294809	807	7892bb4cd9868f646f9a10795074700aacec335f97ebee4ab482eea3fc5dbf0f
reports/Southern_California_20260211__SRR38294808.deacon_filter.json	deacon_report	SRR38294808	808	ce32991e542e6a2d9c22cfe4f9a5e16a7bec62bef2f733081c3c60de7900fd2e
reports/Southern_California_20260215__SRR38294785.deacon_filter.json	deacon_report	SRR38294785	807	cfdeebfd418b297ddd9e36914cc9c9430e42432db6e91cd14f016dc321398eb8
reports/Southern_California_20260218__SRR38294783.deacon_filter.json	deacon_report	SRR38294783	807	c3a5bd3bc6463dfd9892d39e513baba4349a389f311195bb91e866c2cfa76a33
reports/Southern_California_20260222__SRR38294806.deacon_filter.json	deacon_report	SRR38294806	807	1b1e71415a542f1d42e914dd267d96329e954ba4e608f1f0d545241e1729c67b
reports/Southern_California_20260225__SRR38294804.deacon_filter.json	deacon_report	SRR38294804	807	c96b789043c236f8f11f684e2cd27e382fc3db1d72098b2f7df915d6b310ae73
reports/Southern_California_20260301__SRR38294803.deacon_filter.json	deacon_report	SRR38294803	807	284fb768125314f76d94b8ed959f32744701388d1177c4243cb077b4c84a5ec6
reports/Southern_California_20260304__SRR38294802.deacon_filter.json	deacon_report	SRR38294802	807	4266eac138691de2e7ea5fd3cd0bf0cae29e077bb2a229cf3291084fcc5eaeda
reports/Southern_California_20260308__SRR38294800.deacon_filter.json	deacon_report	SRR38294800	807	fcde1ff3a296ee3ea8d555bc7d60b30c24b3ff61ee790f66085b6d7521a2208c
reports/Southern_California_20260312__SRR38294801.deacon_filter.json	deacon_report	SRR38294801	807	3e882ce29be5173b22ce504fe8c1ce463ad8e2f5a8236204b669d44e4523e925
reports/Southern_California_20260315__SRR38294797.deacon_filter.json	deacon_report	SRR38294797	806	a678ce57d278cd0681df8f2cd3760fa296e5711ed1530cdd522b10de44d614cd
reports/Southern_California_20260318__SRR38294796.deacon_filter.json	deacon_report	SRR38294796	807	9dafc3b1a14838a2da9d5db73fae861ecd96bbd348aa453b519b924dd86100b0
reports/Southern_California_20260322__SRR38294795.deacon_filter.json	deacon_report	SRR38294795	807	8212470555a23c756c4c8cfd0cc2df7d381fe7f05114c25ae6bf0af4c5a3683b
reports/Southern_California_20260325__SRR38294793.deacon_filter.json	deacon_report	SRR38294793	807	78e516fd09898fde473dd7b1a16396bb0c0db0f0dc8d6f878ed79168454c0d75
reports/Southern_California_20260329__SRR38294794.deacon_filter.json	deacon_report	SRR38294794	806	369cf78266b3173f84583a95f84e55fd8afcff1f1495d9b1c4a1b8267daba7fa
reports/Southern_California_20260402__SRR39695349.deacon_filter.json	deacon_report	SRR39695349	807	a81cc2cd2f5ad24d8399816ef3857e3d52482bdfbdedf5a95dc05943bc30ba4a
reports/Southern_California_20260405__SRR39695348.deacon_filter.json	deacon_report	SRR39695348	807	930ccfef7b4c4eab96d9fdb040164384ba63a52f8056ddf777e5b216d2d215c3
reports/Southern_California_20260408__SRR39695346.deacon_filter.json	deacon_report	SRR39695346	807	354ad0f46910cd663bfde99daa32cb76e9c386cc36cf4f84f4a6aa71746d2145
reports/Southern_California_20260412__SRR39695345.deacon_filter.json	deacon_report	SRR39695345	807	5b43f7c5ec116c43694a6c04f4e9b5af7f5dd9eca110253f163c8e3c70685735
reports/Southern_California_20260415__SRR39694970.deacon_filter.json	deacon_report	SRR39694970	807	1a126436838b0e0a8d666a5fffe3e4b5b8eff3c9ec574946b4985b0c6c08b2da
reports/Southern_California_20260419__SRR39694968.deacon_filter.json	deacon_report	SRR39694968	807	d4c00a0db42f78812f68965f419b7dede66c0f462c873a2802f01c4119756a96
reports/Southern_California_20260422__SRR39694966.deacon_filter.json	deacon_report	SRR39694966	807	d14460af32e5007ddd4d8e1f862da95ebe7c8e38df6912f1e2f5a510a3150404
reports/Southern_California_20260426__SRR39694965.deacon_filter.json	deacon_report	SRR39694965	807	7e23c2698724cfde69852b1e4ca86e76906512bf44adcdd3c3c72ec26534ed93
reports/Southern_California_20260429__SRR39695245.deacon_filter.json	deacon_report	SRR39695245	807	d2d5e766bf3ad755cf161f387aed5d7b14ab13a9262ac5937d1700ac406d8897
reports/Southern_California_20260503__SRR39695243.deacon_filter.json	deacon_report	SRR39695243	807	34a6a1d4d7e81b8e22389d1867d4873bc48d31bdd8f627f5af492b985b3d796c
reports/Southern_California_20260506__SRR39694960.deacon_filter.json	deacon_report	SRR39694960	807	ff30396bb4f5f2a52e8dbeb040adcece5b4b0b801197d9d880e5f88cebc0f5b2
reports/Southern_California_20260510__SRR39694961.deacon_filter.json	deacon_report	SRR39694961	806	ebf0610b678e058c766af438def94c6dad16bae528ad9e68dc232fddc9044d8f
reports/Southern_California_20260513__SRR39694959.deacon_filter.json	deacon_report	SRR39694959	805	8c8a5284aa041e812f112c06250610e866cc4a4fabcae8ed152649b900012eaa
reports/Southern_California_20260517__SRR39694957.deacon_filter.json	deacon_report	SRR39694957	806	c3d24ab778f4716fd3fd92c0e46a5501e0fba057d104b6ba04a931b87ed55e40
reports/Southern_California_20260520__SRR39694955.deacon_filter.json	deacon_report	SRR39694955	805	c8314ef509a56e5db4adaf44b5d5f07e3fd0bfaa64d54a9407d997f8feed29c0
reports/Southern_California_20260524__SRR39695259.deacon_filter.json	deacon_report	SRR39695259	807	84fe4f98816652530b11275c5dc92c3781159d2e5a3f0815b905196379a9952c
reports/Southern_California_20260527__SRR39695257.deacon_filter.json	deacon_report	SRR39695257	806	9bf83be65be35ccbacdc075ea03f777c456f0a83aa952627090b701e591a9ebc
reports/Southern_California_20260531__SRR39695258.deacon_filter.json	deacon_report	SRR39695258	807	619fb683f347bebaef66cf79b9d89c3a00875e58d251cf6f29850b5bc963c317
reports/Southern_California_20260603__SRR39695256.deacon_filter.json	deacon_report	SRR39695256	807	54c99530fd88b90b311b0af30a15c32835e405d8448f6ceb612087e2057cac53
reports/Southern_California_20260607__SRR39695255.deacon_filter.json	deacon_report	SRR39695255	807	4021e1eff968adcc737328b7e5c83ba4346be7038035fa1cd9a01f9b57f376ac
reports/Southern_California_20260610__SRR39695254.deacon_filter.json	deacon_report	SRR39695254	807	153d8c5c3ed214c1efa84fab60e9e2eda841eb974e1ad263f9d58cdebfd72c10
reports/Southern_California_20260614__SRR39695252.deacon_filter.json	deacon_report	SRR39695252	807	dc148fbea11227664fe65c17128dc4c4366deaba34741049dfcc703136b6ed1b
reports/Southern_California_20260617__SRR39695253.deacon_filter.json	deacon_report	SRR39695253	807	f8f3d42458131f183786e4ccf505f879a017b7212f1ee42c57259df80280101d
reports/Southern_California_20260621__SRR39695250.deacon_filter.json	deacon_report	SRR39695250	806	a8694b3c6e1ae6045792a98a20c55c7550f3d1cc29534cc555979d9549b95161
