cc_rrna_kmer_000001|28S	XR_003297360.1	88456	N/A	100.000	31	0	0	1	31	117	87	PREDICTED: Cyclospora cayetanensis large subunit ribosomal RNA (LOC113146729), rRNA
cc_rrna_kmer_000001|28S	EU252544.1	88456	N/A	100.000	31	0	0	1	31	862	832	Cyclospora cayetanensis 28S large subunit ribosomal RNA gene, partial sequence
cc_rrna_kmer_000002|28S	EU252544.1	88456	N/A	100.000	31	0	0	1	31	691	661	Cyclospora cayetanensis 28S large subunit ribosomal RNA gene, partial sequence
cc_rrna_kmer_000003|28S	XR_003297360.1	88456	N/A	100.000	31	0	0	1	31	1933	1903	PREDICTED: Cyclospora cayetanensis large subunit ribosomal RNA (LOC113146729), rRNA
cc_rrna_kmer_000004|28S	XR_003297360.1	88456	N/A	100.000	31	0	0	1	31	116	86	PREDICTED: Cyclospora cayetanensis large subunit ribosomal RNA (LOC113146729), rRNA
cc_rrna_kmer_000004|28S	EU252544.1	88456	N/A	100.000	31	0	0	1	31	861	831	Cyclospora cayetanensis 28S large subunit ribosomal RNA gene, partial sequence
cc_rrna_kmer_000005|28S	MN928848.1	33632	N/A	100.000	31	0	0	1	31	872	902	Babesia gibsoni isolate XABg8 18S ribosomal RNA gene, partial sequence; internal transcribed spacer 1, 5.8S ribosomal RNA gene, and internal transcribed spacer 2, complete sequence; and 28S ribosomal RNA gene, partial sequence
cc_rrna_kmer_000005|28S	KP666154.1	33632	N/A	100.000	31	0	0	1	31	873	903	Babesia gibsoni isolate WH123 18S ribosomal RNA gene, partial sequence; internal transcribed spacer 1, 5.8S ribosomal RNA gene, and internal transcribed spacer 2, complete sequence; and 28S ribosomal RNA gene, partial sequence
cc_rrna_kmer_000005|28S	PQ742171.1	3384731	N/A	100.000	31	0	0	1	31	2913	2943	Goussia degiustii isolate EE9_EE10_II1 external transcribed spacer, partial sequence; small subunit ribosomal RNA gene, internal transcribed spacer 1, 5.8S ribosomal RNA gene, internal transcribed spacer 2, and large subunit ribosomal RNA gene, complete sequence; and external transcribed spacer, partial sequence
cc_rrna_kmer_000005|28S	KP666147.1	33632	N/A	100.000	31	0	0	1	31	872	902	Babesia gibsoni isolate WH82 18S ribosomal RNA gene, partial sequence; internal transcribed spacer 1, 5.8S ribosomal RNA gene, and internal transcribed spacer 2, complete sequence; and 28S ribosomal RNA gene, partial sequence
cc_rrna_kmer_000005|28S	KP666145.1	33632	N/A	100.000	31	0	0	1	31	872	902	Babesia gibsoni isolate WH61 18S ribosomal RNA gene, partial sequence; internal transcribed spacer 1, 5.8S ribosomal RNA gene, and internal transcribed spacer 2, complete sequence; and 28S ribosomal RNA gene, partial sequence
cc_rrna_kmer_000005|28S	MN928845.1	33632	N/A	100.000	31	0	0	1	31	872	902	Babesia gibsoni isolate HZBg40 18S ribosomal RNA gene, partial sequence; internal transcribed spacer 1, 5.8S ribosomal RNA gene, and internal transcribed spacer 2, complete sequence; and 28S ribosomal RNA gene, partial sequence
cc_rrna_kmer_000005|28S	MN928844.1	33632	N/A	100.000	31	0	0	1	31	872	902	Babesia gibsoni isolate XABg6 18S ribosomal RNA gene, partial sequence; internal transcribed spacer 1, 5.8S ribosomal RNA gene, and internal transcribed spacer 2, complete sequence; and 28S ribosomal RNA gene, partial sequence
cc_rrna_kmer_000005|28S	OK091618.1	33632	N/A	100.000	31	0	0	1	31	868	898	Babesia gibsoni voucher HFBg03 small subunit ribosomal RNA gene, partial sequence; internal transcribed spacer 1, 5.8S ribosomal RNA gene, and internal transcribed spacer 2, complete sequence; and large subunit ribosomal RNA gene, partial sequence
cc_rrna_kmer_000005|28S	MN928843.1	33632	N/A	100.000	31	0	0	1	31	872	902	Babesia gibsoni isolate XABg76 18S ribosomal RNA gene, partial sequence; internal transcribed spacer 1, 5.8S ribosomal RNA gene, and internal transcribed spacer 2, complete sequence; and 28S ribosomal RNA gene, partial sequence
cc_rrna_kmer_000005|28S	OK091616.1	33632	N/A	100.000	31	0	0	1	31	868	898	Babesia gibsoni voucher HFBg01 small subunit ribosomal RNA gene, partial sequence; internal transcribed spacer 1, 5.8S ribosomal RNA gene, and internal transcribed spacer 2, complete sequence; and large subunit ribosomal RNA gene, partial sequence
cc_rrna_kmer_000005|28S	MN928836.1	33632	N/A	100.000	31	0	0	1	31	872	902	Babesia gibsoni isolate XABg5 18S ribosomal RNA gene, partial sequence; internal transcribed spacer 1, 5.8S ribosomal RNA gene, and internal transcribed spacer 2, complete sequence; and 28S ribosomal RNA gene, partial sequence
cc_rrna_kmer_000005|28S	KP666150.1	33632	N/A	100.000	31	0	0	1	31	872	902	Babesia gibsoni isolate WH114 18S ribosomal RNA gene, partial sequence; internal transcribed spacer 1, 5.8S ribosomal RNA gene, and internal transcribed spacer 2, complete sequence; and 28S ribosomal RNA gene, partial sequence
cc_rrna_kmer_000005|28S	MN928834.1	33632	N/A	100.000	31	0	0	1	31	872	902	Babesia gibsoni isolate XABg68 18S ribosomal RNA gene, partial sequence; internal transcribed spacer 1, 5.8S ribosomal RNA gene, and internal transcribed spacer 2, complete sequence; and 28S ribosomal RNA gene, partial sequence
cc_rrna_kmer_000005|28S	KP666146.1	33632	N/A	100.000	31	0	0	1	31	872	902	Babesia gibsoni isolate WH71 18S ribosomal RNA gene, partial sequence; internal transcribed spacer 1, 5.8S ribosomal RNA gene, and internal transcribed spacer 2, complete sequence; and 28S ribosomal RNA gene, partial sequence
cc_rrna_kmer_000005|28S	KP666152.1	33632	N/A	100.000	31	0	0	1	31	872	902	Babesia gibsoni isolate WH120 18S ribosomal RNA gene, partial sequence; internal transcribed spacer 1, 5.8S ribosomal RNA gene, and internal transcribed spacer 2, complete sequence; and 28S ribosomal RNA gene, partial sequence
cc_rrna_kmer_000005|28S	KP666149.1	33632	N/A	100.000	31	0	0	1	31	872	902	Babesia gibsoni isolate WH91 18S ribosomal RNA gene, partial sequence; internal transcribed spacer 1, 5.8S ribosomal RNA gene, and internal transcribed spacer 2, complete sequence; and 28S ribosomal RNA gene, partial sequence
cc_rrna_kmer_000005|28S	MN928851.1	33632	N/A	100.000	31	0	0	1	31	872	902	Babesia gibsoni isolate HZBg9 18S ribosomal RNA gene, partial sequence; internal transcribed spacer 1, 5.8S ribosomal RNA gene, and internal transcribed spacer 2, complete sequence; and 28S ribosomal RNA gene, partial sequence
cc_rrna_kmer_000005|28S	MN928847.1	33632	N/A	100.000	31	0	0	1	31	872	902	Babesia gibsoni isolate HZBg4 18S ribosomal RNA gene, partial sequence; internal transcribed spacer 1, 5.8S ribosomal RNA gene, and internal transcribed spacer 2, complete sequence; and 28S ribosomal RNA gene, partial sequence
cc_rrna_kmer_000005|28S	KP666151.1	33632	N/A	100.000	31	0	0	1	31	872	902	Babesia gibsoni isolate WH110 18S ribosomal RNA gene, partial sequence; internal transcribed spacer 1, 5.8S ribosomal RNA gene, and internal transcribed spacer 2, complete sequence; and 28S ribosomal RNA gene, partial sequence
cc_rrna_kmer_000005|28S	KP666143.1	33632	N/A	100.000	31	0	0	1	31	872	902	Babesia gibsoni isolate WH56 18S ribosomal RNA gene, partial sequence; internal transcribed spacer 1, 5.8S ribosomal RNA gene, and internal transcribed spacer 2, complete sequence; and 28S ribosomal RNA gene, partial sequence
cc_rrna_kmer_000005|28S	MN928850.1	33632	N/A	100.000	31	0	0	1	31	872	902	Babesia gibsoni isolate XABg35 18S ribosomal RNA gene, partial sequence; internal transcribed spacer 1, 5.8S ribosomal RNA gene, and internal transcribed spacer 2, complete sequence; and 28S ribosomal RNA gene, partial sequence
cc_rrna_kmer_000005|28S	AY283865.1	241650	N/A	100.000	31	0	0	1	31	7	37	Atoxoplasma sp. MS-2003 large subunit ribosomal RNA gene, partial sequence
cc_rrna_kmer_000005|28S	KP666144.1	33632	N/A	100.000	31	0	0	1	31	872	902	Babesia gibsoni isolate WH58 18S ribosomal RNA gene, partial sequence; internal transcribed spacer 1, 5.8S ribosomal RNA gene, and internal transcribed spacer 2, complete sequence; and 28S ribosomal RNA gene, partial sequence
cc_rrna_kmer_000005|28S	MN928842.1	33632	N/A	100.000	31	0	0	1	31	872	902	Babesia gibsoni isolate HZBg21 18S ribosomal RNA gene, partial sequence; internal transcribed spacer 1, 5.8S ribosomal RNA gene, and internal transcribed spacer 2, complete sequence; and 28S ribosomal RNA gene, partial sequence
cc_rrna_kmer_000005|28S	MN928837.1	33632	N/A	100.000	31	0	0	1	31	872	902	Babesia gibsoni isolate XABg14 18S ribosomal RNA gene, partial sequence; internal transcribed spacer 1, 5.8S ribosomal RNA gene, and internal transcribed spacer 2, complete sequence; and 28S ribosomal RNA gene, partial sequence
cc_rrna_kmer_000005|28S	MN928846.1	33632	N/A	100.000	31	0	0	1	31	872	902	Babesia gibsoni isolate HZBg42 18S ribosomal RNA gene, partial sequence; internal transcribed spacer 1, 5.8S ribosomal RNA gene, and internal transcribed spacer 2, complete sequence; and 28S ribosomal RNA gene, partial sequence
cc_rrna_kmer_000005|28S	KP666142.1	33632	N/A	100.000	31	0	0	1	31	875	905	Babesia gibsoni isolate WH54 18S ribosomal RNA gene, partial sequence; internal transcribed spacer 1, 5.8S ribosomal RNA gene, and internal transcribed spacer 2, complete sequence; and 28S ribosomal RNA gene, partial sequence
cc_rrna_kmer_000005|28S	MN928841.1	33632	N/A	100.000	31	0	0	1	31	872	902	Babesia gibsoni isolate HZBg20 18S ribosomal RNA gene, partial sequence; internal transcribed spacer 1, 5.8S ribosomal RNA gene, and internal transcribed spacer 2, complete sequence; and 28S ribosomal RNA gene, partial sequence
cc_rrna_kmer_000005|28S	KP666153.1	33632	N/A	100.000	31	0	0	1	31	872	902	Babesia gibsoni isolate WH121 18S ribosomal RNA gene, partial sequence; internal transcribed spacer 1, 5.8S ribosomal RNA gene, and internal transcribed spacer 2, complete sequence; and 28S ribosomal RNA gene, partial sequence
cc_rrna_kmer_000005|28S	MN928840.1	33632	N/A	100.000	31	0	0	1	31	872	902	Babesia gibsoni isolate XABg57 18S ribosomal RNA gene, partial sequence; internal transcribed spacer 1, 5.8S ribosomal RNA gene, and internal transcribed spacer 2, complete sequence; and 28S ribosomal RNA gene, partial sequence
cc_rrna_kmer_000005|28S	KP666141.1	33632	N/A	100.000	31	0	0	1	31	872	902	Babesia gibsoni isolate WH35 18S ribosomal RNA gene, partial sequence; internal transcribed spacer 1, 5.8S ribosomal RNA gene, and internal transcribed spacer 2, complete sequence; and 28S ribosomal RNA gene, partial sequence
cc_rrna_kmer_000005|28S	OK091619.1	33632	N/A	100.000	31	0	0	1	31	868	898	Babesia gibsoni voucher AQBg03 small subunit ribosomal RNA gene, partial sequence; internal transcribed spacer 1, 5.8S ribosomal RNA gene, and internal transcribed spacer 2, complete sequence; and large subunit ribosomal RNA gene, partial sequence
cc_rrna_kmer_000005|28S	MN928849.1	33632	N/A	100.000	31	0	0	1	31	872	902	Babesia gibsoni isolate XABg43 18S ribosomal RNA gene, partial sequence; internal transcribed spacer 1, 5.8S ribosomal RNA gene, and internal transcribed spacer 2, complete sequence; and 28S ribosomal RNA gene, partial sequence
cc_rrna_kmer_000005|28S	EU252544.1	88456	N/A	100.000	31	0	0	1	31	87	117	Cyclospora cayetanensis 28S large subunit ribosomal RNA gene, partial sequence
cc_rrna_kmer_000005|28S	OK091617.1	33632	N/A	100.000	31	0	0	1	31	868	898	Babesia gibsoni voucher HFBg02 small subunit ribosomal RNA gene, partial sequence; internal transcribed spacer 1, 5.8S ribosomal RNA gene, and internal transcribed spacer 2, complete sequence; and large subunit ribosomal RNA gene, partial sequence
cc_rrna_kmer_000005|28S	MN928839.1	33632	N/A	100.000	31	0	0	1	31	872	902	Babesia gibsoni isolate HZBg27 18S ribosomal RNA gene, partial sequence; internal transcribed spacer 1, 5.8S ribosomal RNA gene, and internal transcribed spacer 2, complete sequence; and 28S ribosomal RNA gene, partial sequence
cc_rrna_kmer_000005|28S	MN928835.1	33632	N/A	100.000	31	0	0	1	31	872	902	Babesia gibsoni isolate HZBg11 18S ribosomal RNA gene, partial sequence; internal transcribed spacer 1, 5.8S ribosomal RNA gene, and internal transcribed spacer 2, complete sequence; and 28S ribosomal RNA gene, partial sequence
cc_rrna_kmer_000005|28S	AY331570.1	241650	N/A	100.000	31	0	0	1	31	539	569	Atoxoplasma sp. MS-2003 from Javan ruby-throated bulbul small subunit ribosomal RNA gene, partial sequence; internal transcribed spacer 1, 5.8S ribosomal RNA gene, and internal transcribed spacer 2, complete sequence; and large subunit ribosomal RNA gene, partial sequence
cc_rrna_kmer_000006|28S	EU252544.1	88456	N/A	100.000	31	0	0	1	31	690	660	Cyclospora cayetanensis 28S large subunit ribosomal RNA gene, partial sequence
cc_rrna_kmer_000007|28S	XR_003297360.1	88456	N/A	100.000	31	0	0	1	31	1196	1226	PREDICTED: Cyclospora cayetanensis large subunit ribosomal RNA (LOC113146729), rRNA
cc_rrna_kmer_000008|28S	EU252544.1	88456	N/A	100.000	31	0	0	1	31	298	268	Cyclospora cayetanensis 28S large subunit ribosomal RNA gene, partial sequence
cc_rrna_kmer_000009|28S	XR_003297360.1	88456	N/A	100.000	31	0	0	1	31	2074	2104	PREDICTED: Cyclospora cayetanensis large subunit ribosomal RNA (LOC113146729), rRNA
cc_rrna_kmer_000009|28S	PX068896.1	3454605	N/A	100.000	31	0	0	1	31	4949	4979	Dermisichthinium pseudosporum isolate Town small subunit ribosomal RNA gene, partial sequence; internal transcribed spacer 1, 5.8S ribosomal RNA gene, and internal transcribed spacer 2, complete sequence; and large subunit ribosomal RNA gene, partial sequence
cc_rrna_kmer_000010|28S	AY283863.1	241650	N/A	100.000	31	0	0	1	31	12	42	Atoxoplasma sp. MS-2003 large subunit ribosomal RNA gene, partial sequence
cc_rrna_kmer_000010|28S	MN928848.1	33632	N/A	100.000	31	0	0	1	31	877	907	Babesia gibsoni isolate XABg8 18S ribosomal RNA gene, partial sequence; internal transcribed spacer 1, 5.8S ribosomal RNA gene, and internal transcribed spacer 2, complete sequence; and 28S ribosomal RNA gene, partial sequence
cc_rrna_kmer_000010|28S	KP666154.1	33632	N/A	100.000	31	0	0	1	31	878	908	Babesia gibsoni isolate WH123 18S ribosomal RNA gene, partial sequence; internal transcribed spacer 1, 5.8S ribosomal RNA gene, and internal transcribed spacer 2, complete sequence; and 28S ribosomal RNA gene, partial sequence
cc_rrna_kmer_000010|28S	PQ742171.1	3384731	N/A	100.000	31	0	0	1	31	2918	2948	Goussia degiustii isolate EE9_EE10_II1 external transcribed spacer, partial sequence; small subunit ribosomal RNA gene, internal transcribed spacer 1, 5.8S ribosomal RNA gene, internal transcribed spacer 2, and large subunit ribosomal RNA gene, complete sequence; and external transcribed spacer, partial sequence
cc_rrna_kmer_000010|28S	AY331567.1	241650	N/A	100.000	31	0	0	1	31	910	940	Atoxoplasma sp. MS-2003 from Finchbill small subunit ribosomal RNA gene, partial sequence; internal transcribed spacer 1, 5.8S ribosomal RNA gene, and internal transcribed spacer 2, complete sequence; and large subunit ribosomal RNA gene, partial sequence
cc_rrna_kmer_000010|28S	KP666147.1	33632	N/A	100.000	31	0	0	1	31	877	907	Babesia gibsoni isolate WH82 18S ribosomal RNA gene, partial sequence; internal transcribed spacer 1, 5.8S ribosomal RNA gene, and internal transcribed spacer 2, complete sequence; and 28S ribosomal RNA gene, partial sequence
cc_rrna_kmer_000010|28S	KP666145.1	33632	N/A	100.000	31	0	0	1	31	877	907	Babesia gibsoni isolate WH61 18S ribosomal RNA gene, partial sequence; internal transcribed spacer 1, 5.8S ribosomal RNA gene, and internal transcribed spacer 2, complete sequence; and 28S ribosomal RNA gene, partial sequence
cc_rrna_kmer_000010|28S	MN928845.1	33632	N/A	100.000	31	0	0	1	31	877	907	Babesia gibsoni isolate HZBg40 18S ribosomal RNA gene, partial sequence; internal transcribed spacer 1, 5.8S ribosomal RNA gene, and internal transcribed spacer 2, complete sequence; and 28S ribosomal RNA gene, partial sequence
cc_rrna_kmer_000010|28S	MN928844.1	33632	N/A	100.000	31	0	0	1	31	877	907	Babesia gibsoni isolate XABg6 18S ribosomal RNA gene, partial sequence; internal transcribed spacer 1, 5.8S ribosomal RNA gene, and internal transcribed spacer 2, complete sequence; and 28S ribosomal RNA gene, partial sequence
cc_rrna_kmer_000010|28S	OK091618.1	33632	N/A	100.000	31	0	0	1	31	873	903	Babesia gibsoni voucher HFBg03 small subunit ribosomal RNA gene, partial sequence; internal transcribed spacer 1, 5.8S ribosomal RNA gene, and internal transcribed spacer 2, complete sequence; and large subunit ribosomal RNA gene, partial sequence
cc_rrna_kmer_000010|28S	MN928843.1	33632	N/A	100.000	31	0	0	1	31	877	907	Babesia gibsoni isolate XABg76 18S ribosomal RNA gene, partial sequence; internal transcribed spacer 1, 5.8S ribosomal RNA gene, and internal transcribed spacer 2, complete sequence; and 28S ribosomal RNA gene, partial sequence
cc_rrna_kmer_000010|28S	AY283850.1	241650	N/A	100.000	31	0	0	1	31	12	42	Atoxoplasma sp. MS-2003 large subunit ribosomal RNA gene, partial sequence
cc_rrna_kmer_000010|28S	OK091616.1	33632	N/A	100.000	31	0	0	1	31	873	903	Babesia gibsoni voucher HFBg01 small subunit ribosomal RNA gene, partial sequence; internal transcribed spacer 1, 5.8S ribosomal RNA gene, and internal transcribed spacer 2, complete sequence; and large subunit ribosomal RNA gene, partial sequence
cc_rrna_kmer_000010|28S	MN928836.1	33632	N/A	100.000	31	0	0	1	31	877	907	Babesia gibsoni isolate XABg5 18S ribosomal RNA gene, partial sequence; internal transcribed spacer 1, 5.8S ribosomal RNA gene, and internal transcribed spacer 2, complete sequence; and 28S ribosomal RNA gene, partial sequence
cc_rrna_kmer_000010|28S	KP666150.1	33632	N/A	100.000	31	0	0	1	31	877	907	Babesia gibsoni isolate WH114 18S ribosomal RNA gene, partial sequence; internal transcribed spacer 1, 5.8S ribosomal RNA gene, and internal transcribed spacer 2, complete sequence; and 28S ribosomal RNA gene, partial sequence
cc_rrna_kmer_000010|28S	MN928834.1	33632	N/A	100.000	31	0	0	1	31	877	907	Babesia gibsoni isolate XABg68 18S ribosomal RNA gene, partial sequence; internal transcribed spacer 1, 5.8S ribosomal RNA gene, and internal transcribed spacer 2, complete sequence; and 28S ribosomal RNA gene, partial sequence
cc_rrna_kmer_000010|28S	KP666146.1	33632	N/A	100.000	31	0	0	1	31	877	907	Babesia gibsoni isolate WH71 18S ribosomal RNA gene, partial sequence; internal transcribed spacer 1, 5.8S ribosomal RNA gene, and internal transcribed spacer 2, complete sequence; and 28S ribosomal RNA gene, partial sequence
cc_rrna_kmer_000010|28S	KP666152.1	33632	N/A	100.000	31	0	0	1	31	877	907	Babesia gibsoni isolate WH120 18S ribosomal RNA gene, partial sequence; internal transcribed spacer 1, 5.8S ribosomal RNA gene, and internal transcribed spacer 2, complete sequence; and 28S ribosomal RNA gene, partial sequence
cc_rrna_kmer_000010|28S	KP666149.1	33632	N/A	100.000	31	0	0	1	31	877	907	Babesia gibsoni isolate WH91 18S ribosomal RNA gene, partial sequence; internal transcribed spacer 1, 5.8S ribosomal RNA gene, and internal transcribed spacer 2, complete sequence; and 28S ribosomal RNA gene, partial sequence
cc_rrna_kmer_000010|28S	MN928851.1	33632	N/A	100.000	31	0	0	1	31	877	907	Babesia gibsoni isolate HZBg9 18S ribosomal RNA gene, partial sequence; internal transcribed spacer 1, 5.8S ribosomal RNA gene, and internal transcribed spacer 2, complete sequence; and 28S ribosomal RNA gene, partial sequence
cc_rrna_kmer_000010|28S	MN928847.1	33632	N/A	100.000	31	0	0	1	31	877	907	Babesia gibsoni isolate HZBg4 18S ribosomal RNA gene, partial sequence; internal transcribed spacer 1, 5.8S ribosomal RNA gene, and internal transcribed spacer 2, complete sequence; and 28S ribosomal RNA gene, partial sequence
cc_rrna_kmer_000010|28S	KP666151.1	33632	N/A	100.000	31	0	0	1	31	877	907	Babesia gibsoni isolate WH110 18S ribosomal RNA gene, partial sequence; internal transcribed spacer 1, 5.8S ribosomal RNA gene, and internal transcribed spacer 2, complete sequence; and 28S ribosomal RNA gene, partial sequence
cc_rrna_kmer_000010|28S	KP666143.1	33632	N/A	100.000	31	0	0	1	31	877	907	Babesia gibsoni isolate WH56 18S ribosomal RNA gene, partial sequence; internal transcribed spacer 1, 5.8S ribosomal RNA gene, and internal transcribed spacer 2, complete sequence; and 28S ribosomal RNA gene, partial sequence
cc_rrna_kmer_000010|28S	MN928850.1	33632	N/A	100.000	31	0	0	1	31	877	907	Babesia gibsoni isolate XABg35 18S ribosomal RNA gene, partial sequence; internal transcribed spacer 1, 5.8S ribosomal RNA gene, and internal transcribed spacer 2, complete sequence; and 28S ribosomal RNA gene, partial sequence
cc_rrna_kmer_000010|28S	AY283865.1	241650	N/A	100.000	31	0	0	1	31	12	42	Atoxoplasma sp. MS-2003 large subunit ribosomal RNA gene, partial sequence
cc_rrna_kmer_000010|28S	KP666144.1	33632	N/A	100.000	31	0	0	1	31	877	907	Babesia gibsoni isolate WH58 18S ribosomal RNA gene, partial sequence; internal transcribed spacer 1, 5.8S ribosomal RNA gene, and internal transcribed spacer 2, complete sequence; and 28S ribosomal RNA gene, partial sequence
cc_rrna_kmer_000010|28S	MN928842.1	33632	N/A	100.000	31	0	0	1	31	877	907	Babesia gibsoni isolate HZBg21 18S ribosomal RNA gene, partial sequence; internal transcribed spacer 1, 5.8S ribosomal RNA gene, and internal transcribed spacer 2, complete sequence; and 28S ribosomal RNA gene, partial sequence
cc_rrna_kmer_000010|28S	MN928837.1	33632	N/A	100.000	31	0	0	1	31	877	907	Babesia gibsoni isolate XABg14 18S ribosomal RNA gene, partial sequence; internal transcribed spacer 1, 5.8S ribosomal RNA gene, and internal transcribed spacer 2, complete sequence; and 28S ribosomal RNA gene, partial sequence
cc_rrna_kmer_000010|28S	MN928846.1	33632	N/A	100.000	31	0	0	1	31	877	907	Babesia gibsoni isolate HZBg42 18S ribosomal RNA gene, partial sequence; internal transcribed spacer 1, 5.8S ribosomal RNA gene, and internal transcribed spacer 2, complete sequence; and 28S ribosomal RNA gene, partial sequence
cc_rrna_kmer_000010|28S	KP666142.1	33632	N/A	100.000	31	0	0	1	31	880	910	Babesia gibsoni isolate WH54 18S ribosomal RNA gene, partial sequence; internal transcribed spacer 1, 5.8S ribosomal RNA gene, and internal transcribed spacer 2, complete sequence; and 28S ribosomal RNA gene, partial sequence
cc_rrna_kmer_000010|28S	MN928841.1	33632	N/A	100.000	31	0	0	1	31	877	907	Babesia gibsoni isolate HZBg20 18S ribosomal RNA gene, partial sequence; internal transcribed spacer 1, 5.8S ribosomal RNA gene, and internal transcribed spacer 2, complete sequence; and 28S ribosomal RNA gene, partial sequence
cc_rrna_kmer_000010|28S	KP666153.1	33632	N/A	100.000	31	0	0	1	31	877	907	Babesia gibsoni isolate WH121 18S ribosomal RNA gene, partial sequence; internal transcribed spacer 1, 5.8S ribosomal RNA gene, and internal transcribed spacer 2, complete sequence; and 28S ribosomal RNA gene, partial sequence
cc_rrna_kmer_000010|28S	MN928840.1	33632	N/A	100.000	31	0	0	1	31	877	907	Babesia gibsoni isolate XABg57 18S ribosomal RNA gene, partial sequence; internal transcribed spacer 1, 5.8S ribosomal RNA gene, and internal transcribed spacer 2, complete sequence; and 28S ribosomal RNA gene, partial sequence
cc_rrna_kmer_000010|28S	KP666141.1	33632	N/A	100.000	31	0	0	1	31	877	907	Babesia gibsoni isolate WH35 18S ribosomal RNA gene, partial sequence; internal transcribed spacer 1, 5.8S ribosomal RNA gene, and internal transcribed spacer 2, complete sequence; and 28S ribosomal RNA gene, partial sequence
cc_rrna_kmer_000010|28S	OK091619.1	33632	N/A	100.000	31	0	0	1	31	873	903	Babesia gibsoni voucher AQBg03 small subunit ribosomal RNA gene, partial sequence; internal transcribed spacer 1, 5.8S ribosomal RNA gene, and internal transcribed spacer 2, complete sequence; and large subunit ribosomal RNA gene, partial sequence
cc_rrna_kmer_000010|28S	MN928849.1	33632	N/A	100.000	31	0	0	1	31	877	907	Babesia gibsoni isolate XABg43 18S ribosomal RNA gene, partial sequence; internal transcribed spacer 1, 5.8S ribosomal RNA gene, and internal transcribed spacer 2, complete sequence; and 28S ribosomal RNA gene, partial sequence
cc_rrna_kmer_000010|28S	EU252544.1	88456	N/A	100.000	31	0	0	1	31	92	122	Cyclospora cayetanensis 28S large subunit ribosomal RNA gene, partial sequence
cc_rrna_kmer_000010|28S	OK091617.1	33632	N/A	100.000	31	0	0	1	31	873	903	Babesia gibsoni voucher HFBg02 small subunit ribosomal RNA gene, partial sequence; internal transcribed spacer 1, 5.8S ribosomal RNA gene, and internal transcribed spacer 2, complete sequence; and large subunit ribosomal RNA gene, partial sequence
cc_rrna_kmer_000010|28S	MN928839.1	33632	N/A	100.000	31	0	0	1	31	877	907	Babesia gibsoni isolate HZBg27 18S ribosomal RNA gene, partial sequence; internal transcribed spacer 1, 5.8S ribosomal RNA gene, and internal transcribed spacer 2, complete sequence; and 28S ribosomal RNA gene, partial sequence
cc_rrna_kmer_000010|28S	MN928835.1	33632	N/A	100.000	31	0	0	1	31	877	907	Babesia gibsoni isolate HZBg11 18S ribosomal RNA gene, partial sequence; internal transcribed spacer 1, 5.8S ribosomal RNA gene, and internal transcribed spacer 2, complete sequence; and 28S ribosomal RNA gene, partial sequence
cc_rrna_kmer_000010|28S	AY331570.1	241650	N/A	100.000	31	0	0	1	31	544	574	Atoxoplasma sp. MS-2003 from Javan ruby-throated bulbul small subunit ribosomal RNA gene, partial sequence; internal transcribed spacer 1, 5.8S ribosomal RNA gene, and internal transcribed spacer 2, complete sequence; and large subunit ribosomal RNA gene, partial sequence
cc_rrna_kmer_000011|18S	AB368543.1	88456	N/A	100.000	31	0	0	1	31	67	97	Cyclospora cayetanensis gene for 18S ribosomal RNA, partial sequence, clone: 3
cc_rrna_kmer_000011|18S	KC414111.1	88456	N/A	100.000	31	0	0	1	31	476	506	Cyclospora cayetanensis isolate 1905 18S ribosomal RNA gene, partial sequence
cc_rrna_kmer_000011|18S	AF111183.1	88456	N/A	100.000	31	0	0	1	31	524	554	Cyclospora cayetanensis 18S ribosomal RNA gene, complete sequence
cc_rrna_kmer_000011|18S	KC414107.1	88456	N/A	100.000	31	0	0	1	31	476	506	Cyclospora cayetanensis isolate 2201 18S ribosomal RNA gene, partial sequence
cc_rrna_kmer_000011|18S	KC414106.1	88456	N/A	100.000	31	0	0	1	31	476	506	Cyclospora cayetanensis isolate 2301 18S ribosomal RNA gene, partial sequence
cc_rrna_kmer_000011|18S	AB368541.1	88456	N/A	100.000	31	0	0	1	31	67	97	Cyclospora cayetanensis gene for 18S ribosomal RNA, partial sequence, clone: 1
cc_rrna_kmer_000011|18S	XR_003297358.1	88456	N/A	100.000	31	0	0	1	31	524	554	PREDICTED: Cyclospora cayetanensis small subunit ribosomal RNA (LOC113146722), rRNA
cc_rrna_kmer_000011|18S	KC414112.1	88456	N/A	100.000	31	0	0	1	31	476	506	Cyclospora cayetanensis isolate EC02 18S ribosomal RNA gene, partial sequence
cc_rrna_kmer_000011|18S	KC414105.1	88456	N/A	100.000	31	0	0	1	31	476	506	Cyclospora cayetanensis isolate 2311 18S ribosomal RNA gene, partial sequence
cc_rrna_kmer_000011|18S	AB368542.1	88456	N/A	100.000	31	0	0	1	31	67	97	Cyclospora cayetanensis gene for 18S ribosomal RNA, partial sequence, clone: 2
cc_rrna_kmer_000011|18S	KX618190.1	88456	N/A	100.000	31	0	0	1	31	524	554	Cyclospora cayetanensis 18S small subunit ribosomal RNA gene, partial sequence
cc_rrna_kmer_000011|18S	MW090936.1	88456	N/A	100.000	31	0	0	1	31	485	515	Cyclospora cayetanensis isolate 9041 small subunit ribosomal RNA gene, partial sequence
cc_rrna_kmer_000011|18S	KC414110.1	88456	N/A	100.000	31	0	0	1	31	476	506	Cyclospora cayetanensis isolate 2304 18S ribosomal RNA gene, partial sequence
cc_rrna_kmer_000012|28S	XR_003297360.1	88456	N/A	100.000	31	0	0	1	31	601	571	PREDICTED: Cyclospora cayetanensis large subunit ribosomal RNA (LOC113146729), rRNA
cc_rrna_kmer_000012|28S	EU252544.1	88456	N/A	100.000	31	0	0	1	31	1346	1316	Cyclospora cayetanensis 28S large subunit ribosomal RNA gene, partial sequence
cc_rrna_kmer_000013|28S	AY283845.1	241650	N/A	100.000	31	0	0	1	31	1342	1372	Atoxoplasma sp. MS-2003 large subunit ribosomal RNA gene, partial sequence
cc_rrna_kmer_000013|28S	OR101126.1	3051684	N/A	100.000	31	0	0	1	31	1276	1306	Isospora elliotae isolate 20384 large subunit ribosomal RNA gene, partial sequence
cc_rrna_kmer_000013|28S	AY283863.1	241650	N/A	100.000	31	0	0	1	31	1337	1367	Atoxoplasma sp. MS-2003 large subunit ribosomal RNA gene, partial sequence
cc_rrna_kmer_000013|28S	KT224382.1	1678287	N/A	100.000	31	0	0	1	31	1286	1316	Isospora sp. RY-2015c isolate RBF large subunit ribosomal RNA gene, partial sequence
cc_rrna_kmer_000013|28S	AY283844.1	241650	N/A	100.000	31	0	0	1	31	1342	1372	Atoxoplasma sp. MS-2003 large subunit ribosomal RNA gene, partial sequence
cc_rrna_kmer_000013|28S	AY283862.1	241650	N/A	100.000	31	0	0	1	31	1341	1371	Atoxoplasma sp. MS-2003 large subunit ribosomal RNA gene, partial sequence
cc_rrna_kmer_000013|28S	OA985032.1	2823481	N/A	100.000	31	0	0	1	31	785	815	Isospora sp. Hs2 partial 28S rRNA gene
cc_rrna_kmer_000013|28S	AY283839.1	241650	N/A	100.000	31	0	0	1	31	1351	1381	Atoxoplasma sp. MS-2003 large subunit ribosomal RNA gene, partial sequence
cc_rrna_kmer_000013|28S	AY283858.1	241650	N/A	100.000	31	0	0	1	31	1340	1370	Atoxoplasma sp. MS-2003 large subunit ribosomal RNA gene, partial sequence
cc_rrna_kmer_000013|28S	AY283864.1	241650	N/A	100.000	31	0	0	1	31	1346	1376	Atoxoplasma sp. MS-2003 large subunit ribosomal RNA gene, partial sequence
cc_rrna_kmer_000013|28S	AY283869.1	241650	N/A	100.000	31	0	0	1	31	1348	1378	Atoxoplasma sp. MS-2003 large subunit ribosomal RNA gene, partial sequence
cc_rrna_kmer_000013|28S	AY283868.1	241650	N/A	100.000	31	0	0	1	31	1340	1370	Atoxoplasma sp. MS-2003 large subunit ribosomal RNA gene, partial sequence
cc_rrna_kmer_000013|28S	MW775029.1	2820069	N/A	100.000	31	0	0	1	31	1307	1337	Isospora mayuri isolate 7-Bule-peafowl large subunit ribosomal RNA gene, partial sequence
cc_rrna_kmer_000013|28S	AY283859.1	241650	N/A	100.000	31	0	0	1	31	1342	1372	Atoxoplasma sp. MS-2003 large subunit ribosomal RNA gene, partial sequence
cc_rrna_kmer_000013|28S	KJ634022.1	1565085	N/A	100.000	31	0	0	1	31	871	901	Isospora streperae 28S ribosomal RNA gene, partial sequence
cc_rrna_kmer_000013|28S	AY283847.1	241650	N/A	100.000	31	0	0	1	31	1342	1372	Atoxoplasma sp. MS-2003 large subunit ribosomal RNA gene, partial sequence
cc_rrna_kmer_000013|28S	OA985031.1	2823479	N/A	100.000	31	0	0	1	31	780	810	Isospora sp. Pr2 partial 28S rRNA gene
cc_rrna_kmer_000013|28S	AY283850.1	241650	N/A	100.000	31	0	0	1	31	1337	1367	Atoxoplasma sp. MS-2003 large subunit ribosomal RNA gene, partial sequence
cc_rrna_kmer_000013|28S	KY801686.1	2153390	N/A	100.000	31	0	0	1	31	1270	1300	Isospora butcherae 28S ribosomal RNA gene, partial sequence
cc_rrna_kmer_000013|28S	OQ459343.1	3028803	N/A	100.000	31	0	0	1	31	1266	1296	Eimeria briceae isolate 201909 large subunit ribosomal RNA gene, partial sequence
cc_rrna_kmer_000013|28S	AY283843.1	241650	N/A	100.000	31	0	0	1	31	1344	1374	Atoxoplasma sp. MS-2003 large subunit ribosomal RNA gene, partial sequence
cc_rrna_kmer_000013|28S	OA985026.1	2823474	N/A	100.000	31	0	0	1	31	785	815	Isospora sp. Bclt1 partial 28S rRNA gene
cc_rrna_kmer_000013|28S	AY283866.1	241650	N/A	100.000	31	0	0	1	31	1340	1370	Atoxoplasma sp. MS-2003 large subunit ribosomal RNA gene, partial sequence
cc_rrna_kmer_000013|28S	XR_003297360.1	88456	N/A	100.000	31	0	0	1	31	681	711	PREDICTED: Cyclospora cayetanensis large subunit ribosomal RNA (LOC113146729), rRNA
cc_rrna_kmer_000013|28S	AY283848.1	241650	N/A	100.000	31	0	0	1	31	1342	1372	Atoxoplasma sp. MS-2003 large subunit ribosomal RNA gene, partial sequence
cc_rrna_kmer_000013|28S	AY283849.1	241650	N/A	100.000	31	0	0	1	31	1343	1373	Atoxoplasma sp. MS-2003 large subunit ribosomal RNA gene, partial sequence
cc_rrna_kmer_000013|28S	AY283853.1	241650	N/A	100.000	31	0	0	1	31	1341	1371	Atoxoplasma sp. MS-2003 large subunit ribosomal RNA gene, partial sequence
cc_rrna_kmer_000013|28S	OA985028.1	2823475;2823476	N/A;N/A	100.000	31	0	0	1	31	785	815	Isospora sp. Pc1 partial 28S rRNA gene
cc_rrna_kmer_000013|28S	AY283865.1	241650	N/A	100.000	31	0	0	1	31	1333	1363	Atoxoplasma sp. MS-2003 large subunit ribosomal RNA gene, partial sequence
cc_rrna_kmer_000013|28S	AY283860.1	241650	N/A	100.000	31	0	0	1	31	1342	1372	Atoxoplasma sp. MS-2003 large subunit ribosomal RNA gene, partial sequence
cc_rrna_kmer_000013|28S	AY283857.1	241650	N/A	100.000	31	0	0	1	31	1341	1371	Atoxoplasma sp. MS-2003 large subunit ribosomal RNA gene, partial sequence
cc_rrna_kmer_000013|28S	AY283852.1	241650	N/A	100.000	31	0	0	1	31	1338	1368	Atoxoplasma sp. MS-2003 large subunit ribosomal RNA gene, partial sequence
cc_rrna_kmer_000013|28S	OA985030.1	2823478	N/A	100.000	31	0	0	1	31	782	812	Isospora sp. Pr1 partial 28S rRNA gene
cc_rrna_kmer_000013|28S	AY283854.1	241650	N/A	100.000	31	0	0	1	31	1341	1371	Atoxoplasma sp. MS-2003 large subunit ribosomal RNA gene, partial sequence
cc_rrna_kmer_000013|28S	AY283841.1	241650	N/A	100.000	31	0	0	1	31	1344	1374	Atoxoplasma sp. MS-2003 large subunit ribosomal RNA gene, partial sequence
cc_rrna_kmer_000013|28S	AY283855.1	241650	N/A	100.000	31	0	0	1	31	1340	1370	Atoxoplasma sp. MS-2003 large subunit ribosomal RNA gene, partial sequence
cc_rrna_kmer_000013|28S	MW775031.1	1469499	N/A	100.000	31	0	0	1	31	1315	1345	Eimeria hermani isolate 9-Whooper-swan large subunit ribosomal RNA gene, partial sequence
cc_rrna_kmer_000013|28S	AY283840.1	241650	N/A	100.000	31	0	0	1	31	1345	1375	Atoxoplasma sp. MS-2003 large subunit ribosomal RNA gene, partial sequence
cc_rrna_kmer_000013|28S	OA985027.1	2823473	N/A	100.000	31	0	0	1	31	785	815	Isospora sp. Sgs1 partial 28S rRNA gene
cc_rrna_kmer_000013|28S	AY283867.1	241650	N/A	100.000	31	0	0	1	31	1342	1372	Atoxoplasma sp. MS-2003 large subunit ribosomal RNA gene, partial sequence
cc_rrna_kmer_000013|28S	AY283870.1	241650	N/A	100.000	31	0	0	1	31	1344	1374	Atoxoplasma sp. MS-2003 large subunit ribosomal RNA gene, partial sequence
cc_rrna_kmer_000013|28S	OR266354.1	1743397	N/A	100.000	31	0	0	1	31	555	585	Isospora sp. isolate 28S_Seq18 large subunit ribosomal RNA gene, partial sequence
cc_rrna_kmer_000013|28S	KT726931.1	1743397	N/A	100.000	31	0	0	1	31	1343	1373	Isospora sp. 28S ribosomal RNA gene, partial sequence
cc_rrna_kmer_000013|28S	AY283846.1	241650	N/A	100.000	31	0	0	1	31	1345	1375	Atoxoplasma sp. MS-2003 large subunit ribosomal RNA gene, partial sequence
cc_rrna_kmer_000013|28S	OA985033.1	2823480	N/A	100.000	31	0	0	1	31	786	816	Isospora sp. Hs1 partial 28S rRNA gene
cc_rrna_kmer_000013|28S	AY283851.1	241650	N/A	100.000	31	0	0	1	31	1341	1371	Atoxoplasma sp. MS-2003 large subunit ribosomal RNA gene, partial sequence
cc_rrna_kmer_000013|28S	MW775028.1	2820073	N/A	100.000	31	0	0	1	31	1302	1332	Isospora lacazei isolate 6-Bule-peafowl large subunit ribosomal RNA gene, partial sequence
cc_rrna_kmer_000013|28S	AY283856.1	241650	N/A	100.000	31	0	0	1	31	1342	1372	Atoxoplasma sp. MS-2003 large subunit ribosomal RNA gene, partial sequence
cc_rrna_kmer_000014|28S	XR_003297360.1	88456	N/A	100.000	31	0	0	1	31	1932	1902	PREDICTED: Cyclospora cayetanensis large subunit ribosomal RNA (LOC113146729), rRNA
cc_rrna_kmer_000015|28S	XR_003297360.1	88456	N/A	100.000	31	0	0	1	31	115	85	PREDICTED: Cyclospora cayetanensis large subunit ribosomal RNA (LOC113146729), rRNA
cc_rrna_kmer_000015|28S	EU252544.1	88456	N/A	100.000	31	0	0	1	31	860	830	Cyclospora cayetanensis 28S large subunit ribosomal RNA gene, partial sequence
cc_rrna_kmer_000017|28S	XR_003297360.1	88456	N/A	100.000	31	0	0	1	31	1891	1861	PREDICTED: Cyclospora cayetanensis large subunit ribosomal RNA (LOC113146729), rRNA
cc_rrna_kmer_000019|28S	XR_003297360.1	88456	N/A	100.000	31	0	0	1	31	1075	1045	PREDICTED: Cyclospora cayetanensis large subunit ribosomal RNA (LOC113146729), rRNA
cc_rrna_kmer_000019|28S	EU252544.1	88456	N/A	100.000	31	0	0	1	31	1820	1790	Cyclospora cayetanensis 28S large subunit ribosomal RNA gene, partial sequence
cc_rrna_kmer_000020|28S	XR_003297360.1	88456	N/A	100.000	31	0	0	1	31	794	764	PREDICTED: Cyclospora cayetanensis large subunit ribosomal RNA (LOC113146729), rRNA
cc_rrna_kmer_000020|28S	EU252544.1	88456	N/A	100.000	31	0	0	1	31	1539	1509	Cyclospora cayetanensis 28S large subunit ribosomal RNA gene, partial sequence
cc_rrna_kmer_000021|18S	OR135740.1	35084	N/A	100.000	31	0	0	1	31	114	84	Babesia sp. clone 8.3 small subunit ribosomal RNA gene, partial sequence
cc_rrna_kmer_000021|18S	KC414111.1	88456	N/A	100.000	31	0	0	1	31	255	225	Cyclospora cayetanensis isolate 1905 18S ribosomal RNA gene, partial sequence
cc_rrna_kmer_000021|18S	OP751799.1	2304328	N/A	100.000	31	0	0	1	31	254	224	Piroplasmida sp. clone 3 small subunit ribosomal RNA gene, partial sequence
cc_rrna_kmer_000021|18S	OR127035.1	2304328	N/A	100.000	31	0	0	1	31	41	11	Piroplasmida sp. clone 215 small subunit ribosomal RNA gene, partial sequence
cc_rrna_kmer_000021|18S	OR135733.1	35084	N/A	100.000	31	0	0	1	31	153	123	Babesia sp. clone 8.1 small subunit ribosomal RNA gene, partial sequence
cc_rrna_kmer_000021|18S	XR_003297358.1	88456	N/A	100.000	31	0	0	1	31	303	273	PREDICTED: Cyclospora cayetanensis small subunit ribosomal RNA (LOC113146722), rRNA
cc_rrna_kmer_000021|18S	OR135734.1	35084	N/A	100.000	31	0	0	1	31	161	131	Babesia sp. clone 8.5 small subunit ribosomal RNA gene, partial sequence
cc_rrna_kmer_000021|18S	OR127024.1	2304328	N/A	100.000	31	0	0	1	31	67	37	Piroplasmida sp. clone 8 small subunit ribosomal RNA gene, partial sequence
cc_rrna_kmer_000021|18S	OP751800.1	2304328	N/A	100.000	31	0	0	1	31	249	219	Piroplasmida sp. clone 4 small subunit ribosomal RNA gene, partial sequence
cc_rrna_kmer_000021|18S	OP751797.1	2304328	N/A	100.000	31	0	0	1	31	254	224	Piroplasmida sp. clone 1 small subunit ribosomal RNA gene, partial sequence
cc_rrna_kmer_000021|18S	OR127027.1	2304328	N/A	100.000	31	0	0	1	31	81	51	Piroplasmida sp. clone 65 small subunit ribosomal RNA gene, partial sequence
cc_rrna_kmer_000021|18S	OQ787671.1	35084	N/A	100.000	31	0	0	1	31	105	75	Babesia sp. clone 33 small subunit ribosomal RNA gene, partial sequence
cc_rrna_kmer_000021|18S	OR135741.1	35084	N/A	100.000	31	0	0	1	31	117	87	Babesia sp. clone 8.6 small subunit ribosomal RNA gene, partial sequence
cc_rrna_kmer_000021|18S	KC414110.1	88456	N/A	100.000	31	0	0	1	31	255	225	Cyclospora cayetanensis isolate 2304 18S ribosomal RNA gene, partial sequence
cc_rrna_kmer_000021|18S	OR127028.1	2304328	N/A	100.000	31	0	0	1	31	143	113	Piroplasmida sp. clone 82 small subunit ribosomal RNA gene, partial sequence
cc_rrna_kmer_000021|18S	OP751798.1	2304328	N/A	100.000	31	0	0	1	31	215	185	Piroplasmida sp. clone 2 small subunit ribosomal RNA gene, partial sequence
cc_rrna_kmer_000022|28S	EU252544.1	88456	N/A	100.000	31	0	0	1	31	222	192	Cyclospora cayetanensis 28S large subunit ribosomal RNA gene, partial sequence
cc_rrna_kmer_000023|28S	EU252544.1	88456	N/A	100.000	31	0	0	1	31	465	495	Cyclospora cayetanensis 28S large subunit ribosomal RNA gene, partial sequence
cc_rrna_kmer_000024|28S	XR_003297360.1	88456	N/A	100.000	31	0	0	1	31	1080	1050	PREDICTED: Cyclospora cayetanensis large subunit ribosomal RNA (LOC113146729), rRNA
cc_rrna_kmer_000024|28S	EU252544.1	88456	N/A	100.000	31	0	0	1	31	1825	1795	Cyclospora cayetanensis 28S large subunit ribosomal RNA gene, partial sequence
cc_rrna_kmer_000025|28S	EU252544.1	88456	N/A	100.000	31	0	0	1	31	689	659	Cyclospora cayetanensis 28S large subunit ribosomal RNA gene, partial sequence
cc_rrna_kmer_000026|28S	XR_003297360.1	88456	N/A	100.000	31	0	0	1	31	1197	1227	PREDICTED: Cyclospora cayetanensis large subunit ribosomal RNA (LOC113146729), rRNA
cc_rrna_kmer_000027|28S	EU252544.1	88456	N/A	100.000	31	0	0	1	31	273	243	Cyclospora cayetanensis 28S large subunit ribosomal RNA gene, partial sequence
cc_rrna_kmer_000028|28S	XR_003297360.1	88456	N/A	100.000	31	0	0	1	31	2126	2156	PREDICTED: Cyclospora cayetanensis large subunit ribosomal RNA (LOC113146729), rRNA
cc_rrna_kmer_000028|28S	GU593716.1	947543	N/A	100.000	31	0	0	1	31	768	798	Goussia carpelli strain 23 28S ribosomal RNA gene, partial sequence
cc_rrna_kmer_000029|28S	XR_003297360.1	88456	N/A	100.000	31	0	0	1	31	1163	1133	PREDICTED: Cyclospora cayetanensis large subunit ribosomal RNA (LOC113146729), rRNA
cc_rrna_kmer_000029|28S	EU252544.1	88456	N/A	100.000	31	0	0	1	31	1908	1878	Cyclospora cayetanensis 28S large subunit ribosomal RNA gene, partial sequence
cc_rrna_kmer_000030|28S	XR_003297360.1	88456	N/A	100.000	31	0	0	1	31	1148	1178	PREDICTED: Cyclospora cayetanensis large subunit ribosomal RNA (LOC113146729), rRNA
cc_rrna_kmer_000030|28S	EU252544.1	88456	N/A	100.000	31	0	0	1	31	1893	1923	Cyclospora cayetanensis 28S large subunit ribosomal RNA gene, partial sequence
cc_rrna_kmer_000031|28S	EU252544.1	88456	N/A	100.000	31	0	0	1	31	408	438	Cyclospora cayetanensis 28S large subunit ribosomal RNA gene, partial sequence
cc_rrna_kmer_000032|28S	EU252544.1	88456	N/A	100.000	31	0	0	1	31	1845	1815	Cyclospora cayetanensis 28S large subunit ribosomal RNA gene, partial sequence
cc_rrna_kmer_000033|28S	EU252544.1	88456	N/A	100.000	31	0	0	1	31	512	482	Cyclospora cayetanensis 28S large subunit ribosomal RNA gene, partial sequence
cc_rrna_kmer_000034|28S	XR_003297360.1	88456	N/A	100.000	31	0	0	1	31	2075	2105	PREDICTED: Cyclospora cayetanensis large subunit ribosomal RNA (LOC113146729), rRNA
cc_rrna_kmer_000034|28S	PX068896.1	3454605	N/A	100.000	31	0	0	1	31	4950	4980	Dermisichthinium pseudosporum isolate Town small subunit ribosomal RNA gene, partial sequence; internal transcribed spacer 1, 5.8S ribosomal RNA gene, and internal transcribed spacer 2, complete sequence; and large subunit ribosomal RNA gene, partial sequence
cc_rrna_kmer_000035|28S	XR_003297360.1	88456	N/A	100.000	31	0	0	1	31	1208	1238	PREDICTED: Cyclospora cayetanensis large subunit ribosomal RNA (LOC113146729), rRNA
cc_rrna_kmer_000036|28S	EU252544.1	88456	N/A	100.000	31	0	0	1	31	141	171	Cyclospora cayetanensis 28S large subunit ribosomal RNA gene, partial sequence
cc_rrna_kmer_000037|28S	EU252544.1	88456	N/A	100.000	31	0	0	1	31	713	683	Cyclospora cayetanensis 28S large subunit ribosomal RNA gene, partial sequence
cc_rrna_kmer_000038|28S	XR_003297360.1	88456	N/A	100.000	31	0	0	1	31	147	117	PREDICTED: Cyclospora cayetanensis large subunit ribosomal RNA (LOC113146729), rRNA
cc_rrna_kmer_000038|28S	EU252544.1	88456	N/A	100.000	31	0	0	1	31	892	862	Cyclospora cayetanensis 28S large subunit ribosomal RNA gene, partial sequence
cc_rrna_kmer_000039|28S	XR_003297360.1	88456	N/A	100.000	31	0	0	1	31	2164	2134	PREDICTED: Cyclospora cayetanensis large subunit ribosomal RNA (LOC113146729), rRNA
cc_rrna_kmer_000039|28S	GU593716.1	947543	N/A	100.000	31	0	0	1	31	806	776	Goussia carpelli strain 23 28S ribosomal RNA gene, partial sequence
cc_rrna_kmer_000040|28S	XR_011771226.1	125765	N/A	100.000	31	0	0	1	31	1065	1035	PREDICTED: Rutidosis leptorrhynchoides 28S ribosomal RNA (LOC139880400), rRNA
cc_rrna_kmer_000040|28S	XR_003297360.1	88456	N/A	100.000	31	0	0	1	31	434	404	PREDICTED: Cyclospora cayetanensis large subunit ribosomal RNA (LOC113146729), rRNA
cc_rrna_kmer_000040|28S	EU252544.1	88456	N/A	100.000	31	0	0	1	31	1179	1149	Cyclospora cayetanensis 28S large subunit ribosomal RNA gene, partial sequence
cc_rrna_kmer_000040|28S	AP038851.1	142759	N/A	100.000	31	0	0	1	31	5077793	5077823	Solanum cheesmaniae LA0166 DNA, chromosome 2, nearly complete sequence
cc_rrna_kmer_000040|28S	OZ288544.1	669661	N/A	100.000	31	0	0	1	31	126267	126297	Cochlearia groenlandica genome assembly, chromosome: 7
cc_rrna_kmer_000041|28S	AF301386.1	88456	N/A	100.000	31	0	0	1	31	1466	1496	Cyclospora cayetanensis small subunit ribosomal RNA gene, partial sequence; internal transcribed spacer 1, 5.8S ribosomal RNA gene and internal transcribed spacer 2, complete sequence; and large subunit ribosomal RNA gene, partial sequence
cc_rrna_kmer_000041|28S	EU252544.1	88456	N/A	100.000	31	0	0	1	31	5	35	Cyclospora cayetanensis 28S large subunit ribosomal RNA gene, partial sequence
cc_rrna_kmer_000041|28S	AF301391.1	88456	N/A	100.000	31	0	0	1	31	1468	1498	Cyclospora cayetanensis small subunit ribosomal RNA gene, partial sequence; internal transcribed spacer 1, 5.8S ribosomal RNA gene and internal transcribed spacer 2, complete sequence; and large subunit ribosomal RNA gene, partial sequence
cc_rrna_kmer_000042|18S	AB368543.1	88456	N/A	100.000	31	0	0	1	31	68	98	Cyclospora cayetanensis gene for 18S ribosomal RNA, partial sequence, clone: 3
cc_rrna_kmer_000042|18S	KC414111.1	88456	N/A	100.000	31	0	0	1	31	477	507	Cyclospora cayetanensis isolate 1905 18S ribosomal RNA gene, partial sequence
cc_rrna_kmer_000042|18S	AF111183.1	88456	N/A	100.000	31	0	0	1	31	525	555	Cyclospora cayetanensis 18S ribosomal RNA gene, complete sequence
cc_rrna_kmer_000042|18S	KC414107.1	88456	N/A	100.000	31	0	0	1	31	477	507	Cyclospora cayetanensis isolate 2201 18S ribosomal RNA gene, partial sequence
cc_rrna_kmer_000042|18S	KC414106.1	88456	N/A	100.000	31	0	0	1	31	477	507	Cyclospora cayetanensis isolate 2301 18S ribosomal RNA gene, partial sequence
cc_rrna_kmer_000042|18S	AB368541.1	88456	N/A	100.000	31	0	0	1	31	68	98	Cyclospora cayetanensis gene for 18S ribosomal RNA, partial sequence, clone: 1
cc_rrna_kmer_000042|18S	XR_003297358.1	88456	N/A	100.000	31	0	0	1	31	525	555	PREDICTED: Cyclospora cayetanensis small subunit ribosomal RNA (LOC113146722), rRNA
cc_rrna_kmer_000042|18S	KC414112.1	88456	N/A	100.000	31	0	0	1	31	477	507	Cyclospora cayetanensis isolate EC02 18S ribosomal RNA gene, partial sequence
cc_rrna_kmer_000042|18S	KC414105.1	88456	N/A	100.000	31	0	0	1	31	477	507	Cyclospora cayetanensis isolate 2311 18S ribosomal RNA gene, partial sequence
cc_rrna_kmer_000042|18S	AB368542.1	88456	N/A	100.000	31	0	0	1	31	68	98	Cyclospora cayetanensis gene for 18S ribosomal RNA, partial sequence, clone: 2
cc_rrna_kmer_000042|18S	KX618190.1	88456	N/A	100.000	31	0	0	1	31	525	555	Cyclospora cayetanensis 18S small subunit ribosomal RNA gene, partial sequence
cc_rrna_kmer_000042|18S	MW090936.1	88456	N/A	100.000	31	0	0	1	31	486	516	Cyclospora cayetanensis isolate 9041 small subunit ribosomal RNA gene, partial sequence
cc_rrna_kmer_000042|18S	KC414110.1	88456	N/A	100.000	31	0	0	1	31	477	507	Cyclospora cayetanensis isolate 2304 18S ribosomal RNA gene, partial sequence
cc_rrna_kmer_000043|28S	XR_003297360.1	88456	N/A	100.000	31	0	0	1	31	600	570	PREDICTED: Cyclospora cayetanensis large subunit ribosomal RNA (LOC113146729), rRNA
cc_rrna_kmer_000043|28S	EU252544.1	88456	N/A	100.000	31	0	0	1	31	1345	1315	Cyclospora cayetanensis 28S large subunit ribosomal RNA gene, partial sequence
cc_rrna_kmer_000044|28S	AY283845.1	241650	N/A	100.000	31	0	0	1	31	1343	1373	Atoxoplasma sp. MS-2003 large subunit ribosomal RNA gene, partial sequence
cc_rrna_kmer_000044|28S	OR101126.1	3051684	N/A	100.000	31	0	0	1	31	1277	1307	Isospora elliotae isolate 20384 large subunit ribosomal RNA gene, partial sequence
cc_rrna_kmer_000044|28S	AY283863.1	241650	N/A	100.000	31	0	0	1	31	1338	1368	Atoxoplasma sp. MS-2003 large subunit ribosomal RNA gene, partial sequence
cc_rrna_kmer_000044|28S	KT224382.1	1678287	N/A	100.000	31	0	0	1	31	1287	1317	Isospora sp. RY-2015c isolate RBF large subunit ribosomal RNA gene, partial sequence
cc_rrna_kmer_000044|28S	AY283844.1	241650	N/A	100.000	31	0	0	1	31	1343	1373	Atoxoplasma sp. MS-2003 large subunit ribosomal RNA gene, partial sequence
cc_rrna_kmer_000044|28S	AY283862.1	241650	N/A	100.000	31	0	0	1	31	1342	1372	Atoxoplasma sp. MS-2003 large subunit ribosomal RNA gene, partial sequence
cc_rrna_kmer_000044|28S	OA985032.1	2823481	N/A	100.000	31	0	0	1	31	786	816	Isospora sp. Hs2 partial 28S rRNA gene
cc_rrna_kmer_000044|28S	AY283839.1	241650	N/A	100.000	31	0	0	1	31	1352	1382	Atoxoplasma sp. MS-2003 large subunit ribosomal RNA gene, partial sequence
cc_rrna_kmer_000044|28S	AY283858.1	241650	N/A	100.000	31	0	0	1	31	1341	1371	Atoxoplasma sp. MS-2003 large subunit ribosomal RNA gene, partial sequence
cc_rrna_kmer_000044|28S	AY283864.1	241650	N/A	100.000	31	0	0	1	31	1347	1377	Atoxoplasma sp. MS-2003 large subunit ribosomal RNA gene, partial sequence
cc_rrna_kmer_000044|28S	AY283869.1	241650	N/A	100.000	31	0	0	1	31	1349	1379	Atoxoplasma sp. MS-2003 large subunit ribosomal RNA gene, partial sequence
cc_rrna_kmer_000044|28S	AY283868.1	241650	N/A	100.000	31	0	0	1	31	1341	1371	Atoxoplasma sp. MS-2003 large subunit ribosomal RNA gene, partial sequence
cc_rrna_kmer_000044|28S	MW775029.1	2820069	N/A	100.000	31	0	0	1	31	1308	1338	Isospora mayuri isolate 7-Bule-peafowl large subunit ribosomal RNA gene, partial sequence
cc_rrna_kmer_000044|28S	AY283859.1	241650	N/A	100.000	31	0	0	1	31	1343	1373	Atoxoplasma sp. MS-2003 large subunit ribosomal RNA gene, partial sequence
cc_rrna_kmer_000044|28S	KJ634022.1	1565085	N/A	100.000	31	0	0	1	31	872	902	Isospora streperae 28S ribosomal RNA gene, partial sequence
cc_rrna_kmer_000044|28S	AY283847.1	241650	N/A	100.000	31	0	0	1	31	1343	1373	Atoxoplasma sp. MS-2003 large subunit ribosomal RNA gene, partial sequence
cc_rrna_kmer_000044|28S	OA985031.1	2823479	N/A	100.000	31	0	0	1	31	781	811	Isospora sp. Pr2 partial 28S rRNA gene
cc_rrna_kmer_000044|28S	AY283850.1	241650	N/A	100.000	31	0	0	1	31	1338	1368	Atoxoplasma sp. MS-2003 large subunit ribosomal RNA gene, partial sequence
cc_rrna_kmer_000044|28S	KY801686.1	2153390	N/A	100.000	31	0	0	1	31	1271	1301	Isospora butcherae 28S ribosomal RNA gene, partial sequence
cc_rrna_kmer_000044|28S	OQ459343.1	3028803	N/A	100.000	31	0	0	1	31	1267	1297	Eimeria briceae isolate 201909 large subunit ribosomal RNA gene, partial sequence
cc_rrna_kmer_000044|28S	AY283843.1	241650	N/A	100.000	31	0	0	1	31	1345	1375	Atoxoplasma sp. MS-2003 large subunit ribosomal RNA gene, partial sequence
cc_rrna_kmer_000044|28S	OA985026.1	2823474	N/A	100.000	31	0	0	1	31	786	816	Isospora sp. Bclt1 partial 28S rRNA gene
cc_rrna_kmer_000044|28S	AY283866.1	241650	N/A	100.000	31	0	0	1	31	1341	1371	Atoxoplasma sp. MS-2003 large subunit ribosomal RNA gene, partial sequence
cc_rrna_kmer_000044|28S	XR_003297360.1	88456	N/A	100.000	31	0	0	1	31	682	712	PREDICTED: Cyclospora cayetanensis large subunit ribosomal RNA (LOC113146729), rRNA
cc_rrna_kmer_000044|28S	AY283848.1	241650	N/A	100.000	31	0	0	1	31	1343	1373	Atoxoplasma sp. MS-2003 large subunit ribosomal RNA gene, partial sequence
cc_rrna_kmer_000044|28S	AY283849.1	241650	N/A	100.000	31	0	0	1	31	1344	1374	Atoxoplasma sp. MS-2003 large subunit ribosomal RNA gene, partial sequence
cc_rrna_kmer_000044|28S	AY283853.1	241650	N/A	100.000	31	0	0	1	31	1342	1372	Atoxoplasma sp. MS-2003 large subunit ribosomal RNA gene, partial sequence
cc_rrna_kmer_000044|28S	OA985028.1	2823475;2823476	N/A;N/A	100.000	31	0	0	1	31	786	816	Isospora sp. Pc1 partial 28S rRNA gene
cc_rrna_kmer_000044|28S	AY283865.1	241650	N/A	100.000	31	0	0	1	31	1334	1364	Atoxoplasma sp. MS-2003 large subunit ribosomal RNA gene, partial sequence
cc_rrna_kmer_000044|28S	AY283860.1	241650	N/A	100.000	31	0	0	1	31	1343	1373	Atoxoplasma sp. MS-2003 large subunit ribosomal RNA gene, partial sequence
cc_rrna_kmer_000044|28S	AY283857.1	241650	N/A	100.000	31	0	0	1	31	1342	1372	Atoxoplasma sp. MS-2003 large subunit ribosomal RNA gene, partial sequence
cc_rrna_kmer_000044|28S	AY283852.1	241650	N/A	100.000	31	0	0	1	31	1339	1369	Atoxoplasma sp. MS-2003 large subunit ribosomal RNA gene, partial sequence
cc_rrna_kmer_000044|28S	OA985030.1	2823478	N/A	100.000	31	0	0	1	31	783	813	Isospora sp. Pr1 partial 28S rRNA gene
cc_rrna_kmer_000044|28S	AY283854.1	241650	N/A	100.000	31	0	0	1	31	1342	1372	Atoxoplasma sp. MS-2003 large subunit ribosomal RNA gene, partial sequence
cc_rrna_kmer_000044|28S	AY283841.1	241650	N/A	100.000	31	0	0	1	31	1345	1375	Atoxoplasma sp. MS-2003 large subunit ribosomal RNA gene, partial sequence
cc_rrna_kmer_000044|28S	AY283855.1	241650	N/A	100.000	31	0	0	1	31	1341	1371	Atoxoplasma sp. MS-2003 large subunit ribosomal RNA gene, partial sequence
cc_rrna_kmer_000044|28S	MW775031.1	1469499	N/A	100.000	31	0	0	1	31	1316	1346	Eimeria hermani isolate 9-Whooper-swan large subunit ribosomal RNA gene, partial sequence
cc_rrna_kmer_000044|28S	AY283840.1	241650	N/A	100.000	31	0	0	1	31	1346	1376	Atoxoplasma sp. MS-2003 large subunit ribosomal RNA gene, partial sequence
cc_rrna_kmer_000044|28S	OA985027.1	2823473	N/A	100.000	31	0	0	1	31	786	816	Isospora sp. Sgs1 partial 28S rRNA gene
cc_rrna_kmer_000044|28S	AY283867.1	241650	N/A	100.000	31	0	0	1	31	1343	1373	Atoxoplasma sp. MS-2003 large subunit ribosomal RNA gene, partial sequence
cc_rrna_kmer_000044|28S	AY283870.1	241650	N/A	100.000	31	0	0	1	31	1345	1375	Atoxoplasma sp. MS-2003 large subunit ribosomal RNA gene, partial sequence
cc_rrna_kmer_000044|28S	OR266354.1	1743397	N/A	100.000	31	0	0	1	31	556	586	Isospora sp. isolate 28S_Seq18 large subunit ribosomal RNA gene, partial sequence
cc_rrna_kmer_000044|28S	KT726931.1	1743397	N/A	100.000	31	0	0	1	31	1344	1374	Isospora sp. 28S ribosomal RNA gene, partial sequence
cc_rrna_kmer_000044|28S	AY283846.1	241650	N/A	100.000	31	0	0	1	31	1346	1376	Atoxoplasma sp. MS-2003 large subunit ribosomal RNA gene, partial sequence
cc_rrna_kmer_000044|28S	OA985033.1	2823480	N/A	100.000	31	0	0	1	31	787	817	Isospora sp. Hs1 partial 28S rRNA gene
cc_rrna_kmer_000044|28S	AY283851.1	241650	N/A	100.000	31	0	0	1	31	1342	1372	Atoxoplasma sp. MS-2003 large subunit ribosomal RNA gene, partial sequence
cc_rrna_kmer_000044|28S	MW775028.1	2820073	N/A	100.000	31	0	0	1	31	1303	1333	Isospora lacazei isolate 6-Bule-peafowl large subunit ribosomal RNA gene, partial sequence
cc_rrna_kmer_000044|28S	AY283856.1	241650	N/A	100.000	31	0	0	1	31	1343	1373	Atoxoplasma sp. MS-2003 large subunit ribosomal RNA gene, partial sequence
cc_rrna_kmer_000046|28S	XR_003297360.1	88456	N/A	100.000	31	0	0	1	31	591	561	PREDICTED: Cyclospora cayetanensis large subunit ribosomal RNA (LOC113146729), rRNA
cc_rrna_kmer_000046|28S	EU252544.1	88456	N/A	100.000	31	0	0	1	31	1336	1306	Cyclospora cayetanensis 28S large subunit ribosomal RNA gene, partial sequence
cc_rrna_kmer_000047|28S	XR_003297360.1	88456	N/A	100.000	31	0	0	1	31	114	84	PREDICTED: Cyclospora cayetanensis large subunit ribosomal RNA (LOC113146729), rRNA
cc_rrna_kmer_000047|28S	EU252544.1	88456	N/A	100.000	31	0	0	1	31	859	829	Cyclospora cayetanensis 28S large subunit ribosomal RNA gene, partial sequence
cc_rrna_kmer_000048|28S	EU252544.1	88456	N/A	100.000	31	0	0	1	31	278	248	Cyclospora cayetanensis 28S large subunit ribosomal RNA gene, partial sequence
cc_rrna_kmer_000049|28S	XR_003297360.1	88456	N/A	100.000	31	0	0	1	31	152	122	PREDICTED: Cyclospora cayetanensis large subunit ribosomal RNA (LOC113146729), rRNA
cc_rrna_kmer_000049|28S	EU252544.1	88456	N/A	100.000	31	0	0	1	31	897	867	Cyclospora cayetanensis 28S large subunit ribosomal RNA gene, partial sequence
cc_rrna_kmer_000050|28S	XR_003297360.1	88456	N/A	100.000	31	0	0	1	31	180	150	PREDICTED: Cyclospora cayetanensis large subunit ribosomal RNA (LOC113146729), rRNA
cc_rrna_kmer_000050|28S	EU252544.1	88456	N/A	100.000	31	0	0	1	31	925	895	Cyclospora cayetanensis 28S large subunit ribosomal RNA gene, partial sequence
cc_rrna_kmer_000051|28S	EU252544.1	88456	N/A	100.000	31	0	0	1	31	1833	1863	Cyclospora cayetanensis 28S large subunit ribosomal RNA gene, partial sequence
cc_rrna_kmer_000052|28S	XR_003297360.1	88456	N/A	100.000	31	0	0	1	31	43	73	PREDICTED: Cyclospora cayetanensis large subunit ribosomal RNA (LOC113146729), rRNA
cc_rrna_kmer_000052|28S	EU252544.1	88456	N/A	100.000	31	0	0	1	31	788	818	Cyclospora cayetanensis 28S large subunit ribosomal RNA gene, partial sequence
cc_rrna_kmer_000053|28S	PQ742171.1	3384731	N/A	100.000	31	0	0	1	31	6302	6332	Goussia degiustii isolate EE9_EE10_II1 external transcribed spacer, partial sequence; small subunit ribosomal RNA gene, internal transcribed spacer 1, 5.8S ribosomal RNA gene, internal transcribed spacer 2, and large subunit ribosomal RNA gene, complete sequence; and external transcribed spacer, partial sequence
cc_rrna_kmer_000053|28S	XR_003297360.1	88456	N/A	100.000	31	0	0	1	31	2679	2709	PREDICTED: Cyclospora cayetanensis large subunit ribosomal RNA (LOC113146729), rRNA
cc_rrna_kmer_000054|28S	EU252544.1	88456	N/A	100.000	31	0	0	1	31	542	512	Cyclospora cayetanensis 28S large subunit ribosomal RNA gene, partial sequence
cc_rrna_kmer_000055|28S	EU252544.1	88456	N/A	100.000	31	0	0	1	31	668	638	Cyclospora cayetanensis 28S large subunit ribosomal RNA gene, partial sequence
cc_rrna_kmer_000056|28S	XR_003297360.1	88456	N/A	100.000	31	0	0	1	31	108	78	PREDICTED: Cyclospora cayetanensis large subunit ribosomal RNA (LOC113146729), rRNA
cc_rrna_kmer_000056|28S	EU252544.1	88456	N/A	100.000	31	0	0	1	31	853	823	Cyclospora cayetanensis 28S large subunit ribosomal RNA gene, partial sequence
cc_rrna_kmer_000057|28S	XR_003297360.1	88456	N/A	100.000	31	0	0	1	31	464	434	PREDICTED: Cyclospora cayetanensis large subunit ribosomal RNA (LOC113146729), rRNA
cc_rrna_kmer_000057|28S	EU252544.1	88456	N/A	100.000	31	0	0	1	31	1209	1179	Cyclospora cayetanensis 28S large subunit ribosomal RNA gene, partial sequence
cc_rrna_kmer_000058|28S	XR_003297360.1	88456	N/A	100.000	31	0	0	1	31	1890	1860	PREDICTED: Cyclospora cayetanensis large subunit ribosomal RNA (LOC113146729), rRNA
cc_rrna_kmer_000059|28S	XR_003297360.1	88456	N/A	100.000	31	0	0	1	31	122	92	PREDICTED: Cyclospora cayetanensis large subunit ribosomal RNA (LOC113146729), rRNA
cc_rrna_kmer_000059|28S	EU252544.1	88456	N/A	100.000	31	0	0	1	31	867	837	Cyclospora cayetanensis 28S large subunit ribosomal RNA gene, partial sequence
cc_rrna_kmer_000061|28S	XR_003297360.1	88456	N/A	100.000	31	0	0	1	31	2741	2711	PREDICTED: Cyclospora cayetanensis large subunit ribosomal RNA (LOC113146729), rRNA
cc_rrna_kmer_000061|28S	PQ738239.1	5801	N/A	100.000	31	0	0	1	31	6188	6158	Eimeria acervulina small subunit ribosomal RNA gene, partial sequence; internal transcribed spacer 1, 5.8S ribosomal RNA gene, and internal transcribed spacer 2, complete sequence; and large subunit ribosomal RNA gene, partial sequence
cc_rrna_kmer_000062|28S	XR_003297360.1	88456	N/A	100.000	31	0	0	1	31	2596	2626	PREDICTED: Cyclospora cayetanensis large subunit ribosomal RNA (LOC113146729), rRNA
cc_rrna_kmer_000063|28S	XR_003297360.1	88456	N/A	100.000	31	0	0	1	31	793	763	PREDICTED: Cyclospora cayetanensis large subunit ribosomal RNA (LOC113146729), rRNA
cc_rrna_kmer_000063|28S	EU252544.1	88456	N/A	100.000	31	0	0	1	31	1538	1508	Cyclospora cayetanensis 28S large subunit ribosomal RNA gene, partial sequence
cc_rrna_kmer_000064|28S	EU252544.1	88456	N/A	100.000	31	0	0	1	31	524	494	Cyclospora cayetanensis 28S large subunit ribosomal RNA gene, partial sequence
cc_rrna_kmer_000065|18S	XR_003297358.1	88456	N/A	100.000	31	0	0	1	31	259	289	PREDICTED: Cyclospora cayetanensis small subunit ribosomal RNA (LOC113146722), rRNA
cc_rrna_kmer_000066|28S	XR_003297360.1	88456	N/A	100.000	31	0	0	1	31	2560	2590	PREDICTED: Cyclospora cayetanensis large subunit ribosomal RNA (LOC113146729), rRNA
cc_rrna_kmer_000067|28S	MN928848.1	33632	N/A	100.000	31	0	0	1	31	882	912	Babesia gibsoni isolate XABg8 18S ribosomal RNA gene, partial sequence; internal transcribed spacer 1, 5.8S ribosomal RNA gene, and internal transcribed spacer 2, complete sequence; and 28S ribosomal RNA gene, partial sequence
cc_rrna_kmer_000067|28S	KP666154.1	33632	N/A	100.000	31	0	0	1	31	883	913	Babesia gibsoni isolate WH123 18S ribosomal RNA gene, partial sequence; internal transcribed spacer 1, 5.8S ribosomal RNA gene, and internal transcribed spacer 2, complete sequence; and 28S ribosomal RNA gene, partial sequence
cc_rrna_kmer_000067|28S	PQ742171.1	3384731	N/A	100.000	31	0	0	1	31	2923	2953	Goussia degiustii isolate EE9_EE10_II1 external transcribed spacer, partial sequence; small subunit ribosomal RNA gene, internal transcribed spacer 1, 5.8S ribosomal RNA gene, internal transcribed spacer 2, and large subunit ribosomal RNA gene, complete sequence; and external transcribed spacer, partial sequence
cc_rrna_kmer_000067|28S	AY331567.1	241650	N/A	100.000	31	0	0	1	31	915	945	Atoxoplasma sp. MS-2003 from Finchbill small subunit ribosomal RNA gene, partial sequence; internal transcribed spacer 1, 5.8S ribosomal RNA gene, and internal transcribed spacer 2, complete sequence; and large subunit ribosomal RNA gene, partial sequence
cc_rrna_kmer_000067|28S	KP666147.1	33632	N/A	100.000	31	0	0	1	31	882	912	Babesia gibsoni isolate WH82 18S ribosomal RNA gene, partial sequence; internal transcribed spacer 1, 5.8S ribosomal RNA gene, and internal transcribed spacer 2, complete sequence; and 28S ribosomal RNA gene, partial sequence
cc_rrna_kmer_000067|28S	KP666145.1	33632	N/A	100.000	31	0	0	1	31	882	912	Babesia gibsoni isolate WH61 18S ribosomal RNA gene, partial sequence; internal transcribed spacer 1, 5.8S ribosomal RNA gene, and internal transcribed spacer 2, complete sequence; and 28S ribosomal RNA gene, partial sequence
cc_rrna_kmer_000067|28S	MN928845.1	33632	N/A	100.000	31	0	0	1	31	882	912	Babesia gibsoni isolate HZBg40 18S ribosomal RNA gene, partial sequence; internal transcribed spacer 1, 5.8S ribosomal RNA gene, and internal transcribed spacer 2, complete sequence; and 28S ribosomal RNA gene, partial sequence
cc_rrna_kmer_000067|28S	MN928844.1	33632	N/A	100.000	31	0	0	1	31	882	912	Babesia gibsoni isolate XABg6 18S ribosomal RNA gene, partial sequence; internal transcribed spacer 1, 5.8S ribosomal RNA gene, and internal transcribed spacer 2, complete sequence; and 28S ribosomal RNA gene, partial sequence
cc_rrna_kmer_000067|28S	OK091618.1	33632	N/A	100.000	31	0	0	1	31	878	908	Babesia gibsoni voucher HFBg03 small subunit ribosomal RNA gene, partial sequence; internal transcribed spacer 1, 5.8S ribosomal RNA gene, and internal transcribed spacer 2, complete sequence; and large subunit ribosomal RNA gene, partial sequence
cc_rrna_kmer_000067|28S	MN928843.1	33632	N/A	100.000	31	0	0	1	31	882	912	Babesia gibsoni isolate XABg76 18S ribosomal RNA gene, partial sequence; internal transcribed spacer 1, 5.8S ribosomal RNA gene, and internal transcribed spacer 2, complete sequence; and 28S ribosomal RNA gene, partial sequence
cc_rrna_kmer_000067|28S	AY283850.1	241650	N/A	100.000	31	0	0	1	31	17	47	Atoxoplasma sp. MS-2003 large subunit ribosomal RNA gene, partial sequence
cc_rrna_kmer_000067|28S	OK091616.1	33632	N/A	100.000	31	0	0	1	31	878	908	Babesia gibsoni voucher HFBg01 small subunit ribosomal RNA gene, partial sequence; internal transcribed spacer 1, 5.8S ribosomal RNA gene, and internal transcribed spacer 2, complete sequence; and large subunit ribosomal RNA gene, partial sequence
cc_rrna_kmer_000067|28S	MN928836.1	33632	N/A	100.000	31	0	0	1	31	882	912	Babesia gibsoni isolate XABg5 18S ribosomal RNA gene, partial sequence; internal transcribed spacer 1, 5.8S ribosomal RNA gene, and internal transcribed spacer 2, complete sequence; and 28S ribosomal RNA gene, partial sequence
cc_rrna_kmer_000067|28S	KP666150.1	33632	N/A	100.000	31	0	0	1	31	882	912	Babesia gibsoni isolate WH114 18S ribosomal RNA gene, partial sequence; internal transcribed spacer 1, 5.8S ribosomal RNA gene, and internal transcribed spacer 2, complete sequence; and 28S ribosomal RNA gene, partial sequence
cc_rrna_kmer_000067|28S	MN928834.1	33632	N/A	100.000	31	0	0	1	31	882	912	Babesia gibsoni isolate XABg68 18S ribosomal RNA gene, partial sequence; internal transcribed spacer 1, 5.8S ribosomal RNA gene, and internal transcribed spacer 2, complete sequence; and 28S ribosomal RNA gene, partial sequence
cc_rrna_kmer_000067|28S	KP666146.1	33632	N/A	100.000	31	0	0	1	31	882	912	Babesia gibsoni isolate WH71 18S ribosomal RNA gene, partial sequence; internal transcribed spacer 1, 5.8S ribosomal RNA gene, and internal transcribed spacer 2, complete sequence; and 28S ribosomal RNA gene, partial sequence
cc_rrna_kmer_000067|28S	KP666152.1	33632	N/A	100.000	31	0	0	1	31	882	912	Babesia gibsoni isolate WH120 18S ribosomal RNA gene, partial sequence; internal transcribed spacer 1, 5.8S ribosomal RNA gene, and internal transcribed spacer 2, complete sequence; and 28S ribosomal RNA gene, partial sequence
cc_rrna_kmer_000067|28S	KP666149.1	33632	N/A	100.000	31	0	0	1	31	882	912	Babesia gibsoni isolate WH91 18S ribosomal RNA gene, partial sequence; internal transcribed spacer 1, 5.8S ribosomal RNA gene, and internal transcribed spacer 2, complete sequence; and 28S ribosomal RNA gene, partial sequence
cc_rrna_kmer_000067|28S	MN928851.1	33632	N/A	100.000	31	0	0	1	31	882	912	Babesia gibsoni isolate HZBg9 18S ribosomal RNA gene, partial sequence; internal transcribed spacer 1, 5.8S ribosomal RNA gene, and internal transcribed spacer 2, complete sequence; and 28S ribosomal RNA gene, partial sequence
cc_rrna_kmer_000067|28S	MN928847.1	33632	N/A	100.000	31	0	0	1	31	882	912	Babesia gibsoni isolate HZBg4 18S ribosomal RNA gene, partial sequence; internal transcribed spacer 1, 5.8S ribosomal RNA gene, and internal transcribed spacer 2, complete sequence; and 28S ribosomal RNA gene, partial sequence
cc_rrna_kmer_000067|28S	KP666151.1	33632	N/A	100.000	31	0	0	1	31	882	912	Babesia gibsoni isolate WH110 18S ribosomal RNA gene, partial sequence; internal transcribed spacer 1, 5.8S ribosomal RNA gene, and internal transcribed spacer 2, complete sequence; and 28S ribosomal RNA gene, partial sequence
cc_rrna_kmer_000067|28S	KP666143.1	33632	N/A	100.000	31	0	0	1	31	882	912	Babesia gibsoni isolate WH56 18S ribosomal RNA gene, partial sequence; internal transcribed spacer 1, 5.8S ribosomal RNA gene, and internal transcribed spacer 2, complete sequence; and 28S ribosomal RNA gene, partial sequence
cc_rrna_kmer_000067|28S	MN928850.1	33632	N/A	100.000	31	0	0	1	31	882	912	Babesia gibsoni isolate XABg35 18S ribosomal RNA gene, partial sequence; internal transcribed spacer 1, 5.8S ribosomal RNA gene, and internal transcribed spacer 2, complete sequence; and 28S ribosomal RNA gene, partial sequence
cc_rrna_kmer_000067|28S	AY283865.1	241650	N/A	100.000	31	0	0	1	31	17	47	Atoxoplasma sp. MS-2003 large subunit ribosomal RNA gene, partial sequence
cc_rrna_kmer_000067|28S	KP666144.1	33632	N/A	100.000	31	0	0	1	31	882	912	Babesia gibsoni isolate WH58 18S ribosomal RNA gene, partial sequence; internal transcribed spacer 1, 5.8S ribosomal RNA gene, and internal transcribed spacer 2, complete sequence; and 28S ribosomal RNA gene, partial sequence
cc_rrna_kmer_000067|28S	MN928842.1	33632	N/A	100.000	31	0	0	1	31	882	912	Babesia gibsoni isolate HZBg21 18S ribosomal RNA gene, partial sequence; internal transcribed spacer 1, 5.8S ribosomal RNA gene, and internal transcribed spacer 2, complete sequence; and 28S ribosomal RNA gene, partial sequence
cc_rrna_kmer_000067|28S	MN928837.1	33632	N/A	100.000	31	0	0	1	31	882	912	Babesia gibsoni isolate XABg14 18S ribosomal RNA gene, partial sequence; internal transcribed spacer 1, 5.8S ribosomal RNA gene, and internal transcribed spacer 2, complete sequence; and 28S ribosomal RNA gene, partial sequence
cc_rrna_kmer_000067|28S	MN928846.1	33632	N/A	100.000	31	0	0	1	31	882	912	Babesia gibsoni isolate HZBg42 18S ribosomal RNA gene, partial sequence; internal transcribed spacer 1, 5.8S ribosomal RNA gene, and internal transcribed spacer 2, complete sequence; and 28S ribosomal RNA gene, partial sequence
cc_rrna_kmer_000067|28S	KP666142.1	33632	N/A	100.000	31	0	0	1	31	885	915	Babesia gibsoni isolate WH54 18S ribosomal RNA gene, partial sequence; internal transcribed spacer 1, 5.8S ribosomal RNA gene, and internal transcribed spacer 2, complete sequence; and 28S ribosomal RNA gene, partial sequence
cc_rrna_kmer_000067|28S	MN928841.1	33632	N/A	100.000	31	0	0	1	31	882	912	Babesia gibsoni isolate HZBg20 18S ribosomal RNA gene, partial sequence; internal transcribed spacer 1, 5.8S ribosomal RNA gene, and internal transcribed spacer 2, complete sequence; and 28S ribosomal RNA gene, partial sequence
cc_rrna_kmer_000067|28S	KP666153.1	33632	N/A	100.000	31	0	0	1	31	882	912	Babesia gibsoni isolate WH121 18S ribosomal RNA gene, partial sequence; internal transcribed spacer 1, 5.8S ribosomal RNA gene, and internal transcribed spacer 2, complete sequence; and 28S ribosomal RNA gene, partial sequence
cc_rrna_kmer_000067|28S	MN928840.1	33632	N/A	100.000	31	0	0	1	31	882	912	Babesia gibsoni isolate XABg57 18S ribosomal RNA gene, partial sequence; internal transcribed spacer 1, 5.8S ribosomal RNA gene, and internal transcribed spacer 2, complete sequence; and 28S ribosomal RNA gene, partial sequence
cc_rrna_kmer_000067|28S	KP666141.1	33632	N/A	100.000	31	0	0	1	31	882	912	Babesia gibsoni isolate WH35 18S ribosomal RNA gene, partial sequence; internal transcribed spacer 1, 5.8S ribosomal RNA gene, and internal transcribed spacer 2, complete sequence; and 28S ribosomal RNA gene, partial sequence
cc_rrna_kmer_000067|28S	OK091619.1	33632	N/A	100.000	31	0	0	1	31	878	908	Babesia gibsoni voucher AQBg03 small subunit ribosomal RNA gene, partial sequence; internal transcribed spacer 1, 5.8S ribosomal RNA gene, and internal transcribed spacer 2, complete sequence; and large subunit ribosomal RNA gene, partial sequence
cc_rrna_kmer_000067|28S	MN928849.1	33632	N/A	100.000	31	0	0	1	31	882	912	Babesia gibsoni isolate XABg43 18S ribosomal RNA gene, partial sequence; internal transcribed spacer 1, 5.8S ribosomal RNA gene, and internal transcribed spacer 2, complete sequence; and 28S ribosomal RNA gene, partial sequence
cc_rrna_kmer_000067|28S	EU252544.1	88456	N/A	100.000	31	0	0	1	31	97	127	Cyclospora cayetanensis 28S large subunit ribosomal RNA gene, partial sequence
cc_rrna_kmer_000067|28S	OK091617.1	33632	N/A	100.000	31	0	0	1	31	878	908	Babesia gibsoni voucher HFBg02 small subunit ribosomal RNA gene, partial sequence; internal transcribed spacer 1, 5.8S ribosomal RNA gene, and internal transcribed spacer 2, complete sequence; and large subunit ribosomal RNA gene, partial sequence
cc_rrna_kmer_000067|28S	MN928839.1	33632	N/A	100.000	31	0	0	1	31	882	912	Babesia gibsoni isolate HZBg27 18S ribosomal RNA gene, partial sequence; internal transcribed spacer 1, 5.8S ribosomal RNA gene, and internal transcribed spacer 2, complete sequence; and 28S ribosomal RNA gene, partial sequence
cc_rrna_kmer_000067|28S	MN928835.1	33632	N/A	100.000	31	0	0	1	31	882	912	Babesia gibsoni isolate HZBg11 18S ribosomal RNA gene, partial sequence; internal transcribed spacer 1, 5.8S ribosomal RNA gene, and internal transcribed spacer 2, complete sequence; and 28S ribosomal RNA gene, partial sequence
cc_rrna_kmer_000067|28S	AY331570.1	241650	N/A	100.000	31	0	0	1	31	549	579	Atoxoplasma sp. MS-2003 from Javan ruby-throated bulbul small subunit ribosomal RNA gene, partial sequence; internal transcribed spacer 1, 5.8S ribosomal RNA gene, and internal transcribed spacer 2, complete sequence; and large subunit ribosomal RNA gene, partial sequence
cc_rrna_kmer_000068|28S	AY283845.1	241650	N/A	100.000	31	0	0	1	31	1366	1336	Atoxoplasma sp. MS-2003 large subunit ribosomal RNA gene, partial sequence
cc_rrna_kmer_000068|28S	OR101126.1	3051684	N/A	100.000	31	0	0	1	31	1300	1270	Isospora elliotae isolate 20384 large subunit ribosomal RNA gene, partial sequence
cc_rrna_kmer_000068|28S	AY283863.1	241650	N/A	100.000	31	0	0	1	31	1361	1331	Atoxoplasma sp. MS-2003 large subunit ribosomal RNA gene, partial sequence
cc_rrna_kmer_000068|28S	KT224382.1	1678287	N/A	100.000	31	0	0	1	31	1310	1280	Isospora sp. RY-2015c isolate RBF large subunit ribosomal RNA gene, partial sequence
cc_rrna_kmer_000068|28S	AY283844.1	241650	N/A	100.000	31	0	0	1	31	1366	1336	Atoxoplasma sp. MS-2003 large subunit ribosomal RNA gene, partial sequence
cc_rrna_kmer_000068|28S	AY283862.1	241650	N/A	100.000	31	0	0	1	31	1365	1335	Atoxoplasma sp. MS-2003 large subunit ribosomal RNA gene, partial sequence
cc_rrna_kmer_000068|28S	OA985032.1	2823481	N/A	100.000	31	0	0	1	31	809	779	Isospora sp. Hs2 partial 28S rRNA gene
cc_rrna_kmer_000068|28S	AY283839.1	241650	N/A	100.000	31	0	0	1	31	1375	1345	Atoxoplasma sp. MS-2003 large subunit ribosomal RNA gene, partial sequence
cc_rrna_kmer_000068|28S	AY283858.1	241650	N/A	100.000	31	0	0	1	31	1364	1334	Atoxoplasma sp. MS-2003 large subunit ribosomal RNA gene, partial sequence
cc_rrna_kmer_000068|28S	AY283864.1	241650	N/A	100.000	31	0	0	1	31	1370	1340	Atoxoplasma sp. MS-2003 large subunit ribosomal RNA gene, partial sequence
cc_rrna_kmer_000068|28S	AY283869.1	241650	N/A	100.000	31	0	0	1	31	1372	1342	Atoxoplasma sp. MS-2003 large subunit ribosomal RNA gene, partial sequence
cc_rrna_kmer_000068|28S	AY283868.1	241650	N/A	100.000	31	0	0	1	31	1364	1334	Atoxoplasma sp. MS-2003 large subunit ribosomal RNA gene, partial sequence
cc_rrna_kmer_000068|28S	MW775029.1	2820069	N/A	100.000	31	0	0	1	31	1331	1301	Isospora mayuri isolate 7-Bule-peafowl large subunit ribosomal RNA gene, partial sequence
cc_rrna_kmer_000068|28S	AY283859.1	241650	N/A	100.000	31	0	0	1	31	1366	1336	Atoxoplasma sp. MS-2003 large subunit ribosomal RNA gene, partial sequence
cc_rrna_kmer_000068|28S	KJ634022.1	1565085	N/A	100.000	31	0	0	1	31	895	865	Isospora streperae 28S ribosomal RNA gene, partial sequence
cc_rrna_kmer_000068|28S	AY283847.1	241650	N/A	100.000	31	0	0	1	31	1366	1336	Atoxoplasma sp. MS-2003 large subunit ribosomal RNA gene, partial sequence
cc_rrna_kmer_000068|28S	OA985031.1	2823479	N/A	100.000	31	0	0	1	31	804	774	Isospora sp. Pr2 partial 28S rRNA gene
cc_rrna_kmer_000068|28S	AY283850.1	241650	N/A	100.000	31	0	0	1	31	1361	1331	Atoxoplasma sp. MS-2003 large subunit ribosomal RNA gene, partial sequence
cc_rrna_kmer_000068|28S	KY801686.1	2153390	N/A	100.000	31	0	0	1	31	1294	1264	Isospora butcherae 28S ribosomal RNA gene, partial sequence
cc_rrna_kmer_000068|28S	AY283843.1	241650	N/A	100.000	31	0	0	1	31	1368	1338	Atoxoplasma sp. MS-2003 large subunit ribosomal RNA gene, partial sequence
cc_rrna_kmer_000068|28S	OA985026.1	2823474	N/A	100.000	31	0	0	1	31	809	779	Isospora sp. Bclt1 partial 28S rRNA gene
cc_rrna_kmer_000068|28S	AY283866.1	241650	N/A	100.000	31	0	0	1	31	1364	1334	Atoxoplasma sp. MS-2003 large subunit ribosomal RNA gene, partial sequence
cc_rrna_kmer_000068|28S	XR_003297360.1	88456	N/A	100.000	31	0	0	1	31	705	675	PREDICTED: Cyclospora cayetanensis large subunit ribosomal RNA (LOC113146729), rRNA
cc_rrna_kmer_000068|28S	AY283848.1	241650	N/A	100.000	31	0	0	1	31	1366	1336	Atoxoplasma sp. MS-2003 large subunit ribosomal RNA gene, partial sequence
cc_rrna_kmer_000068|28S	AY283849.1	241650	N/A	100.000	31	0	0	1	31	1367	1337	Atoxoplasma sp. MS-2003 large subunit ribosomal RNA gene, partial sequence
cc_rrna_kmer_000068|28S	AY283853.1	241650	N/A	100.000	31	0	0	1	31	1365	1335	Atoxoplasma sp. MS-2003 large subunit ribosomal RNA gene, partial sequence
cc_rrna_kmer_000068|28S	OA985028.1	2823475;2823476	N/A;N/A	100.000	31	0	0	1	31	809	779	Isospora sp. Pc1 partial 28S rRNA gene
cc_rrna_kmer_000068|28S	AY283865.1	241650	N/A	100.000	31	0	0	1	31	1357	1327	Atoxoplasma sp. MS-2003 large subunit ribosomal RNA gene, partial sequence
cc_rrna_kmer_000068|28S	AY283860.1	241650	N/A	100.000	31	0	0	1	31	1366	1336	Atoxoplasma sp. MS-2003 large subunit ribosomal RNA gene, partial sequence
cc_rrna_kmer_000068|28S	AY283857.1	241650	N/A	100.000	31	0	0	1	31	1365	1335	Atoxoplasma sp. MS-2003 large subunit ribosomal RNA gene, partial sequence
cc_rrna_kmer_000068|28S	AY283852.1	241650	N/A	100.000	31	0	0	1	31	1362	1332	Atoxoplasma sp. MS-2003 large subunit ribosomal RNA gene, partial sequence
cc_rrna_kmer_000068|28S	OA985030.1	2823478	N/A	100.000	31	0	0	1	31	806	776	Isospora sp. Pr1 partial 28S rRNA gene
cc_rrna_kmer_000068|28S	AY283854.1	241650	N/A	100.000	31	0	0	1	31	1365	1335	Atoxoplasma sp. MS-2003 large subunit ribosomal RNA gene, partial sequence
cc_rrna_kmer_000068|28S	AY283841.1	241650	N/A	100.000	31	0	0	1	31	1368	1338	Atoxoplasma sp. MS-2003 large subunit ribosomal RNA gene, partial sequence
cc_rrna_kmer_000068|28S	AY283855.1	241650	N/A	100.000	31	0	0	1	31	1364	1334	Atoxoplasma sp. MS-2003 large subunit ribosomal RNA gene, partial sequence
cc_rrna_kmer_000068|28S	MW775031.1	1469499	N/A	100.000	31	0	0	1	31	1339	1309	Eimeria hermani isolate 9-Whooper-swan large subunit ribosomal RNA gene, partial sequence
cc_rrna_kmer_000068|28S	AY283840.1	241650	N/A	100.000	31	0	0	1	31	1369	1339	Atoxoplasma sp. MS-2003 large subunit ribosomal RNA gene, partial sequence
cc_rrna_kmer_000068|28S	OA985027.1	2823473	N/A	100.000	31	0	0	1	31	809	779	Isospora sp. Sgs1 partial 28S rRNA gene
cc_rrna_kmer_000068|28S	AY283867.1	241650	N/A	100.000	31	0	0	1	31	1366	1336	Atoxoplasma sp. MS-2003 large subunit ribosomal RNA gene, partial sequence
cc_rrna_kmer_000068|28S	AY283870.1	241650	N/A	100.000	31	0	0	1	31	1368	1338	Atoxoplasma sp. MS-2003 large subunit ribosomal RNA gene, partial sequence
cc_rrna_kmer_000068|28S	OR266354.1	1743397	N/A	100.000	31	0	0	1	31	579	549	Isospora sp. isolate 28S_Seq18 large subunit ribosomal RNA gene, partial sequence
cc_rrna_kmer_000068|28S	KT726931.1	1743397	N/A	100.000	31	0	0	1	31	1367	1337	Isospora sp. 28S ribosomal RNA gene, partial sequence
cc_rrna_kmer_000068|28S	AY283846.1	241650	N/A	100.000	31	0	0	1	31	1369	1339	Atoxoplasma sp. MS-2003 large subunit ribosomal RNA gene, partial sequence
cc_rrna_kmer_000068|28S	OA985033.1	2823480	N/A	100.000	31	0	0	1	31	810	780	Isospora sp. Hs1 partial 28S rRNA gene
cc_rrna_kmer_000068|28S	AY283851.1	241650	N/A	100.000	31	0	0	1	31	1365	1335	Atoxoplasma sp. MS-2003 large subunit ribosomal RNA gene, partial sequence
cc_rrna_kmer_000068|28S	MW775028.1	2820073	N/A	100.000	31	0	0	1	31	1326	1296	Isospora lacazei isolate 6-Bule-peafowl large subunit ribosomal RNA gene, partial sequence
cc_rrna_kmer_000068|28S	AY283856.1	241650	N/A	100.000	31	0	0	1	31	1366	1336	Atoxoplasma sp. MS-2003 large subunit ribosomal RNA gene, partial sequence
cc_rrna_kmer_000070|28S	XR_003297360.1	88456	N/A	100.000	31	0	0	1	31	940	970	PREDICTED: Cyclospora cayetanensis large subunit ribosomal RNA (LOC113146729), rRNA
cc_rrna_kmer_000070|28S	EU252544.1	88456	N/A	100.000	31	0	0	1	31	1685	1715	Cyclospora cayetanensis 28S large subunit ribosomal RNA gene, partial sequence
cc_rrna_kmer_000071|28S	XR_003297360.1	88456	N/A	100.000	31	0	0	1	31	2550	2520	PREDICTED: Cyclospora cayetanensis large subunit ribosomal RNA (LOC113146729), rRNA
cc_rrna_kmer_000072|28S	EU252544.1	88456	N/A	100.000	31	0	0	1	31	233	263	Cyclospora cayetanensis 28S large subunit ribosomal RNA gene, partial sequence
cc_rrna_kmer_000073|18S	OR135740.1	35084	N/A	100.000	31	0	0	1	31	113	83	Babesia sp. clone 8.3 small subunit ribosomal RNA gene, partial sequence
cc_rrna_kmer_000073|18S	KC414111.1	88456	N/A	100.000	31	0	0	1	31	254	224	Cyclospora cayetanensis isolate 1905 18S ribosomal RNA gene, partial sequence
cc_rrna_kmer_000073|18S	OP751799.1	2304328	N/A	100.000	31	0	0	1	31	253	223	Piroplasmida sp. clone 3 small subunit ribosomal RNA gene, partial sequence
cc_rrna_kmer_000073|18S	OR127035.1	2304328	N/A	100.000	31	0	0	1	31	40	10	Piroplasmida sp. clone 215 small subunit ribosomal RNA gene, partial sequence
cc_rrna_kmer_000073|18S	OR135733.1	35084	N/A	100.000	31	0	0	1	31	152	122	Babesia sp. clone 8.1 small subunit ribosomal RNA gene, partial sequence
cc_rrna_kmer_000073|18S	XR_003297358.1	88456	N/A	100.000	31	0	0	1	31	302	272	PREDICTED: Cyclospora cayetanensis small subunit ribosomal RNA (LOC113146722), rRNA
cc_rrna_kmer_000073|18S	OR135734.1	35084	N/A	100.000	31	0	0	1	31	160	130	Babesia sp. clone 8.5 small subunit ribosomal RNA gene, partial sequence
cc_rrna_kmer_000073|18S	OR127024.1	2304328	N/A	100.000	31	0	0	1	31	66	36	Piroplasmida sp. clone 8 small subunit ribosomal RNA gene, partial sequence
cc_rrna_kmer_000073|18S	OP751800.1	2304328	N/A	100.000	31	0	0	1	31	248	218	Piroplasmida sp. clone 4 small subunit ribosomal RNA gene, partial sequence
cc_rrna_kmer_000073|18S	OP751797.1	2304328	N/A	100.000	31	0	0	1	31	253	223	Piroplasmida sp. clone 1 small subunit ribosomal RNA gene, partial sequence
cc_rrna_kmer_000073|18S	OR127027.1	2304328	N/A	100.000	31	0	0	1	31	80	50	Piroplasmida sp. clone 65 small subunit ribosomal RNA gene, partial sequence
cc_rrna_kmer_000073|18S	OQ787671.1	35084	N/A	100.000	31	0	0	1	31	104	74	Babesia sp. clone 33 small subunit ribosomal RNA gene, partial sequence
cc_rrna_kmer_000073|18S	OR135741.1	35084	N/A	100.000	31	0	0	1	31	116	86	Babesia sp. clone 8.6 small subunit ribosomal RNA gene, partial sequence
cc_rrna_kmer_000073|18S	KC414110.1	88456	N/A	100.000	31	0	0	1	31	254	224	Cyclospora cayetanensis isolate 2304 18S ribosomal RNA gene, partial sequence
cc_rrna_kmer_000073|18S	OR127028.1	2304328	N/A	100.000	31	0	0	1	31	142	112	Piroplasmida sp. clone 82 small subunit ribosomal RNA gene, partial sequence
cc_rrna_kmer_000073|18S	OP751798.1	2304328	N/A	100.000	31	0	0	1	31	214	184	Piroplasmida sp. clone 2 small subunit ribosomal RNA gene, partial sequence
cc_rrna_kmer_000074|28S	EU252544.1	88456	N/A	100.000	31	0	0	1	31	221	191	Cyclospora cayetanensis 28S large subunit ribosomal RNA gene, partial sequence
cc_rrna_kmer_000075|18S	AF111183.1	88456	N/A	100.000	31	0	0	1	31	1720	1690	Cyclospora cayetanensis 18S ribosomal RNA gene, complete sequence
cc_rrna_kmer_000075|18S	XR_003297358.1	88456	N/A	100.000	31	0	0	1	31	1720	1690	PREDICTED: Cyclospora cayetanensis small subunit ribosomal RNA (LOC113146722), rRNA
cc_rrna_kmer_000075|18S	KX618190.1	88456	N/A	100.000	31	0	0	1	31	1720	1690	Cyclospora cayetanensis 18S small subunit ribosomal RNA gene, partial sequence
cc_rrna_kmer_000076|28S	EU252544.1	88456	N/A	100.000	31	0	0	1	31	688	658	Cyclospora cayetanensis 28S large subunit ribosomal RNA gene, partial sequence
cc_rrna_kmer_000077|28S	XR_003297360.1	88456	N/A	100.000	31	0	0	1	31	1087	1057	PREDICTED: Cyclospora cayetanensis large subunit ribosomal RNA (LOC113146729), rRNA
cc_rrna_kmer_000077|28S	EU252544.1	88456	N/A	100.000	31	0	0	1	31	1832	1802	Cyclospora cayetanensis 28S large subunit ribosomal RNA gene, partial sequence
cc_rrna_kmer_000078|28S	XR_003297360.1	88456	N/A	100.000	31	0	0	1	31	767	797	PREDICTED: Cyclospora cayetanensis large subunit ribosomal RNA (LOC113146729), rRNA
cc_rrna_kmer_000078|28S	EU252544.1	88456	N/A	100.000	31	0	0	1	31	1512	1542	Cyclospora cayetanensis 28S large subunit ribosomal RNA gene, partial sequence
cc_rrna_kmer_000079|28S	EU252544.1	88456	N/A	100.000	31	0	0	1	31	421	451	Cyclospora cayetanensis 28S large subunit ribosomal RNA gene, partial sequence
cc_rrna_kmer_000080|28S	XR_003297360.1	88456	N/A	100.000	31	0	0	1	31	1198	1228	PREDICTED: Cyclospora cayetanensis large subunit ribosomal RNA (LOC113146729), rRNA
cc_rrna_kmer_000081|28S	XR_003297360.1	88456	N/A	100.000	31	0	0	1	31	1084	1054	PREDICTED: Cyclospora cayetanensis large subunit ribosomal RNA (LOC113146729), rRNA
cc_rrna_kmer_000081|28S	EU252544.1	88456	N/A	100.000	31	0	0	1	31	1829	1799	Cyclospora cayetanensis 28S large subunit ribosomal RNA gene, partial sequence
cc_rrna_kmer_000082|18S	AF111183.1	88456	N/A	100.000	31	0	0	1	31	1699	1669	Cyclospora cayetanensis 18S ribosomal RNA gene, complete sequence
cc_rrna_kmer_000082|18S	XR_003297358.1	88456	N/A	100.000	31	0	0	1	31	1699	1669	PREDICTED: Cyclospora cayetanensis small subunit ribosomal RNA (LOC113146722), rRNA
cc_rrna_kmer_000082|18S	KX618190.1	88456	N/A	100.000	31	0	0	1	31	1699	1669	Cyclospora cayetanensis 18S small subunit ribosomal RNA gene, partial sequence
cc_rrna_kmer_000083|28S	EU252544.1	88456	N/A	100.000	31	0	0	1	31	519	489	Cyclospora cayetanensis 28S large subunit ribosomal RNA gene, partial sequence
cc_rrna_kmer_000084|28S	EU252544.1	88456	N/A	100.000	31	0	0	1	31	272	242	Cyclospora cayetanensis 28S large subunit ribosomal RNA gene, partial sequence
cc_rrna_kmer_000085|28S	XR_003297360.1	88456	N/A	100.000	31	0	0	1	31	2525	2555	PREDICTED: Cyclospora cayetanensis large subunit ribosomal RNA (LOC113146729), rRNA
cc_rrna_kmer_000086|28S	XR_003297360.1	88456	N/A	100.000	31	0	0	1	31	1922	1892	PREDICTED: Cyclospora cayetanensis large subunit ribosomal RNA (LOC113146729), rRNA
cc_rrna_kmer_000087|28S	XR_003297360.1	88456	N/A	100.000	31	0	0	1	31	68	98	PREDICTED: Cyclospora cayetanensis large subunit ribosomal RNA (LOC113146729), rRNA
cc_rrna_kmer_000087|28S	EU252544.1	88456	N/A	100.000	31	0	0	1	31	813	843	Cyclospora cayetanensis 28S large subunit ribosomal RNA gene, partial sequence
cc_rrna_kmer_000088|28S	XR_003297360.1	88456	N/A	100.000	31	0	0	1	31	960	930	PREDICTED: Cyclospora cayetanensis large subunit ribosomal RNA (LOC113146729), rRNA
cc_rrna_kmer_000088|28S	EU252544.1	88456	N/A	100.000	31	0	0	1	31	1705	1675	Cyclospora cayetanensis 28S large subunit ribosomal RNA gene, partial sequence
cc_rrna_kmer_000089|28S	XR_003297360.1	88456	N/A	100.000	31	0	0	1	31	379	409	PREDICTED: Cyclospora cayetanensis large subunit ribosomal RNA (LOC113146729), rRNA
cc_rrna_kmer_000089|28S	EU252544.1	88456	N/A	100.000	31	0	0	1	31	1124	1154	Cyclospora cayetanensis 28S large subunit ribosomal RNA gene, partial sequence
cc_rrna_kmer_000090|28S	XR_003297360.1	88456	N/A	100.000	31	0	0	1	31	928	958	PREDICTED: Cyclospora cayetanensis large subunit ribosomal RNA (LOC113146729), rRNA
cc_rrna_kmer_000090|28S	EU252544.1	88456	N/A	100.000	31	0	0	1	31	1673	1703	Cyclospora cayetanensis 28S large subunit ribosomal RNA gene, partial sequence
cc_rrna_kmer_000091|28S	XR_003297360.1	88456	N/A	100.000	31	0	0	1	31	1068	1098	PREDICTED: Cyclospora cayetanensis large subunit ribosomal RNA (LOC113146729), rRNA
cc_rrna_kmer_000091|28S	EU252544.1	88456	N/A	100.000	31	0	0	1	31	1813	1843	Cyclospora cayetanensis 28S large subunit ribosomal RNA gene, partial sequence
cc_rrna_kmer_000092|28S	AF301386.1	88456	N/A	100.000	31	0	0	1	31	1474	1504	Cyclospora cayetanensis small subunit ribosomal RNA gene, partial sequence; internal transcribed spacer 1, 5.8S ribosomal RNA gene and internal transcribed spacer 2, complete sequence; and large subunit ribosomal RNA gene, partial sequence
cc_rrna_kmer_000092|28S	EU252544.1	88456	N/A	100.000	31	0	0	1	31	13	43	Cyclospora cayetanensis 28S large subunit ribosomal RNA gene, partial sequence
cc_rrna_kmer_000092|28S	AF301391.1	88456	N/A	100.000	31	0	0	1	31	1476	1506	Cyclospora cayetanensis small subunit ribosomal RNA gene, partial sequence; internal transcribed spacer 1, 5.8S ribosomal RNA gene and internal transcribed spacer 2, complete sequence; and large subunit ribosomal RNA gene, partial sequence
cc_rrna_kmer_000093|28S	XR_003297360.1	88456	N/A	100.000	31	0	0	1	31	1854	1824	PREDICTED: Cyclospora cayetanensis large subunit ribosomal RNA (LOC113146729), rRNA
cc_rrna_kmer_000094|18S	AB970208.1	100272	N/A	100.000	31	0	0	1	31	64	94	Uncultured eukaryote gene for 18S rRNA, partial sequence, clone: CompH_DNA_21
cc_rrna_kmer_000094|18S	GQ844420.1	175245	N/A	100.000	31	0	0	1	31	64	94	Uncultured fungus clone WD0-34 18S ribosomal RNA gene, partial sequence
cc_rrna_kmer_000094|18S	GQ844407.1	175245	N/A	100.000	31	0	0	1	31	64	94	Uncultured fungus clone WD0-16 18S ribosomal RNA gene, partial sequence
cc_rrna_kmer_000094|18S	GQ844425.1	175245	N/A	100.000	31	0	0	1	31	64	94	Uncultured fungus clone WD0-40 18S ribosomal RNA gene, partial sequence
cc_rrna_kmer_000094|18S	GQ844577.1	175245	N/A	100.000	31	0	0	1	31	64	94	Uncultured fungus clone WD4-148 18S ribosomal RNA gene, partial sequence
cc_rrna_kmer_000094|18S	GQ844411.1	175245	N/A	100.000	31	0	0	1	31	64	94	Uncultured fungus clone WD0-23 18S ribosomal RNA gene, partial sequence
cc_rrna_kmer_000094|18S	PX656291.1	2735417	N/A	100.000	31	0	0	1	31	17	47	Salpingoecidae sp. isolate OTU_768 small subunit ribosomal RNA gene, partial sequence
cc_rrna_kmer_000095|28S	EU252544.1	88456	N/A	100.000	31	0	0	1	31	409	439	Cyclospora cayetanensis 28S large subunit ribosomal RNA gene, partial sequence
cc_rrna_kmer_000096|28S	EU252544.1	88456	N/A	100.000	31	0	0	1	31	1844	1814	Cyclospora cayetanensis 28S large subunit ribosomal RNA gene, partial sequence
cc_rrna_kmer_000097|28S	XR_003297360.1	88456	N/A	100.000	31	0	0	1	31	1939	1909	PREDICTED: Cyclospora cayetanensis large subunit ribosomal RNA (LOC113146729), rRNA
cc_rrna_kmer_000098|28S	EU252544.1	88456	N/A	100.000	31	0	0	1	31	511	481	Cyclospora cayetanensis 28S large subunit ribosomal RNA gene, partial sequence
cc_rrna_kmer_000099|28S	XR_003297360.1	88456	N/A	100.000	31	0	0	1	31	2577	2547	PREDICTED: Cyclospora cayetanensis large subunit ribosomal RNA (LOC113146729), rRNA
cc_rrna_kmer_000100|5S	XR_003297353.1	88456	N/A	100.000	31	0	0	1	31	63	93	PREDICTED: Cyclospora cayetanensis 5S ribosomal RNA (LOC113146603), rRNA
cc_rrna_kmer_000101|28S	XR_003297360.1	88456	N/A	100.000	31	0	0	1	31	1949	1919	PREDICTED: Cyclospora cayetanensis large subunit ribosomal RNA (LOC113146729), rRNA
cc_rrna_kmer_000103|28S	EU252544.1	88456	N/A	100.000	31	0	0	1	31	451	481	Cyclospora cayetanensis 28S large subunit ribosomal RNA gene, partial sequence
cc_rrna_kmer_000104|28S	MK530654.1	2591227	N/A	100.000	31	0	0	1	31	72	102	Isospora coronoideae large subunit ribosomal RNA gene, partial sequence
cc_rrna_kmer_000104|28S	MW422270.1	2800198	N/A	100.000	31	0	0	1	31	57	87	Isospora phylidonyrisae isolate 20381 large subunit ribosomal RNA gene, partial sequence
cc_rrna_kmer_000104|28S	PQ108888.1	3239063	N/A	100.000	31	0	0	1	31	71	101	Isospora virescensae isolate SHE01 large subunit ribosomal RNA gene, partial sequence
cc_rrna_kmer_000104|28S	MW776413.1	3054442	N/A	100.000	31	0	0	1	31	69	99	Isospora lunulatae isolate 20742 large subunit ribosomal RNA gene, partial sequence
cc_rrna_kmer_000104|28S	KT224381.1	1678286	N/A	100.000	31	0	0	1	31	57	87	Isospora manorinae isolate 22795 large subunit ribosomal RNA gene, partial sequence
cc_rrna_kmer_000104|28S	EU252544.1	88456	N/A	100.000	31	0	0	1	31	205	235	Cyclospora cayetanensis 28S large subunit ribosomal RNA gene, partial sequence
cc_rrna_kmer_000104|28S	AB769741.1	1267178	N/A	100.000	31	0	0	1	31	1409	1439	Eimeria canadensis genes for 18S rRNA, internal transcribed spacer 1, 5.8S rRNA, internal transcribed spacer 2 and 28S rRNA, partial and complete sequence, isolate: 1-1, clone: 4
cc_rrna_kmer_000104|28S	KF766053.1	1487184	N/A	100.000	31	0	0	1	31	69	99	Isospora anthochaerae large subunit ribosomal RNA gene, partial sequence
cc_rrna_kmer_000105|28S	XR_003297360.1	88456	N/A	100.000	31	0	0	1	31	1402	1372	PREDICTED: Cyclospora cayetanensis large subunit ribosomal RNA (LOC113146729), rRNA
cc_rrna_kmer_000106|28S	XR_003297360.1	88456	N/A	100.000	31	0	0	1	31	950	980	PREDICTED: Cyclospora cayetanensis large subunit ribosomal RNA (LOC113146729), rRNA
cc_rrna_kmer_000106|28S	EU252544.1	88456	N/A	100.000	31	0	0	1	31	1695	1725	Cyclospora cayetanensis 28S large subunit ribosomal RNA gene, partial sequence
cc_rrna_kmer_000108|28S	AY283845.1	241650	N/A	100.000	31	0	0	1	31	1210	1240	Atoxoplasma sp. MS-2003 large subunit ribosomal RNA gene, partial sequence
cc_rrna_kmer_000108|28S	OR101126.1	3051684	N/A	100.000	31	0	0	1	31	1144	1174	Isospora elliotae isolate 20384 large subunit ribosomal RNA gene, partial sequence
cc_rrna_kmer_000108|28S	AY283863.1	241650	N/A	100.000	31	0	0	1	31	1205	1235	Atoxoplasma sp. MS-2003 large subunit ribosomal RNA gene, partial sequence
cc_rrna_kmer_000108|28S	KT224382.1	1678287	N/A	100.000	31	0	0	1	31	1154	1184	Isospora sp. RY-2015c isolate RBF large subunit ribosomal RNA gene, partial sequence
cc_rrna_kmer_000108|28S	AY283844.1	241650	N/A	100.000	31	0	0	1	31	1210	1240	Atoxoplasma sp. MS-2003 large subunit ribosomal RNA gene, partial sequence
cc_rrna_kmer_000108|28S	AY283862.1	241650	N/A	100.000	31	0	0	1	31	1209	1239	Atoxoplasma sp. MS-2003 large subunit ribosomal RNA gene, partial sequence
cc_rrna_kmer_000108|28S	OR266355.1	1743397	N/A	100.000	31	0	0	1	31	593	623	Isospora sp. isolate 28S_Seq19 large subunit ribosomal RNA gene, partial sequence
cc_rrna_kmer_000108|28S	OA985032.1	2823481	N/A	100.000	31	0	0	1	31	653	683	Isospora sp. Hs2 partial 28S rRNA gene
cc_rrna_kmer_000108|28S	AY283839.1	241650	N/A	100.000	31	0	0	1	31	1219	1249	Atoxoplasma sp. MS-2003 large subunit ribosomal RNA gene, partial sequence
cc_rrna_kmer_000108|28S	AY283858.1	241650	N/A	100.000	31	0	0	1	31	1208	1238	Atoxoplasma sp. MS-2003 large subunit ribosomal RNA gene, partial sequence
cc_rrna_kmer_000108|28S	AY283864.1	241650	N/A	100.000	31	0	0	1	31	1214	1244	Atoxoplasma sp. MS-2003 large subunit ribosomal RNA gene, partial sequence
cc_rrna_kmer_000108|28S	AY283869.1	241650	N/A	100.000	31	0	0	1	31	1216	1246	Atoxoplasma sp. MS-2003 large subunit ribosomal RNA gene, partial sequence
cc_rrna_kmer_000108|28S	AY283868.1	241650	N/A	100.000	31	0	0	1	31	1208	1238	Atoxoplasma sp. MS-2003 large subunit ribosomal RNA gene, partial sequence
cc_rrna_kmer_000108|28S	OR266344.1	1743397	N/A	100.000	31	0	0	1	31	435	465	Isospora sp. isolate 28S_Seq08 large subunit ribosomal RNA gene, partial sequence
cc_rrna_kmer_000108|28S	MW775029.1	2820069	N/A	100.000	31	0	0	1	31	1175	1205	Isospora mayuri isolate 7-Bule-peafowl large subunit ribosomal RNA gene, partial sequence
cc_rrna_kmer_000108|28S	AY283859.1	241650	N/A	100.000	31	0	0	1	31	1210	1240	Atoxoplasma sp. MS-2003 large subunit ribosomal RNA gene, partial sequence
cc_rrna_kmer_000108|28S	KJ634022.1	1565085	N/A	100.000	31	0	0	1	31	739	769	Isospora streperae 28S ribosomal RNA gene, partial sequence
cc_rrna_kmer_000108|28S	OR266362.1	1743397	N/A	100.000	31	0	0	1	31	966	996	Isospora sp. isolate 28S_Seq26 large subunit ribosomal RNA gene, partial sequence
cc_rrna_kmer_000108|28S	OR266357.1	1743397	N/A	100.000	31	0	0	1	31	966	996	Isospora sp. isolate 28S_Seq21 large subunit ribosomal RNA gene, partial sequence
cc_rrna_kmer_000108|28S	AY283847.1	241650	N/A	100.000	31	0	0	1	31	1210	1240	Atoxoplasma sp. MS-2003 large subunit ribosomal RNA gene, partial sequence
cc_rrna_kmer_000108|28S	OA985031.1	2823479	N/A	100.000	31	0	0	1	31	648	678	Isospora sp. Pr2 partial 28S rRNA gene
cc_rrna_kmer_000108|28S	AY283850.1	241650	N/A	100.000	31	0	0	1	31	1205	1235	Atoxoplasma sp. MS-2003 large subunit ribosomal RNA gene, partial sequence
cc_rrna_kmer_000108|28S	OR266341.1	1743397	N/A	100.000	31	0	0	1	31	620	650	Isospora sp. isolate 28S_Seq05 large subunit ribosomal RNA gene, partial sequence
cc_rrna_kmer_000108|28S	OR266359.1	1743397	N/A	100.000	31	0	0	1	31	968	998	Isospora sp. isolate 28S_Seq23 large subunit ribosomal RNA gene, partial sequence
cc_rrna_kmer_000108|28S	OR266345.1	1743397	N/A	100.000	31	0	0	1	31	440	470	Isospora sp. isolate 28S_Seq09 large subunit ribosomal RNA gene, partial sequence
cc_rrna_kmer_000108|28S	KY801686.1	2153390	N/A	100.000	31	0	0	1	31	1138	1168	Isospora butcherae 28S ribosomal RNA gene, partial sequence
cc_rrna_kmer_000108|28S	OR266343.1	1743397	N/A	100.000	31	0	0	1	31	440	470	Isospora sp. isolate 28S_Seq07 large subunit ribosomal RNA gene, partial sequence
cc_rrna_kmer_000108|28S	OR266348.1	1743397	N/A	100.000	31	0	0	1	31	712	742	Isospora sp. isolate 28S_Seq12 large subunit ribosomal RNA gene, partial sequence
cc_rrna_kmer_000108|28S	AY283861.1	241650	N/A	100.000	31	0	0	1	31	1207	1237	Atoxoplasma sp. MS-2003 large subunit ribosomal RNA gene, partial sequence
cc_rrna_kmer_000108|28S	OR266350.1	1743397	N/A	100.000	31	0	0	1	31	967	997	Isospora sp. isolate 28S_Seq14 large subunit ribosomal RNA gene, partial sequence
cc_rrna_kmer_000108|28S	AY283843.1	241650	N/A	100.000	31	0	0	1	31	1212	1242	Atoxoplasma sp. MS-2003 large subunit ribosomal RNA gene, partial sequence
cc_rrna_kmer_000108|28S	OA985026.1	2823474	N/A	100.000	31	0	0	1	31	653	683	Isospora sp. Bclt1 partial 28S rRNA gene
cc_rrna_kmer_000108|28S	AY283866.1	241650	N/A	100.000	31	0	0	1	31	1208	1238	Atoxoplasma sp. MS-2003 large subunit ribosomal RNA gene, partial sequence
cc_rrna_kmer_000108|28S	OR266337.1	1743397	N/A	100.000	31	0	0	1	31	971	1001	Isospora sp. isolate 28S_Seq01 large subunit ribosomal RNA gene, partial sequence
cc_rrna_kmer_000108|28S	XR_003297360.1	88456	N/A	100.000	31	0	0	1	31	549	579	PREDICTED: Cyclospora cayetanensis large subunit ribosomal RNA (LOC113146729), rRNA
cc_rrna_kmer_000108|28S	AY283848.1	241650	N/A	100.000	31	0	0	1	31	1210	1240	Atoxoplasma sp. MS-2003 large subunit ribosomal RNA gene, partial sequence
cc_rrna_kmer_000108|28S	AY283849.1	241650	N/A	100.000	31	0	0	1	31	1211	1241	Atoxoplasma sp. MS-2003 large subunit ribosomal RNA gene, partial sequence
cc_rrna_kmer_000108|28S	OR266358.1	1743397	N/A	100.000	31	0	0	1	31	966	996	Isospora sp. isolate 28S_Seq22 large subunit ribosomal RNA gene, partial sequence
cc_rrna_kmer_000108|28S	OR266339.1	1743397	N/A	100.000	31	0	0	1	31	730	760	Isospora sp. isolate 28S_Seq03 large subunit ribosomal RNA gene, partial sequence
cc_rrna_kmer_000108|28S	AY283853.1	241650	N/A	100.000	31	0	0	1	31	1209	1239	Atoxoplasma sp. MS-2003 large subunit ribosomal RNA gene, partial sequence
cc_rrna_kmer_000108|28S	OA985028.1	2823475;2823476	N/A;N/A	100.000	31	0	0	1	31	653	683	Isospora sp. Pc1 partial 28S rRNA gene
cc_rrna_kmer_000108|28S	AY283865.1	241650	N/A	100.000	31	0	0	1	31	1201	1231	Atoxoplasma sp. MS-2003 large subunit ribosomal RNA gene, partial sequence
cc_rrna_kmer_000108|28S	OR266349.1	1743397	N/A	100.000	31	0	0	1	31	727	757	Isospora sp. isolate 28S_Seq13 large subunit ribosomal RNA gene, partial sequence
cc_rrna_kmer_000108|28S	AY283860.1	241650	N/A	100.000	31	0	0	1	31	1210	1240	Atoxoplasma sp. MS-2003 large subunit ribosomal RNA gene, partial sequence
cc_rrna_kmer_000108|28S	AY283857.1	241650	N/A	100.000	31	0	0	1	31	1209	1239	Atoxoplasma sp. MS-2003 large subunit ribosomal RNA gene, partial sequence
cc_rrna_kmer_000108|28S	OR266361.1	1743397	N/A	100.000	31	0	0	1	31	967	997	Isospora sp. isolate 28S_Seq25 large subunit ribosomal RNA gene, partial sequence
cc_rrna_kmer_000108|28S	AY283852.1	241650	N/A	100.000	31	0	0	1	31	1206	1236	Atoxoplasma sp. MS-2003 large subunit ribosomal RNA gene, partial sequence
cc_rrna_kmer_000108|28S	OR266363.1	1743397	N/A	100.000	31	0	0	1	31	724	754	Isospora sp. isolate 28S_Seq27 large subunit ribosomal RNA gene, partial sequence
cc_rrna_kmer_000108|28S	OR266356.1	1743397	N/A	100.000	31	0	0	1	31	486	516	Isospora sp. isolate 28S_Seq20 large subunit ribosomal RNA gene, partial sequence
cc_rrna_kmer_000108|28S	OA985030.1	2823478	N/A	100.000	31	0	0	1	31	650	680	Isospora sp. Pr1 partial 28S rRNA gene
cc_rrna_kmer_000108|28S	AY283854.1	241650	N/A	100.000	31	0	0	1	31	1209	1239	Atoxoplasma sp. MS-2003 large subunit ribosomal RNA gene, partial sequence
cc_rrna_kmer_000108|28S	AY283841.1	241650	N/A	100.000	31	0	0	1	31	1212	1242	Atoxoplasma sp. MS-2003 large subunit ribosomal RNA gene, partial sequence
cc_rrna_kmer_000108|28S	AY283855.1	241650	N/A	100.000	31	0	0	1	31	1208	1238	Atoxoplasma sp. MS-2003 large subunit ribosomal RNA gene, partial sequence
cc_rrna_kmer_000108|28S	AY283840.1	241650	N/A	100.000	31	0	0	1	31	1213	1243	Atoxoplasma sp. MS-2003 large subunit ribosomal RNA gene, partial sequence
cc_rrna_kmer_000108|28S	OA985027.1	2823473	N/A	100.000	31	0	0	1	31	653	683	Isospora sp. Sgs1 partial 28S rRNA gene
cc_rrna_kmer_000108|28S	AY283867.1	241650	N/A	100.000	31	0	0	1	31	1210	1240	Atoxoplasma sp. MS-2003 large subunit ribosomal RNA gene, partial sequence
cc_rrna_kmer_000108|28S	OR266340.1	1743397	N/A	100.000	31	0	0	1	31	428	458	Isospora sp. isolate 28S_Seq04 large subunit ribosomal RNA gene, partial sequence
cc_rrna_kmer_000108|28S	AY283870.1	241650	N/A	100.000	31	0	0	1	31	1212	1242	Atoxoplasma sp. MS-2003 large subunit ribosomal RNA gene, partial sequence
cc_rrna_kmer_000108|28S	LC193129.1	1913026	N/A	100.000	31	0	0	1	31	581	611	Isospora lunaris gene for 28S ribosomal RNA, partial sequence
cc_rrna_kmer_000108|28S	OR266338.1	1743397	N/A	100.000	31	0	0	1	31	1076	1106	Isospora sp. isolate 28S_Seq02 large subunit ribosomal RNA gene, partial sequence
cc_rrna_kmer_000108|28S	OR266354.1	1743397	N/A	100.000	31	0	0	1	31	423	453	Isospora sp. isolate 28S_Seq18 large subunit ribosomal RNA gene, partial sequence
cc_rrna_kmer_000108|28S	OR266351.1	1743397	N/A	100.000	31	0	0	1	31	442	472	Isospora sp. isolate 28S_Seq15 large subunit ribosomal RNA gene, partial sequence
cc_rrna_kmer_000108|28S	EU252544.1	88456	N/A	100.000	31	0	0	1	31	1294	1324	Cyclospora cayetanensis 28S large subunit ribosomal RNA gene, partial sequence
cc_rrna_kmer_000108|28S	AY283846.1	241650	N/A	100.000	31	0	0	1	31	1213	1243	Atoxoplasma sp. MS-2003 large subunit ribosomal RNA gene, partial sequence
cc_rrna_kmer_000108|28S	OR266342.1	1743397	N/A	100.000	31	0	0	1	31	424	454	Isospora sp. isolate 28S_Seq06 large subunit ribosomal RNA gene, partial sequence
cc_rrna_kmer_000108|28S	OA985033.1	2823480	N/A	100.000	31	0	0	1	31	654	684	Isospora sp. Hs1 partial 28S rRNA gene
cc_rrna_kmer_000108|28S	OR266353.1	1743397	N/A	100.000	31	0	0	1	31	974	1004	Isospora sp. isolate 28S_Seq17 large subunit ribosomal RNA gene, partial sequence
cc_rrna_kmer_000108|28S	OR266347.1	1743397	N/A	100.000	31	0	0	1	31	440	470	Isospora sp. isolate 28S_Seq11 large subunit ribosomal RNA gene, partial sequence
cc_rrna_kmer_000108|28S	AY283851.1	241650	N/A	100.000	31	0	0	1	31	1209	1239	Atoxoplasma sp. MS-2003 large subunit ribosomal RNA gene, partial sequence
cc_rrna_kmer_000108|28S	MW775028.1	2820073	N/A	100.000	31	0	0	1	31	1170	1200	Isospora lacazei isolate 6-Bule-peafowl large subunit ribosomal RNA gene, partial sequence
cc_rrna_kmer_000108|28S	AY283856.1	241650	N/A	100.000	31	0	0	1	31	1210	1240	Atoxoplasma sp. MS-2003 large subunit ribosomal RNA gene, partial sequence
cc_rrna_kmer_000108|28S	OR266346.1	1743397	N/A	100.000	31	0	0	1	31	440	470	Isospora sp. isolate 28S_Seq10 large subunit ribosomal RNA gene, partial sequence
cc_rrna_kmer_000109|28S	XR_003297360.1	88456	N/A	100.000	31	0	0	1	31	2567	2537	PREDICTED: Cyclospora cayetanensis large subunit ribosomal RNA (LOC113146729), rRNA
cc_rrna_kmer_000111|28S	XR_003297360.1	88456	N/A	100.000	31	0	0	1	31	1168	1198	PREDICTED: Cyclospora cayetanensis large subunit ribosomal RNA (LOC113146729), rRNA
cc_rrna_kmer_000111|28S	EU252544.1	88456	N/A	100.000	31	0	0	1	31	1913	1943	Cyclospora cayetanensis 28S large subunit ribosomal RNA gene, partial sequence
cc_rrna_kmer_000112|28S	XR_003297360.1	88456	N/A	100.000	31	0	0	1	31	2672	2642	PREDICTED: Cyclospora cayetanensis large subunit ribosomal RNA (LOC113146729), rRNA
cc_rrna_kmer_000113|28S	XR_003297360.1	88456	N/A	100.000	31	0	0	1	31	1209	1239	PREDICTED: Cyclospora cayetanensis large subunit ribosomal RNA (LOC113146729), rRNA
cc_rrna_kmer_000114|28S	XR_003297360.1	88456	N/A	100.000	31	0	0	1	31	2557	2527	PREDICTED: Cyclospora cayetanensis large subunit ribosomal RNA (LOC113146729), rRNA
cc_rrna_kmer_000115|28S	EU252544.1	88456	N/A	100.000	31	0	0	1	31	712	682	Cyclospora cayetanensis 28S large subunit ribosomal RNA gene, partial sequence
cc_rrna_kmer_000116|28S	XR_003297360.1	88456	N/A	100.000	31	0	0	1	31	146	116	PREDICTED: Cyclospora cayetanensis large subunit ribosomal RNA (LOC113146729), rRNA
cc_rrna_kmer_000116|28S	EU252544.1	88456	N/A	100.000	31	0	0	1	31	891	861	Cyclospora cayetanensis 28S large subunit ribosomal RNA gene, partial sequence
cc_rrna_kmer_000117|28S	PQ742171.1	3384731	N/A	100.000	31	0	0	1	31	6315	6345	Goussia degiustii isolate EE9_EE10_II1 external transcribed spacer, partial sequence; small subunit ribosomal RNA gene, internal transcribed spacer 1, 5.8S ribosomal RNA gene, internal transcribed spacer 2, and large subunit ribosomal RNA gene, complete sequence; and external transcribed spacer, partial sequence
cc_rrna_kmer_000117|28S	XR_003297360.1	88456	N/A	100.000	31	0	0	1	31	2692	2722	PREDICTED: Cyclospora cayetanensis large subunit ribosomal RNA (LOC113146729), rRNA
cc_rrna_kmer_000117|28S	OZ408939.1	2996	N/A	100.000	31	0	0	1	31	2081307	2081337	Hydrurus foetidus genome assembly, chromosome: 26
cc_rrna_kmer_000117|28S	OZ408939.1	2996	N/A	100.000	31	0	0	1	31	2090747	2090777	Hydrurus foetidus genome assembly, chromosome: 26
cc_rrna_kmer_000117|28S	OZ408939.1	2996	N/A	100.000	31	0	0	1	31	2101207	2101237	Hydrurus foetidus genome assembly, chromosome: 26
cc_rrna_kmer_000117|28S	OZ408914.1	2996	N/A	100.000	31	0	0	1	31	6540079	6540109	Hydrurus foetidus genome assembly, chromosome: 1
cc_rrna_kmer_000117|28S	OZ408922.1	2996	N/A	100.000	31	0	0	1	31	621950	621920	Hydrurus foetidus genome assembly, chromosome: 9
cc_rrna_kmer_000118|28S	XR_003297360.1	88456	N/A	100.000	31	0	0	1	31	728	758	PREDICTED: Cyclospora cayetanensis large subunit ribosomal RNA (LOC113146729), rRNA
cc_rrna_kmer_000118|28S	EU252544.1	88456	N/A	100.000	31	0	0	1	31	1473	1503	Cyclospora cayetanensis 28S large subunit ribosomal RNA gene, partial sequence
cc_rrna_kmer_000119|5S	XR_003297353.1	88456	N/A	100.000	31	0	0	1	31	49	79	PREDICTED: Cyclospora cayetanensis 5S ribosomal RNA (LOC113146603), rRNA
cc_rrna_kmer_000120|28S	AY283845.1	241650	N/A	100.000	31	0	0	1	31	157	127	Atoxoplasma sp. MS-2003 large subunit ribosomal RNA gene, partial sequence
cc_rrna_kmer_000120|28S	OR101126.1	3051684	N/A	100.000	31	0	0	1	31	97	67	Isospora elliotae isolate 20384 large subunit ribosomal RNA gene, partial sequence
cc_rrna_kmer_000120|28S	AY283863.1	241650	N/A	100.000	31	0	0	1	31	157	127	Atoxoplasma sp. MS-2003 large subunit ribosomal RNA gene, partial sequence
cc_rrna_kmer_000120|28S	MK530654.1	2591227	N/A	100.000	31	0	0	1	31	104	74	Isospora coronoideae large subunit ribosomal RNA gene, partial sequence
cc_rrna_kmer_000120|28S	KT224382.1	1678287	N/A	100.000	31	0	0	1	31	100	70	Isospora sp. RY-2015c isolate RBF large subunit ribosomal RNA gene, partial sequence
cc_rrna_kmer_000120|28S	MW422270.1	2800198	N/A	100.000	31	0	0	1	31	89	59	Isospora phylidonyrisae isolate 20381 large subunit ribosomal RNA gene, partial sequence
cc_rrna_kmer_000120|28S	AY283844.1	241650	N/A	100.000	31	0	0	1	31	157	127	Atoxoplasma sp. MS-2003 large subunit ribosomal RNA gene, partial sequence
cc_rrna_kmer_000120|28S	AY283862.1	241650	N/A	100.000	31	0	0	1	31	157	127	Atoxoplasma sp. MS-2003 large subunit ribosomal RNA gene, partial sequence
cc_rrna_kmer_000120|28S	PQ898846.1	3393990	N/A	100.000	31	0	0	1	31	90	60	Isospora coracinae isolate 20451 large subunit ribosomal RNA gene, partial sequence
cc_rrna_kmer_000120|28S	AY331567.1	241650	N/A	100.000	31	0	0	1	31	1056	1026	Atoxoplasma sp. MS-2003 from Finchbill small subunit ribosomal RNA gene, partial sequence; internal transcribed spacer 1, 5.8S ribosomal RNA gene, and internal transcribed spacer 2, complete sequence; and large subunit ribosomal RNA gene, partial sequence
cc_rrna_kmer_000120|28S	AY283839.1	241650	N/A	100.000	31	0	0	1	31	160	130	Atoxoplasma sp. MS-2003 large subunit ribosomal RNA gene, partial sequence
cc_rrna_kmer_000120|28S	AY283858.1	241650	N/A	100.000	31	0	0	1	31	157	127	Atoxoplasma sp. MS-2003 large subunit ribosomal RNA gene, partial sequence
cc_rrna_kmer_000120|28S	AY283869.1	241650	N/A	100.000	31	0	0	1	31	160	130	Atoxoplasma sp. MS-2003 large subunit ribosomal RNA gene, partial sequence
cc_rrna_kmer_000120|28S	AY283868.1	241650	N/A	100.000	31	0	0	1	31	157	127	Atoxoplasma sp. MS-2003 large subunit ribosomal RNA gene, partial sequence
cc_rrna_kmer_000120|28S	PQ108888.1	3239063	N/A	100.000	31	0	0	1	31	103	73	Isospora virescensae isolate SHE01 large subunit ribosomal RNA gene, partial sequence
cc_rrna_kmer_000120|28S	AY283859.1	241650	N/A	100.000	31	0	0	1	31	157	127	Atoxoplasma sp. MS-2003 large subunit ribosomal RNA gene, partial sequence
cc_rrna_kmer_000120|28S	MW776413.1	3054442	N/A	100.000	31	0	0	1	31	101	71	Isospora lunulatae isolate 20742 large subunit ribosomal RNA gene, partial sequence
cc_rrna_kmer_000120|28S	KT224381.1	1678286	N/A	100.000	31	0	0	1	31	89	59	Isospora manorinae isolate 22795 large subunit ribosomal RNA gene, partial sequence
cc_rrna_kmer_000120|28S	AY283847.1	241650	N/A	100.000	31	0	0	1	31	157	127	Atoxoplasma sp. MS-2003 large subunit ribosomal RNA gene, partial sequence
cc_rrna_kmer_000120|28S	AY331573.1	241650	N/A	100.000	31	0	0	1	31	1729	1699	Atoxoplasma sp. MS-2003 isolate 2 from Northern house sparrow small subunit ribosomal RNA gene, partial sequence; internal transcribed spacer 1, 5.8S ribosomal RNA gene, and internal transcribed spacer 2, complete sequence; and large subunit ribosomal RNA gene, partial sequence
cc_rrna_kmer_000120|28S	AY283850.1	241650	N/A	100.000	31	0	0	1	31	157	127	Atoxoplasma sp. MS-2003 large subunit ribosomal RNA gene, partial sequence
cc_rrna_kmer_000120|28S	KY801686.1	2153390	N/A	100.000	31	0	0	1	31	90	60	Isospora butcherae 28S ribosomal RNA gene, partial sequence
cc_rrna_kmer_000120|28S	AB757865.1	1245722	N/A	100.000	31	0	0	1	31	146	116	Isospora sp. Tokyo gene for large subunit ribosomal RNA, partial sequence
cc_rrna_kmer_000120|28S	OQ459343.1	3028803	N/A	100.000	31	0	0	1	31	74	44	Eimeria briceae isolate 201909 large subunit ribosomal RNA gene, partial sequence
cc_rrna_kmer_000120|28S	AY283861.1	241650	N/A	100.000	31	0	0	1	31	157	127	Atoxoplasma sp. MS-2003 large subunit ribosomal RNA gene, partial sequence
cc_rrna_kmer_000120|28S	AY283843.1	241650	N/A	100.000	31	0	0	1	31	157	127	Atoxoplasma sp. MS-2003 large subunit ribosomal RNA gene, partial sequence
cc_rrna_kmer_000120|28S	AB619593.1	300410	N/A	100.000	31	0	0	1	31	1696	1666	Eimeria reichenowi genes for 18S rRNA, ITS1, 5.8S rRNA, ITS2, 28S rRNA, partial and complete sequence
cc_rrna_kmer_000120|28S	AY283866.1	241650	N/A	100.000	31	0	0	1	31	158	128	Atoxoplasma sp. MS-2003 large subunit ribosomal RNA gene, partial sequence
cc_rrna_kmer_000120|28S	AY283848.1	241650	N/A	100.000	31	0	0	1	31	157	127	Atoxoplasma sp. MS-2003 large subunit ribosomal RNA gene, partial sequence
cc_rrna_kmer_000120|28S	AY283849.1	241650	N/A	100.000	31	0	0	1	31	157	127	Atoxoplasma sp. MS-2003 large subunit ribosomal RNA gene, partial sequence
cc_rrna_kmer_000120|28S	AY283865.1	241650	N/A	100.000	31	0	0	1	31	157	127	Atoxoplasma sp. MS-2003 large subunit ribosomal RNA gene, partial sequence
cc_rrna_kmer_000120|28S	AY283860.1	241650	N/A	100.000	31	0	0	1	31	157	127	Atoxoplasma sp. MS-2003 large subunit ribosomal RNA gene, partial sequence
cc_rrna_kmer_000120|28S	AY283857.1	241650	N/A	100.000	31	0	0	1	31	157	127	Atoxoplasma sp. MS-2003 large subunit ribosomal RNA gene, partial sequence
cc_rrna_kmer_000120|28S	AY331568.1	241650	N/A	100.000	31	0	0	1	31	363	333	Atoxoplasma sp. MS-2003 from Emerald starling small subunit ribosomal RNA gene, partial sequence; internal transcribed spacer 1, 5.8S ribosomal RNA gene, and internal transcribed spacer 2, complete sequence; and large subunit ribosomal RNA gene, partial sequence
cc_rrna_kmer_000120|28S	AY283852.1	241650	N/A	100.000	31	0	0	1	31	158	128	Atoxoplasma sp. MS-2003 large subunit ribosomal RNA gene, partial sequence
cc_rrna_kmer_000120|28S	AY283854.1	241650	N/A	100.000	31	0	0	1	31	157	127	Atoxoplasma sp. MS-2003 large subunit ribosomal RNA gene, partial sequence
cc_rrna_kmer_000120|28S	AY283841.1	241650	N/A	100.000	31	0	0	1	31	159	129	Atoxoplasma sp. MS-2003 large subunit ribosomal RNA gene, partial sequence
cc_rrna_kmer_000120|28S	AY283855.1	241650	N/A	100.000	31	0	0	1	31	157	127	Atoxoplasma sp. MS-2003 large subunit ribosomal RNA gene, partial sequence
cc_rrna_kmer_000120|28S	AY331566.2	241650	N/A	100.000	31	0	0	1	31	963	933	Atoxoplasma sp. MS-2003 from Wattled starling small subunit ribosomal RNA and large subunit ribosomal RNA genes, partial sequence
cc_rrna_kmer_000120|28S	KR477878.1	1678285	N/A	100.000	31	0	0	1	31	102	72	Isospora sp. RY-2015a 28S ribosomal RNA gene, partial sequence
cc_rrna_kmer_000120|28S	AY283867.1	241650	N/A	100.000	31	0	0	1	31	157	127	Atoxoplasma sp. MS-2003 large subunit ribosomal RNA gene, partial sequence
cc_rrna_kmer_000120|28S	AY283870.1	241650	N/A	100.000	31	0	0	1	31	157	127	Atoxoplasma sp. MS-2003 large subunit ribosomal RNA gene, partial sequence
cc_rrna_kmer_000120|28S	KT726931.1	1743397	N/A	100.000	31	0	0	1	31	157	127	Isospora sp. 28S ribosomal RNA gene, partial sequence
cc_rrna_kmer_000120|28S	EU252544.1	88456	N/A	100.000	31	0	0	1	31	237	207	Cyclospora cayetanensis 28S large subunit ribosomal RNA gene, partial sequence
cc_rrna_kmer_000120|28S	AY283846.1	241650	N/A	100.000	31	0	0	1	31	157	127	Atoxoplasma sp. MS-2003 large subunit ribosomal RNA gene, partial sequence
cc_rrna_kmer_000120|28S	AB769741.1	1267178	N/A	100.000	31	0	0	1	31	1441	1411	Eimeria canadensis genes for 18S rRNA, internal transcribed spacer 1, 5.8S rRNA, internal transcribed spacer 2 and 28S rRNA, partial and complete sequence, isolate: 1-1, clone: 4
cc_rrna_kmer_000120|28S	AB619592.1	300409	N/A	100.000	31	0	0	1	31	1563	1533	Eimeria gruis genes for 18S rRNA, ITS1, 5.8S rRNA, ITS2, 28S rRNA, partial and complete sequence
cc_rrna_kmer_000120|28S	AY283851.1	241650	N/A	100.000	31	0	0	1	31	157	127	Atoxoplasma sp. MS-2003 large subunit ribosomal RNA gene, partial sequence
cc_rrna_kmer_000120|28S	AY283856.1	241650	N/A	100.000	31	0	0	1	31	157	127	Atoxoplasma sp. MS-2003 large subunit ribosomal RNA gene, partial sequence
cc_rrna_kmer_000120|28S	AY331570.1	241650	N/A	100.000	31	0	0	1	31	689	659	Atoxoplasma sp. MS-2003 from Javan ruby-throated bulbul small subunit ribosomal RNA gene, partial sequence; internal transcribed spacer 1, 5.8S ribosomal RNA gene, and internal transcribed spacer 2, complete sequence; and large subunit ribosomal RNA gene, partial sequence
cc_rrna_kmer_000120|28S	KF766053.1	1487184	N/A	100.000	31	0	0	1	31	101	71	Isospora anthochaerae large subunit ribosomal RNA gene, partial sequence
cc_rrna_kmer_000121|28S	XR_003297360.1	88456	N/A	100.000	31	0	0	1	31	2163	2133	PREDICTED: Cyclospora cayetanensis large subunit ribosomal RNA (LOC113146729), rRNA
cc_rrna_kmer_000121|28S	GU593716.1	947543	N/A	100.000	31	0	0	1	31	805	775	Goussia carpelli strain 23 28S ribosomal RNA gene, partial sequence
cc_rrna_kmer_000122|28S	XR_011771226.1	125765	N/A	100.000	31	0	0	1	31	1064	1034	PREDICTED: Rutidosis leptorrhynchoides 28S ribosomal RNA (LOC139880400), rRNA
cc_rrna_kmer_000122|28S	AP038851.1	142759	N/A	100.000	31	0	0	1	31	5077794	5077824	Solanum cheesmaniae LA0166 DNA, chromosome 2, nearly complete sequence
cc_rrna_kmer_000122|28S	XR_003297360.1	88456	N/A	100.000	31	0	0	1	31	433	403	PREDICTED: Cyclospora cayetanensis large subunit ribosomal RNA (LOC113146729), rRNA
cc_rrna_kmer_000122|28S	EU252544.1	88456	N/A	100.000	31	0	0	1	31	1178	1148	Cyclospora cayetanensis 28S large subunit ribosomal RNA gene, partial sequence
cc_rrna_kmer_000122|28S	OZ288544.1	669661	N/A	100.000	31	0	0	1	31	126268	126298	Cochlearia groenlandica genome assembly, chromosome: 7
cc_rrna_kmer_000123|28S	EU252544.1	88456	N/A	100.000	31	0	0	1	31	301	271	Cyclospora cayetanensis 28S large subunit ribosomal RNA gene, partial sequence
cc_rrna_kmer_000125|28S	XR_003297360.1	88456	N/A	100.000	31	0	0	1	31	1219	1189	PREDICTED: Cyclospora cayetanensis large subunit ribosomal RNA (LOC113146729), rRNA
cc_rrna_kmer_000126|28S	AP038851.1	142759	N/A	100.000	31	0	0	1	31	5077803	5077833	Solanum cheesmaniae LA0166 DNA, chromosome 2, nearly complete sequence
cc_rrna_kmer_000126|28S	XR_003297360.1	88456	N/A	100.000	31	0	0	1	31	424	394	PREDICTED: Cyclospora cayetanensis large subunit ribosomal RNA (LOC113146729), rRNA
cc_rrna_kmer_000126|28S	EU252544.1	88456	N/A	100.000	31	0	0	1	31	1169	1139	Cyclospora cayetanensis 28S large subunit ribosomal RNA gene, partial sequence
cc_rrna_kmer_000127|28S	AF301386.1	88456	N/A	100.000	31	0	0	1	31	1467	1497	Cyclospora cayetanensis small subunit ribosomal RNA gene, partial sequence; internal transcribed spacer 1, 5.8S ribosomal RNA gene and internal transcribed spacer 2, complete sequence; and large subunit ribosomal RNA gene, partial sequence
cc_rrna_kmer_000127|28S	EU252544.1	88456	N/A	100.000	31	0	0	1	31	6	36	Cyclospora cayetanensis 28S large subunit ribosomal RNA gene, partial sequence
cc_rrna_kmer_000127|28S	AF301391.1	88456	N/A	100.000	31	0	0	1	31	1469	1499	Cyclospora cayetanensis small subunit ribosomal RNA gene, partial sequence; internal transcribed spacer 1, 5.8S ribosomal RNA gene and internal transcribed spacer 2, complete sequence; and large subunit ribosomal RNA gene, partial sequence
cc_rrna_kmer_000128|28S	XR_003297360.1	88456	N/A	100.000	31	0	0	1	31	2511	2541	PREDICTED: Cyclospora cayetanensis large subunit ribosomal RNA (LOC113146729), rRNA
cc_rrna_kmer_000129|28S	AP038851.1	142759	N/A	100.000	31	0	0	1	31	5077843	5077813	Solanum cheesmaniae LA0166 DNA, chromosome 2, nearly complete sequence
cc_rrna_kmer_000129|28S	XR_003297360.1	88456	N/A	100.000	31	0	0	1	31	384	414	PREDICTED: Cyclospora cayetanensis large subunit ribosomal RNA (LOC113146729), rRNA
cc_rrna_kmer_000129|28S	EU252544.1	88456	N/A	100.000	31	0	0	1	31	1129	1159	Cyclospora cayetanensis 28S large subunit ribosomal RNA gene, partial sequence
cc_rrna_kmer_000130|28S	EU252544.1	88456	N/A	100.000	31	0	0	1	31	548	518	Cyclospora cayetanensis 28S large subunit ribosomal RNA gene, partial sequence
cc_rrna_kmer_000131|28S	XR_003297360.1	88456	N/A	100.000	31	0	0	1	31	2570	2600	PREDICTED: Cyclospora cayetanensis large subunit ribosomal RNA (LOC113146729), rRNA
cc_rrna_kmer_000132|28S	AY283845.1	241650	N/A	100.000	31	0	0	1	31	1344	1374	Atoxoplasma sp. MS-2003 large subunit ribosomal RNA gene, partial sequence
cc_rrna_kmer_000132|28S	OR101126.1	3051684	N/A	100.000	31	0	0	1	31	1278	1308	Isospora elliotae isolate 20384 large subunit ribosomal RNA gene, partial sequence
cc_rrna_kmer_000132|28S	AY283863.1	241650	N/A	100.000	31	0	0	1	31	1339	1369	Atoxoplasma sp. MS-2003 large subunit ribosomal RNA gene, partial sequence
cc_rrna_kmer_000132|28S	KT224382.1	1678287	N/A	100.000	31	0	0	1	31	1288	1318	Isospora sp. RY-2015c isolate RBF large subunit ribosomal RNA gene, partial sequence
cc_rrna_kmer_000132|28S	AY283844.1	241650	N/A	100.000	31	0	0	1	31	1344	1374	Atoxoplasma sp. MS-2003 large subunit ribosomal RNA gene, partial sequence
cc_rrna_kmer_000132|28S	AY283862.1	241650	N/A	100.000	31	0	0	1	31	1343	1373	Atoxoplasma sp. MS-2003 large subunit ribosomal RNA gene, partial sequence
cc_rrna_kmer_000132|28S	OA985032.1	2823481	N/A	100.000	31	0	0	1	31	787	817	Isospora sp. Hs2 partial 28S rRNA gene
cc_rrna_kmer_000132|28S	AY283839.1	241650	N/A	100.000	31	0	0	1	31	1353	1383	Atoxoplasma sp. MS-2003 large subunit ribosomal RNA gene, partial sequence
cc_rrna_kmer_000132|28S	AY283858.1	241650	N/A	100.000	31	0	0	1	31	1342	1372	Atoxoplasma sp. MS-2003 large subunit ribosomal RNA gene, partial sequence
cc_rrna_kmer_000132|28S	AY283864.1	241650	N/A	100.000	31	0	0	1	31	1348	1378	Atoxoplasma sp. MS-2003 large subunit ribosomal RNA gene, partial sequence
cc_rrna_kmer_000132|28S	AY283869.1	241650	N/A	100.000	31	0	0	1	31	1350	1380	Atoxoplasma sp. MS-2003 large subunit ribosomal RNA gene, partial sequence
cc_rrna_kmer_000132|28S	AY283868.1	241650	N/A	100.000	31	0	0	1	31	1342	1372	Atoxoplasma sp. MS-2003 large subunit ribosomal RNA gene, partial sequence
cc_rrna_kmer_000132|28S	MW775029.1	2820069	N/A	100.000	31	0	0	1	31	1309	1339	Isospora mayuri isolate 7-Bule-peafowl large subunit ribosomal RNA gene, partial sequence
cc_rrna_kmer_000132|28S	AY283859.1	241650	N/A	100.000	31	0	0	1	31	1344	1374	Atoxoplasma sp. MS-2003 large subunit ribosomal RNA gene, partial sequence
cc_rrna_kmer_000132|28S	KJ634022.1	1565085	N/A	100.000	31	0	0	1	31	873	903	Isospora streperae 28S ribosomal RNA gene, partial sequence
cc_rrna_kmer_000132|28S	AY283847.1	241650	N/A	100.000	31	0	0	1	31	1344	1374	Atoxoplasma sp. MS-2003 large subunit ribosomal RNA gene, partial sequence
cc_rrna_kmer_000132|28S	OA985031.1	2823479	N/A	100.000	31	0	0	1	31	782	812	Isospora sp. Pr2 partial 28S rRNA gene
cc_rrna_kmer_000132|28S	AY283850.1	241650	N/A	100.000	31	0	0	1	31	1339	1369	Atoxoplasma sp. MS-2003 large subunit ribosomal RNA gene, partial sequence
cc_rrna_kmer_000132|28S	KY801686.1	2153390	N/A	100.000	31	0	0	1	31	1272	1302	Isospora butcherae 28S ribosomal RNA gene, partial sequence
cc_rrna_kmer_000132|28S	OQ459343.1	3028803	N/A	100.000	31	0	0	1	31	1268	1298	Eimeria briceae isolate 201909 large subunit ribosomal RNA gene, partial sequence
cc_rrna_kmer_000132|28S	AY283843.1	241650	N/A	100.000	31	0	0	1	31	1346	1376	Atoxoplasma sp. MS-2003 large subunit ribosomal RNA gene, partial sequence
cc_rrna_kmer_000132|28S	OA985026.1	2823474	N/A	100.000	31	0	0	1	31	787	817	Isospora sp. Bclt1 partial 28S rRNA gene
cc_rrna_kmer_000132|28S	AY283866.1	241650	N/A	100.000	31	0	0	1	31	1342	1372	Atoxoplasma sp. MS-2003 large subunit ribosomal RNA gene, partial sequence
cc_rrna_kmer_000132|28S	XR_003297360.1	88456	N/A	100.000	31	0	0	1	31	683	713	PREDICTED: Cyclospora cayetanensis large subunit ribosomal RNA (LOC113146729), rRNA
cc_rrna_kmer_000132|28S	AY283848.1	241650	N/A	100.000	31	0	0	1	31	1344	1374	Atoxoplasma sp. MS-2003 large subunit ribosomal RNA gene, partial sequence
cc_rrna_kmer_000132|28S	AY283849.1	241650	N/A	100.000	31	0	0	1	31	1345	1375	Atoxoplasma sp. MS-2003 large subunit ribosomal RNA gene, partial sequence
cc_rrna_kmer_000132|28S	AY283853.1	241650	N/A	100.000	31	0	0	1	31	1343	1373	Atoxoplasma sp. MS-2003 large subunit ribosomal RNA gene, partial sequence
cc_rrna_kmer_000132|28S	OA985028.1	2823475;2823476	N/A;N/A	100.000	31	0	0	1	31	787	817	Isospora sp. Pc1 partial 28S rRNA gene
cc_rrna_kmer_000132|28S	AY283865.1	241650	N/A	100.000	31	0	0	1	31	1335	1365	Atoxoplasma sp. MS-2003 large subunit ribosomal RNA gene, partial sequence
cc_rrna_kmer_000132|28S	AY283860.1	241650	N/A	100.000	31	0	0	1	31	1344	1374	Atoxoplasma sp. MS-2003 large subunit ribosomal RNA gene, partial sequence
cc_rrna_kmer_000132|28S	AY283857.1	241650	N/A	100.000	31	0	0	1	31	1343	1373	Atoxoplasma sp. MS-2003 large subunit ribosomal RNA gene, partial sequence
cc_rrna_kmer_000132|28S	AY283852.1	241650	N/A	100.000	31	0	0	1	31	1340	1370	Atoxoplasma sp. MS-2003 large subunit ribosomal RNA gene, partial sequence
cc_rrna_kmer_000132|28S	OA985030.1	2823478	N/A	100.000	31	0	0	1	31	784	814	Isospora sp. Pr1 partial 28S rRNA gene
cc_rrna_kmer_000132|28S	AY283854.1	241650	N/A	100.000	31	0	0	1	31	1343	1373	Atoxoplasma sp. MS-2003 large subunit ribosomal RNA gene, partial sequence
cc_rrna_kmer_000132|28S	AY283841.1	241650	N/A	100.000	31	0	0	1	31	1346	1376	Atoxoplasma sp. MS-2003 large subunit ribosomal RNA gene, partial sequence
cc_rrna_kmer_000132|28S	AY283855.1	241650	N/A	100.000	31	0	0	1	31	1342	1372	Atoxoplasma sp. MS-2003 large subunit ribosomal RNA gene, partial sequence
cc_rrna_kmer_000132|28S	MW775031.1	1469499	N/A	100.000	31	0	0	1	31	1317	1347	Eimeria hermani isolate 9-Whooper-swan large subunit ribosomal RNA gene, partial sequence
cc_rrna_kmer_000132|28S	AY283840.1	241650	N/A	100.000	31	0	0	1	31	1347	1377	Atoxoplasma sp. MS-2003 large subunit ribosomal RNA gene, partial sequence
cc_rrna_kmer_000132|28S	OA985027.1	2823473	N/A	100.000	31	0	0	1	31	787	817	Isospora sp. Sgs1 partial 28S rRNA gene
cc_rrna_kmer_000132|28S	AY283867.1	241650	N/A	100.000	31	0	0	1	31	1344	1374	Atoxoplasma sp. MS-2003 large subunit ribosomal RNA gene, partial sequence
cc_rrna_kmer_000132|28S	AY283870.1	241650	N/A	100.000	31	0	0	1	31	1346	1376	Atoxoplasma sp. MS-2003 large subunit ribosomal RNA gene, partial sequence
cc_rrna_kmer_000132|28S	OR266354.1	1743397	N/A	100.000	31	0	0	1	31	557	587	Isospora sp. isolate 28S_Seq18 large subunit ribosomal RNA gene, partial sequence
cc_rrna_kmer_000132|28S	KT726931.1	1743397	N/A	100.000	31	0	0	1	31	1345	1375	Isospora sp. 28S ribosomal RNA gene, partial sequence
cc_rrna_kmer_000132|28S	AY283846.1	241650	N/A	100.000	31	0	0	1	31	1347	1377	Atoxoplasma sp. MS-2003 large subunit ribosomal RNA gene, partial sequence
cc_rrna_kmer_000132|28S	OA985033.1	2823480	N/A	100.000	31	0	0	1	31	788	818	Isospora sp. Hs1 partial 28S rRNA gene
cc_rrna_kmer_000132|28S	AY283851.1	241650	N/A	100.000	31	0	0	1	31	1343	1373	Atoxoplasma sp. MS-2003 large subunit ribosomal RNA gene, partial sequence
cc_rrna_kmer_000132|28S	MW775028.1	2820073	N/A	100.000	31	0	0	1	31	1304	1334	Isospora lacazei isolate 6-Bule-peafowl large subunit ribosomal RNA gene, partial sequence
cc_rrna_kmer_000132|28S	AY283856.1	241650	N/A	100.000	31	0	0	1	31	1344	1374	Atoxoplasma sp. MS-2003 large subunit ribosomal RNA gene, partial sequence
cc_rrna_kmer_000133|28S	XR_003297360.1	88456	N/A	100.000	31	0	0	1	31	2661	2631	PREDICTED: Cyclospora cayetanensis large subunit ribosomal RNA (LOC113146729), rRNA
cc_rrna_kmer_000134|28S	XR_003297360.1	88456	N/A	100.000	31	0	0	1	31	436	466	PREDICTED: Cyclospora cayetanensis large subunit ribosomal RNA (LOC113146729), rRNA
cc_rrna_kmer_000134|28S	EU252544.1	88456	N/A	100.000	31	0	0	1	31	1181	1211	Cyclospora cayetanensis 28S large subunit ribosomal RNA gene, partial sequence
cc_rrna_kmer_000135|28S	XR_003297360.1	88456	N/A	100.000	31	0	0	1	31	1240	1210	PREDICTED: Cyclospora cayetanensis large subunit ribosomal RNA (LOC113146729), rRNA
cc_rrna_kmer_000136|28S	EU252544.1	88456	N/A	100.000	31	0	0	1	31	533	503	Cyclospora cayetanensis 28S large subunit ribosomal RNA gene, partial sequence
cc_rrna_kmer_000137|18S	AB368543.1	88456	N/A	100.000	31	0	0	1	31	62	92	Cyclospora cayetanensis gene for 18S ribosomal RNA, partial sequence, clone: 3
cc_rrna_kmer_000137|18S	KC414111.1	88456	N/A	100.000	31	0	0	1	31	471	501	Cyclospora cayetanensis isolate 1905 18S ribosomal RNA gene, partial sequence
cc_rrna_kmer_000137|18S	AF111183.1	88456	N/A	100.000	31	0	0	1	31	519	549	Cyclospora cayetanensis 18S ribosomal RNA gene, complete sequence
cc_rrna_kmer_000137|18S	KC414107.1	88456	N/A	100.000	31	0	0	1	31	471	501	Cyclospora cayetanensis isolate 2201 18S ribosomal RNA gene, partial sequence
cc_rrna_kmer_000137|18S	KC414106.1	88456	N/A	100.000	31	0	0	1	31	471	501	Cyclospora cayetanensis isolate 2301 18S ribosomal RNA gene, partial sequence
cc_rrna_kmer_000137|18S	AB368541.1	88456	N/A	100.000	31	0	0	1	31	62	92	Cyclospora cayetanensis gene for 18S ribosomal RNA, partial sequence, clone: 1
cc_rrna_kmer_000137|18S	XR_003297358.1	88456	N/A	100.000	31	0	0	1	31	519	549	PREDICTED: Cyclospora cayetanensis small subunit ribosomal RNA (LOC113146722), rRNA
cc_rrna_kmer_000137|18S	KC414112.1	88456	N/A	100.000	31	0	0	1	31	471	501	Cyclospora cayetanensis isolate EC02 18S ribosomal RNA gene, partial sequence
cc_rrna_kmer_000137|18S	KC414105.1	88456	N/A	100.000	31	0	0	1	31	471	501	Cyclospora cayetanensis isolate 2311 18S ribosomal RNA gene, partial sequence
cc_rrna_kmer_000137|18S	AB368542.1	88456	N/A	100.000	31	0	0	1	31	62	92	Cyclospora cayetanensis gene for 18S ribosomal RNA, partial sequence, clone: 2
cc_rrna_kmer_000137|18S	KX618190.1	88456	N/A	100.000	31	0	0	1	31	519	549	Cyclospora cayetanensis 18S small subunit ribosomal RNA gene, partial sequence
cc_rrna_kmer_000137|18S	MW090936.1	88456	N/A	100.000	31	0	0	1	31	480	510	Cyclospora cayetanensis isolate 9041 small subunit ribosomal RNA gene, partial sequence
cc_rrna_kmer_000137|18S	KC414110.1	88456	N/A	100.000	31	0	0	1	31	471	501	Cyclospora cayetanensis isolate 2304 18S ribosomal RNA gene, partial sequence
cc_rrna_kmer_000138|28S	EU252544.1	88456	N/A	100.000	31	0	0	1	31	445	415	Cyclospora cayetanensis 28S large subunit ribosomal RNA gene, partial sequence
cc_rrna_kmer_000139|28S	AF301386.1	88456	N/A	100.000	31	0	0	1	31	1486	1516	Cyclospora cayetanensis small subunit ribosomal RNA gene, partial sequence; internal transcribed spacer 1, 5.8S ribosomal RNA gene and internal transcribed spacer 2, complete sequence; and large subunit ribosomal RNA gene, partial sequence
cc_rrna_kmer_000139|28S	EU252544.1	88456	N/A	100.000	31	0	0	1	31	25	55	Cyclospora cayetanensis 28S large subunit ribosomal RNA gene, partial sequence
cc_rrna_kmer_000139|28S	AF301391.1	88456	N/A	100.000	31	0	0	1	31	1488	1518	Cyclospora cayetanensis small subunit ribosomal RNA gene, partial sequence; internal transcribed spacer 1, 5.8S ribosomal RNA gene and internal transcribed spacer 2, complete sequence; and large subunit ribosomal RNA gene, partial sequence
cc_rrna_kmer_000140|28S	EU252544.1	88456	N/A	100.000	31	0	0	1	31	180	150	Cyclospora cayetanensis 28S large subunit ribosomal RNA gene, partial sequence
cc_rrna_kmer_000141|28S	XR_003297360.1	88456	N/A	100.000	31	0	0	1	31	2552	2522	PREDICTED: Cyclospora cayetanensis large subunit ribosomal RNA (LOC113146729), rRNA
cc_rrna_kmer_000142|28S	XR_003297360.1	88456	N/A	100.000	31	0	0	1	31	1383	1353	PREDICTED: Cyclospora cayetanensis large subunit ribosomal RNA (LOC113146729), rRNA
cc_rrna_kmer_000143|28S	XR_003297360.1	88456	N/A	100.000	31	0	0	1	31	1381	1351	PREDICTED: Cyclospora cayetanensis large subunit ribosomal RNA (LOC113146729), rRNA
cc_rrna_kmer_000144|28S	XR_003297360.1	88456	N/A	100.000	31	0	0	1	31	1837	1807	PREDICTED: Cyclospora cayetanensis large subunit ribosomal RNA (LOC113146729), rRNA
cc_rrna_kmer_000145|28S	XR_003297360.1	88456	N/A	100.000	31	0	0	1	31	2177	2147	PREDICTED: Cyclospora cayetanensis large subunit ribosomal RNA (LOC113146729), rRNA
cc_rrna_kmer_000145|28S	GU593716.1	947543	N/A	100.000	31	0	0	1	31	819	789	Goussia carpelli strain 23 28S ribosomal RNA gene, partial sequence
cc_rrna_kmer_000146|28S	XR_003297360.1	88456	N/A	100.000	31	0	0	1	31	590	560	PREDICTED: Cyclospora cayetanensis large subunit ribosomal RNA (LOC113146729), rRNA
cc_rrna_kmer_000146|28S	EU252544.1	88456	N/A	100.000	31	0	0	1	31	1335	1305	Cyclospora cayetanensis 28S large subunit ribosomal RNA gene, partial sequence
cc_rrna_kmer_000147|28S	EU252544.1	88456	N/A	100.000	31	0	0	1	31	499	469	Cyclospora cayetanensis 28S large subunit ribosomal RNA gene, partial sequence
cc_rrna_kmer_000148|28S	XR_003297360.1	88456	N/A	100.000	31	0	0	1	31	949	919	PREDICTED: Cyclospora cayetanensis large subunit ribosomal RNA (LOC113146729), rRNA
cc_rrna_kmer_000148|28S	EU252544.1	88456	N/A	100.000	31	0	0	1	31	1694	1664	Cyclospora cayetanensis 28S large subunit ribosomal RNA gene, partial sequence
cc_rrna_kmer_000149|28S	EU252544.1	88456	N/A	100.000	31	0	0	1	31	684	654	Cyclospora cayetanensis 28S large subunit ribosomal RNA gene, partial sequence
cc_rrna_kmer_000150|28S	XR_003297360.1	88456	N/A	100.000	31	0	0	1	31	1886	1856	PREDICTED: Cyclospora cayetanensis large subunit ribosomal RNA (LOC113146729), rRNA
cc_rrna_kmer_000151|28S	XR_003297360.1	88456	N/A	100.000	31	0	0	1	31	733	703	PREDICTED: Cyclospora cayetanensis large subunit ribosomal RNA (LOC113146729), rRNA
cc_rrna_kmer_000151|28S	EU252544.1	88456	N/A	100.000	31	0	0	1	31	1478	1448	Cyclospora cayetanensis 28S large subunit ribosomal RNA gene, partial sequence
cc_rrna_kmer_000152|28S	EU252544.1	88456	N/A	100.000	31	0	0	1	31	277	247	Cyclospora cayetanensis 28S large subunit ribosomal RNA gene, partial sequence
cc_rrna_kmer_000153|28S	XR_003297360.1	88456	N/A	100.000	31	0	0	1	31	151	121	PREDICTED: Cyclospora cayetanensis large subunit ribosomal RNA (LOC113146729), rRNA
cc_rrna_kmer_000153|28S	EU252544.1	88456	N/A	100.000	31	0	0	1	31	896	866	Cyclospora cayetanensis 28S large subunit ribosomal RNA gene, partial sequence
cc_rrna_kmer_000154|28S	XR_003297360.1	88456	N/A	100.000	31	0	0	1	31	179	149	PREDICTED: Cyclospora cayetanensis large subunit ribosomal RNA (LOC113146729), rRNA
cc_rrna_kmer_000154|28S	EU252544.1	88456	N/A	100.000	31	0	0	1	31	924	894	Cyclospora cayetanensis 28S large subunit ribosomal RNA gene, partial sequence
cc_rrna_kmer_000155|28S	XR_003297360.1	88456	N/A	100.000	31	0	0	1	31	1379	1349	PREDICTED: Cyclospora cayetanensis large subunit ribosomal RNA (LOC113146729), rRNA
cc_rrna_kmer_000156|28S	EU252544.1	88456	N/A	100.000	31	0	0	1	31	739	709	Cyclospora cayetanensis 28S large subunit ribosomal RNA gene, partial sequence
cc_rrna_kmer_000157|28S	EU252544.1	88456	N/A	100.000	31	0	0	1	31	1834	1864	Cyclospora cayetanensis 28S large subunit ribosomal RNA gene, partial sequence
cc_rrna_kmer_000158|28S	EU252544.1	88456	N/A	100.000	31	0	0	1	31	493	463	Cyclospora cayetanensis 28S large subunit ribosomal RNA gene, partial sequence
cc_rrna_kmer_000159|18S	AF111183.1	88456	N/A	100.000	31	0	0	1	31	1695	1665	Cyclospora cayetanensis 18S ribosomal RNA gene, complete sequence
cc_rrna_kmer_000159|18S	XR_003297358.1	88456	N/A	100.000	31	0	0	1	31	1695	1665	PREDICTED: Cyclospora cayetanensis small subunit ribosomal RNA (LOC113146722), rRNA
cc_rrna_kmer_000159|18S	KX618190.1	88456	N/A	100.000	31	0	0	1	31	1695	1665	Cyclospora cayetanensis 18S small subunit ribosomal RNA gene, partial sequence
cc_rrna_kmer_000160|28S	XR_003297360.1	88456	N/A	100.000	31	0	0	1	31	933	963	PREDICTED: Cyclospora cayetanensis large subunit ribosomal RNA (LOC113146729), rRNA
cc_rrna_kmer_000160|28S	EU252544.1	88456	N/A	100.000	31	0	0	1	31	1678	1708	Cyclospora cayetanensis 28S large subunit ribosomal RNA gene, partial sequence
cc_rrna_kmer_000161|28S	XR_003297360.1	88456	N/A	100.000	31	0	0	1	31	76	46	PREDICTED: Cyclospora cayetanensis large subunit ribosomal RNA (LOC113146729), rRNA
cc_rrna_kmer_000161|28S	EU252544.1	88456	N/A	100.000	31	0	0	1	31	821	791	Cyclospora cayetanensis 28S large subunit ribosomal RNA gene, partial sequence
cc_rrna_kmer_000162|28S	EU252544.1	88456	N/A	100.000	31	0	0	1	31	431	461	Cyclospora cayetanensis 28S large subunit ribosomal RNA gene, partial sequence
cc_rrna_kmer_000163|28S	XR_003297360.1	88456	N/A	100.000	31	0	0	1	31	44	74	PREDICTED: Cyclospora cayetanensis large subunit ribosomal RNA (LOC113146729), rRNA
cc_rrna_kmer_000163|28S	EU252544.1	88456	N/A	100.000	31	0	0	1	31	789	819	Cyclospora cayetanensis 28S large subunit ribosomal RNA gene, partial sequence
cc_rrna_kmer_000164|28S	XR_003297360.1	88456	N/A	100.000	31	0	0	1	31	2639	2669	PREDICTED: Cyclospora cayetanensis large subunit ribosomal RNA (LOC113146729), rRNA
cc_rrna_kmer_000165|28S	XR_003297360.1	88456	N/A	100.000	31	0	0	1	31	1928	1898	PREDICTED: Cyclospora cayetanensis large subunit ribosomal RNA (LOC113146729), rRNA
cc_rrna_kmer_000166|28S	XR_003297360.1	88456	N/A	100.000	31	0	0	1	31	594	564	PREDICTED: Cyclospora cayetanensis large subunit ribosomal RNA (LOC113146729), rRNA
cc_rrna_kmer_000166|28S	EU252544.1	88456	N/A	100.000	31	0	0	1	31	1339	1309	Cyclospora cayetanensis 28S large subunit ribosomal RNA gene, partial sequence
cc_rrna_kmer_000167|28S	AF301386.1	88456	N/A	100.000	31	0	0	1	31	1471	1501	Cyclospora cayetanensis small subunit ribosomal RNA gene, partial sequence; internal transcribed spacer 1, 5.8S ribosomal RNA gene and internal transcribed spacer 2, complete sequence; and large subunit ribosomal RNA gene, partial sequence
cc_rrna_kmer_000167|28S	EU252544.1	88456	N/A	100.000	31	0	0	1	31	10	40	Cyclospora cayetanensis 28S large subunit ribosomal RNA gene, partial sequence
cc_rrna_kmer_000167|28S	AF301391.1	88456	N/A	100.000	31	0	0	1	31	1473	1503	Cyclospora cayetanensis small subunit ribosomal RNA gene, partial sequence; internal transcribed spacer 1, 5.8S ribosomal RNA gene and internal transcribed spacer 2, complete sequence; and large subunit ribosomal RNA gene, partial sequence
cc_rrna_kmer_000168|28S	XR_003297360.1	88456	N/A	100.000	31	0	0	1	31	31	61	PREDICTED: Cyclospora cayetanensis large subunit ribosomal RNA (LOC113146729), rRNA
cc_rrna_kmer_000168|28S	EU252544.1	88456	N/A	100.000	31	0	0	1	31	776	806	Cyclospora cayetanensis 28S large subunit ribosomal RNA gene, partial sequence
cc_rrna_kmer_000169|28S	XR_003297360.1	88456	N/A	100.000	31	0	0	1	31	1459	1429	PREDICTED: Cyclospora cayetanensis large subunit ribosomal RNA (LOC113146729), rRNA
cc_rrna_kmer_000170|18S	AF111183.1	88456	N/A	100.000	31	0	0	1	31	1711	1681	Cyclospora cayetanensis 18S ribosomal RNA gene, complete sequence
cc_rrna_kmer_000170|18S	XR_003297358.1	88456	N/A	100.000	31	0	0	1	31	1711	1681	PREDICTED: Cyclospora cayetanensis small subunit ribosomal RNA (LOC113146722), rRNA
cc_rrna_kmer_000170|18S	KX618190.1	88456	N/A	100.000	31	0	0	1	31	1711	1681	Cyclospora cayetanensis 18S small subunit ribosomal RNA gene, partial sequence
cc_rrna_kmer_000171|18S	AF111183.1	88456	N/A	100.000	31	0	0	1	31	1687	1717	Cyclospora cayetanensis 18S ribosomal RNA gene, complete sequence
cc_rrna_kmer_000171|18S	XR_003297358.1	88456	N/A	100.000	31	0	0	1	31	1687	1717	PREDICTED: Cyclospora cayetanensis small subunit ribosomal RNA (LOC113146722), rRNA
cc_rrna_kmer_000171|18S	KX618190.1	88456	N/A	100.000	31	0	0	1	31	1687	1717	Cyclospora cayetanensis 18S small subunit ribosomal RNA gene, partial sequence
cc_rrna_kmer_000172|28S	XR_003297360.1	88456	N/A	100.000	31	0	0	1	31	712	742	PREDICTED: Cyclospora cayetanensis large subunit ribosomal RNA (LOC113146729), rRNA
cc_rrna_kmer_000172|28S	EU252544.1	88456	N/A	100.000	31	0	0	1	31	1457	1487	Cyclospora cayetanensis 28S large subunit ribosomal RNA gene, partial sequence
cc_rrna_kmer_000173|28S	XR_003297360.1	88456	N/A	100.000	31	0	0	1	31	197	167	PREDICTED: Cyclospora cayetanensis large subunit ribosomal RNA (LOC113146729), rRNA
cc_rrna_kmer_000173|28S	EU252544.1	88456	N/A	100.000	31	0	0	1	31	942	912	Cyclospora cayetanensis 28S large subunit ribosomal RNA gene, partial sequence
cc_rrna_kmer_000174|28S	LC856927.1	1962270	N/A	100.000	31	0	0	1	31	1345	1375	Sarcocystis bertrami CA20-2_2 gene for 28S ribosomal RNA, partial sequence, clone: b26-6
cc_rrna_kmer_000174|28S	XR_003297360.1	88456	N/A	100.000	31	0	0	1	31	577	607	PREDICTED: Cyclospora cayetanensis large subunit ribosomal RNA (LOC113146729), rRNA
cc_rrna_kmer_000174|28S	EU252544.1	88456	N/A	100.000	31	0	0	1	31	1322	1352	Cyclospora cayetanensis 28S large subunit ribosomal RNA gene, partial sequence
cc_rrna_kmer_000174|28S	LC857022.1	1962270	N/A	100.000	31	0	0	1	31	1348	1378	Sarcocystis bertrami CA20-53_1 gene for 28S ribosomal RNA, partial sequence, clone: b14-6
cc_rrna_kmer_000176|28S	EU252544.1	88456	N/A	100.000	31	0	0	1	31	485	455	Cyclospora cayetanensis 28S large subunit ribosomal RNA gene, partial sequence
cc_rrna_kmer_000177|28S	XR_003297360.1	88456	N/A	100.000	31	0	0	1	31	477	447	PREDICTED: Cyclospora cayetanensis large subunit ribosomal RNA (LOC113146729), rRNA
cc_rrna_kmer_000177|28S	EU252544.1	88456	N/A	100.000	31	0	0	1	31	1222	1192	Cyclospora cayetanensis 28S large subunit ribosomal RNA gene, partial sequence
cc_rrna_kmer_000178|28S	XR_003297360.1	88456	N/A	100.000	31	0	0	1	31	1835	1805	PREDICTED: Cyclospora cayetanensis large subunit ribosomal RNA (LOC113146729), rRNA
cc_rrna_kmer_000179|28S	XR_003297360.1	88456	N/A	100.000	31	0	0	1	31	65	35	PREDICTED: Cyclospora cayetanensis large subunit ribosomal RNA (LOC113146729), rRNA
cc_rrna_kmer_000179|28S	EU252544.1	88456	N/A	100.000	31	0	0	1	31	810	780	Cyclospora cayetanensis 28S large subunit ribosomal RNA gene, partial sequence
cc_rrna_kmer_000180|28S	XR_003297360.1	88456	N/A	100.000	31	0	0	1	31	1876	1906	PREDICTED: Cyclospora cayetanensis large subunit ribosomal RNA (LOC113146729), rRNA
cc_rrna_kmer_000181|28S	EU252544.1	88456	N/A	100.000	31	0	0	1	31	541	511	Cyclospora cayetanensis 28S large subunit ribosomal RNA gene, partial sequence
cc_rrna_kmer_000182|28S	EU252544.1	88456	N/A	100.000	31	0	0	1	31	667	637	Cyclospora cayetanensis 28S large subunit ribosomal RNA gene, partial sequence
cc_rrna_kmer_000183|18S	XR_003297358.1	88456	N/A	100.000	31	0	0	1	31	255	285	PREDICTED: Cyclospora cayetanensis small subunit ribosomal RNA (LOC113146722), rRNA
cc_rrna_kmer_000184|28S	XR_003297360.1	88456	N/A	100.000	31	0	0	1	31	723	753	PREDICTED: Cyclospora cayetanensis large subunit ribosomal RNA (LOC113146729), rRNA
cc_rrna_kmer_000184|28S	EU252544.1	88456	N/A	100.000	31	0	0	1	31	1468	1498	Cyclospora cayetanensis 28S large subunit ribosomal RNA gene, partial sequence
cc_rrna_kmer_000185|28S	XR_003297360.1	88456	N/A	100.000	31	0	0	1	31	962	992	PREDICTED: Cyclospora cayetanensis large subunit ribosomal RNA (LOC113146729), rRNA
cc_rrna_kmer_000186|28S	EU252544.1	88456	N/A	100.000	31	0	0	1	31	719	749	Cyclospora cayetanensis 28S large subunit ribosomal RNA gene, partial sequence
cc_rrna_kmer_000187|28S	XR_003297360.1	88456	N/A	100.000	31	0	0	1	31	756	726	PREDICTED: Cyclospora cayetanensis large subunit ribosomal RNA (LOC113146729), rRNA
cc_rrna_kmer_000187|28S	EU252544.1	88456	N/A	100.000	31	0	0	1	31	1501	1471	Cyclospora cayetanensis 28S large subunit ribosomal RNA gene, partial sequence
cc_rrna_kmer_000188|28S	XR_003297360.1	88456	N/A	100.000	31	0	0	1	31	1440	1470	PREDICTED: Cyclospora cayetanensis large subunit ribosomal RNA (LOC113146729), rRNA
cc_rrna_kmer_000189|28S	XR_003297360.1	88456	N/A	100.000	31	0	0	1	31	1451	1481	PREDICTED: Cyclospora cayetanensis large subunit ribosomal RNA (LOC113146729), rRNA
cc_rrna_kmer_000190|28S	XR_003297360.1	88456	N/A	100.000	31	0	0	1	31	1176	1146	PREDICTED: Cyclospora cayetanensis large subunit ribosomal RNA (LOC113146729), rRNA
cc_rrna_kmer_000190|28S	EU252544.1	88456	N/A	100.000	31	0	0	1	31	1921	1891	Cyclospora cayetanensis 28S large subunit ribosomal RNA gene, partial sequence
cc_rrna_kmer_000191|18S	MK946294.1	342097	N/A	100.000	31	0	0	1	31	54	24	Uncultured soil eukaryote clone l330 small subunit ribosomal RNA gene, partial sequence
cc_rrna_kmer_000192|28S	XR_003297360.1	88456	N/A	100.000	31	0	0	1	31	129	159	PREDICTED: Cyclospora cayetanensis large subunit ribosomal RNA (LOC113146729), rRNA
cc_rrna_kmer_000192|28S	EU252544.1	88456	N/A	100.000	31	0	0	1	31	874	904	Cyclospora cayetanensis 28S large subunit ribosomal RNA gene, partial sequence
cc_rrna_kmer_000193|28S	XR_003297360.1	88456	N/A	100.000	31	0	0	1	31	1846	1816	PREDICTED: Cyclospora cayetanensis large subunit ribosomal RNA (LOC113146729), rRNA
cc_rrna_kmer_000194|28S	XR_003297360.1	88456	N/A	100.000	31	0	0	1	31	107	77	PREDICTED: Cyclospora cayetanensis large subunit ribosomal RNA (LOC113146729), rRNA
cc_rrna_kmer_000194|28S	EU252544.1	88456	N/A	100.000	31	0	0	1	31	852	822	Cyclospora cayetanensis 28S large subunit ribosomal RNA gene, partial sequence
cc_rrna_kmer_000195|28S	EU252544.1	88456	N/A	100.000	31	0	0	1	31	662	632	Cyclospora cayetanensis 28S large subunit ribosomal RNA gene, partial sequence
cc_rrna_kmer_000196|28S	XR_003297360.1	88456	N/A	100.000	31	0	0	1	31	111	81	PREDICTED: Cyclospora cayetanensis large subunit ribosomal RNA (LOC113146729), rRNA
cc_rrna_kmer_000196|28S	EU252544.1	88456	N/A	100.000	31	0	0	1	31	856	826	Cyclospora cayetanensis 28S large subunit ribosomal RNA gene, partial sequence
cc_rrna_kmer_000197|28S	XR_003297360.1	88456	N/A	100.000	31	0	0	1	31	463	433	PREDICTED: Cyclospora cayetanensis large subunit ribosomal RNA (LOC113146729), rRNA
cc_rrna_kmer_000197|28S	EU252544.1	88456	N/A	100.000	31	0	0	1	31	1208	1178	Cyclospora cayetanensis 28S large subunit ribosomal RNA gene, partial sequence
cc_rrna_kmer_000198|28S	XR_003297360.1	88456	N/A	100.000	31	0	0	1	31	1889	1859	PREDICTED: Cyclospora cayetanensis large subunit ribosomal RNA (LOC113146729), rRNA
cc_rrna_kmer_000199|28S	XR_003297360.1	88456	N/A	100.000	31	0	0	1	31	133	163	PREDICTED: Cyclospora cayetanensis large subunit ribosomal RNA (LOC113146729), rRNA
cc_rrna_kmer_000199|28S	EU252544.1	88456	N/A	100.000	31	0	0	1	31	878	908	Cyclospora cayetanensis 28S large subunit ribosomal RNA gene, partial sequence
cc_rrna_kmer_000200|28S	EU252544.1	88456	N/A	100.000	31	0	0	1	31	162	132	Cyclospora cayetanensis 28S large subunit ribosomal RNA gene, partial sequence
cc_rrna_kmer_000201|28S	XR_003297360.1	88456	N/A	100.000	31	0	0	1	31	1822	1852	PREDICTED: Cyclospora cayetanensis large subunit ribosomal RNA (LOC113146729), rRNA
cc_rrna_kmer_000202|28S	XR_003297360.1	88456	N/A	100.000	31	0	0	1	31	1215	1185	PREDICTED: Cyclospora cayetanensis large subunit ribosomal RNA (LOC113146729), rRNA
cc_rrna_kmer_000203|28S	XR_003297360.1	88456	N/A	100.000	31	0	0	1	31	2715	2745	PREDICTED: Cyclospora cayetanensis large subunit ribosomal RNA (LOC113146729), rRNA
cc_rrna_kmer_000204|28S	XR_003297360.1	88456	N/A	100.000	31	0	0	1	31	121	91	PREDICTED: Cyclospora cayetanensis large subunit ribosomal RNA (LOC113146729), rRNA
cc_rrna_kmer_000204|28S	EU252544.1	88456	N/A	100.000	31	0	0	1	31	866	836	Cyclospora cayetanensis 28S large subunit ribosomal RNA gene, partial sequence
cc_rrna_kmer_000205|28S	EU252544.1	88456	N/A	100.000	31	0	0	1	31	476	446	Cyclospora cayetanensis 28S large subunit ribosomal RNA gene, partial sequence
cc_rrna_kmer_000206|18S	AF111183.1	88456	N/A	100.000	31	0	0	1	31	1724	1694	Cyclospora cayetanensis 18S ribosomal RNA gene, complete sequence
cc_rrna_kmer_000206|18S	XR_003297358.1	88456	N/A	100.000	31	0	0	1	31	1724	1694	PREDICTED: Cyclospora cayetanensis small subunit ribosomal RNA (LOC113146722), rRNA
cc_rrna_kmer_000206|18S	KX618190.1	88456	N/A	100.000	31	0	0	1	31	1724	1694	Cyclospora cayetanensis 18S small subunit ribosomal RNA gene, partial sequence
cc_rrna_kmer_000207|28S	XR_003297360.1	88456	N/A	100.000	31	0	0	1	31	1466	1436	PREDICTED: Cyclospora cayetanensis large subunit ribosomal RNA (LOC113146729), rRNA
cc_rrna_kmer_000209|28S	EU252544.1	88456	N/A	100.000	31	0	0	1	31	497	467	Cyclospora cayetanensis 28S large subunit ribosomal RNA gene, partial sequence
cc_rrna_kmer_000210|28S	XR_003297360.1	88456	N/A	100.000	31	0	0	1	31	1372	1342	PREDICTED: Cyclospora cayetanensis large subunit ribosomal RNA (LOC113146729), rRNA
cc_rrna_kmer_000211|28S	XR_003297360.1	88456	N/A	100.000	31	0	0	1	31	1048	1078	PREDICTED: Cyclospora cayetanensis large subunit ribosomal RNA (LOC113146729), rRNA
cc_rrna_kmer_000211|28S	EU252544.1	88456	N/A	100.000	31	0	0	1	31	1793	1823	Cyclospora cayetanensis 28S large subunit ribosomal RNA gene, partial sequence
cc_rrna_kmer_000212|28S	XR_003297360.1	88456	N/A	100.000	31	0	0	1	31	2740	2710	PREDICTED: Cyclospora cayetanensis large subunit ribosomal RNA (LOC113146729), rRNA
cc_rrna_kmer_000212|28S	PQ738239.1	5801	N/A	100.000	31	0	0	1	31	6187	6157	Eimeria acervulina small subunit ribosomal RNA gene, partial sequence; internal transcribed spacer 1, 5.8S ribosomal RNA gene, and internal transcribed spacer 2, complete sequence; and large subunit ribosomal RNA gene, partial sequence
cc_rrna_kmer_000213|28S	LC856936.1	1962270	N/A	100.000	31	0	0	1	31	1576	1546	Sarcocystis bertrami CA20-2_4 gene for 28S ribosomal RNA, partial sequence, clone: b27-6
cc_rrna_kmer_000213|28S	XR_003297360.1	88456	N/A	100.000	31	0	0	1	31	809	779	PREDICTED: Cyclospora cayetanensis large subunit ribosomal RNA (LOC113146729), rRNA
cc_rrna_kmer_000213|28S	EU252544.1	88456	N/A	100.000	31	0	0	1	31	1554	1524	Cyclospora cayetanensis 28S large subunit ribosomal RNA gene, partial sequence
cc_rrna_kmer_000214|28S	XR_003297360.1	88456	N/A	100.000	31	0	0	1	31	799	769	PREDICTED: Cyclospora cayetanensis large subunit ribosomal RNA (LOC113146729), rRNA
cc_rrna_kmer_000214|28S	EU252544.1	88456	N/A	100.000	31	0	0	1	31	1544	1514	Cyclospora cayetanensis 28S large subunit ribosomal RNA gene, partial sequence
cc_rrna_kmer_000216|28S	EU252544.1	88456	N/A	100.000	31	0	0	1	31	595	565	Cyclospora cayetanensis 28S large subunit ribosomal RNA gene, partial sequence
cc_rrna_kmer_000217|28S	EU252544.1	88456	N/A	100.000	31	0	0	1	31	697	667	Cyclospora cayetanensis 28S large subunit ribosomal RNA gene, partial sequence
cc_rrna_kmer_000218|28S	XR_003297360.1	88456	N/A	100.000	31	0	0	1	31	1420	1390	PREDICTED: Cyclospora cayetanensis large subunit ribosomal RNA (LOC113146729), rRNA
cc_rrna_kmer_000220|28S	XR_003297360.1	88456	N/A	100.000	31	0	0	1	31	792	762	PREDICTED: Cyclospora cayetanensis large subunit ribosomal RNA (LOC113146729), rRNA
cc_rrna_kmer_000220|28S	EU252544.1	88456	N/A	100.000	31	0	0	1	31	1537	1507	Cyclospora cayetanensis 28S large subunit ribosomal RNA gene, partial sequence
cc_rrna_kmer_000221|28S	EU252544.1	88456	N/A	100.000	31	0	0	1	31	523	493	Cyclospora cayetanensis 28S large subunit ribosomal RNA gene, partial sequence
cc_rrna_kmer_000222|28S	XR_003297360.1	88456	N/A	100.000	31	0	0	1	31	1234	1204	PREDICTED: Cyclospora cayetanensis large subunit ribosomal RNA (LOC113146729), rRNA
cc_rrna_kmer_000224|28S	EU252544.1	88456	N/A	100.000	31	0	0	1	31	763	733	Cyclospora cayetanensis 28S large subunit ribosomal RNA gene, partial sequence
cc_rrna_kmer_000225|28S	DQ444226.1	376364	N/A	100.000	31	0	0	1	31	776	806	Diplopsalis lenticula strain M2 large subunit ribosomal RNA gene, partial sequence
cc_rrna_kmer_000225|28S	EF152793.1	376364	N/A	100.000	31	0	0	1	31	732	762	Diplopsalis lenticula cell9_clone13 large subunit ribosomal RNA gene, partial sequence
cc_rrna_kmer_000225|28S	ON392314.1	2909494	N/A	100.000	31	0	0	1	31	781	811	Preperidinium sp. isolate YS1-SGW1 large subunit ribosomal RNA gene, partial sequence
cc_rrna_kmer_000225|28S	ON392263.1	376364	N/A	100.000	31	0	0	1	31	776	806	Diplopsalis lenticula isolate JZB-3 large subunit ribosomal RNA gene, partial sequence
cc_rrna_kmer_000225|28S	ON392266.1	376364	N/A	100.000	31	0	0	1	31	776	806	Diplopsalis lenticula isolate RZ-3 large subunit ribosomal RNA gene, partial sequence
cc_rrna_kmer_000225|28S	ON392312.1	2909494	N/A	100.000	31	0	0	1	31	721	751	Preperidinium sp. isolate YS1-YT2 large subunit ribosomal RNA gene, partial sequence
cc_rrna_kmer_000225|28S	EF152794.1	376364	N/A	100.000	31	0	0	1	31	776	806	Diplopsalis lenticula cell9_clone8 large subunit ribosomal RNA gene, partial sequence
cc_rrna_kmer_000225|28S	EF152781.1	376364	N/A	100.000	31	0	0	1	31	776	806	Diplopsalis lenticula cell12_clone8 large subunit ribosomal RNA gene, partial sequence
cc_rrna_kmer_000225|28S	ON392315.1	2909494	N/A	100.000	31	0	0	1	31	781	811	Preperidinium sp. isolate YS1-RZ1 large subunit ribosomal RNA gene, partial sequence
cc_rrna_kmer_000225|28S	XR_003297360.1	88456	N/A	100.000	31	0	0	1	31	172	202	PREDICTED: Cyclospora cayetanensis large subunit ribosomal RNA (LOC113146729), rRNA
cc_rrna_kmer_000225|28S	EF152785.1	376364	N/A	100.000	31	0	0	1	31	776	806	Diplopsalis lenticula cell2_clone2 large subunit ribosomal RNA gene, partial sequence
cc_rrna_kmer_000225|28S	EF152786.1	376364	N/A	100.000	31	0	0	1	31	776	806	Diplopsalis lenticula cell2_clone3 large subunit ribosomal RNA gene, partial sequence
cc_rrna_kmer_000225|28S	EF152780.1	376364	N/A	100.000	31	0	0	1	31	776	806	Diplopsalis lenticula cell12_clone3 large subunit ribosomal RNA gene, partial sequence
cc_rrna_kmer_000225|28S	EF152787.1	376364	N/A	100.000	31	0	0	1	31	776	806	Diplopsalis lenticula cell2_clone8 large subunit ribosomal RNA gene, partial sequence
cc_rrna_kmer_000225|28S	ON392262.1	376364	N/A	100.000	31	0	0	1	31	776	806	Diplopsalis lenticula isolate JZB-2 large subunit ribosomal RNA gene, partial sequence
cc_rrna_kmer_000225|28S	ON392311.1	2909494	N/A	100.000	31	0	0	1	31	716	746	Preperidinium sp. isolate YS1-YT1 large subunit ribosomal RNA gene, partial sequence
cc_rrna_kmer_000225|28S	ON392264.1	376364	N/A	100.000	31	0	0	1	31	776	806	Diplopsalis lenticula isolate RZ-1 large subunit ribosomal RNA gene, partial sequence
cc_rrna_kmer_000225|28S	PV170855.1	2909494	N/A	100.000	31	0	0	1	31	781	811	Preperidinium sp. isolate BSPRE1 large subunit ribosomal RNA gene, partial sequence
cc_rrna_kmer_000225|28S	EU252544.1	88456	N/A	100.000	31	0	0	1	31	917	947	Cyclospora cayetanensis 28S large subunit ribosomal RNA gene, partial sequence
cc_rrna_kmer_000225|28S	ON392261.1	376364	N/A	100.000	31	0	0	1	31	776	806	Diplopsalis lenticula isolate JZB-1 large subunit ribosomal RNA gene, partial sequence
cc_rrna_kmer_000225|28S	EF152778.1	376364	N/A	100.000	31	0	0	1	31	776	806	Diplopsalis lenticula cell12_clone2 large subunit ribosomal RNA gene, partial sequence
cc_rrna_kmer_000225|28S	ON392268.1	376364	N/A	100.000	31	0	0	1	31	776	806	Diplopsalis lenticula isolate RZ-5 large subunit ribosomal RNA gene, partial sequence
cc_rrna_kmer_000225|28S	EF152782.1	376364	N/A	100.000	31	0	0	1	31	776	806	Diplopsalis lenticula cell12_clone7 large subunit ribosomal RNA gene, partial sequence
cc_rrna_kmer_000225|28S	EF152784.1	376364	N/A	100.000	31	0	0	1	31	763	793	Diplopsalis lenticula cell13_clone3 large subunit ribosomal RNA gene, partial sequence
cc_rrna_kmer_000225|28S	ON392313.1	2909494	N/A	100.000	31	0	0	1	31	724	754	Preperidinium sp. isolate YS1-YT3 large subunit ribosomal RNA gene, partial sequence
cc_rrna_kmer_000226|28S	XR_003297360.1	88456	N/A	100.000	31	0	0	1	31	773	743	PREDICTED: Cyclospora cayetanensis large subunit ribosomal RNA (LOC113146729), rRNA
cc_rrna_kmer_000226|28S	EU252544.1	88456	N/A	100.000	31	0	0	1	31	1518	1488	Cyclospora cayetanensis 28S large subunit ribosomal RNA gene, partial sequence
cc_rrna_kmer_000227|28S	XR_003297360.1	88456	N/A	100.000	31	0	0	1	31	48	78	PREDICTED: Cyclospora cayetanensis large subunit ribosomal RNA (LOC113146729), rRNA
cc_rrna_kmer_000227|28S	EU252544.1	88456	N/A	100.000	31	0	0	1	31	793	823	Cyclospora cayetanensis 28S large subunit ribosomal RNA gene, partial sequence
cc_rrna_kmer_000228|28S	XR_003297360.1	88456	N/A	100.000	31	0	0	1	31	175	145	PREDICTED: Cyclospora cayetanensis large subunit ribosomal RNA (LOC113146729), rRNA
cc_rrna_kmer_000228|28S	EU252544.1	88456	N/A	100.000	31	0	0	1	31	920	890	Cyclospora cayetanensis 28S large subunit ribosomal RNA gene, partial sequence
cc_rrna_kmer_000229|28S	XR_003297360.1	88456	N/A	100.000	31	0	0	1	31	1011	1041	PREDICTED: Cyclospora cayetanensis large subunit ribosomal RNA (LOC113146729), rRNA
cc_rrna_kmer_000229|28S	EU252544.1	88456	N/A	100.000	31	0	0	1	31	1756	1786	Cyclospora cayetanensis 28S large subunit ribosomal RNA gene, partial sequence
cc_rrna_kmer_000230|28S	XR_003297360.1	88456	N/A	100.000	31	0	0	1	31	770	800	PREDICTED: Cyclospora cayetanensis large subunit ribosomal RNA (LOC113146729), rRNA
cc_rrna_kmer_000230|28S	EU252544.1	88456	N/A	100.000	31	0	0	1	31	1515	1545	Cyclospora cayetanensis 28S large subunit ribosomal RNA gene, partial sequence
cc_rrna_kmer_000231|28S	XR_003297360.1	88456	N/A	100.000	31	0	0	1	31	155	125	PREDICTED: Cyclospora cayetanensis large subunit ribosomal RNA (LOC113146729), rRNA
cc_rrna_kmer_000231|28S	EU252544.1	88456	N/A	100.000	31	0	0	1	31	900	870	Cyclospora cayetanensis 28S large subunit ribosomal RNA gene, partial sequence
cc_rrna_kmer_000232|28S	AF301386.1	88456	N/A	100.000	31	0	0	1	31	1479	1509	Cyclospora cayetanensis small subunit ribosomal RNA gene, partial sequence; internal transcribed spacer 1, 5.8S ribosomal RNA gene and internal transcribed spacer 2, complete sequence; and large subunit ribosomal RNA gene, partial sequence
cc_rrna_kmer_000232|28S	EU252544.1	88456	N/A	100.000	31	0	0	1	31	18	48	Cyclospora cayetanensis 28S large subunit ribosomal RNA gene, partial sequence
cc_rrna_kmer_000232|28S	AF301391.1	88456	N/A	100.000	31	0	0	1	31	1481	1511	Cyclospora cayetanensis small subunit ribosomal RNA gene, partial sequence; internal transcribed spacer 1, 5.8S ribosomal RNA gene and internal transcribed spacer 2, complete sequence; and large subunit ribosomal RNA gene, partial sequence
cc_rrna_kmer_000233|28S	XR_003297360.1	88456	N/A	100.000	31	0	0	1	31	2561	2591	PREDICTED: Cyclospora cayetanensis large subunit ribosomal RNA (LOC113146729), rRNA
cc_rrna_kmer_000235|28S	XR_003297360.1	88456	N/A	100.000	31	0	0	1	31	165	135	PREDICTED: Cyclospora cayetanensis large subunit ribosomal RNA (LOC113146729), rRNA
cc_rrna_kmer_000235|28S	EU252544.1	88456	N/A	100.000	31	0	0	1	31	910	880	Cyclospora cayetanensis 28S large subunit ribosomal RNA gene, partial sequence
cc_rrna_kmer_000236|28S	XR_003297360.1	88456	N/A	100.000	31	0	0	1	31	763	733	PREDICTED: Cyclospora cayetanensis large subunit ribosomal RNA (LOC113146729), rRNA
cc_rrna_kmer_000236|28S	EU252544.1	88456	N/A	100.000	31	0	0	1	31	1508	1478	Cyclospora cayetanensis 28S large subunit ribosomal RNA gene, partial sequence
cc_rrna_kmer_000237|28S	AY283845.1	241650	N/A	100.000	31	0	0	1	31	1365	1335	Atoxoplasma sp. MS-2003 large subunit ribosomal RNA gene, partial sequence
cc_rrna_kmer_000237|28S	OR101126.1	3051684	N/A	100.000	31	0	0	1	31	1299	1269	Isospora elliotae isolate 20384 large subunit ribosomal RNA gene, partial sequence
cc_rrna_kmer_000237|28S	AY283863.1	241650	N/A	100.000	31	0	0	1	31	1360	1330	Atoxoplasma sp. MS-2003 large subunit ribosomal RNA gene, partial sequence
cc_rrna_kmer_000237|28S	KT224382.1	1678287	N/A	100.000	31	0	0	1	31	1309	1279	Isospora sp. RY-2015c isolate RBF large subunit ribosomal RNA gene, partial sequence
cc_rrna_kmer_000237|28S	AY283844.1	241650	N/A	100.000	31	0	0	1	31	1365	1335	Atoxoplasma sp. MS-2003 large subunit ribosomal RNA gene, partial sequence
cc_rrna_kmer_000237|28S	AY283862.1	241650	N/A	100.000	31	0	0	1	31	1364	1334	Atoxoplasma sp. MS-2003 large subunit ribosomal RNA gene, partial sequence
cc_rrna_kmer_000237|28S	OA985032.1	2823481	N/A	100.000	31	0	0	1	31	808	778	Isospora sp. Hs2 partial 28S rRNA gene
cc_rrna_kmer_000237|28S	AY283839.1	241650	N/A	100.000	31	0	0	1	31	1374	1344	Atoxoplasma sp. MS-2003 large subunit ribosomal RNA gene, partial sequence
cc_rrna_kmer_000237|28S	AY283858.1	241650	N/A	100.000	31	0	0	1	31	1363	1333	Atoxoplasma sp. MS-2003 large subunit ribosomal RNA gene, partial sequence
cc_rrna_kmer_000237|28S	AY283864.1	241650	N/A	100.000	31	0	0	1	31	1369	1339	Atoxoplasma sp. MS-2003 large subunit ribosomal RNA gene, partial sequence
cc_rrna_kmer_000237|28S	AY283869.1	241650	N/A	100.000	31	0	0	1	31	1371	1341	Atoxoplasma sp. MS-2003 large subunit ribosomal RNA gene, partial sequence
cc_rrna_kmer_000237|28S	AY283868.1	241650	N/A	100.000	31	0	0	1	31	1363	1333	Atoxoplasma sp. MS-2003 large subunit ribosomal RNA gene, partial sequence
cc_rrna_kmer_000237|28S	MW775029.1	2820069	N/A	100.000	31	0	0	1	31	1330	1300	Isospora mayuri isolate 7-Bule-peafowl large subunit ribosomal RNA gene, partial sequence
cc_rrna_kmer_000237|28S	AY283859.1	241650	N/A	100.000	31	0	0	1	31	1365	1335	Atoxoplasma sp. MS-2003 large subunit ribosomal RNA gene, partial sequence
cc_rrna_kmer_000237|28S	KJ634022.1	1565085	N/A	100.000	31	0	0	1	31	894	864	Isospora streperae 28S ribosomal RNA gene, partial sequence
cc_rrna_kmer_000237|28S	AY283847.1	241650	N/A	100.000	31	0	0	1	31	1365	1335	Atoxoplasma sp. MS-2003 large subunit ribosomal RNA gene, partial sequence
cc_rrna_kmer_000237|28S	OA985031.1	2823479	N/A	100.000	31	0	0	1	31	803	773	Isospora sp. Pr2 partial 28S rRNA gene
cc_rrna_kmer_000237|28S	AY283850.1	241650	N/A	100.000	31	0	0	1	31	1360	1330	Atoxoplasma sp. MS-2003 large subunit ribosomal RNA gene, partial sequence
cc_rrna_kmer_000237|28S	KY801686.1	2153390	N/A	100.000	31	0	0	1	31	1293	1263	Isospora butcherae 28S ribosomal RNA gene, partial sequence
cc_rrna_kmer_000237|28S	AY283843.1	241650	N/A	100.000	31	0	0	1	31	1367	1337	Atoxoplasma sp. MS-2003 large subunit ribosomal RNA gene, partial sequence
cc_rrna_kmer_000237|28S	OA985026.1	2823474	N/A	100.000	31	0	0	1	31	808	778	Isospora sp. Bclt1 partial 28S rRNA gene
cc_rrna_kmer_000237|28S	AY283866.1	241650	N/A	100.000	31	0	0	1	31	1363	1333	Atoxoplasma sp. MS-2003 large subunit ribosomal RNA gene, partial sequence
cc_rrna_kmer_000237|28S	XR_003297360.1	88456	N/A	100.000	31	0	0	1	31	704	674	PREDICTED: Cyclospora cayetanensis large subunit ribosomal RNA (LOC113146729), rRNA
cc_rrna_kmer_000237|28S	AY283848.1	241650	N/A	100.000	31	0	0	1	31	1365	1335	Atoxoplasma sp. MS-2003 large subunit ribosomal RNA gene, partial sequence
cc_rrna_kmer_000237|28S	AY283849.1	241650	N/A	100.000	31	0	0	1	31	1366	1336	Atoxoplasma sp. MS-2003 large subunit ribosomal RNA gene, partial sequence
cc_rrna_kmer_000237|28S	AY283853.1	241650	N/A	100.000	31	0	0	1	31	1364	1334	Atoxoplasma sp. MS-2003 large subunit ribosomal RNA gene, partial sequence
cc_rrna_kmer_000237|28S	OA985028.1	2823475;2823476	N/A;N/A	100.000	31	0	0	1	31	808	778	Isospora sp. Pc1 partial 28S rRNA gene
cc_rrna_kmer_000237|28S	AY283865.1	241650	N/A	100.000	31	0	0	1	31	1356	1326	Atoxoplasma sp. MS-2003 large subunit ribosomal RNA gene, partial sequence
cc_rrna_kmer_000237|28S	AY283860.1	241650	N/A	100.000	31	0	0	1	31	1365	1335	Atoxoplasma sp. MS-2003 large subunit ribosomal RNA gene, partial sequence
cc_rrna_kmer_000237|28S	AY283857.1	241650	N/A	100.000	31	0	0	1	31	1364	1334	Atoxoplasma sp. MS-2003 large subunit ribosomal RNA gene, partial sequence
cc_rrna_kmer_000237|28S	AY283852.1	241650	N/A	100.000	31	0	0	1	31	1361	1331	Atoxoplasma sp. MS-2003 large subunit ribosomal RNA gene, partial sequence
cc_rrna_kmer_000237|28S	OA985030.1	2823478	N/A	100.000	31	0	0	1	31	805	775	Isospora sp. Pr1 partial 28S rRNA gene
cc_rrna_kmer_000237|28S	AY283854.1	241650	N/A	100.000	31	0	0	1	31	1364	1334	Atoxoplasma sp. MS-2003 large subunit ribosomal RNA gene, partial sequence
cc_rrna_kmer_000237|28S	AY283841.1	241650	N/A	100.000	31	0	0	1	31	1367	1337	Atoxoplasma sp. MS-2003 large subunit ribosomal RNA gene, partial sequence
cc_rrna_kmer_000237|28S	AY283855.1	241650	N/A	100.000	31	0	0	1	31	1363	1333	Atoxoplasma sp. MS-2003 large subunit ribosomal RNA gene, partial sequence
cc_rrna_kmer_000237|28S	MW775031.1	1469499	N/A	100.000	31	0	0	1	31	1338	1308	Eimeria hermani isolate 9-Whooper-swan large subunit ribosomal RNA gene, partial sequence
cc_rrna_kmer_000237|28S	AY283840.1	241650	N/A	100.000	31	0	0	1	31	1368	1338	Atoxoplasma sp. MS-2003 large subunit ribosomal RNA gene, partial sequence
cc_rrna_kmer_000237|28S	OA985027.1	2823473	N/A	100.000	31	0	0	1	31	808	778	Isospora sp. Sgs1 partial 28S rRNA gene
cc_rrna_kmer_000237|28S	AY283867.1	241650	N/A	100.000	31	0	0	1	31	1365	1335	Atoxoplasma sp. MS-2003 large subunit ribosomal RNA gene, partial sequence
cc_rrna_kmer_000237|28S	AY283870.1	241650	N/A	100.000	31	0	0	1	31	1367	1337	Atoxoplasma sp. MS-2003 large subunit ribosomal RNA gene, partial sequence
cc_rrna_kmer_000237|28S	OR266354.1	1743397	N/A	100.000	31	0	0	1	31	578	548	Isospora sp. isolate 28S_Seq18 large subunit ribosomal RNA gene, partial sequence
cc_rrna_kmer_000237|28S	KT726931.1	1743397	N/A	100.000	31	0	0	1	31	1366	1336	Isospora sp. 28S ribosomal RNA gene, partial sequence
cc_rrna_kmer_000237|28S	AY283846.1	241650	N/A	100.000	31	0	0	1	31	1368	1338	Atoxoplasma sp. MS-2003 large subunit ribosomal RNA gene, partial sequence
cc_rrna_kmer_000237|28S	OA985033.1	2823480	N/A	100.000	31	0	0	1	31	809	779	Isospora sp. Hs1 partial 28S rRNA gene
cc_rrna_kmer_000237|28S	AY283851.1	241650	N/A	100.000	31	0	0	1	31	1364	1334	Atoxoplasma sp. MS-2003 large subunit ribosomal RNA gene, partial sequence
cc_rrna_kmer_000237|28S	MW775028.1	2820073	N/A	100.000	31	0	0	1	31	1325	1295	Isospora lacazei isolate 6-Bule-peafowl large subunit ribosomal RNA gene, partial sequence
cc_rrna_kmer_000237|28S	AY283856.1	241650	N/A	100.000	31	0	0	1	31	1365	1335	Atoxoplasma sp. MS-2003 large subunit ribosomal RNA gene, partial sequence
cc_rrna_kmer_000238|28S	PQ742171.1	3384731	N/A	100.000	31	0	0	1	31	6326	6296	Goussia degiustii isolate EE9_EE10_II1 external transcribed spacer, partial sequence; small subunit ribosomal RNA gene, internal transcribed spacer 1, 5.8S ribosomal RNA gene, internal transcribed spacer 2, and large subunit ribosomal RNA gene, complete sequence; and external transcribed spacer, partial sequence
cc_rrna_kmer_000238|28S	XR_003297360.1	88456	N/A	100.000	31	0	0	1	31	2703	2673	PREDICTED: Cyclospora cayetanensis large subunit ribosomal RNA (LOC113146729), rRNA
cc_rrna_kmer_000239|28S	XR_003297360.1	88456	N/A	100.000	31	0	0	1	31	97	67	PREDICTED: Cyclospora cayetanensis large subunit ribosomal RNA (LOC113146729), rRNA
cc_rrna_kmer_000239|28S	EU252544.1	88456	N/A	100.000	31	0	0	1	31	842	812	Cyclospora cayetanensis 28S large subunit ribosomal RNA gene, partial sequence
cc_rrna_kmer_000240|28S	XR_003297360.1	88456	N/A	100.000	31	0	0	1	31	2152	2182	PREDICTED: Cyclospora cayetanensis large subunit ribosomal RNA (LOC113146729), rRNA
cc_rrna_kmer_000240|28S	GU593716.1	947543	N/A	100.000	31	0	0	1	31	794	824	Goussia carpelli strain 23 28S ribosomal RNA gene, partial sequence
cc_rrna_kmer_000242|28S	XR_003297360.1	88456	N/A	100.000	31	0	0	1	31	1884	1854	PREDICTED: Cyclospora cayetanensis large subunit ribosomal RNA (LOC113146729), rRNA
cc_rrna_kmer_000243|28S	AF301386.1	88456	N/A	100.000	31	0	0	1	31	1506	1476	Cyclospora cayetanensis small subunit ribosomal RNA gene, partial sequence; internal transcribed spacer 1, 5.8S ribosomal RNA gene and internal transcribed spacer 2, complete sequence; and large subunit ribosomal RNA gene, partial sequence
cc_rrna_kmer_000243|28S	EU252544.1	88456	N/A	100.000	31	0	0	1	31	45	15	Cyclospora cayetanensis 28S large subunit ribosomal RNA gene, partial sequence
cc_rrna_kmer_000243|28S	AF301391.1	88456	N/A	100.000	31	0	0	1	31	1508	1478	Cyclospora cayetanensis small subunit ribosomal RNA gene, partial sequence; internal transcribed spacer 1, 5.8S ribosomal RNA gene and internal transcribed spacer 2, complete sequence; and large subunit ribosomal RNA gene, partial sequence
cc_rrna_kmer_000244|28S	XR_003297360.1	88456	N/A	100.000	31	0	0	1	31	941	971	PREDICTED: Cyclospora cayetanensis large subunit ribosomal RNA (LOC113146729), rRNA
cc_rrna_kmer_000244|28S	EU252544.1	88456	N/A	100.000	31	0	0	1	31	1686	1716	Cyclospora cayetanensis 28S large subunit ribosomal RNA gene, partial sequence
cc_rrna_kmer_000245|28S	XR_003297360.1	88456	N/A	100.000	31	0	0	1	31	740	770	PREDICTED: Cyclospora cayetanensis large subunit ribosomal RNA (LOC113146729), rRNA
cc_rrna_kmer_000245|28S	EU252544.1	88456	N/A	100.000	31	0	0	1	31	1485	1515	Cyclospora cayetanensis 28S large subunit ribosomal RNA gene, partial sequence
cc_rrna_kmer_000246|28S	XR_003297360.1	88456	N/A	100.000	31	0	0	1	31	1138	1168	PREDICTED: Cyclospora cayetanensis large subunit ribosomal RNA (LOC113146729), rRNA
cc_rrna_kmer_000246|28S	EU252544.1	88456	N/A	100.000	31	0	0	1	31	1883	1913	Cyclospora cayetanensis 28S large subunit ribosomal RNA gene, partial sequence
cc_rrna_kmer_000247|28S	PQ742171.1	3384731	N/A	100.000	31	0	0	1	31	2940	2910	Goussia degiustii isolate EE9_EE10_II1 external transcribed spacer, partial sequence; small subunit ribosomal RNA gene, internal transcribed spacer 1, 5.8S ribosomal RNA gene, internal transcribed spacer 2, and large subunit ribosomal RNA gene, complete sequence; and external transcribed spacer, partial sequence
cc_rrna_kmer_000247|28S	AY283865.1	241650	N/A	100.000	31	0	0	1	31	34	4	Atoxoplasma sp. MS-2003 large subunit ribosomal RNA gene, partial sequence
cc_rrna_kmer_000247|28S	LR993821.1	175245	N/A	100.000	31	0	0	1	31	515	485	uncultured fungus genomic DNA sequence contains 18S rRNA gene, ITS1, 5.8S rRNA gene, ITS2, 28S rRNA gene, isolate ASV_504
cc_rrna_kmer_000247|28S	EU252544.1	88456	N/A	100.000	31	0	0	1	31	114	84	Cyclospora cayetanensis 28S large subunit ribosomal RNA gene, partial sequence
cc_rrna_kmer_000247|28S	AY331570.1	241650	N/A	100.000	31	0	0	1	31	566	536	Atoxoplasma sp. MS-2003 from Javan ruby-throated bulbul small subunit ribosomal RNA gene, partial sequence; internal transcribed spacer 1, 5.8S ribosomal RNA gene, and internal transcribed spacer 2, complete sequence; and large subunit ribosomal RNA gene, partial sequence
cc_rrna_kmer_000248|28S	AB769720.1	310757	N/A	100.000	31	0	0	1	31	933	903	Eimeria auburnensis genes for 5.8S rRNA, internal transcribed spacer 2 and 28S rRNA, partial and complete sequence, isolate: 4-2, clone: 5
cc_rrna_kmer_000248|28S	EU252544.1	88456	N/A	100.000	31	0	0	1	31	202	172	Cyclospora cayetanensis 28S large subunit ribosomal RNA gene, partial sequence
cc_rrna_kmer_000249|28S	XR_003297360.1	88456	N/A	100.000	31	0	0	1	31	1019	1049	PREDICTED: Cyclospora cayetanensis large subunit ribosomal RNA (LOC113146729), rRNA
cc_rrna_kmer_000249|28S	EU252544.1	88456	N/A	100.000	31	0	0	1	31	1764	1794	Cyclospora cayetanensis 28S large subunit ribosomal RNA gene, partial sequence
cc_rrna_kmer_000250|28S	XR_003297360.1	88456	N/A	100.000	31	0	0	1	31	1473	1443	PREDICTED: Cyclospora cayetanensis large subunit ribosomal RNA (LOC113146729), rRNA
cc_rrna_kmer_000251|28S	KP661581.1	1664856	N/A	100.000	31	0	0	1	31	314	284	Ravenelia macowaniana voucher WM3292 28S ribosomal RNA gene, partial sequence
cc_rrna_kmer_000251|28S	KP661588.1	1664856	N/A	100.000	31	0	0	1	31	295	265	Ravenelia macowaniana voucher WM3294 28S ribosomal RNA gene, partial sequence
cc_rrna_kmer_000251|28S	OR738701.1	1413810	N/A	100.000	31	0	0	1	31	354	324	Puccinia ballotiflora voucher PUR63468 large subunit ribosomal RNA gene, partial sequence
cc_rrna_kmer_000251|28S	MW729482.1	2448153	N/A	100.000	31	0	0	1	31	296	266	Phragmidium chayuensis voucher LP180 large subunit ribosomal RNA gene, partial sequence
cc_rrna_kmer_000251|28S	KP661591.1	1664856	N/A	100.000	31	0	0	1	31	314	284	Ravenelia macowaniana voucher WM3448 28S ribosomal RNA gene, partial sequence
cc_rrna_kmer_000251|28S	MW622041.1	2813154	N/A	100.000	31	0	0	1	31	367	337	Phragmidium rosicola voucher PR 1062 large subunit ribosomal RNA gene, partial sequence
cc_rrna_kmer_000251|28S	DQ021885.1	333309	N/A	100.000	31	0	0	1	31	414	384	Uromyces neotropicalis 28S ribosomal RNA gene, partial sequence
cc_rrna_kmer_000251|28S	MW603008.1	2506224	N/A	100.000	31	0	0	1	31	342	312	Phragmidium sp. voucher PR 106 large subunit ribosomal RNA gene, partial sequence
cc_rrna_kmer_000251|28S	NG_064492.1	2448153	N/A	100.000	31	0	0	1	31	341	311	Phragmidium chayuensis BJFC R02532 28S rRNA gene, partial sequence; from TYPE material
cc_rrna_kmer_000251|28S	MG946014.1	1664856	N/A	100.000	31	0	0	1	31	295	265	Ravenelia macowaniana voucher PREM61875 large subunit ribosomal RNA gene, partial sequence
cc_rrna_kmer_000251|28S	MG946008.1	1664856	N/A	100.000	31	0	0	1	31	317	287	Ravenelia macowaniana voucher ME433 large subunit ribosomal RNA gene, partial sequence
cc_rrna_kmer_000251|28S	MW722979.1	2781981	N/A	100.000	31	0	0	1	31	358	328	Amphidinium boggayum strain CAWD164 large subunit ribosomal RNA gene, partial sequence
cc_rrna_kmer_000251|28S	MG946012.1	1664856	N/A	100.000	31	0	0	1	31	263	233	Ravenelia macowaniana voucher PREM61862 large subunit ribosomal RNA gene, partial sequence
cc_rrna_kmer_000251|28S	PQ772038.1	573698	N/A	100.000	31	0	0	1	31	307	277	Puccinia spegazzinii voucher BRIP 64478a large subunit ribosomal RNA gene, partial sequence
cc_rrna_kmer_000251|28S	PQ772039.1	573698	N/A	100.000	31	0	0	1	31	350	320	Puccinia spegazzinii voucher BRIP 75145a large subunit ribosomal RNA gene, partial sequence
cc_rrna_kmer_000251|28S	KP661592.1	1664856	N/A	100.000	31	0	0	1	31	316	286	Ravenelia macowaniana voucher WM3453 28S ribosomal RNA gene, partial sequence
cc_rrna_kmer_000251|28S	MG669113.1	2448153	N/A	100.000	31	0	0	1	31	368	338	Phragmidium chayuensis voucher BJFC-R03014 28S ribosomal RNA gene, partial sequence
cc_rrna_kmer_000251|28S	OQ214998.1	1664856	N/A	100.000	31	0	0	1	31	338	308	Ravenelia macowaniana voucher U449 large subunit ribosomal RNA gene, partial sequence
cc_rrna_kmer_000251|28S	KP661590.1	1664858;2086370	N/A;N/A	100.000	31	0	0	1	31	244	214	Ravenelia sp. ME-2015 voucher ME188 28S ribosomal RNA gene, partial sequence
cc_rrna_kmer_000251|28S	KY764143.1	2153413	N/A	100.000	31	0	0	1	31	314	284	Puccinia mikaniae voucher BPI 910257 28S ribosomal RNA gene, partial sequence
cc_rrna_kmer_000251|28S	KP661596.1	1664856	N/A	100.000	31	0	0	1	31	316	286	Ravenelia macowaniana voucher WM3577 28S ribosomal RNA gene, partial sequence
cc_rrna_kmer_000251|28S	OL798097.1	2602415	N/A	100.000	31	0	0	1	31	164	134	Phakopsora sp. voucher AMH-10313 large subunit ribosomal RNA gene, partial sequence
cc_rrna_kmer_000251|28S	KP661578.1	1664856	N/A	100.000	31	0	0	1	31	316	286	Ravenelia macowaniana voucher WM3433 28S ribosomal RNA gene, partial sequence
cc_rrna_kmer_000251|28S	OM158488.1	2506224	N/A	100.000	31	0	0	1	31	375	345	Phragmidium sp. voucher (LAH37003) RLD-09 large subunit ribosomal RNA gene, partial sequence
cc_rrna_kmer_000251|28S	MW177898.1	2781982	N/A	100.000	31	0	0	1	31	266	236	Amphidinium cf. boggayum strain CAWD164 large subunit ribosomal RNA gene, partial sequence
cc_rrna_kmer_000251|28S	MZ188971.1	2781981	N/A	100.000	31	0	0	1	31	320	290	Amphidinium boggayum strain SM20 large subunit ribosomal RNA gene, partial sequence
cc_rrna_kmer_000251|28S	MN072676.1	2589089	N/A	100.000	31	0	0	1	31	94	64	Ravenelia acaciicola voucher PREM61849 large subunit ribosomal RNA gene, partial sequence
cc_rrna_kmer_000251|28S	OQ214999.1	1664856	N/A	100.000	31	0	0	1	31	392	362	Ravenelia macowaniana voucher U540 large subunit ribosomal RNA gene, partial sequence
cc_rrna_kmer_000251|28S	EU252544.1	88456	N/A	100.000	31	0	0	1	31	435	405	Cyclospora cayetanensis 28S large subunit ribosomal RNA gene, partial sequence
cc_rrna_kmer_000251|28S	KP661589.1	1664858;2086370	N/A;N/A	100.000	31	0	0	1	31	327	297	Ravenelia sp. ME-2015 voucher ME174 28S ribosomal RNA gene, partial sequence
cc_rrna_kmer_000251|28S	OQ214996.1	1664856	N/A	100.000	31	0	0	1	31	351	321	Ravenelia macowaniana voucher U375 large subunit ribosomal RNA gene, partial sequence
cc_rrna_kmer_000251|28S	OR738700.1	1413810	N/A	100.000	31	0	0	1	31	389	359	Puccinia ballotiflora voucher PUR63464 large subunit ribosomal RNA gene, partial sequence
cc_rrna_kmer_000251|28S	OQ214997.1	1664856	N/A	100.000	31	0	0	1	31	385	355	Ravenelia macowaniana voucher U376 large subunit ribosomal RNA gene, partial sequence
cc_rrna_kmer_000251|28S	KP661586.1	1664856	N/A	100.000	31	0	0	1	31	228	198	Ravenelia macowaniana voucher ME158 28S ribosomal RNA gene, partial sequence
cc_rrna_kmer_000251|28S	KP661582.1	1664858;2086370	N/A;N/A	100.000	31	0	0	1	31	213	183	Ravenelia sp. ME-2015 voucher PREM61000 28S ribosomal RNA gene, partial sequence
cc_rrna_kmer_000251|28S	KP661594.1	1664856	N/A	100.000	31	0	0	1	31	316	286	Ravenelia macowaniana voucher WM3485 28S ribosomal RNA gene, partial sequence
cc_rrna_kmer_000251|28S	OQ214995.1	1664856	N/A	100.000	31	0	0	1	31	392	362	Ravenelia macowaniana voucher U373 large subunit ribosomal RNA gene, partial sequence
cc_rrna_kmer_000252|28S	AF301386.1	88456	N/A	100.000	31	0	0	1	31	1482	1512	Cyclospora cayetanensis small subunit ribosomal RNA gene, partial sequence; internal transcribed spacer 1, 5.8S ribosomal RNA gene and internal transcribed spacer 2, complete sequence; and large subunit ribosomal RNA gene, partial sequence
cc_rrna_kmer_000252|28S	EU252544.1	88456	N/A	100.000	31	0	0	1	31	21	51	Cyclospora cayetanensis 28S large subunit ribosomal RNA gene, partial sequence
cc_rrna_kmer_000252|28S	AF301391.1	88456	N/A	100.000	31	0	0	1	31	1484	1514	Cyclospora cayetanensis small subunit ribosomal RNA gene, partial sequence; internal transcribed spacer 1, 5.8S ribosomal RNA gene and internal transcribed spacer 2, complete sequence; and large subunit ribosomal RNA gene, partial sequence
cc_rrna_kmer_000253|28S	XR_003297360.1	88456	N/A	100.000	31	0	0	1	31	1171	1141	PREDICTED: Cyclospora cayetanensis large subunit ribosomal RNA (LOC113146729), rRNA
cc_rrna_kmer_000253|28S	EU252544.1	88456	N/A	100.000	31	0	0	1	31	1916	1886	Cyclospora cayetanensis 28S large subunit ribosomal RNA gene, partial sequence
cc_rrna_kmer_000254|28S	XR_003297360.1	88456	N/A	100.000	31	0	0	1	31	2586	2616	PREDICTED: Cyclospora cayetanensis large subunit ribosomal RNA (LOC113146729), rRNA
cc_rrna_kmer_000255|18S	KC414111.1	88456	N/A	100.000	31	0	0	1	31	253	223	Cyclospora cayetanensis isolate 1905 18S ribosomal RNA gene, partial sequence
cc_rrna_kmer_000255|18S	XR_003297358.1	88456	N/A	100.000	31	0	0	1	31	301	271	PREDICTED: Cyclospora cayetanensis small subunit ribosomal RNA (LOC113146722), rRNA
cc_rrna_kmer_000255|18S	KC414110.1	88456	N/A	100.000	31	0	0	1	31	253	223	Cyclospora cayetanensis isolate 2304 18S ribosomal RNA gene, partial sequence
cc_rrna_kmer_000256|28S	XR_003297360.1	88456	N/A	100.000	31	0	0	1	31	1825	1855	PREDICTED: Cyclospora cayetanensis large subunit ribosomal RNA (LOC113146729), rRNA
cc_rrna_kmer_000257|28S	XR_003297360.1	88456	N/A	100.000	31	0	0	1	31	2554	2584	PREDICTED: Cyclospora cayetanensis large subunit ribosomal RNA (LOC113146729), rRNA
cc_rrna_kmer_000258|18S	AB368543.1	88456	N/A	100.000	31	0	0	1	31	100	70	Cyclospora cayetanensis gene for 18S ribosomal RNA, partial sequence, clone: 3
cc_rrna_kmer_000258|18S	KC414111.1	88456	N/A	100.000	31	0	0	1	31	509	479	Cyclospora cayetanensis isolate 1905 18S ribosomal RNA gene, partial sequence
cc_rrna_kmer_000258|18S	AF111183.1	88456	N/A	100.000	31	0	0	1	31	557	527	Cyclospora cayetanensis 18S ribosomal RNA gene, complete sequence
cc_rrna_kmer_000258|18S	KC414107.1	88456	N/A	100.000	31	0	0	1	31	509	479	Cyclospora cayetanensis isolate 2201 18S ribosomal RNA gene, partial sequence
cc_rrna_kmer_000258|18S	KC414106.1	88456	N/A	100.000	31	0	0	1	31	509	479	Cyclospora cayetanensis isolate 2301 18S ribosomal RNA gene, partial sequence
cc_rrna_kmer_000258|18S	AB368541.1	88456	N/A	100.000	31	0	0	1	31	100	70	Cyclospora cayetanensis gene for 18S ribosomal RNA, partial sequence, clone: 1
cc_rrna_kmer_000258|18S	XR_003297358.1	88456	N/A	100.000	31	0	0	1	31	557	527	PREDICTED: Cyclospora cayetanensis small subunit ribosomal RNA (LOC113146722), rRNA
cc_rrna_kmer_000258|18S	KC414112.1	88456	N/A	100.000	31	0	0	1	31	509	479	Cyclospora cayetanensis isolate EC02 18S ribosomal RNA gene, partial sequence
cc_rrna_kmer_000258|18S	KC414105.1	88456	N/A	100.000	31	0	0	1	31	509	479	Cyclospora cayetanensis isolate 2311 18S ribosomal RNA gene, partial sequence
cc_rrna_kmer_000258|18S	AB368542.1	88456	N/A	100.000	31	0	0	1	31	100	70	Cyclospora cayetanensis gene for 18S ribosomal RNA, partial sequence, clone: 2
cc_rrna_kmer_000258|18S	KX618190.1	88456	N/A	100.000	31	0	0	1	31	557	527	Cyclospora cayetanensis 18S small subunit ribosomal RNA gene, partial sequence
cc_rrna_kmer_000258|18S	MW090936.1	88456	N/A	100.000	31	0	0	1	31	518	488	Cyclospora cayetanensis isolate 9041 small subunit ribosomal RNA gene, partial sequence
cc_rrna_kmer_000258|18S	KC414110.1	88456	N/A	100.000	31	0	0	1	31	509	479	Cyclospora cayetanensis isolate 2304 18S ribosomal RNA gene, partial sequence
cc_rrna_kmer_000259|28S	XR_003297360.1	88456	N/A	100.000	31	0	0	1	31	731	701	PREDICTED: Cyclospora cayetanensis large subunit ribosomal RNA (LOC113146729), rRNA
cc_rrna_kmer_000259|28S	EU252544.1	88456	N/A	100.000	31	0	0	1	31	1476	1446	Cyclospora cayetanensis 28S large subunit ribosomal RNA gene, partial sequence
cc_rrna_kmer_000260|28S	EU252544.1	88456	N/A	100.000	31	0	0	1	31	220	190	Cyclospora cayetanensis 28S large subunit ribosomal RNA gene, partial sequence
cc_rrna_kmer_000261|28S	XR_003297360.1	88456	N/A	100.000	31	0	0	1	31	143	173	PREDICTED: Cyclospora cayetanensis large subunit ribosomal RNA (LOC113146729), rRNA
cc_rrna_kmer_000261|28S	EU252544.1	88456	N/A	100.000	31	0	0	1	31	888	918	Cyclospora cayetanensis 28S large subunit ribosomal RNA gene, partial sequence
cc_rrna_kmer_000262|28S	EU252544.1	88456	N/A	100.000	31	0	0	1	31	413	443	Cyclospora cayetanensis 28S large subunit ribosomal RNA gene, partial sequence
cc_rrna_kmer_000263|28S	PQ742171.1	3384731	N/A	100.000	31	0	0	1	31	6292	6322	Goussia degiustii isolate EE9_EE10_II1 external transcribed spacer, partial sequence; small subunit ribosomal RNA gene, internal transcribed spacer 1, 5.8S ribosomal RNA gene, internal transcribed spacer 2, and large subunit ribosomal RNA gene, complete sequence; and external transcribed spacer, partial sequence
cc_rrna_kmer_000263|28S	XR_003297360.1	88456	N/A	100.000	31	0	0	1	31	2669	2699	PREDICTED: Cyclospora cayetanensis large subunit ribosomal RNA (LOC113146729), rRNA
cc_rrna_kmer_000264|28S	XR_003297360.1	88456	N/A	100.000	31	0	0	1	31	1812	1842	PREDICTED: Cyclospora cayetanensis large subunit ribosomal RNA (LOC113146729), rRNA
cc_rrna_kmer_000265|28S	AY283863.1	241650	N/A	100.000	31	0	0	1	31	10	40	Atoxoplasma sp. MS-2003 large subunit ribosomal RNA gene, partial sequence
cc_rrna_kmer_000265|28S	MN928848.1	33632	N/A	100.000	31	0	0	1	31	875	905	Babesia gibsoni isolate XABg8 18S ribosomal RNA gene, partial sequence; internal transcribed spacer 1, 5.8S ribosomal RNA gene, and internal transcribed spacer 2, complete sequence; and 28S ribosomal RNA gene, partial sequence
cc_rrna_kmer_000265|28S	KP666154.1	33632	N/A	100.000	31	0	0	1	31	876	906	Babesia gibsoni isolate WH123 18S ribosomal RNA gene, partial sequence; internal transcribed spacer 1, 5.8S ribosomal RNA gene, and internal transcribed spacer 2, complete sequence; and 28S ribosomal RNA gene, partial sequence
cc_rrna_kmer_000265|28S	PQ742171.1	3384731	N/A	100.000	31	0	0	1	31	2916	2946	Goussia degiustii isolate EE9_EE10_II1 external transcribed spacer, partial sequence; small subunit ribosomal RNA gene, internal transcribed spacer 1, 5.8S ribosomal RNA gene, internal transcribed spacer 2, and large subunit ribosomal RNA gene, complete sequence; and external transcribed spacer, partial sequence
cc_rrna_kmer_000265|28S	AY331567.1	241650	N/A	100.000	31	0	0	1	31	908	938	Atoxoplasma sp. MS-2003 from Finchbill small subunit ribosomal RNA gene, partial sequence; internal transcribed spacer 1, 5.8S ribosomal RNA gene, and internal transcribed spacer 2, complete sequence; and large subunit ribosomal RNA gene, partial sequence
cc_rrna_kmer_000265|28S	KP666147.1	33632	N/A	100.000	31	0	0	1	31	875	905	Babesia gibsoni isolate WH82 18S ribosomal RNA gene, partial sequence; internal transcribed spacer 1, 5.8S ribosomal RNA gene, and internal transcribed spacer 2, complete sequence; and 28S ribosomal RNA gene, partial sequence
cc_rrna_kmer_000265|28S	KP666145.1	33632	N/A	100.000	31	0	0	1	31	875	905	Babesia gibsoni isolate WH61 18S ribosomal RNA gene, partial sequence; internal transcribed spacer 1, 5.8S ribosomal RNA gene, and internal transcribed spacer 2, complete sequence; and 28S ribosomal RNA gene, partial sequence
cc_rrna_kmer_000265|28S	MN928845.1	33632	N/A	100.000	31	0	0	1	31	875	905	Babesia gibsoni isolate HZBg40 18S ribosomal RNA gene, partial sequence; internal transcribed spacer 1, 5.8S ribosomal RNA gene, and internal transcribed spacer 2, complete sequence; and 28S ribosomal RNA gene, partial sequence
cc_rrna_kmer_000265|28S	MN928844.1	33632	N/A	100.000	31	0	0	1	31	875	905	Babesia gibsoni isolate XABg6 18S ribosomal RNA gene, partial sequence; internal transcribed spacer 1, 5.8S ribosomal RNA gene, and internal transcribed spacer 2, complete sequence; and 28S ribosomal RNA gene, partial sequence
cc_rrna_kmer_000265|28S	OK091618.1	33632	N/A	100.000	31	0	0	1	31	871	901	Babesia gibsoni voucher HFBg03 small subunit ribosomal RNA gene, partial sequence; internal transcribed spacer 1, 5.8S ribosomal RNA gene, and internal transcribed spacer 2, complete sequence; and large subunit ribosomal RNA gene, partial sequence
cc_rrna_kmer_000265|28S	MN928843.1	33632	N/A	100.000	31	0	0	1	31	875	905	Babesia gibsoni isolate XABg76 18S ribosomal RNA gene, partial sequence; internal transcribed spacer 1, 5.8S ribosomal RNA gene, and internal transcribed spacer 2, complete sequence; and 28S ribosomal RNA gene, partial sequence
cc_rrna_kmer_000265|28S	AY283850.1	241650	N/A	100.000	31	0	0	1	31	10	40	Atoxoplasma sp. MS-2003 large subunit ribosomal RNA gene, partial sequence
cc_rrna_kmer_000265|28S	OK091616.1	33632	N/A	100.000	31	0	0	1	31	871	901	Babesia gibsoni voucher HFBg01 small subunit ribosomal RNA gene, partial sequence; internal transcribed spacer 1, 5.8S ribosomal RNA gene, and internal transcribed spacer 2, complete sequence; and large subunit ribosomal RNA gene, partial sequence
cc_rrna_kmer_000265|28S	MN928836.1	33632	N/A	100.000	31	0	0	1	31	875	905	Babesia gibsoni isolate XABg5 18S ribosomal RNA gene, partial sequence; internal transcribed spacer 1, 5.8S ribosomal RNA gene, and internal transcribed spacer 2, complete sequence; and 28S ribosomal RNA gene, partial sequence
cc_rrna_kmer_000265|28S	KP666150.1	33632	N/A	100.000	31	0	0	1	31	875	905	Babesia gibsoni isolate WH114 18S ribosomal RNA gene, partial sequence; internal transcribed spacer 1, 5.8S ribosomal RNA gene, and internal transcribed spacer 2, complete sequence; and 28S ribosomal RNA gene, partial sequence
cc_rrna_kmer_000265|28S	MN928834.1	33632	N/A	100.000	31	0	0	1	31	875	905	Babesia gibsoni isolate XABg68 18S ribosomal RNA gene, partial sequence; internal transcribed spacer 1, 5.8S ribosomal RNA gene, and internal transcribed spacer 2, complete sequence; and 28S ribosomal RNA gene, partial sequence
cc_rrna_kmer_000265|28S	KP666146.1	33632	N/A	100.000	31	0	0	1	31	875	905	Babesia gibsoni isolate WH71 18S ribosomal RNA gene, partial sequence; internal transcribed spacer 1, 5.8S ribosomal RNA gene, and internal transcribed spacer 2, complete sequence; and 28S ribosomal RNA gene, partial sequence
cc_rrna_kmer_000265|28S	KP666152.1	33632	N/A	100.000	31	0	0	1	31	875	905	Babesia gibsoni isolate WH120 18S ribosomal RNA gene, partial sequence; internal transcribed spacer 1, 5.8S ribosomal RNA gene, and internal transcribed spacer 2, complete sequence; and 28S ribosomal RNA gene, partial sequence
cc_rrna_kmer_000265|28S	KP666149.1	33632	N/A	100.000	31	0	0	1	31	875	905	Babesia gibsoni isolate WH91 18S ribosomal RNA gene, partial sequence; internal transcribed spacer 1, 5.8S ribosomal RNA gene, and internal transcribed spacer 2, complete sequence; and 28S ribosomal RNA gene, partial sequence
cc_rrna_kmer_000265|28S	MN928851.1	33632	N/A	100.000	31	0	0	1	31	875	905	Babesia gibsoni isolate HZBg9 18S ribosomal RNA gene, partial sequence; internal transcribed spacer 1, 5.8S ribosomal RNA gene, and internal transcribed spacer 2, complete sequence; and 28S ribosomal RNA gene, partial sequence
cc_rrna_kmer_000265|28S	MN928847.1	33632	N/A	100.000	31	0	0	1	31	875	905	Babesia gibsoni isolate HZBg4 18S ribosomal RNA gene, partial sequence; internal transcribed spacer 1, 5.8S ribosomal RNA gene, and internal transcribed spacer 2, complete sequence; and 28S ribosomal RNA gene, partial sequence
cc_rrna_kmer_000265|28S	KP666151.1	33632	N/A	100.000	31	0	0	1	31	875	905	Babesia gibsoni isolate WH110 18S ribosomal RNA gene, partial sequence; internal transcribed spacer 1, 5.8S ribosomal RNA gene, and internal transcribed spacer 2, complete sequence; and 28S ribosomal RNA gene, partial sequence
cc_rrna_kmer_000265|28S	KP666143.1	33632	N/A	100.000	31	0	0	1	31	875	905	Babesia gibsoni isolate WH56 18S ribosomal RNA gene, partial sequence; internal transcribed spacer 1, 5.8S ribosomal RNA gene, and internal transcribed spacer 2, complete sequence; and 28S ribosomal RNA gene, partial sequence
cc_rrna_kmer_000265|28S	MN928850.1	33632	N/A	100.000	31	0	0	1	31	875	905	Babesia gibsoni isolate XABg35 18S ribosomal RNA gene, partial sequence; internal transcribed spacer 1, 5.8S ribosomal RNA gene, and internal transcribed spacer 2, complete sequence; and 28S ribosomal RNA gene, partial sequence
cc_rrna_kmer_000265|28S	AY283865.1	241650	N/A	100.000	31	0	0	1	31	10	40	Atoxoplasma sp. MS-2003 large subunit ribosomal RNA gene, partial sequence
cc_rrna_kmer_000265|28S	KP666144.1	33632	N/A	100.000	31	0	0	1	31	875	905	Babesia gibsoni isolate WH58 18S ribosomal RNA gene, partial sequence; internal transcribed spacer 1, 5.8S ribosomal RNA gene, and internal transcribed spacer 2, complete sequence; and 28S ribosomal RNA gene, partial sequence
cc_rrna_kmer_000265|28S	MN928842.1	33632	N/A	100.000	31	0	0	1	31	875	905	Babesia gibsoni isolate HZBg21 18S ribosomal RNA gene, partial sequence; internal transcribed spacer 1, 5.8S ribosomal RNA gene, and internal transcribed spacer 2, complete sequence; and 28S ribosomal RNA gene, partial sequence
cc_rrna_kmer_000265|28S	MN928837.1	33632	N/A	100.000	31	0	0	1	31	875	905	Babesia gibsoni isolate XABg14 18S ribosomal RNA gene, partial sequence; internal transcribed spacer 1, 5.8S ribosomal RNA gene, and internal transcribed spacer 2, complete sequence; and 28S ribosomal RNA gene, partial sequence
cc_rrna_kmer_000265|28S	MN928846.1	33632	N/A	100.000	31	0	0	1	31	875	905	Babesia gibsoni isolate HZBg42 18S ribosomal RNA gene, partial sequence; internal transcribed spacer 1, 5.8S ribosomal RNA gene, and internal transcribed spacer 2, complete sequence; and 28S ribosomal RNA gene, partial sequence
cc_rrna_kmer_000265|28S	KP666142.1	33632	N/A	100.000	31	0	0	1	31	878	908	Babesia gibsoni isolate WH54 18S ribosomal RNA gene, partial sequence; internal transcribed spacer 1, 5.8S ribosomal RNA gene, and internal transcribed spacer 2, complete sequence; and 28S ribosomal RNA gene, partial sequence
cc_rrna_kmer_000265|28S	MN928841.1	33632	N/A	100.000	31	0	0	1	31	875	905	Babesia gibsoni isolate HZBg20 18S ribosomal RNA gene, partial sequence; internal transcribed spacer 1, 5.8S ribosomal RNA gene, and internal transcribed spacer 2, complete sequence; and 28S ribosomal RNA gene, partial sequence
cc_rrna_kmer_000265|28S	KP666153.1	33632	N/A	100.000	31	0	0	1	31	875	905	Babesia gibsoni isolate WH121 18S ribosomal RNA gene, partial sequence; internal transcribed spacer 1, 5.8S ribosomal RNA gene, and internal transcribed spacer 2, complete sequence; and 28S ribosomal RNA gene, partial sequence
cc_rrna_kmer_000265|28S	MN928840.1	33632	N/A	100.000	31	0	0	1	31	875	905	Babesia gibsoni isolate XABg57 18S ribosomal RNA gene, partial sequence; internal transcribed spacer 1, 5.8S ribosomal RNA gene, and internal transcribed spacer 2, complete sequence; and 28S ribosomal RNA gene, partial sequence
cc_rrna_kmer_000265|28S	KP666141.1	33632	N/A	100.000	31	0	0	1	31	875	905	Babesia gibsoni isolate WH35 18S ribosomal RNA gene, partial sequence; internal transcribed spacer 1, 5.8S ribosomal RNA gene, and internal transcribed spacer 2, complete sequence; and 28S ribosomal RNA gene, partial sequence
cc_rrna_kmer_000265|28S	OK091619.1	33632	N/A	100.000	31	0	0	1	31	871	901	Babesia gibsoni voucher AQBg03 small subunit ribosomal RNA gene, partial sequence; internal transcribed spacer 1, 5.8S ribosomal RNA gene, and internal transcribed spacer 2, complete sequence; and large subunit ribosomal RNA gene, partial sequence
cc_rrna_kmer_000265|28S	MN928849.1	33632	N/A	100.000	31	0	0	1	31	875	905	Babesia gibsoni isolate XABg43 18S ribosomal RNA gene, partial sequence; internal transcribed spacer 1, 5.8S ribosomal RNA gene, and internal transcribed spacer 2, complete sequence; and 28S ribosomal RNA gene, partial sequence
cc_rrna_kmer_000265|28S	EU252544.1	88456	N/A	100.000	31	0	0	1	31	90	120	Cyclospora cayetanensis 28S large subunit ribosomal RNA gene, partial sequence
cc_rrna_kmer_000265|28S	OK091617.1	33632	N/A	100.000	31	0	0	1	31	871	901	Babesia gibsoni voucher HFBg02 small subunit ribosomal RNA gene, partial sequence; internal transcribed spacer 1, 5.8S ribosomal RNA gene, and internal transcribed spacer 2, complete sequence; and large subunit ribosomal RNA gene, partial sequence
cc_rrna_kmer_000265|28S	MN928839.1	33632	N/A	100.000	31	0	0	1	31	875	905	Babesia gibsoni isolate HZBg27 18S ribosomal RNA gene, partial sequence; internal transcribed spacer 1, 5.8S ribosomal RNA gene, and internal transcribed spacer 2, complete sequence; and 28S ribosomal RNA gene, partial sequence
cc_rrna_kmer_000265|28S	MN928835.1	33632	N/A	100.000	31	0	0	1	31	875	905	Babesia gibsoni isolate HZBg11 18S ribosomal RNA gene, partial sequence; internal transcribed spacer 1, 5.8S ribosomal RNA gene, and internal transcribed spacer 2, complete sequence; and 28S ribosomal RNA gene, partial sequence
cc_rrna_kmer_000265|28S	AY331570.1	241650	N/A	100.000	31	0	0	1	31	542	572	Atoxoplasma sp. MS-2003 from Javan ruby-throated bulbul small subunit ribosomal RNA gene, partial sequence; internal transcribed spacer 1, 5.8S ribosomal RNA gene, and internal transcribed spacer 2, complete sequence; and large subunit ribosomal RNA gene, partial sequence
cc_rrna_kmer_000267|28S	EU252544.1	88456	N/A	100.000	31	0	0	1	31	224	194	Cyclospora cayetanensis 28S large subunit ribosomal RNA gene, partial sequence
cc_rrna_kmer_000268|28S	EU252544.1	88456	N/A	100.000	31	0	0	1	31	275	245	Cyclospora cayetanensis 28S large subunit ribosomal RNA gene, partial sequence
cc_rrna_kmer_000269|28S	EU252544.1	88456	N/A	100.000	31	0	0	1	31	687	657	Cyclospora cayetanensis 28S large subunit ribosomal RNA gene, partial sequence
cc_rrna_kmer_000270|5S	XR_003297353.1	88456	N/A	100.000	31	0	0	1	31	40	70	PREDICTED: Cyclospora cayetanensis 5S ribosomal RNA (LOC113146603), rRNA
cc_rrna_kmer_000271|28S	EU252544.1	88456	N/A	100.000	31	0	0	1	31	231	261	Cyclospora cayetanensis 28S large subunit ribosomal RNA gene, partial sequence
cc_rrna_kmer_000272|28S	XR_003297360.1	88456	N/A	100.000	31	0	0	1	31	1086	1056	PREDICTED: Cyclospora cayetanensis large subunit ribosomal RNA (LOC113146729), rRNA
cc_rrna_kmer_000272|28S	EU252544.1	88456	N/A	100.000	31	0	0	1	31	1831	1801	Cyclospora cayetanensis 28S large subunit ribosomal RNA gene, partial sequence
cc_rrna_kmer_000273|28S	XR_003297360.1	88456	N/A	100.000	31	0	0	1	31	2579	2549	PREDICTED: Cyclospora cayetanensis large subunit ribosomal RNA (LOC113146729), rRNA
cc_rrna_kmer_000274|28S	EU252544.1	88456	N/A	100.000	31	0	0	1	31	741	711	Cyclospora cayetanensis 28S large subunit ribosomal RNA gene, partial sequence
cc_rrna_kmer_000275|28S	EU252544.1	88456	N/A	100.000	31	0	0	1	31	625	595	Cyclospora cayetanensis 28S large subunit ribosomal RNA gene, partial sequence
cc_rrna_kmer_000276|28S	EU252544.1	88456	N/A	100.000	31	0	0	1	31	478	448	Cyclospora cayetanensis 28S large subunit ribosomal RNA gene, partial sequence
cc_rrna_kmer_000277|28S	XR_003297360.1	88456	N/A	100.000	31	0	0	1	31	1911	1941	PREDICTED: Cyclospora cayetanensis large subunit ribosomal RNA (LOC113146729), rRNA
cc_rrna_kmer_000278|28S	EU252544.1	88456	N/A	100.000	31	0	0	1	31	765	735	Cyclospora cayetanensis 28S large subunit ribosomal RNA gene, partial sequence
cc_rrna_kmer_000279|28S	XR_003297360.1	88456	N/A	100.000	31	0	0	1	31	177	147	PREDICTED: Cyclospora cayetanensis large subunit ribosomal RNA (LOC113146729), rRNA
cc_rrna_kmer_000279|28S	EU252544.1	88456	N/A	100.000	31	0	0	1	31	922	892	Cyclospora cayetanensis 28S large subunit ribosomal RNA gene, partial sequence
cc_rrna_kmer_000280|28S	EU252544.1	88456	N/A	100.000	31	0	0	1	31	506	476	Cyclospora cayetanensis 28S large subunit ribosomal RNA gene, partial sequence
cc_rrna_kmer_000281|28S	EU252544.1	88456	N/A	100.000	31	0	0	1	31	743	713	Cyclospora cayetanensis 28S large subunit ribosomal RNA gene, partial sequence
cc_rrna_kmer_000282|28S	EU252544.1	88456	N/A	100.000	31	0	0	1	31	422	452	Cyclospora cayetanensis 28S large subunit ribosomal RNA gene, partial sequence
cc_rrna_kmer_000283|28S	XR_003297360.1	88456	N/A	100.000	31	0	0	1	31	1377	1347	PREDICTED: Cyclospora cayetanensis large subunit ribosomal RNA (LOC113146729), rRNA
cc_rrna_kmer_000284|28S	AP038851.1	142759	N/A	100.000	31	0	0	1	31	5077836	5077806	Solanum cheesmaniae LA0166 DNA, chromosome 2, nearly complete sequence
cc_rrna_kmer_000284|28S	XR_003297360.1	88456	N/A	100.000	31	0	0	1	31	391	421	PREDICTED: Cyclospora cayetanensis large subunit ribosomal RNA (LOC113146729), rRNA
cc_rrna_kmer_000284|28S	EU252544.1	88456	N/A	100.000	31	0	0	1	31	1136	1166	Cyclospora cayetanensis 28S large subunit ribosomal RNA gene, partial sequence
cc_rrna_kmer_000285|28S	EU252544.1	88456	N/A	100.000	31	0	0	1	31	188	218	Cyclospora cayetanensis 28S large subunit ribosomal RNA gene, partial sequence
cc_rrna_kmer_000286|28S	XR_003297360.1	88456	N/A	100.000	31	0	0	1	31	973	943	PREDICTED: Cyclospora cayetanensis large subunit ribosomal RNA (LOC113146729), rRNA
cc_rrna_kmer_000286|28S	EU252544.1	88456	N/A	100.000	31	0	0	1	31	1718	1688	Cyclospora cayetanensis 28S large subunit ribosomal RNA gene, partial sequence
cc_rrna_kmer_000287|28S	EU252544.1	88456	N/A	100.000	31	0	0	1	31	187	157	Cyclospora cayetanensis 28S large subunit ribosomal RNA gene, partial sequence
cc_rrna_kmer_000288|28S	XR_003297360.1	88456	N/A	100.000	31	0	0	1	31	102	132	PREDICTED: Cyclospora cayetanensis large subunit ribosomal RNA (LOC113146729), rRNA
cc_rrna_kmer_000288|28S	EU252544.1	88456	N/A	100.000	31	0	0	1	31	847	877	Cyclospora cayetanensis 28S large subunit ribosomal RNA gene, partial sequence
cc_rrna_kmer_000289|28S	XR_003297360.1	88456	N/A	100.000	31	0	0	1	31	93	123	PREDICTED: Cyclospora cayetanensis large subunit ribosomal RNA (LOC113146729), rRNA
cc_rrna_kmer_000289|28S	EU252544.1	88456	N/A	100.000	31	0	0	1	31	838	868	Cyclospora cayetanensis 28S large subunit ribosomal RNA gene, partial sequence
cc_rrna_kmer_000290|28S	LC856927.1	1962270	N/A	100.000	31	0	0	1	31	1341	1371	Sarcocystis bertrami CA20-2_2 gene for 28S ribosomal RNA, partial sequence, clone: b26-6
cc_rrna_kmer_000290|28S	XR_003297360.1	88456	N/A	100.000	31	0	0	1	31	573	603	PREDICTED: Cyclospora cayetanensis large subunit ribosomal RNA (LOC113146729), rRNA
cc_rrna_kmer_000290|28S	EU252544.1	88456	N/A	100.000	31	0	0	1	31	1318	1348	Cyclospora cayetanensis 28S large subunit ribosomal RNA gene, partial sequence
cc_rrna_kmer_000290|28S	LC857022.1	1962270	N/A	100.000	31	0	0	1	31	1344	1374	Sarcocystis bertrami CA20-53_1 gene for 28S ribosomal RNA, partial sequence, clone: b14-6
cc_rrna_kmer_000291|28S	KP661581.1	1664856	N/A	100.000	31	0	0	1	31	281	311	Ravenelia macowaniana voucher WM3292 28S ribosomal RNA gene, partial sequence
cc_rrna_kmer_000291|28S	KP661588.1	1664856	N/A	100.000	31	0	0	1	31	262	292	Ravenelia macowaniana voucher WM3294 28S ribosomal RNA gene, partial sequence
cc_rrna_kmer_000291|28S	OR738701.1	1413810	N/A	100.000	31	0	0	1	31	321	351	Puccinia ballotiflora voucher PUR63468 large subunit ribosomal RNA gene, partial sequence
cc_rrna_kmer_000291|28S	MW729482.1	2448153	N/A	100.000	31	0	0	1	31	263	293	Phragmidium chayuensis voucher LP180 large subunit ribosomal RNA gene, partial sequence
cc_rrna_kmer_000291|28S	KP661591.1	1664856	N/A	100.000	31	0	0	1	31	281	311	Ravenelia macowaniana voucher WM3448 28S ribosomal RNA gene, partial sequence
cc_rrna_kmer_000291|28S	MW622041.1	2813154	N/A	100.000	31	0	0	1	31	334	364	Phragmidium rosicola voucher PR 1062 large subunit ribosomal RNA gene, partial sequence
cc_rrna_kmer_000291|28S	DQ021885.1	333309	N/A	100.000	31	0	0	1	31	381	411	Uromyces neotropicalis 28S ribosomal RNA gene, partial sequence
cc_rrna_kmer_000291|28S	MW603008.1	2506224	N/A	100.000	31	0	0	1	31	309	339	Phragmidium sp. voucher PR 106 large subunit ribosomal RNA gene, partial sequence
cc_rrna_kmer_000291|28S	NG_064492.1	2448153	N/A	100.000	31	0	0	1	31	308	338	Phragmidium chayuensis BJFC R02532 28S rRNA gene, partial sequence; from TYPE material
cc_rrna_kmer_000291|28S	MG946014.1	1664856	N/A	100.000	31	0	0	1	31	262	292	Ravenelia macowaniana voucher PREM61875 large subunit ribosomal RNA gene, partial sequence
cc_rrna_kmer_000291|28S	MG946008.1	1664856	N/A	100.000	31	0	0	1	31	284	314	Ravenelia macowaniana voucher ME433 large subunit ribosomal RNA gene, partial sequence
cc_rrna_kmer_000291|28S	MG946012.1	1664856	N/A	100.000	31	0	0	1	31	230	260	Ravenelia macowaniana voucher PREM61862 large subunit ribosomal RNA gene, partial sequence
cc_rrna_kmer_000291|28S	PQ772038.1	573698	N/A	100.000	31	0	0	1	31	274	304	Puccinia spegazzinii voucher BRIP 64478a large subunit ribosomal RNA gene, partial sequence
cc_rrna_kmer_000291|28S	PQ772039.1	573698	N/A	100.000	31	0	0	1	31	317	347	Puccinia spegazzinii voucher BRIP 75145a large subunit ribosomal RNA gene, partial sequence
cc_rrna_kmer_000291|28S	KP661592.1	1664856	N/A	100.000	31	0	0	1	31	283	313	Ravenelia macowaniana voucher WM3453 28S ribosomal RNA gene, partial sequence
cc_rrna_kmer_000291|28S	MG669113.1	2448153	N/A	100.000	31	0	0	1	31	335	365	Phragmidium chayuensis voucher BJFC-R03014 28S ribosomal RNA gene, partial sequence
cc_rrna_kmer_000291|28S	OQ214998.1	1664856	N/A	100.000	31	0	0	1	31	305	335	Ravenelia macowaniana voucher U449 large subunit ribosomal RNA gene, partial sequence
cc_rrna_kmer_000291|28S	KP661590.1	1664858;2086370	N/A;N/A	100.000	31	0	0	1	31	211	241	Ravenelia sp. ME-2015 voucher ME188 28S ribosomal RNA gene, partial sequence
cc_rrna_kmer_000291|28S	KY764143.1	2153413	N/A	100.000	31	0	0	1	31	281	311	Puccinia mikaniae voucher BPI 910257 28S ribosomal RNA gene, partial sequence
cc_rrna_kmer_000291|28S	KP661596.1	1664856	N/A	100.000	31	0	0	1	31	283	313	Ravenelia macowaniana voucher WM3577 28S ribosomal RNA gene, partial sequence
cc_rrna_kmer_000291|28S	OL798097.1	2602415	N/A	100.000	31	0	0	1	31	131	161	Phakopsora sp. voucher AMH-10313 large subunit ribosomal RNA gene, partial sequence
cc_rrna_kmer_000291|28S	KP661578.1	1664856	N/A	100.000	31	0	0	1	31	283	313	Ravenelia macowaniana voucher WM3433 28S ribosomal RNA gene, partial sequence
cc_rrna_kmer_000291|28S	OM158488.1	2506224	N/A	100.000	31	0	0	1	31	342	372	Phragmidium sp. voucher (LAH37003) RLD-09 large subunit ribosomal RNA gene, partial sequence
cc_rrna_kmer_000291|28S	MN072676.1	2589089	N/A	100.000	31	0	0	1	31	61	91	Ravenelia acaciicola voucher PREM61849 large subunit ribosomal RNA gene, partial sequence
cc_rrna_kmer_000291|28S	OQ214999.1	1664856	N/A	100.000	31	0	0	1	31	359	389	Ravenelia macowaniana voucher U540 large subunit ribosomal RNA gene, partial sequence
cc_rrna_kmer_000291|28S	EU252544.1	88456	N/A	100.000	31	0	0	1	31	402	432	Cyclospora cayetanensis 28S large subunit ribosomal RNA gene, partial sequence
cc_rrna_kmer_000291|28S	KP661589.1	1664858;2086370	N/A;N/A	100.000	31	0	0	1	31	294	324	Ravenelia sp. ME-2015 voucher ME174 28S ribosomal RNA gene, partial sequence
cc_rrna_kmer_000291|28S	OQ214996.1	1664856	N/A	100.000	31	0	0	1	31	318	348	Ravenelia macowaniana voucher U375 large subunit ribosomal RNA gene, partial sequence
cc_rrna_kmer_000291|28S	OR738700.1	1413810	N/A	100.000	31	0	0	1	31	356	386	Puccinia ballotiflora voucher PUR63464 large subunit ribosomal RNA gene, partial sequence
cc_rrna_kmer_000291|28S	OQ214997.1	1664856	N/A	100.000	31	0	0	1	31	352	382	Ravenelia macowaniana voucher U376 large subunit ribosomal RNA gene, partial sequence
cc_rrna_kmer_000291|28S	KP661586.1	1664856	N/A	100.000	31	0	0	1	31	195	225	Ravenelia macowaniana voucher ME158 28S ribosomal RNA gene, partial sequence
cc_rrna_kmer_000291|28S	KP661582.1	1664858;2086370	N/A;N/A	100.000	31	0	0	1	31	180	210	Ravenelia sp. ME-2015 voucher PREM61000 28S ribosomal RNA gene, partial sequence
cc_rrna_kmer_000291|28S	KP661594.1	1664856	N/A	100.000	31	0	0	1	31	283	313	Ravenelia macowaniana voucher WM3485 28S ribosomal RNA gene, partial sequence
cc_rrna_kmer_000291|28S	OQ214995.1	1664856	N/A	100.000	31	0	0	1	31	359	389	Ravenelia macowaniana voucher U373 large subunit ribosomal RNA gene, partial sequence
cc_rrna_kmer_000292|28S	EU252544.1	88456	N/A	100.000	31	0	0	1	31	605	575	Cyclospora cayetanensis 28S large subunit ribosomal RNA gene, partial sequence
cc_rrna_kmer_000293|28S	XR_003297360.1	88456	N/A	100.000	31	0	0	1	31	1083	1053	PREDICTED: Cyclospora cayetanensis large subunit ribosomal RNA (LOC113146729), rRNA
cc_rrna_kmer_000293|28S	EU252544.1	88456	N/A	100.000	31	0	0	1	31	1828	1798	Cyclospora cayetanensis 28S large subunit ribosomal RNA gene, partial sequence
cc_rrna_kmer_000294|28S	XR_003297360.1	88456	N/A	100.000	31	0	0	1	31	2593	2623	PREDICTED: Cyclospora cayetanensis large subunit ribosomal RNA (LOC113146729), rRNA
cc_rrna_kmer_000295|28S	EU252544.1	88456	N/A	100.000	31	0	0	1	31	448	418	Cyclospora cayetanensis 28S large subunit ribosomal RNA gene, partial sequence
cc_rrna_kmer_000296|28S	DQ444226.1	376364	N/A	100.000	31	0	0	1	31	773	803	Diplopsalis lenticula strain M2 large subunit ribosomal RNA gene, partial sequence
cc_rrna_kmer_000296|28S	EF152793.1	376364	N/A	100.000	31	0	0	1	31	729	759	Diplopsalis lenticula cell9_clone13 large subunit ribosomal RNA gene, partial sequence
cc_rrna_kmer_000296|28S	ON392263.1	376364	N/A	100.000	31	0	0	1	31	773	803	Diplopsalis lenticula isolate JZB-3 large subunit ribosomal RNA gene, partial sequence
cc_rrna_kmer_000296|28S	ON392266.1	376364	N/A	100.000	31	0	0	1	31	773	803	Diplopsalis lenticula isolate RZ-3 large subunit ribosomal RNA gene, partial sequence
cc_rrna_kmer_000296|28S	EF152794.1	376364	N/A	100.000	31	0	0	1	31	773	803	Diplopsalis lenticula cell9_clone8 large subunit ribosomal RNA gene, partial sequence
cc_rrna_kmer_000296|28S	EF152781.1	376364	N/A	100.000	31	0	0	1	31	773	803	Diplopsalis lenticula cell12_clone8 large subunit ribosomal RNA gene, partial sequence
cc_rrna_kmer_000296|28S	XR_003297360.1	88456	N/A	100.000	31	0	0	1	31	169	199	PREDICTED: Cyclospora cayetanensis large subunit ribosomal RNA (LOC113146729), rRNA
cc_rrna_kmer_000296|28S	EF152785.1	376364	N/A	100.000	31	0	0	1	31	773	803	Diplopsalis lenticula cell2_clone2 large subunit ribosomal RNA gene, partial sequence
cc_rrna_kmer_000296|28S	EF152786.1	376364	N/A	100.000	31	0	0	1	31	773	803	Diplopsalis lenticula cell2_clone3 large subunit ribosomal RNA gene, partial sequence
cc_rrna_kmer_000296|28S	EF152780.1	376364	N/A	100.000	31	0	0	1	31	773	803	Diplopsalis lenticula cell12_clone3 large subunit ribosomal RNA gene, partial sequence
cc_rrna_kmer_000296|28S	EF152787.1	376364	N/A	100.000	31	0	0	1	31	773	803	Diplopsalis lenticula cell2_clone8 large subunit ribosomal RNA gene, partial sequence
cc_rrna_kmer_000296|28S	ON392262.1	376364	N/A	100.000	31	0	0	1	31	773	803	Diplopsalis lenticula isolate JZB-2 large subunit ribosomal RNA gene, partial sequence
cc_rrna_kmer_000296|28S	ON392264.1	376364	N/A	100.000	31	0	0	1	31	773	803	Diplopsalis lenticula isolate RZ-1 large subunit ribosomal RNA gene, partial sequence
cc_rrna_kmer_000296|28S	EU252544.1	88456	N/A	100.000	31	0	0	1	31	914	944	Cyclospora cayetanensis 28S large subunit ribosomal RNA gene, partial sequence
cc_rrna_kmer_000296|28S	ON392261.1	376364	N/A	100.000	31	0	0	1	31	773	803	Diplopsalis lenticula isolate JZB-1 large subunit ribosomal RNA gene, partial sequence
cc_rrna_kmer_000296|28S	EF152778.1	376364	N/A	100.000	31	0	0	1	31	773	803	Diplopsalis lenticula cell12_clone2 large subunit ribosomal RNA gene, partial sequence
cc_rrna_kmer_000296|28S	ON392268.1	376364	N/A	100.000	31	0	0	1	31	773	803	Diplopsalis lenticula isolate RZ-5 large subunit ribosomal RNA gene, partial sequence
cc_rrna_kmer_000296|28S	EF152782.1	376364	N/A	100.000	31	0	0	1	31	773	803	Diplopsalis lenticula cell12_clone7 large subunit ribosomal RNA gene, partial sequence
cc_rrna_kmer_000296|28S	EF152784.1	376364	N/A	100.000	31	0	0	1	31	760	790	Diplopsalis lenticula cell13_clone3 large subunit ribosomal RNA gene, partial sequence
cc_rrna_kmer_000297|28S	XR_003297360.1	88456	N/A	100.000	31	0	0	1	31	737	767	PREDICTED: Cyclospora cayetanensis large subunit ribosomal RNA (LOC113146729), rRNA
cc_rrna_kmer_000297|28S	EU252544.1	88456	N/A	100.000	31	0	0	1	31	1482	1512	Cyclospora cayetanensis 28S large subunit ribosomal RNA gene, partial sequence
cc_rrna_kmer_000298|28S	XR_003297360.1	88456	N/A	100.000	31	0	0	1	31	2526	2556	PREDICTED: Cyclospora cayetanensis large subunit ribosomal RNA (LOC113146729), rRNA
cc_rrna_kmer_000299|28S	XR_003297360.1	88456	N/A	100.000	31	0	0	1	31	472	442	PREDICTED: Cyclospora cayetanensis large subunit ribosomal RNA (LOC113146729), rRNA
cc_rrna_kmer_000299|28S	EU252544.1	88456	N/A	100.000	31	0	0	1	31	1217	1187	Cyclospora cayetanensis 28S large subunit ribosomal RNA gene, partial sequence
cc_rrna_kmer_000300|28S	XR_003297360.1	88456	N/A	100.000	31	0	0	1	31	1921	1891	PREDICTED: Cyclospora cayetanensis large subunit ribosomal RNA (LOC113146729), rRNA
cc_rrna_kmer_000301|28S	XR_003297360.1	88456	N/A	100.000	31	0	0	1	31	2128	2158	PREDICTED: Cyclospora cayetanensis large subunit ribosomal RNA (LOC113146729), rRNA
cc_rrna_kmer_000301|28S	GU593716.1	947543	N/A	100.000	31	0	0	1	31	770	800	Goussia carpelli strain 23 28S ribosomal RNA gene, partial sequence
cc_rrna_kmer_000303|28S	XR_003297360.1	88456	N/A	100.000	31	0	0	1	31	959	929	PREDICTED: Cyclospora cayetanensis large subunit ribosomal RNA (LOC113146729), rRNA
cc_rrna_kmer_000303|28S	EU252544.1	88456	N/A	100.000	31	0	0	1	31	1704	1674	Cyclospora cayetanensis 28S large subunit ribosomal RNA gene, partial sequence
cc_rrna_kmer_000304|28S	EU252544.1	88456	N/A	100.000	31	0	0	1	31	706	676	Cyclospora cayetanensis 28S large subunit ribosomal RNA gene, partial sequence
cc_rrna_kmer_000305|28S	EU252544.1	88456	N/A	100.000	31	0	0	1	31	1836	1866	Cyclospora cayetanensis 28S large subunit ribosomal RNA gene, partial sequence
cc_rrna_kmer_000306|28S	EU252544.1	88456	N/A	100.000	31	0	0	1	31	181	211	Cyclospora cayetanensis 28S large subunit ribosomal RNA gene, partial sequence
cc_rrna_kmer_000307|28S	XR_003297360.1	88456	N/A	100.000	31	0	0	1	31	380	410	PREDICTED: Cyclospora cayetanensis large subunit ribosomal RNA (LOC113146729), rRNA
cc_rrna_kmer_000307|28S	EU252544.1	88456	N/A	100.000	31	0	0	1	31	1125	1155	Cyclospora cayetanensis 28S large subunit ribosomal RNA gene, partial sequence
cc_rrna_kmer_000308|28S	XR_003297360.1	88456	N/A	100.000	31	0	0	1	31	1447	1477	PREDICTED: Cyclospora cayetanensis large subunit ribosomal RNA (LOC113146729), rRNA
cc_rrna_kmer_000309|28S	XR_003297360.1	88456	N/A	100.000	31	0	0	1	31	698	728	PREDICTED: Cyclospora cayetanensis large subunit ribosomal RNA (LOC113146729), rRNA
cc_rrna_kmer_000309|28S	EU252544.1	88456	N/A	100.000	31	0	0	1	31	1443	1473	Cyclospora cayetanensis 28S large subunit ribosomal RNA gene, partial sequence
cc_rrna_kmer_000310|28S	EU252544.1	88456	N/A	100.000	31	0	0	1	31	457	487	Cyclospora cayetanensis 28S large subunit ribosomal RNA gene, partial sequence
cc_rrna_kmer_000311|28S	XR_003297360.1	88456	N/A	100.000	31	0	0	1	31	1181	1151	PREDICTED: Cyclospora cayetanensis large subunit ribosomal RNA (LOC113146729), rRNA
cc_rrna_kmer_000311|28S	EU252544.1	88456	N/A	100.000	31	0	0	1	31	1926	1896	Cyclospora cayetanensis 28S large subunit ribosomal RNA gene, partial sequence
cc_rrna_kmer_000312|28S	EU252544.1	88456	N/A	100.000	31	0	0	1	31	295	265	Cyclospora cayetanensis 28S large subunit ribosomal RNA gene, partial sequence
cc_rrna_kmer_000313|28S	XR_003297360.1	88456	N/A	100.000	31	0	0	1	31	1360	1390	PREDICTED: Cyclospora cayetanensis large subunit ribosomal RNA (LOC113146729), rRNA
cc_rrna_kmer_000314|28S	EU252544.1	88456	N/A	100.000	31	0	0	1	31	196	166	Cyclospora cayetanensis 28S large subunit ribosomal RNA gene, partial sequence
cc_rrna_kmer_000318|28S	EU252544.1	88456	N/A	100.000	31	0	0	1	31	491	461	Cyclospora cayetanensis 28S large subunit ribosomal RNA gene, partial sequence
cc_rrna_kmer_000319|28S	EU252544.1	88456	N/A	100.000	31	0	0	1	31	727	697	Cyclospora cayetanensis 28S large subunit ribosomal RNA gene, partial sequence
cc_rrna_kmer_000320|28S	EU252544.1	88456	N/A	100.000	31	0	0	1	31	127	157	Cyclospora cayetanensis 28S large subunit ribosomal RNA gene, partial sequence
cc_rrna_kmer_000321|28S	LN609899.1	459470	N/A	100.000	31	0	0	1	31	1001	971	Uncultured Eimeria genomic DNA containing 18S rRNA gene, ITS1, 5.8S rRNA gene, ITS2 and 28S rRNA gene, isolate Ug20
cc_rrna_kmer_000321|28S	LN609801.1	459470	N/A	100.000	31	0	0	1	31	1002	972	Uncultured Eimeria genomic DNA containing 18S rRNA gene, ITS1, 5.8S rRNA gene, ITS2 and 28S rRNA gene, isolate Gh09
cc_rrna_kmer_000321|28S	AF301387.1	88456	N/A	100.000	31	0	0	1	31	1507	1477	Cyclospora cayetanensis small subunit ribosomal RNA gene, partial sequence; internal transcribed spacer 1, 5.8S ribosomal RNA gene and internal transcribed spacer 2, complete sequence; and large subunit ribosomal RNA gene, partial sequence
cc_rrna_kmer_000321|28S	LN609970.1	459470	N/A	100.000	31	0	0	1	31	979	949	Uncultured Eimeria genomic DNA containing 18S rRNA gene, ITS1, 5.8S rRNA gene, ITS2 and 28S rRNA gene, isolate Eg09
cc_rrna_kmer_000321|28S	LN609825.1	459470	N/A	100.000	31	0	0	1	31	999	969	Uncultured Eimeria genomic DNA containing 18S rRNA gene, ITS1, 5.8S rRNA gene, ITS2 and 28S rRNA gene, isolate Ng16
cc_rrna_kmer_000321|28S	AY779462.1	5801	N/A	100.000	31	0	0	1	31	978	948	Eimeria acervulina clone EA-1133-20 18S ribosomal RNA gene, partial sequence; internal transcribed spacer 1, 5.8S ribosomal RNA gene, and internal transcribed spacer 2, complete sequence; and 28S ribosomal RNA gene, partial sequence
cc_rrna_kmer_000321|28S	LN609775.1	459470	N/A	100.000	31	0	0	1	31	1000	970	Uncultured Eimeria genomic DNA containing 18S rRNA gene, ITS1, 5.8S rRNA gene, ITS2 and 28S rRNA gene, isolate Fr02
cc_rrna_kmer_000321|28S	LN609864.1	459470	N/A	100.000	31	0	0	1	31	1002	972	Uncultured Eimeria genomic DNA containing 18S rRNA gene, ITS1, 5.8S rRNA gene, ITS2 and 28S rRNA gene, isolate Tz24
cc_rrna_kmer_000321|28S	AF301386.1	88456	N/A	100.000	31	0	0	1	31	1520	1490	Cyclospora cayetanensis small subunit ribosomal RNA gene, partial sequence; internal transcribed spacer 1, 5.8S ribosomal RNA gene and internal transcribed spacer 2, complete sequence; and large subunit ribosomal RNA gene, partial sequence
cc_rrna_kmer_000321|28S	LN609794.1	459470	N/A	100.000	31	0	0	1	31	1001	971	Uncultured Eimeria genomic DNA containing 18S rRNA gene, ITS1, 5.8S rRNA gene, ITS2 and 28S rRNA gene, isolate Gh02
cc_rrna_kmer_000321|28S	AY779481.1	5801	N/A	100.000	31	0	0	1	31	977	947	Eimeria acervulina clone EA-JJ-1 18S ribosomal RNA gene, partial sequence; internal transcribed spacer 1, 5.8S ribosomal RNA gene, and internal transcribed spacer 2, complete sequence; and 28S ribosomal RNA gene, partial sequence
cc_rrna_kmer_000321|28S	AY779471.1	5801	N/A	100.000	31	0	0	1	31	960	930	Eimeria acervulina clone EA-12-6 18S ribosomal RNA gene, partial sequence; internal transcribed spacer 1, 5.8S ribosomal RNA gene, and internal transcribed spacer 2, complete sequence; and 28S ribosomal RNA gene, partial sequence
cc_rrna_kmer_000321|28S	LN609869.1	459470	N/A	100.000	31	0	0	1	31	1146	1116	Uncultured Eimeria genomic DNA containing 18S rRNA gene, ITS1, 5.8S rRNA gene, ITS2 and 28S rRNA gene, isolate Tz29
cc_rrna_kmer_000321|28S	AY779475.1	5801	N/A	100.000	31	0	0	1	31	978	948	Eimeria acervulina clone EA-12-14 18S ribosomal RNA gene, partial sequence; internal transcribed spacer 1, 5.8S ribosomal RNA gene, and internal transcribed spacer 2, complete sequence; and 28S ribosomal RNA gene, partial sequence
cc_rrna_kmer_000321|28S	LN609931.1	459470	N/A	100.000	31	0	0	1	31	999	969	Uncultured Eimeria genomic DNA containing 18S rRNA gene, ITS1, 5.8S rRNA gene, ITS2 and 28S rRNA gene, isolate Zm01
cc_rrna_kmer_000321|28S	LN609796.1	459470	N/A	100.000	31	0	0	1	31	1002	972	Uncultured Eimeria genomic DNA containing 18S rRNA gene, ITS1, 5.8S rRNA gene, ITS2 and 28S rRNA gene, isolate Gh04
cc_rrna_kmer_000321|28S	LN609810.1	459470	N/A	100.000	31	0	0	1	31	1002	972	Uncultured Eimeria genomic DNA containing 18S rRNA gene, ITS1, 5.8S rRNA gene, ITS2 and 28S rRNA gene, isolate Ng01
cc_rrna_kmer_000321|28S	AY779477.1	5801	N/A	100.000	31	0	0	1	31	973	943	Eimeria acervulina clone EA-12-17 18S ribosomal RNA gene, partial sequence; internal transcribed spacer 1, 5.8S ribosomal RNA gene, and internal transcribed spacer 2, complete sequence; and 28S ribosomal RNA gene, partial sequence
cc_rrna_kmer_000321|28S	AY779483.1	5801	N/A	100.000	31	0	0	1	31	978	948	Eimeria acervulina clone EA-JJ-13 18S ribosomal RNA gene, partial sequence; internal transcribed spacer 1, 5.8S ribosomal RNA gene, and internal transcribed spacer 2, complete sequence; and 28S ribosomal RNA gene, partial sequence
cc_rrna_kmer_000321|28S	AY779485.1	5801	N/A	100.000	31	0	0	1	31	978	948	Eimeria acervulina clone EA-JJ-15 18S ribosomal RNA gene, partial sequence; internal transcribed spacer 1, 5.8S ribosomal RNA gene, and internal transcribed spacer 2, complete sequence; and 28S ribosomal RNA gene, partial sequence
cc_rrna_kmer_000321|28S	AF301382.1	88456	N/A	100.000	31	0	0	1	31	895	865	Cyclospora cayetanensis 5.8S ribosomal RNA gene, partial sequence; internal transcribed spacer 2, complete sequence; and large subunit ribosomal RNA gene, partial sequence
cc_rrna_kmer_000321|28S	AY779490.1	5801	N/A	100.000	31	0	0	1	31	979	949	Eimeria acervulina clone EA-JJ-25 18S ribosomal RNA gene, partial sequence; internal transcribed spacer 1, 5.8S ribosomal RNA gene, and internal transcribed spacer 2, complete sequence; and 28S ribosomal RNA gene, partial sequence
cc_rrna_kmer_000321|28S	LN609805.1	459470	N/A	100.000	31	0	0	1	31	995	965	Uncultured Eimeria genomic DNA containing 18S rRNA gene, ITS1, 5.8S rRNA gene, ITS2 and 28S rRNA gene, isolate Gh13
cc_rrna_kmer_000321|28S	LN609966.1	459470	N/A	100.000	31	0	0	1	31	978	948	Uncultured Eimeria genomic DNA containing 18S rRNA gene, ITS1, 5.8S rRNA gene, ITS2 and 28S rRNA gene, isolate Eg05
cc_rrna_kmer_000321|28S	LN609792.1	459470	N/A	100.000	31	0	0	1	31	1000	970	Uncultured Eimeria genomic DNA containing 18S rRNA gene, ITS1, 5.8S rRNA gene, ITS2 and 28S rRNA gene, isolate UK13
cc_rrna_kmer_000321|28S	AF301390.1	88456	N/A	100.000	31	0	0	1	31	1502	1472	Cyclospora cayetanensis small subunit ribosomal RNA gene, partial sequence; internal transcribed spacer 1, 5.8S ribosomal RNA gene and internal transcribed spacer 2, complete sequence; and large subunit ribosomal RNA gene, partial sequence
cc_rrna_kmer_000321|28S	AY779467.1	5801	N/A	100.000	31	0	0	1	31	980	950	Eimeria acervulina clone EA-12-1 18S ribosomal RNA gene, partial sequence; internal transcribed spacer 1, 5.8S ribosomal RNA gene, and internal transcribed spacer 2, complete sequence; and 28S ribosomal RNA gene, partial sequence
cc_rrna_kmer_000321|28S	AY779472.1	5801	N/A	100.000	31	0	0	1	31	979	949	Eimeria acervulina clone EA-12-7 18S ribosomal RNA gene, partial sequence; internal transcribed spacer 1, 5.8S ribosomal RNA gene, and internal transcribed spacer 2, complete sequence; and 28S ribosomal RNA gene, partial sequence
cc_rrna_kmer_000321|28S	LN609770.1	459470	N/A	100.000	31	0	0	1	31	995	965	Uncultured Eimeria genomic DNA containing 18S rRNA gene, ITS1, 5.8S rRNA gene, ITS2 and 28S rRNA gene, isolate Pt01
cc_rrna_kmer_000321|28S	AY779488.1	5801	N/A	100.000	31	0	0	1	31	978	948	Eimeria acervulina clone EA-JJ-19 18S ribosomal RNA gene, partial sequence; internal transcribed spacer 1, 5.8S ribosomal RNA gene, and internal transcribed spacer 2, complete sequence; and 28S ribosomal RNA gene, partial sequence
cc_rrna_kmer_000321|28S	AF301388.1	88456	N/A	100.000	31	0	0	1	31	1509	1479	Cyclospora cayetanensis small subunit ribosomal RNA gene, partial sequence; internal transcribed spacer 1, 5.8S ribosomal RNA gene and internal transcribed spacer 2, complete sequence; and large subunit ribosomal RNA gene, partial sequence
cc_rrna_kmer_000321|28S	AY779460.1	5801	N/A	100.000	31	0	0	1	31	976	946	Eimeria acervulina clone EA-1133-15 18S ribosomal RNA gene, partial sequence; internal transcribed spacer 1, 5.8S ribosomal RNA gene, and internal transcribed spacer 2, complete sequence; and 28S ribosomal RNA gene, partial sequence
cc_rrna_kmer_000321|28S	LN609772.1	459470	N/A	100.000	31	0	0	1	31	1003	973	Uncultured Eimeria genomic DNA containing 18S rRNA gene, ITS1, 5.8S rRNA gene, ITS2 and 28S rRNA gene, isolate Pt03
cc_rrna_kmer_000321|28S	AF301383.1	88456	N/A	100.000	31	0	0	1	31	890	860	Cyclospora cayetanensis 5.8S ribosomal RNA gene, partial sequence; internal transcribed spacer 2, complete sequence; and large subunit ribosomal RNA gene, partial sequence
cc_rrna_kmer_000321|28S	LN609823.1	459470	N/A	100.000	31	0	0	1	31	1000	970	Uncultured Eimeria genomic DNA containing 18S rRNA gene, ITS1, 5.8S rRNA gene, ITS2 and 28S rRNA gene, isolate Ng14
cc_rrna_kmer_000321|28S	LN609814.1	459470	N/A	100.000	31	0	0	1	31	1001	971	Uncultured Eimeria genomic DNA containing 18S rRNA gene, ITS1, 5.8S rRNA gene, ITS2 and 28S rRNA gene, isolate Ng05
cc_rrna_kmer_000321|28S	LN609895.1	459470	N/A	100.000	31	0	0	1	31	1000	970	Uncultured Eimeria genomic DNA containing 18S rRNA gene, ITS1, 5.8S rRNA gene, ITS2 and 28S rRNA gene, isolate Ug16
cc_rrna_kmer_000321|28S	LN609831.1	459470	N/A	100.000	31	0	0	1	31	1004	974	Uncultured Eimeria genomic DNA containing 18S rRNA gene, ITS1, 5.8S rRNA gene, ITS2 and 28S rRNA gene, isolate Ng22
cc_rrna_kmer_000321|28S	LN609897.1	459470	N/A	100.000	31	0	0	1	31	1002	972	Uncultured Eimeria genomic DNA containing 18S rRNA gene, ITS1, 5.8S rRNA gene, ITS2 and 28S rRNA gene, isolate Ug18
cc_rrna_kmer_000321|28S	AY779457.1	5801	N/A	100.000	31	0	0	1	31	978	948	Eimeria acervulina clone EA-1133-7 18S ribosomal RNA gene, partial sequence; internal transcribed spacer 1, 5.8S ribosomal RNA gene, and internal transcribed spacer 2, complete sequence; and 28S ribosomal RNA gene, partial sequence
cc_rrna_kmer_000321|28S	AY779465.1	5801	N/A	100.000	31	0	0	1	31	969	939	Eimeria acervulina clone EA-1133-24 18S ribosomal RNA gene, partial sequence; internal transcribed spacer 1, 5.8S ribosomal RNA gene, and internal transcribed spacer 2, complete sequence; and 28S ribosomal RNA gene, partial sequence
cc_rrna_kmer_000321|28S	LN609819.1	459470	N/A	100.000	31	0	0	1	31	995	965	Uncultured Eimeria genomic DNA containing 18S rRNA gene, ITS1, 5.8S rRNA gene, ITS2 and 28S rRNA gene, isolate Ng10
cc_rrna_kmer_000321|28S	LN609806.1	459470	N/A	100.000	31	0	0	1	31	1000	970	Uncultured Eimeria genomic DNA containing 18S rRNA gene, ITS1, 5.8S rRNA gene, ITS2 and 28S rRNA gene, isolate Gh14
cc_rrna_kmer_000321|28S	LN609913.1	459470	N/A	100.000	31	0	0	1	31	1004	974	Uncultured Eimeria genomic DNA containing 18S rRNA gene, ITS1, 5.8S rRNA gene, ITS2 and 28S rRNA gene, isolate Ug34
cc_rrna_kmer_000321|28S	AY779456.1	5801	N/A	100.000	31	0	0	1	31	978	948	Eimeria acervulina clone EA-1133-5 18S ribosomal RNA gene, partial sequence; internal transcribed spacer 1, 5.8S ribosomal RNA gene, and internal transcribed spacer 2, complete sequence; and 28S ribosomal RNA gene, partial sequence
cc_rrna_kmer_000321|28S	AY779459.1	5801	N/A	100.000	31	0	0	1	31	978	948	Eimeria acervulina clone EA-1133-13 18S ribosomal RNA gene, partial sequence; internal transcribed spacer 1, 5.8S ribosomal RNA gene, and internal transcribed spacer 2, complete sequence; and 28S ribosomal RNA gene, partial sequence
cc_rrna_kmer_000321|28S	AY779478.1	5801	N/A	100.000	31	0	0	1	31	979	949	Eimeria acervulina clone EA-12-22 18S ribosomal RNA gene, partial sequence; internal transcribed spacer 1, 5.8S ribosomal RNA gene, and internal transcribed spacer 2, complete sequence; and 28S ribosomal RNA gene, partial sequence
cc_rrna_kmer_000321|28S	AY779474.1	5801	N/A	100.000	31	0	0	1	31	982	952	Eimeria acervulina clone EA-12-13 18S ribosomal RNA gene, partial sequence; internal transcribed spacer 1, 5.8S ribosomal RNA gene, and internal transcribed spacer 2, complete sequence; and 28S ribosomal RNA gene, partial sequence
cc_rrna_kmer_000321|28S	LN609969.1	459470	N/A	100.000	31	0	0	1	31	978	948	Uncultured Eimeria genomic DNA containing 18S rRNA gene, ITS1, 5.8S rRNA gene, ITS2 and 28S rRNA gene, isolate Eg08
cc_rrna_kmer_000321|28S	LN609907.1	459470	N/A	100.000	31	0	0	1	31	1001	971	Uncultured Eimeria genomic DNA containing 18S rRNA gene, ITS1, 5.8S rRNA gene, ITS2 and 28S rRNA gene, isolate Ug28
cc_rrna_kmer_000321|28S	LN609829.1	459470	N/A	100.000	31	0	0	1	31	1002	972	Uncultured Eimeria genomic DNA containing 18S rRNA gene, ITS1, 5.8S rRNA gene, ITS2 and 28S rRNA gene, isolate Ng20
cc_rrna_kmer_000321|28S	AY779463.1	5801	N/A	100.000	31	0	0	1	31	977	947	Eimeria acervulina clone EA-1133-22 18S ribosomal RNA gene, partial sequence; internal transcribed spacer 1, 5.8S ribosomal RNA gene, and internal transcribed spacer 2, complete sequence; and 28S ribosomal RNA gene, partial sequence
cc_rrna_kmer_000321|28S	LN609957.1	459470	N/A	100.000	31	0	0	1	31	977	947	Uncultured Eimeria genomic DNA containing 18S rRNA gene, ITS1, 5.8S rRNA gene, ITS2 and 28S rRNA gene, isolate Lb12
cc_rrna_kmer_000321|28S	LN609884.1	459470	N/A	100.000	31	0	0	1	31	1002	972	Uncultured Eimeria genomic DNA containing 18S rRNA gene, ITS1, 5.8S rRNA gene, ITS2 and 28S rRNA gene, isolate Ug05
cc_rrna_kmer_000321|28S	LN609890.1	459470	N/A	100.000	31	0	0	1	31	1000	970	Uncultured Eimeria genomic DNA containing 18S rRNA gene, ITS1, 5.8S rRNA gene, ITS2 and 28S rRNA gene, isolate Ug11
cc_rrna_kmer_000321|28S	LN609956.1	459470	N/A	100.000	31	0	0	1	31	980	950	Uncultured Eimeria genomic DNA containing 18S rRNA gene, ITS1, 5.8S rRNA gene, ITS2 and 28S rRNA gene, isolate Lb11
cc_rrna_kmer_000321|28S	LN609912.1	459470	N/A	100.000	31	0	0	1	31	998	968	Uncultured Eimeria genomic DNA containing 18S rRNA gene, ITS1, 5.8S rRNA gene, ITS2 and 28S rRNA gene, isolate Ug33
cc_rrna_kmer_000321|28S	AY779470.1	5801	N/A	100.000	31	0	0	1	31	979	949	Eimeria acervulina clone EA-12-5 18S ribosomal RNA gene, partial sequence; internal transcribed spacer 1, 5.8S ribosomal RNA gene, and internal transcribed spacer 2, complete sequence; and 28S ribosomal RNA gene, partial sequence
cc_rrna_kmer_000321|28S	AY779468.1	5801	N/A	100.000	31	0	0	1	31	980	950	Eimeria acervulina clone EA-12-2 18S ribosomal RNA gene, partial sequence; internal transcribed spacer 1, 5.8S ribosomal RNA gene, and internal transcribed spacer 2, complete sequence; and 28S ribosomal RNA gene, partial sequence
cc_rrna_kmer_000321|28S	LN609885.1	459470	N/A	100.000	31	0	0	1	31	1001	971	Uncultured Eimeria genomic DNA containing 18S rRNA gene, ITS1, 5.8S rRNA gene, ITS2 and 28S rRNA gene, isolate Ug06
cc_rrna_kmer_000321|28S	AY779479.1	5801	N/A	100.000	31	0	0	1	31	980	950	Eimeria acervulina clone EA-12-23 18S ribosomal RNA gene, partial sequence; internal transcribed spacer 1, 5.8S ribosomal RNA gene, and internal transcribed spacer 2, complete sequence; and 28S ribosomal RNA gene, partial sequence
cc_rrna_kmer_000321|28S	LN609958.1	459470	N/A	100.000	31	0	0	1	31	978	948	Uncultured Eimeria genomic DNA containing 18S rRNA gene, ITS1, 5.8S rRNA gene, ITS2 and 28S rRNA gene, isolate Lb13
cc_rrna_kmer_000321|28S	AY779473.1	5801	N/A	100.000	31	0	0	1	31	978	948	Eimeria acervulina clone EA-12-9 18S ribosomal RNA gene, partial sequence; internal transcribed spacer 1, 5.8S ribosomal RNA gene, and internal transcribed spacer 2, complete sequence; and 28S ribosomal RNA gene, partial sequence
cc_rrna_kmer_000321|28S	LN609840.1	459470	N/A	100.000	31	0	0	1	31	1001	971	Uncultured Eimeria genomic DNA containing 18S rRNA gene, ITS1, 5.8S rRNA gene, ITS2 and 28S rRNA gene, isolate Ng31
cc_rrna_kmer_000321|28S	LN609771.1	459470	N/A	100.000	31	0	0	1	31	1000	970	Uncultured Eimeria genomic DNA containing 18S rRNA gene, ITS1, 5.8S rRNA gene, ITS2 and 28S rRNA gene, isolate Pt02
cc_rrna_kmer_000321|28S	LN609891.1	459470	N/A	100.000	31	0	0	1	31	1000	970	Uncultured Eimeria genomic DNA containing 18S rRNA gene, ITS1, 5.8S rRNA gene, ITS2 and 28S rRNA gene, isolate Ug12
cc_rrna_kmer_000321|28S	LN609817.1	459470	N/A	100.000	31	0	0	1	31	1002	972	Uncultured Eimeria genomic DNA containing 18S rRNA gene, ITS1, 5.8S rRNA gene, ITS2 and 28S rRNA gene, isolate Ng08
cc_rrna_kmer_000321|28S	LN609877.1	459470	N/A	100.000	31	0	0	1	31	996	966	Uncultured Eimeria genomic DNA containing 18S rRNA gene, ITS1, 5.8S rRNA gene, ITS2 and 28S rRNA gene, isolate Tz37
cc_rrna_kmer_000321|28S	AY779466.1	5801	N/A	100.000	31	0	0	1	31	978	948	Eimeria acervulina clone EA-1133-26 18S ribosomal RNA gene, partial sequence; internal transcribed spacer 1, 5.8S ribosomal RNA gene, and internal transcribed spacer 2, complete sequence; and 28S ribosomal RNA gene, partial sequence
cc_rrna_kmer_000321|28S	LN609769.1	459470	N/A	100.000	31	0	0	1	31	998	968	Uncultured Eimeria genomic DNA containing 18S rRNA gene, ITS1, 5.8S rRNA gene, ITS2 and 28S rRNA gene, isolate Gm03
cc_rrna_kmer_000321|28S	LN609802.1	459470	N/A	100.000	31	0	0	1	31	1002	972	Uncultured Eimeria genomic DNA containing 18S rRNA gene, ITS1, 5.8S rRNA gene, ITS2 and 28S rRNA gene, isolate Gh10
cc_rrna_kmer_000321|28S	LN609910.1	459470	N/A	100.000	31	0	0	1	31	1003	973	Uncultured Eimeria genomic DNA containing 18S rRNA gene, ITS1, 5.8S rRNA gene, ITS2 and 28S rRNA gene, isolate Ug31
cc_rrna_kmer_000321|28S	LN609968.1	459470	N/A	100.000	31	0	0	1	31	978	948	Uncultured Eimeria genomic DNA containing 18S rRNA gene, ITS1, 5.8S rRNA gene, ITS2 and 28S rRNA gene, isolate Eg07
cc_rrna_kmer_000321|28S	AY779458.1	5801	N/A	100.000	31	0	0	1	31	974	944	Eimeria acervulina clone EA-1133-9 18S ribosomal RNA gene, partial sequence; internal transcribed spacer 1, 5.8S ribosomal RNA gene, and internal transcribed spacer 2, complete sequence; and 28S ribosomal RNA gene, partial sequence
cc_rrna_kmer_000321|28S	LN609787.1	459470	N/A	100.000	31	0	0	1	31	1001	971	Uncultured Eimeria genomic DNA containing 18S rRNA gene, ITS1, 5.8S rRNA gene, ITS2 and 28S rRNA gene, isolate UK08
cc_rrna_kmer_000321|28S	PQ738239.1	5801	N/A	100.000	31	0	0	1	31	2756	2726	Eimeria acervulina small subunit ribosomal RNA gene, partial sequence; internal transcribed spacer 1, 5.8S ribosomal RNA gene, and internal transcribed spacer 2, complete sequence; and large subunit ribosomal RNA gene, partial sequence
cc_rrna_kmer_000321|28S	LN609820.1	459470	N/A	100.000	31	0	0	1	31	1001	971	Uncultured Eimeria genomic DNA containing 18S rRNA gene, ITS1, 5.8S rRNA gene, ITS2 and 28S rRNA gene, isolate Ng11
cc_rrna_kmer_000321|28S	LN609908.1	459470	N/A	100.000	31	0	0	1	31	1002	972	Uncultured Eimeria genomic DNA containing 18S rRNA gene, ITS1, 5.8S rRNA gene, ITS2 and 28S rRNA gene, isolate Ug29
cc_rrna_kmer_000321|28S	LN609839.1	459470	N/A	100.000	31	0	0	1	31	999	969	Uncultured Eimeria genomic DNA containing 18S rRNA gene, ITS1, 5.8S rRNA gene, ITS2 and 28S rRNA gene, isolate Ng30
cc_rrna_kmer_000321|28S	LN609821.1	459470	N/A	100.000	31	0	0	1	31	999	969	Uncultured Eimeria genomic DNA containing 18S rRNA gene, ITS1, 5.8S rRNA gene, ITS2 and 28S rRNA gene, isolate Ng12
cc_rrna_kmer_000321|28S	AY779482.1	5801	N/A	100.000	31	0	0	1	31	966	936	Eimeria acervulina clone EA-JJ-2 18S ribosomal RNA gene, partial sequence; internal transcribed spacer 1, 5.8S ribosomal RNA gene, and internal transcribed spacer 2, complete sequence; and 28S ribosomal RNA gene, partial sequence
cc_rrna_kmer_000321|28S	AY779464.1	5801	N/A	100.000	31	0	0	1	31	978	948	Eimeria acervulina clone EA-1133-23 18S ribosomal RNA gene, partial sequence; internal transcribed spacer 1, 5.8S ribosomal RNA gene, and internal transcribed spacer 2, complete sequence; and 28S ribosomal RNA gene, partial sequence
cc_rrna_kmer_000321|28S	LN609967.1	459470	N/A	100.000	31	0	0	1	31	977	947	Uncultured Eimeria genomic DNA containing 18S rRNA gene, ITS1, 5.8S rRNA gene, ITS2 and 28S rRNA gene, isolate Eg06
cc_rrna_kmer_000321|28S	LN609813.1	459470	N/A	100.000	31	0	0	1	31	1000	970	Uncultured Eimeria genomic DNA containing 18S rRNA gene, ITS1, 5.8S rRNA gene, ITS2 and 28S rRNA gene, isolate Ng04
cc_rrna_kmer_000321|28S	LN609811.1	459470	N/A	100.000	31	0	0	1	31	1000	970	Uncultured Eimeria genomic DNA containing 18S rRNA gene, ITS1, 5.8S rRNA gene, ITS2 and 28S rRNA gene, isolate Ng02
cc_rrna_kmer_000321|28S	LN609904.1	459470	N/A	100.000	31	0	0	1	31	1002	972	Uncultured Eimeria genomic DNA containing 18S rRNA gene, ITS1, 5.8S rRNA gene, ITS2 and 28S rRNA gene, isolate Ug25
cc_rrna_kmer_000321|28S	EU252544.1	88456	N/A	100.000	31	0	0	1	31	59	29	Cyclospora cayetanensis 28S large subunit ribosomal RNA gene, partial sequence
cc_rrna_kmer_000321|28S	LN609959.1	459470	N/A	100.000	31	0	0	1	31	977	947	Uncultured Eimeria genomic DNA containing 18S rRNA gene, ITS1, 5.8S rRNA gene, ITS2 and 28S rRNA gene, isolate Lb14
cc_rrna_kmer_000321|28S	LN609818.1	459470	N/A	100.000	31	0	0	1	31	1000	970	Uncultured Eimeria genomic DNA containing 18S rRNA gene, ITS1, 5.8S rRNA gene, ITS2 and 28S rRNA gene, isolate Ng09
cc_rrna_kmer_000321|28S	LN609836.1	459470	N/A	100.000	31	0	0	1	31	1002	972	Uncultured Eimeria genomic DNA containing 18S rRNA gene, ITS1, 5.8S rRNA gene, ITS2 and 28S rRNA gene, isolate Ng27
cc_rrna_kmer_000321|28S	LN609883.1	459470	N/A	100.000	31	0	0	1	31	1000	970	Uncultured Eimeria genomic DNA containing 18S rRNA gene, ITS1, 5.8S rRNA gene, ITS2 and 28S rRNA gene, isolate Ug04
cc_rrna_kmer_000321|28S	LN609830.1	459470	N/A	100.000	31	0	0	1	31	999	969	Uncultured Eimeria genomic DNA containing 18S rRNA gene, ITS1, 5.8S rRNA gene, ITS2 and 28S rRNA gene, isolate Ng21
cc_rrna_kmer_000321|28S	LN609803.1	459470	N/A	100.000	31	0	0	1	31	1001	971	Uncultured Eimeria genomic DNA containing 18S rRNA gene, ITS1, 5.8S rRNA gene, ITS2 and 28S rRNA gene, isolate Gh11
cc_rrna_kmer_000321|28S	LN609892.1	459470	N/A	100.000	31	0	0	1	31	1000	970	Uncultured Eimeria genomic DNA containing 18S rRNA gene, ITS1, 5.8S rRNA gene, ITS2 and 28S rRNA gene, isolate Ug13
cc_rrna_kmer_000321|28S	LN609812.1	459470	N/A	100.000	31	0	0	1	31	1000	970	Uncultured Eimeria genomic DNA containing 18S rRNA gene, ITS1, 5.8S rRNA gene, ITS2 and 28S rRNA gene, isolate Ng03
cc_rrna_kmer_000321|28S	LN609960.1	459470	N/A	100.000	31	0	0	1	31	979	949	Uncultured Eimeria genomic DNA containing 18S rRNA gene, ITS1, 5.8S rRNA gene, ITS2 and 28S rRNA gene, isolate Lb15
cc_rrna_kmer_000321|28S	LN609905.1	459470	N/A	100.000	31	0	0	1	31	1001	971	Uncultured Eimeria genomic DNA containing 18S rRNA gene, ITS1, 5.8S rRNA gene, ITS2 and 28S rRNA gene, isolate Ug26
cc_rrna_kmer_000321|28S	AF301391.1	88456	N/A	100.000	31	0	0	1	31	1522	1492	Cyclospora cayetanensis small subunit ribosomal RNA gene, partial sequence; internal transcribed spacer 1, 5.8S ribosomal RNA gene and internal transcribed spacer 2, complete sequence; and large subunit ribosomal RNA gene, partial sequence
cc_rrna_kmer_000321|28S	AY779484.1	5801	N/A	100.000	31	0	0	1	31	967	937	Eimeria acervulina clone EA-JJ-14 18S ribosomal RNA gene, partial sequence; internal transcribed spacer 1, 5.8S ribosomal RNA gene, and internal transcribed spacer 2, complete sequence; and 28S ribosomal RNA gene, partial sequence
cc_rrna_kmer_000321|28S	AY779476.1	5801	N/A	100.000	31	0	0	1	31	977	947	Eimeria acervulina clone EA-12-16 18S ribosomal RNA gene, partial sequence; internal transcribed spacer 1, 5.8S ribosomal RNA gene, and internal transcribed spacer 2, complete sequence; and 28S ribosomal RNA gene, partial sequence
cc_rrna_kmer_000321|28S	LN609886.1	459470	N/A	100.000	31	0	0	1	31	1000	970	Uncultured Eimeria genomic DNA containing 18S rRNA gene, ITS1, 5.8S rRNA gene, ITS2 and 28S rRNA gene, isolate Ug07
cc_rrna_kmer_000322|28S	XR_003297360.1	88456	N/A	100.000	31	0	0	1	31	1456	1426	PREDICTED: Cyclospora cayetanensis large subunit ribosomal RNA (LOC113146729), rRNA
cc_rrna_kmer_000323|28S	XR_003297360.1	88456	N/A	100.000	31	0	0	1	31	2615	2585	PREDICTED: Cyclospora cayetanensis large subunit ribosomal RNA (LOC113146729), rRNA
cc_rrna_kmer_000324|18S	AF111183.1	88456	N/A	100.000	31	0	0	1	31	1708	1678	Cyclospora cayetanensis 18S ribosomal RNA gene, complete sequence
cc_rrna_kmer_000324|18S	XR_003297358.1	88456	N/A	100.000	31	0	0	1	31	1708	1678	PREDICTED: Cyclospora cayetanensis small subunit ribosomal RNA (LOC113146722), rRNA
cc_rrna_kmer_000324|18S	KX618190.1	88456	N/A	100.000	31	0	0	1	31	1708	1678	Cyclospora cayetanensis 18S small subunit ribosomal RNA gene, partial sequence
cc_rrna_kmer_000325|28S	XR_003297360.1	88456	N/A	100.000	31	0	0	1	31	2169	2139	PREDICTED: Cyclospora cayetanensis large subunit ribosomal RNA (LOC113146729), rRNA
cc_rrna_kmer_000325|28S	GU593716.1	947543	N/A	100.000	31	0	0	1	31	811	781	Goussia carpelli strain 23 28S ribosomal RNA gene, partial sequence
cc_rrna_kmer_000326|18S	AB970208.1	100272	N/A	100.000	31	0	0	1	31	65	95	Uncultured eukaryote gene for 18S rRNA, partial sequence, clone: CompH_DNA_21
cc_rrna_kmer_000326|18S	GQ844420.1	175245	N/A	100.000	31	0	0	1	31	65	95	Uncultured fungus clone WD0-34 18S ribosomal RNA gene, partial sequence
cc_rrna_kmer_000326|18S	GQ844407.1	175245	N/A	100.000	31	0	0	1	31	65	95	Uncultured fungus clone WD0-16 18S ribosomal RNA gene, partial sequence
cc_rrna_kmer_000326|18S	GQ844425.1	175245	N/A	100.000	31	0	0	1	31	65	95	Uncultured fungus clone WD0-40 18S ribosomal RNA gene, partial sequence
cc_rrna_kmer_000326|18S	GQ844577.1	175245	N/A	100.000	31	0	0	1	31	65	95	Uncultured fungus clone WD4-148 18S ribosomal RNA gene, partial sequence
cc_rrna_kmer_000326|18S	GQ844411.1	175245	N/A	100.000	31	0	0	1	31	65	95	Uncultured fungus clone WD0-23 18S ribosomal RNA gene, partial sequence
cc_rrna_kmer_000326|18S	PX656291.1	2735417	N/A	100.000	31	0	0	1	31	18	48	Salpingoecidae sp. isolate OTU_768 small subunit ribosomal RNA gene, partial sequence
cc_rrna_kmer_000327|28S	XR_003297360.1	88456	N/A	100.000	31	0	0	1	31	1150	1180	PREDICTED: Cyclospora cayetanensis large subunit ribosomal RNA (LOC113146729), rRNA
cc_rrna_kmer_000327|28S	EU252544.1	88456	N/A	100.000	31	0	0	1	31	1895	1925	Cyclospora cayetanensis 28S large subunit ribosomal RNA gene, partial sequence
cc_rrna_kmer_000328|28S	XR_003297360.1	88456	N/A	100.000	31	0	0	1	31	1850	1880	PREDICTED: Cyclospora cayetanensis large subunit ribosomal RNA (LOC113146729), rRNA
cc_rrna_kmer_000329|28S	EU252544.1	88456	N/A	100.000	31	0	0	1	31	515	485	Cyclospora cayetanensis 28S large subunit ribosomal RNA gene, partial sequence
cc_rrna_kmer_000331|28S	XR_003297360.1	88456	N/A	100.000	31	0	0	1	31	125	95	PREDICTED: Cyclospora cayetanensis large subunit ribosomal RNA (LOC113146729), rRNA
cc_rrna_kmer_000331|28S	EU252544.1	88456	N/A	100.000	31	0	0	1	31	870	840	Cyclospora cayetanensis 28S large subunit ribosomal RNA gene, partial sequence
cc_rrna_kmer_000332|28S	PQ742171.1	3384731	N/A	100.000	31	0	0	1	31	6337	6307	Goussia degiustii isolate EE9_EE10_II1 external transcribed spacer, partial sequence; small subunit ribosomal RNA gene, internal transcribed spacer 1, 5.8S ribosomal RNA gene, internal transcribed spacer 2, and large subunit ribosomal RNA gene, complete sequence; and external transcribed spacer, partial sequence
cc_rrna_kmer_000332|28S	XR_003297360.1	88456	N/A	100.000	31	0	0	1	31	2714	2684	PREDICTED: Cyclospora cayetanensis large subunit ribosomal RNA (LOC113146729), rRNA
cc_rrna_kmer_000333|28S	EU252544.1	88456	N/A	100.000	31	0	0	1	31	716	746	Cyclospora cayetanensis 28S large subunit ribosomal RNA gene, partial sequence
cc_rrna_kmer_000334|28S	XR_003297360.1	88456	N/A	100.000	31	0	0	1	31	1375	1345	PREDICTED: Cyclospora cayetanensis large subunit ribosomal RNA (LOC113146729), rRNA
cc_rrna_kmer_000335|28S	XR_003297360.1	88456	N/A	100.000	31	0	0	1	31	2149	2179	PREDICTED: Cyclospora cayetanensis large subunit ribosomal RNA (LOC113146729), rRNA
cc_rrna_kmer_000335|28S	GU593716.1	947543	N/A	100.000	31	0	0	1	31	791	821	Goussia carpelli strain 23 28S ribosomal RNA gene, partial sequence
cc_rrna_kmer_000336|28S	XR_003297360.1	88456	N/A	100.000	31	0	0	1	31	1201	1231	PREDICTED: Cyclospora cayetanensis large subunit ribosomal RNA (LOC113146729), rRNA
cc_rrna_kmer_000337|28S	EU252544.1	88456	N/A	100.000	31	0	0	1	31	677	707	Cyclospora cayetanensis 28S large subunit ribosomal RNA gene, partial sequence
cc_rrna_kmer_000338|28S	XR_003297360.1	88456	N/A	100.000	31	0	0	1	31	1045	1015	PREDICTED: Cyclospora cayetanensis large subunit ribosomal RNA (LOC113146729), rRNA
cc_rrna_kmer_000338|28S	EU252544.1	88456	N/A	100.000	31	0	0	1	31	1790	1760	Cyclospora cayetanensis 28S large subunit ribosomal RNA gene, partial sequence
cc_rrna_kmer_000339|28S	XR_003297360.1	88456	N/A	100.000	31	0	0	1	31	1938	1908	PREDICTED: Cyclospora cayetanensis large subunit ribosomal RNA (LOC113146729), rRNA
cc_rrna_kmer_000340|28S	EU252544.1	88456	N/A	100.000	31	0	0	1	31	672	642	Cyclospora cayetanensis 28S large subunit ribosomal RNA gene, partial sequence
cc_rrna_kmer_000341|28S	XR_003297360.1	88456	N/A	100.000	31	0	0	1	31	1410	1380	PREDICTED: Cyclospora cayetanensis large subunit ribosomal RNA (LOC113146729), rRNA
cc_rrna_kmer_000342|28S	EU252544.1	88456	N/A	100.000	31	0	0	1	31	510	480	Cyclospora cayetanensis 28S large subunit ribosomal RNA gene, partial sequence
cc_rrna_kmer_000343|28S	XR_003297360.1	88456	N/A	100.000	31	0	0	1	31	715	745	PREDICTED: Cyclospora cayetanensis large subunit ribosomal RNA (LOC113146729), rRNA
cc_rrna_kmer_000343|28S	EU252544.1	88456	N/A	100.000	31	0	0	1	31	1460	1490	Cyclospora cayetanensis 28S large subunit ribosomal RNA gene, partial sequence
cc_rrna_kmer_000344|5S	XR_003297353.1	88456	N/A	100.000	31	0	0	1	31	64	94	PREDICTED: Cyclospora cayetanensis 5S ribosomal RNA (LOC113146603), rRNA
cc_rrna_kmer_000345|28S	XR_003297360.1	88456	N/A	100.000	31	0	0	1	31	393	423	PREDICTED: Cyclospora cayetanensis large subunit ribosomal RNA (LOC113146729), rRNA
cc_rrna_kmer_000345|28S	EU252544.1	88456	N/A	100.000	31	0	0	1	31	1138	1168	Cyclospora cayetanensis 28S large subunit ribosomal RNA gene, partial sequence
cc_rrna_kmer_000345|28S	AP038851.1	142759	N/A	100.000	31	0	0	1	31	5077834	5077804	Solanum cheesmaniae LA0166 DNA, chromosome 2, nearly complete sequence
cc_rrna_kmer_000346|28S	XR_003297360.1	88456	N/A	100.000	31	0	0	1	31	1948	1918	PREDICTED: Cyclospora cayetanensis large subunit ribosomal RNA (LOC113146729), rRNA
cc_rrna_kmer_000347|28S	XR_003297360.1	88456	N/A	100.000	31	0	0	1	31	1052	1082	PREDICTED: Cyclospora cayetanensis large subunit ribosomal RNA (LOC113146729), rRNA
cc_rrna_kmer_000347|28S	EU252544.1	88456	N/A	100.000	31	0	0	1	31	1797	1827	Cyclospora cayetanensis 28S large subunit ribosomal RNA gene, partial sequence
cc_rrna_kmer_000348|28S	EU252544.1	88456	N/A	100.000	31	0	0	1	31	590	620	Cyclospora cayetanensis 28S large subunit ribosomal RNA gene, partial sequence
cc_rrna_kmer_000349|28S	EU252544.1	88456	N/A	100.000	31	0	0	1	31	185	155	Cyclospora cayetanensis 28S large subunit ribosomal RNA gene, partial sequence
cc_rrna_kmer_000351|28S	XR_003297360.1	88456	N/A	100.000	31	0	0	1	31	2736	2706	PREDICTED: Cyclospora cayetanensis large subunit ribosomal RNA (LOC113146729), rRNA
cc_rrna_kmer_000351|28S	PQ738239.1	5801	N/A	100.000	31	0	0	1	31	6183	6153	Eimeria acervulina small subunit ribosomal RNA gene, partial sequence; internal transcribed spacer 1, 5.8S ribosomal RNA gene, and internal transcribed spacer 2, complete sequence; and large subunit ribosomal RNA gene, partial sequence
cc_rrna_kmer_000352|28S	XR_003297360.1	88456	N/A	100.000	31	0	0	1	31	1095	1065	PREDICTED: Cyclospora cayetanensis large subunit ribosomal RNA (LOC113146729), rRNA
cc_rrna_kmer_000352|28S	EU252544.1	88456	N/A	100.000	31	0	0	1	31	1840	1810	Cyclospora cayetanensis 28S large subunit ribosomal RNA gene, partial sequence
cc_rrna_kmer_000353|28S	XR_003297360.1	88456	N/A	100.000	31	0	0	1	31	805	775	PREDICTED: Cyclospora cayetanensis large subunit ribosomal RNA (LOC113146729), rRNA
cc_rrna_kmer_000353|28S	EU252544.1	88456	N/A	100.000	31	0	0	1	31	1550	1520	Cyclospora cayetanensis 28S large subunit ribosomal RNA gene, partial sequence
cc_rrna_kmer_000354|28S	XR_003297360.1	88456	N/A	100.000	31	0	0	1	31	2704	2734	PREDICTED: Cyclospora cayetanensis large subunit ribosomal RNA (LOC113146729), rRNA
cc_rrna_kmer_000354|28S	PQ738239.1	5801	N/A	100.000	31	0	0	1	31	6151	6181	Eimeria acervulina small subunit ribosomal RNA gene, partial sequence; internal transcribed spacer 1, 5.8S ribosomal RNA gene, and internal transcribed spacer 2, complete sequence; and large subunit ribosomal RNA gene, partial sequence
cc_rrna_kmer_000355|28S	EU252544.1	88456	N/A	100.000	31	0	0	1	31	262	232	Cyclospora cayetanensis 28S large subunit ribosomal RNA gene, partial sequence
cc_rrna_kmer_000356|28S	XR_003297360.1	88456	N/A	100.000	31	0	0	1	31	98	128	PREDICTED: Cyclospora cayetanensis large subunit ribosomal RNA (LOC113146729), rRNA
cc_rrna_kmer_000356|28S	EU252544.1	88456	N/A	100.000	31	0	0	1	31	843	873	Cyclospora cayetanensis 28S large subunit ribosomal RNA gene, partial sequence
cc_rrna_kmer_000357|28S	MK530654.1	2591227	N/A	100.000	31	0	0	1	31	73	103	Isospora coronoideae large subunit ribosomal RNA gene, partial sequence
cc_rrna_kmer_000357|28S	MW422270.1	2800198	N/A	100.000	31	0	0	1	31	58	88	Isospora phylidonyrisae isolate 20381 large subunit ribosomal RNA gene, partial sequence
cc_rrna_kmer_000357|28S	PQ108888.1	3239063	N/A	100.000	31	0	0	1	31	72	102	Isospora virescensae isolate SHE01 large subunit ribosomal RNA gene, partial sequence
cc_rrna_kmer_000357|28S	MW776413.1	3054442	N/A	100.000	31	0	0	1	31	70	100	Isospora lunulatae isolate 20742 large subunit ribosomal RNA gene, partial sequence
cc_rrna_kmer_000357|28S	KT224381.1	1678286	N/A	100.000	31	0	0	1	31	58	88	Isospora manorinae isolate 22795 large subunit ribosomal RNA gene, partial sequence
cc_rrna_kmer_000357|28S	EU252544.1	88456	N/A	100.000	31	0	0	1	31	206	236	Cyclospora cayetanensis 28S large subunit ribosomal RNA gene, partial sequence
cc_rrna_kmer_000357|28S	AB769741.1	1267178	N/A	100.000	31	0	0	1	31	1410	1440	Eimeria canadensis genes for 18S rRNA, internal transcribed spacer 1, 5.8S rRNA, internal transcribed spacer 2 and 28S rRNA, partial and complete sequence, isolate: 1-1, clone: 4
cc_rrna_kmer_000357|28S	KF766053.1	1487184	N/A	100.000	31	0	0	1	31	70	100	Isospora anthochaerae large subunit ribosomal RNA gene, partial sequence
cc_rrna_kmer_000358|28S	XR_003297360.1	88456	N/A	100.000	31	0	0	1	31	1401	1371	PREDICTED: Cyclospora cayetanensis large subunit ribosomal RNA (LOC113146729), rRNA
cc_rrna_kmer_000359|28S	AP038851.1	142759	N/A	100.000	31	0	0	1	31	5077812	5077842	Solanum cheesmaniae LA0166 DNA, chromosome 2, nearly complete sequence
cc_rrna_kmer_000359|28S	XR_003297360.1	88456	N/A	100.000	31	0	0	1	31	415	385	PREDICTED: Cyclospora cayetanensis large subunit ribosomal RNA (LOC113146729), rRNA
cc_rrna_kmer_000359|28S	EU252544.1	88456	N/A	100.000	31	0	0	1	31	1160	1130	Cyclospora cayetanensis 28S large subunit ribosomal RNA gene, partial sequence
cc_rrna_kmer_000360|28S	XR_003297360.1	88456	N/A	100.000	31	0	0	1	31	951	981	PREDICTED: Cyclospora cayetanensis large subunit ribosomal RNA (LOC113146729), rRNA
cc_rrna_kmer_000360|28S	EU252544.1	88456	N/A	100.000	31	0	0	1	31	1696	1726	Cyclospora cayetanensis 28S large subunit ribosomal RNA gene, partial sequence
cc_rrna_kmer_000361|28S	XR_003297360.1	88456	N/A	100.000	31	0	0	1	31	2603	2573	PREDICTED: Cyclospora cayetanensis large subunit ribosomal RNA (LOC113146729), rRNA
cc_rrna_kmer_000362|28S	XR_003297360.1	88456	N/A	100.000	31	0	0	1	31	1346	1376	PREDICTED: Cyclospora cayetanensis large subunit ribosomal RNA (LOC113146729), rRNA
cc_rrna_kmer_000363|28S	XR_003297360.1	88456	N/A	100.000	31	0	0	1	31	1830	1860	PREDICTED: Cyclospora cayetanensis large subunit ribosomal RNA (LOC113146729), rRNA
cc_rrna_kmer_000364|28S	EU252544.1	88456	N/A	100.000	31	0	0	1	31	1854	1824	Cyclospora cayetanensis 28S large subunit ribosomal RNA gene, partial sequence
cc_rrna_kmer_000367|28S	PQ742171.1	3384731	N/A	100.000	31	0	0	1	31	6306	6336	Goussia degiustii isolate EE9_EE10_II1 external transcribed spacer, partial sequence; small subunit ribosomal RNA gene, internal transcribed spacer 1, 5.8S ribosomal RNA gene, internal transcribed spacer 2, and large subunit ribosomal RNA gene, complete sequence; and external transcribed spacer, partial sequence
cc_rrna_kmer_000367|28S	XR_003297360.1	88456	N/A	100.000	31	0	0	1	31	2683	2713	PREDICTED: Cyclospora cayetanensis large subunit ribosomal RNA (LOC113146729), rRNA
cc_rrna_kmer_000368|28S	AY283845.1	241650	N/A	100.000	31	0	0	1	31	1211	1241	Atoxoplasma sp. MS-2003 large subunit ribosomal RNA gene, partial sequence
cc_rrna_kmer_000368|28S	OR101126.1	3051684	N/A	100.000	31	0	0	1	31	1145	1175	Isospora elliotae isolate 20384 large subunit ribosomal RNA gene, partial sequence
cc_rrna_kmer_000368|28S	AY283863.1	241650	N/A	100.000	31	0	0	1	31	1206	1236	Atoxoplasma sp. MS-2003 large subunit ribosomal RNA gene, partial sequence
cc_rrna_kmer_000368|28S	KT224382.1	1678287	N/A	100.000	31	0	0	1	31	1155	1185	Isospora sp. RY-2015c isolate RBF large subunit ribosomal RNA gene, partial sequence
cc_rrna_kmer_000368|28S	AY283844.1	241650	N/A	100.000	31	0	0	1	31	1211	1241	Atoxoplasma sp. MS-2003 large subunit ribosomal RNA gene, partial sequence
cc_rrna_kmer_000368|28S	AY283862.1	241650	N/A	100.000	31	0	0	1	31	1210	1240	Atoxoplasma sp. MS-2003 large subunit ribosomal RNA gene, partial sequence
cc_rrna_kmer_000368|28S	OR266355.1	1743397	N/A	100.000	31	0	0	1	31	594	624	Isospora sp. isolate 28S_Seq19 large subunit ribosomal RNA gene, partial sequence
cc_rrna_kmer_000368|28S	OA985032.1	2823481	N/A	100.000	31	0	0	1	31	654	684	Isospora sp. Hs2 partial 28S rRNA gene
cc_rrna_kmer_000368|28S	AY283839.1	241650	N/A	100.000	31	0	0	1	31	1220	1250	Atoxoplasma sp. MS-2003 large subunit ribosomal RNA gene, partial sequence
cc_rrna_kmer_000368|28S	AY283858.1	241650	N/A	100.000	31	0	0	1	31	1209	1239	Atoxoplasma sp. MS-2003 large subunit ribosomal RNA gene, partial sequence
cc_rrna_kmer_000368|28S	AY283864.1	241650	N/A	100.000	31	0	0	1	31	1215	1245	Atoxoplasma sp. MS-2003 large subunit ribosomal RNA gene, partial sequence
cc_rrna_kmer_000368|28S	AY283869.1	241650	N/A	100.000	31	0	0	1	31	1217	1247	Atoxoplasma sp. MS-2003 large subunit ribosomal RNA gene, partial sequence
cc_rrna_kmer_000368|28S	AY283868.1	241650	N/A	100.000	31	0	0	1	31	1209	1239	Atoxoplasma sp. MS-2003 large subunit ribosomal RNA gene, partial sequence
cc_rrna_kmer_000368|28S	OR266344.1	1743397	N/A	100.000	31	0	0	1	31	436	466	Isospora sp. isolate 28S_Seq08 large subunit ribosomal RNA gene, partial sequence
cc_rrna_kmer_000368|28S	MW775029.1	2820069	N/A	100.000	31	0	0	1	31	1176	1206	Isospora mayuri isolate 7-Bule-peafowl large subunit ribosomal RNA gene, partial sequence
cc_rrna_kmer_000368|28S	AY283859.1	241650	N/A	100.000	31	0	0	1	31	1211	1241	Atoxoplasma sp. MS-2003 large subunit ribosomal RNA gene, partial sequence
cc_rrna_kmer_000368|28S	KJ634022.1	1565085	N/A	100.000	31	0	0	1	31	740	770	Isospora streperae 28S ribosomal RNA gene, partial sequence
cc_rrna_kmer_000368|28S	OR266362.1	1743397	N/A	100.000	31	0	0	1	31	967	997	Isospora sp. isolate 28S_Seq26 large subunit ribosomal RNA gene, partial sequence
cc_rrna_kmer_000368|28S	OR266357.1	1743397	N/A	100.000	31	0	0	1	31	967	997	Isospora sp. isolate 28S_Seq21 large subunit ribosomal RNA gene, partial sequence
cc_rrna_kmer_000368|28S	AY283847.1	241650	N/A	100.000	31	0	0	1	31	1211	1241	Atoxoplasma sp. MS-2003 large subunit ribosomal RNA gene, partial sequence
cc_rrna_kmer_000368|28S	OA985031.1	2823479	N/A	100.000	31	0	0	1	31	649	679	Isospora sp. Pr2 partial 28S rRNA gene
cc_rrna_kmer_000368|28S	AY283850.1	241650	N/A	100.000	31	0	0	1	31	1206	1236	Atoxoplasma sp. MS-2003 large subunit ribosomal RNA gene, partial sequence
cc_rrna_kmer_000368|28S	OR266341.1	1743397	N/A	100.000	31	0	0	1	31	621	651	Isospora sp. isolate 28S_Seq05 large subunit ribosomal RNA gene, partial sequence
cc_rrna_kmer_000368|28S	OR266359.1	1743397	N/A	100.000	31	0	0	1	31	969	999	Isospora sp. isolate 28S_Seq23 large subunit ribosomal RNA gene, partial sequence
cc_rrna_kmer_000368|28S	OR266345.1	1743397	N/A	100.000	31	0	0	1	31	441	471	Isospora sp. isolate 28S_Seq09 large subunit ribosomal RNA gene, partial sequence
cc_rrna_kmer_000368|28S	KY801686.1	2153390	N/A	100.000	31	0	0	1	31	1139	1169	Isospora butcherae 28S ribosomal RNA gene, partial sequence
cc_rrna_kmer_000368|28S	OR266343.1	1743397	N/A	100.000	31	0	0	1	31	441	471	Isospora sp. isolate 28S_Seq07 large subunit ribosomal RNA gene, partial sequence
cc_rrna_kmer_000368|28S	OR266348.1	1743397	N/A	100.000	31	0	0	1	31	713	743	Isospora sp. isolate 28S_Seq12 large subunit ribosomal RNA gene, partial sequence
cc_rrna_kmer_000368|28S	AY283861.1	241650	N/A	100.000	31	0	0	1	31	1208	1238	Atoxoplasma sp. MS-2003 large subunit ribosomal RNA gene, partial sequence
cc_rrna_kmer_000368|28S	OR266350.1	1743397	N/A	100.000	31	0	0	1	31	968	998	Isospora sp. isolate 28S_Seq14 large subunit ribosomal RNA gene, partial sequence
cc_rrna_kmer_000368|28S	AY283843.1	241650	N/A	100.000	31	0	0	1	31	1213	1243	Atoxoplasma sp. MS-2003 large subunit ribosomal RNA gene, partial sequence
cc_rrna_kmer_000368|28S	OA985026.1	2823474	N/A	100.000	31	0	0	1	31	654	684	Isospora sp. Bclt1 partial 28S rRNA gene
cc_rrna_kmer_000368|28S	AY283866.1	241650	N/A	100.000	31	0	0	1	31	1209	1239	Atoxoplasma sp. MS-2003 large subunit ribosomal RNA gene, partial sequence
cc_rrna_kmer_000368|28S	OR266337.1	1743397	N/A	100.000	31	0	0	1	31	972	1002	Isospora sp. isolate 28S_Seq01 large subunit ribosomal RNA gene, partial sequence
cc_rrna_kmer_000368|28S	XR_003297360.1	88456	N/A	100.000	31	0	0	1	31	550	580	PREDICTED: Cyclospora cayetanensis large subunit ribosomal RNA (LOC113146729), rRNA
cc_rrna_kmer_000368|28S	AY283848.1	241650	N/A	100.000	31	0	0	1	31	1211	1241	Atoxoplasma sp. MS-2003 large subunit ribosomal RNA gene, partial sequence
cc_rrna_kmer_000368|28S	AY283849.1	241650	N/A	100.000	31	0	0	1	31	1212	1242	Atoxoplasma sp. MS-2003 large subunit ribosomal RNA gene, partial sequence
cc_rrna_kmer_000368|28S	OR266358.1	1743397	N/A	100.000	31	0	0	1	31	967	997	Isospora sp. isolate 28S_Seq22 large subunit ribosomal RNA gene, partial sequence
cc_rrna_kmer_000368|28S	OR266339.1	1743397	N/A	100.000	31	0	0	1	31	731	761	Isospora sp. isolate 28S_Seq03 large subunit ribosomal RNA gene, partial sequence
cc_rrna_kmer_000368|28S	AY283853.1	241650	N/A	100.000	31	0	0	1	31	1210	1240	Atoxoplasma sp. MS-2003 large subunit ribosomal RNA gene, partial sequence
cc_rrna_kmer_000368|28S	OA985028.1	2823475;2823476	N/A;N/A	100.000	31	0	0	1	31	654	684	Isospora sp. Pc1 partial 28S rRNA gene
cc_rrna_kmer_000368|28S	AY283865.1	241650	N/A	100.000	31	0	0	1	31	1202	1232	Atoxoplasma sp. MS-2003 large subunit ribosomal RNA gene, partial sequence
cc_rrna_kmer_000368|28S	OR266349.1	1743397	N/A	100.000	31	0	0	1	31	728	758	Isospora sp. isolate 28S_Seq13 large subunit ribosomal RNA gene, partial sequence
cc_rrna_kmer_000368|28S	AY283860.1	241650	N/A	100.000	31	0	0	1	31	1211	1241	Atoxoplasma sp. MS-2003 large subunit ribosomal RNA gene, partial sequence
cc_rrna_kmer_000368|28S	AY283857.1	241650	N/A	100.000	31	0	0	1	31	1210	1240	Atoxoplasma sp. MS-2003 large subunit ribosomal RNA gene, partial sequence
cc_rrna_kmer_000368|28S	OR266361.1	1743397	N/A	100.000	31	0	0	1	31	968	998	Isospora sp. isolate 28S_Seq25 large subunit ribosomal RNA gene, partial sequence
cc_rrna_kmer_000368|28S	AY283852.1	241650	N/A	100.000	31	0	0	1	31	1207	1237	Atoxoplasma sp. MS-2003 large subunit ribosomal RNA gene, partial sequence
cc_rrna_kmer_000368|28S	OR266363.1	1743397	N/A	100.000	31	0	0	1	31	725	755	Isospora sp. isolate 28S_Seq27 large subunit ribosomal RNA gene, partial sequence
cc_rrna_kmer_000368|28S	OR266356.1	1743397	N/A	100.000	31	0	0	1	31	487	517	Isospora sp. isolate 28S_Seq20 large subunit ribosomal RNA gene, partial sequence
cc_rrna_kmer_000368|28S	OA985030.1	2823478	N/A	100.000	31	0	0	1	31	651	681	Isospora sp. Pr1 partial 28S rRNA gene
cc_rrna_kmer_000368|28S	AY283854.1	241650	N/A	100.000	31	0	0	1	31	1210	1240	Atoxoplasma sp. MS-2003 large subunit ribosomal RNA gene, partial sequence
cc_rrna_kmer_000368|28S	AY283841.1	241650	N/A	100.000	31	0	0	1	31	1213	1243	Atoxoplasma sp. MS-2003 large subunit ribosomal RNA gene, partial sequence
cc_rrna_kmer_000368|28S	AY283855.1	241650	N/A	100.000	31	0	0	1	31	1209	1239	Atoxoplasma sp. MS-2003 large subunit ribosomal RNA gene, partial sequence
cc_rrna_kmer_000368|28S	AY283840.1	241650	N/A	100.000	31	0	0	1	31	1214	1244	Atoxoplasma sp. MS-2003 large subunit ribosomal RNA gene, partial sequence
cc_rrna_kmer_000368|28S	OA985027.1	2823473	N/A	100.000	31	0	0	1	31	654	684	Isospora sp. Sgs1 partial 28S rRNA gene
cc_rrna_kmer_000368|28S	AY283867.1	241650	N/A	100.000	31	0	0	1	31	1211	1241	Atoxoplasma sp. MS-2003 large subunit ribosomal RNA gene, partial sequence
cc_rrna_kmer_000368|28S	OR266340.1	1743397	N/A	100.000	31	0	0	1	31	429	459	Isospora sp. isolate 28S_Seq04 large subunit ribosomal RNA gene, partial sequence
cc_rrna_kmer_000368|28S	AY283870.1	241650	N/A	100.000	31	0	0	1	31	1213	1243	Atoxoplasma sp. MS-2003 large subunit ribosomal RNA gene, partial sequence
cc_rrna_kmer_000368|28S	LC193129.1	1913026	N/A	100.000	31	0	0	1	31	582	612	Isospora lunaris gene for 28S ribosomal RNA, partial sequence
cc_rrna_kmer_000368|28S	OR266338.1	1743397	N/A	100.000	31	0	0	1	31	1077	1107	Isospora sp. isolate 28S_Seq02 large subunit ribosomal RNA gene, partial sequence
cc_rrna_kmer_000368|28S	OR266354.1	1743397	N/A	100.000	31	0	0	1	31	424	454	Isospora sp. isolate 28S_Seq18 large subunit ribosomal RNA gene, partial sequence
cc_rrna_kmer_000368|28S	OR266351.1	1743397	N/A	100.000	31	0	0	1	31	443	473	Isospora sp. isolate 28S_Seq15 large subunit ribosomal RNA gene, partial sequence
cc_rrna_kmer_000368|28S	EU252544.1	88456	N/A	100.000	31	0	0	1	31	1295	1325	Cyclospora cayetanensis 28S large subunit ribosomal RNA gene, partial sequence
cc_rrna_kmer_000368|28S	AY283846.1	241650	N/A	100.000	31	0	0	1	31	1214	1244	Atoxoplasma sp. MS-2003 large subunit ribosomal RNA gene, partial sequence
cc_rrna_kmer_000368|28S	OR266342.1	1743397	N/A	100.000	31	0	0	1	31	425	455	Isospora sp. isolate 28S_Seq06 large subunit ribosomal RNA gene, partial sequence
cc_rrna_kmer_000368|28S	OA985033.1	2823480	N/A	100.000	31	0	0	1	31	655	685	Isospora sp. Hs1 partial 28S rRNA gene
cc_rrna_kmer_000368|28S	OR266353.1	1743397	N/A	100.000	31	0	0	1	31	975	1005	Isospora sp. isolate 28S_Seq17 large subunit ribosomal RNA gene, partial sequence
cc_rrna_kmer_000368|28S	OR266347.1	1743397	N/A	100.000	31	0	0	1	31	441	471	Isospora sp. isolate 28S_Seq11 large subunit ribosomal RNA gene, partial sequence
cc_rrna_kmer_000368|28S	AY283851.1	241650	N/A	100.000	31	0	0	1	31	1210	1240	Atoxoplasma sp. MS-2003 large subunit ribosomal RNA gene, partial sequence
cc_rrna_kmer_000368|28S	MW775028.1	2820073	N/A	100.000	31	0	0	1	31	1171	1201	Isospora lacazei isolate 6-Bule-peafowl large subunit ribosomal RNA gene, partial sequence
cc_rrna_kmer_000368|28S	AY283856.1	241650	N/A	100.000	31	0	0	1	31	1211	1241	Atoxoplasma sp. MS-2003 large subunit ribosomal RNA gene, partial sequence
cc_rrna_kmer_000368|28S	OR266346.1	1743397	N/A	100.000	31	0	0	1	31	441	471	Isospora sp. isolate 28S_Seq10 large subunit ribosomal RNA gene, partial sequence
cc_rrna_kmer_000369|28S	XR_003297360.1	88456	N/A	100.000	31	0	0	1	31	104	134	PREDICTED: Cyclospora cayetanensis large subunit ribosomal RNA (LOC113146729), rRNA
cc_rrna_kmer_000369|28S	EU252544.1	88456	N/A	100.000	31	0	0	1	31	849	879	Cyclospora cayetanensis 28S large subunit ribosomal RNA gene, partial sequence
cc_rrna_kmer_000370|28S	XR_003297360.1	88456	N/A	100.000	31	0	0	1	31	156	186	PREDICTED: Cyclospora cayetanensis large subunit ribosomal RNA (LOC113146729), rRNA
cc_rrna_kmer_000370|28S	EU252544.1	88456	N/A	100.000	31	0	0	1	31	901	931	Cyclospora cayetanensis 28S large subunit ribosomal RNA gene, partial sequence
cc_rrna_kmer_000371|28S	AY283862.1	241650	N/A	100.000	31	0	0	1	31	312	282	Atoxoplasma sp. MS-2003 large subunit ribosomal RNA gene, partial sequence
cc_rrna_kmer_000371|28S	AY283839.1	241650	N/A	100.000	31	0	0	1	31	315	285	Atoxoplasma sp. MS-2003 large subunit ribosomal RNA gene, partial sequence
cc_rrna_kmer_000371|28S	MT452655.1	2735306	N/A	100.000	31	0	0	1	31	258	228	Eimeria chalcoptereae large subunit ribosomal RNA gene, partial sequence
cc_rrna_kmer_000371|28S	PQ108888.1	3239063	N/A	100.000	31	0	0	1	31	259	229	Isospora virescensae isolate SHE01 large subunit ribosomal RNA gene, partial sequence
cc_rrna_kmer_000371|28S	AB757865.1	1245722	N/A	100.000	31	0	0	1	31	301	271	Isospora sp. Tokyo gene for large subunit ribosomal RNA, partial sequence
cc_rrna_kmer_000371|28S	AY283849.1	241650	N/A	100.000	31	0	0	1	31	312	282	Atoxoplasma sp. MS-2003 large subunit ribosomal RNA gene, partial sequence
cc_rrna_kmer_000371|28S	AY283867.1	241650	N/A	100.000	31	0	0	1	31	312	282	Atoxoplasma sp. MS-2003 large subunit ribosomal RNA gene, partial sequence
cc_rrna_kmer_000371|28S	KT305928.1	1811231	N/A	100.000	31	0	0	1	31	259	229	Eimeria sp. RY-2016a 28S large subunit ribosomal RNA gene, partial sequence
cc_rrna_kmer_000372|28S	XR_003297360.1	88456	N/A	100.000	31	0	0	1	31	2701	2731	PREDICTED: Cyclospora cayetanensis large subunit ribosomal RNA (LOC113146729), rRNA
cc_rrna_kmer_000372|28S	PQ738239.1	5801	N/A	100.000	31	0	0	1	31	6148	6178	Eimeria acervulina small subunit ribosomal RNA gene, partial sequence; internal transcribed spacer 1, 5.8S ribosomal RNA gene, and internal transcribed spacer 2, complete sequence; and large subunit ribosomal RNA gene, partial sequence
cc_rrna_kmer_000373|18S	GQ844420.1	175245	N/A	100.000	31	0	0	1	31	59	89	Uncultured fungus clone WD0-34 18S ribosomal RNA gene, partial sequence
cc_rrna_kmer_000373|18S	GQ844407.1	175245	N/A	100.000	31	0	0	1	31	59	89	Uncultured fungus clone WD0-16 18S ribosomal RNA gene, partial sequence
cc_rrna_kmer_000373|18S	GQ844425.1	175245	N/A	100.000	31	0	0	1	31	59	89	Uncultured fungus clone WD0-40 18S ribosomal RNA gene, partial sequence
cc_rrna_kmer_000373|18S	GQ844577.1	175245	N/A	100.000	31	0	0	1	31	59	89	Uncultured fungus clone WD4-148 18S ribosomal RNA gene, partial sequence
cc_rrna_kmer_000373|18S	GQ844411.1	175245	N/A	100.000	31	0	0	1	31	59	89	Uncultured fungus clone WD0-23 18S ribosomal RNA gene, partial sequence
cc_rrna_kmer_000373|18S	PX656291.1	2735417	N/A	100.000	31	0	0	1	31	12	42	Salpingoecidae sp. isolate OTU_768 small subunit ribosomal RNA gene, partial sequence
cc_rrna_kmer_000374|28S	XR_003297360.1	88456	N/A	100.000	31	0	0	1	31	2588	2558	PREDICTED: Cyclospora cayetanensis large subunit ribosomal RNA (LOC113146729), rRNA
cc_rrna_kmer_000375|28S	XR_003297360.1	88456	N/A	100.000	31	0	0	1	31	55	85	PREDICTED: Cyclospora cayetanensis large subunit ribosomal RNA (LOC113146729), rRNA
cc_rrna_kmer_000375|28S	EU252544.1	88456	N/A	100.000	31	0	0	1	31	800	830	Cyclospora cayetanensis 28S large subunit ribosomal RNA gene, partial sequence
cc_rrna_kmer_000376|28S	XR_003297360.1	88456	N/A	100.000	31	0	0	1	31	747	717	PREDICTED: Cyclospora cayetanensis large subunit ribosomal RNA (LOC113146729), rRNA
cc_rrna_kmer_000376|28S	EU252544.1	88456	N/A	100.000	31	0	0	1	31	1492	1462	Cyclospora cayetanensis 28S large subunit ribosomal RNA gene, partial sequence
cc_rrna_kmer_000377|28S	EU252544.1	88456	N/A	100.000	31	0	0	1	31	251	281	Cyclospora cayetanensis 28S large subunit ribosomal RNA gene, partial sequence
cc_rrna_kmer_000379|28S	XR_003297360.1	88456	N/A	100.000	31	0	0	1	31	1169	1199	PREDICTED: Cyclospora cayetanensis large subunit ribosomal RNA (LOC113146729), rRNA
cc_rrna_kmer_000379|28S	EU252544.1	88456	N/A	100.000	31	0	0	1	31	1914	1944	Cyclospora cayetanensis 28S large subunit ribosomal RNA gene, partial sequence
cc_rrna_kmer_000380|28S	XR_003297360.1	88456	N/A	100.000	31	0	0	1	31	2154	2124	PREDICTED: Cyclospora cayetanensis large subunit ribosomal RNA (LOC113146729), rRNA
cc_rrna_kmer_000381|28S	XR_003297360.1	88456	N/A	100.000	31	0	0	1	31	1188	1158	PREDICTED: Cyclospora cayetanensis large subunit ribosomal RNA (LOC113146729), rRNA
cc_rrna_kmer_000381|28S	EU252544.1	88456	N/A	100.000	31	0	0	1	31	1933	1903	Cyclospora cayetanensis 28S large subunit ribosomal RNA gene, partial sequence
cc_rrna_kmer_000382|28S	XR_003297360.1	88456	N/A	100.000	31	0	0	1	31	2671	2641	PREDICTED: Cyclospora cayetanensis large subunit ribosomal RNA (LOC113146729), rRNA
cc_rrna_kmer_000383|28S	XR_003297360.1	88456	N/A	100.000	31	0	0	1	31	38	68	PREDICTED: Cyclospora cayetanensis large subunit ribosomal RNA (LOC113146729), rRNA
cc_rrna_kmer_000383|28S	EU252544.1	88456	N/A	100.000	31	0	0	1	31	783	813	Cyclospora cayetanensis 28S large subunit ribosomal RNA gene, partial sequence
cc_rrna_kmer_000384|28S	EU252544.1	88456	N/A	100.000	31	0	0	1	31	502	532	Cyclospora cayetanensis 28S large subunit ribosomal RNA gene, partial sequence
cc_rrna_kmer_000385|28S	EU252544.1	88456	N/A	100.000	31	0	0	1	31	143	173	Cyclospora cayetanensis 28S large subunit ribosomal RNA gene, partial sequence
cc_rrna_kmer_000386|28S	XR_003297360.1	88456	N/A	100.000	31	0	0	1	31	89	119	PREDICTED: Cyclospora cayetanensis large subunit ribosomal RNA (LOC113146729), rRNA
cc_rrna_kmer_000386|28S	EU252544.1	88456	N/A	100.000	31	0	0	1	31	834	864	Cyclospora cayetanensis 28S large subunit ribosomal RNA gene, partial sequence
cc_rrna_kmer_000387|28S	MK530654.1	2591227	N/A	100.000	31	0	0	1	31	67	97	Isospora coronoideae large subunit ribosomal RNA gene, partial sequence
cc_rrna_kmer_000387|28S	MW422270.1	2800198	N/A	100.000	31	0	0	1	31	52	82	Isospora phylidonyrisae isolate 20381 large subunit ribosomal RNA gene, partial sequence
cc_rrna_kmer_000387|28S	PQ108888.1	3239063	N/A	100.000	31	0	0	1	31	66	96	Isospora virescensae isolate SHE01 large subunit ribosomal RNA gene, partial sequence
cc_rrna_kmer_000387|28S	MW776413.1	3054442	N/A	100.000	31	0	0	1	31	64	94	Isospora lunulatae isolate 20742 large subunit ribosomal RNA gene, partial sequence
cc_rrna_kmer_000387|28S	KT224381.1	1678286	N/A	100.000	31	0	0	1	31	52	82	Isospora manorinae isolate 22795 large subunit ribosomal RNA gene, partial sequence
cc_rrna_kmer_000387|28S	EU252544.1	88456	N/A	100.000	31	0	0	1	31	200	230	Cyclospora cayetanensis 28S large subunit ribosomal RNA gene, partial sequence
cc_rrna_kmer_000387|28S	KF766053.1	1487184	N/A	100.000	31	0	0	1	31	64	94	Isospora anthochaerae large subunit ribosomal RNA gene, partial sequence
cc_rrna_kmer_000388|28S	EU252544.1	88456	N/A	100.000	31	0	0	1	31	711	681	Cyclospora cayetanensis 28S large subunit ribosomal RNA gene, partial sequence
cc_rrna_kmer_000389|28S	XR_003297360.1	88456	N/A	100.000	31	0	0	1	31	145	115	PREDICTED: Cyclospora cayetanensis large subunit ribosomal RNA (LOC113146729), rRNA
cc_rrna_kmer_000389|28S	EU252544.1	88456	N/A	100.000	31	0	0	1	31	890	860	Cyclospora cayetanensis 28S large subunit ribosomal RNA gene, partial sequence
cc_rrna_kmer_000390|28S	XR_003297360.1	88456	N/A	100.000	31	0	0	1	31	450	480	PREDICTED: Cyclospora cayetanensis large subunit ribosomal RNA (LOC113146729), rRNA
cc_rrna_kmer_000390|28S	EU252544.1	88456	N/A	100.000	31	0	0	1	31	1195	1225	Cyclospora cayetanensis 28S large subunit ribosomal RNA gene, partial sequence
cc_rrna_kmer_000391|28S	PQ742171.1	3384731	N/A	100.000	31	0	0	1	31	6316	6346	Goussia degiustii isolate EE9_EE10_II1 external transcribed spacer, partial sequence; small subunit ribosomal RNA gene, internal transcribed spacer 1, 5.8S ribosomal RNA gene, internal transcribed spacer 2, and large subunit ribosomal RNA gene, complete sequence; and external transcribed spacer, partial sequence
cc_rrna_kmer_000391|28S	XR_003297360.1	88456	N/A	100.000	31	0	0	1	31	2693	2723	PREDICTED: Cyclospora cayetanensis large subunit ribosomal RNA (LOC113146729), rRNA
cc_rrna_kmer_000391|28S	OZ408939.1	2996	N/A	100.000	31	0	0	1	31	2081308	2081338	Hydrurus foetidus genome assembly, chromosome: 26
cc_rrna_kmer_000391|28S	OZ408939.1	2996	N/A	100.000	31	0	0	1	31	2090748	2090778	Hydrurus foetidus genome assembly, chromosome: 26
cc_rrna_kmer_000391|28S	OZ408939.1	2996	N/A	100.000	31	0	0	1	31	2101208	2101238	Hydrurus foetidus genome assembly, chromosome: 26
cc_rrna_kmer_000391|28S	OZ408922.1	2996	N/A	100.000	31	0	0	1	31	621949	621919	Hydrurus foetidus genome assembly, chromosome: 9
cc_rrna_kmer_000391|28S	OZ408914.1	2996	N/A	100.000	31	0	0	1	31	6540080	6540110	Hydrurus foetidus genome assembly, chromosome: 1
cc_rrna_kmer_000392|28S	XR_003297360.1	88456	N/A	100.000	31	0	0	1	31	729	759	PREDICTED: Cyclospora cayetanensis large subunit ribosomal RNA (LOC113146729), rRNA
cc_rrna_kmer_000392|28S	EU252544.1	88456	N/A	100.000	31	0	0	1	31	1474	1504	Cyclospora cayetanensis 28S large subunit ribosomal RNA gene, partial sequence
cc_rrna_kmer_000393|28S	EU252544.1	88456	N/A	100.000	31	0	0	1	31	680	710	Cyclospora cayetanensis 28S large subunit ribosomal RNA gene, partial sequence
cc_rrna_kmer_000394|28S	XR_003297360.1	88456	N/A	100.000	31	0	0	1	31	2529	2559	PREDICTED: Cyclospora cayetanensis large subunit ribosomal RNA (LOC113146729), rRNA
cc_rrna_kmer_000395|28S	EU252544.1	88456	N/A	100.000	31	0	0	1	31	426	456	Cyclospora cayetanensis 28S large subunit ribosomal RNA gene, partial sequence
cc_rrna_kmer_000396|5S	XR_003297353.1	88456	N/A	100.000	31	0	0	1	31	70	100	PREDICTED: Cyclospora cayetanensis 5S ribosomal RNA (LOC113146603), rRNA
cc_rrna_kmer_000397|28S	XR_003297360.1	88456	N/A	100.000	31	0	0	1	31	469	439	PREDICTED: Cyclospora cayetanensis large subunit ribosomal RNA (LOC113146729), rRNA
cc_rrna_kmer_000397|28S	EU252544.1	88456	N/A	100.000	31	0	0	1	31	1214	1184	Cyclospora cayetanensis 28S large subunit ribosomal RNA gene, partial sequence
cc_rrna_kmer_000398|28S	XR_003297360.1	88456	N/A	100.000	31	0	0	1	31	1492	1462	PREDICTED: Cyclospora cayetanensis large subunit ribosomal RNA (LOC113146729), rRNA
cc_rrna_kmer_000399|28S	XR_003297360.1	88456	N/A	100.000	31	0	0	1	31	1906	1936	PREDICTED: Cyclospora cayetanensis large subunit ribosomal RNA (LOC113146729), rRNA
cc_rrna_kmer_000400|28S	EU252544.1	88456	N/A	100.000	31	0	0	1	31	559	589	Cyclospora cayetanensis 28S large subunit ribosomal RNA gene, partial sequence
cc_rrna_kmer_000401|28S	XR_003297360.1	88456	N/A	100.000	31	0	0	1	31	2563	2533	PREDICTED: Cyclospora cayetanensis large subunit ribosomal RNA (LOC113146729), rRNA
cc_rrna_kmer_000402|28S	XR_003297360.1	88456	N/A	100.000	31	0	0	1	31	163	193	PREDICTED: Cyclospora cayetanensis large subunit ribosomal RNA (LOC113146729), rRNA
cc_rrna_kmer_000402|28S	EU252544.1	88456	N/A	100.000	31	0	0	1	31	908	938	Cyclospora cayetanensis 28S large subunit ribosomal RNA gene, partial sequence
cc_rrna_kmer_000403|28S	AB619593.1	300410	N/A	100.000	31	0	0	1	31	1634	1664	Eimeria reichenowi genes for 18S rRNA, ITS1, 5.8S rRNA, ITS2, 28S rRNA, partial and complete sequence
cc_rrna_kmer_000403|28S	KJ700636.1	1576367	N/A	100.000	31	0	0	1	31	37	67	Eimeria collieie large subunit ribosomal RNA gene, partial sequence
cc_rrna_kmer_000403|28S	EU252544.1	88456	N/A	100.000	31	0	0	1	31	175	205	Cyclospora cayetanensis 28S large subunit ribosomal RNA gene, partial sequence
cc_rrna_kmer_000403|28S	AB619592.1	300409	N/A	100.000	31	0	0	1	31	1501	1531	Eimeria gruis genes for 18S rRNA, ITS1, 5.8S rRNA, ITS2, 28S rRNA, partial and complete sequence
cc_rrna_kmer_000404|18S	MK946294.1	342097	N/A	100.000	31	0	0	1	31	60	30	Uncultured soil eukaryote clone l330 small subunit ribosomal RNA gene, partial sequence
cc_rrna_kmer_000405|28S	XR_003297360.1	88456	N/A	100.000	31	0	0	1	31	2162	2132	PREDICTED: Cyclospora cayetanensis large subunit ribosomal RNA (LOC113146729), rRNA
cc_rrna_kmer_000405|28S	GU593716.1	947543	N/A	100.000	31	0	0	1	31	804	774	Goussia carpelli strain 23 28S ribosomal RNA gene, partial sequence
cc_rrna_kmer_000406|28S	XR_011771226.1	125765	N/A	100.000	31	0	0	1	31	1063	1033	PREDICTED: Rutidosis leptorrhynchoides 28S ribosomal RNA (LOC139880400), rRNA
cc_rrna_kmer_000406|28S	AP038851.1	142759	N/A	100.000	31	0	0	1	31	5077795	5077825	Solanum cheesmaniae LA0166 DNA, chromosome 2, nearly complete sequence
cc_rrna_kmer_000406|28S	XR_003297360.1	88456	N/A	100.000	31	0	0	1	31	432	402	PREDICTED: Cyclospora cayetanensis large subunit ribosomal RNA (LOC113146729), rRNA
cc_rrna_kmer_000406|28S	EU252544.1	88456	N/A	100.000	31	0	0	1	31	1177	1147	Cyclospora cayetanensis 28S large subunit ribosomal RNA gene, partial sequence
cc_rrna_kmer_000406|28S	OZ288544.1	669661	N/A	100.000	31	0	0	1	31	126269	126299	Cochlearia groenlandica genome assembly, chromosome: 7
cc_rrna_kmer_000407|28S	XR_003297360.1	88456	N/A	100.000	31	0	0	1	31	1218	1188	PREDICTED: Cyclospora cayetanensis large subunit ribosomal RNA (LOC113146729), rRNA
cc_rrna_kmer_000408|28S	EU252544.1	88456	N/A	100.000	31	0	0	1	31	1867	1837	Cyclospora cayetanensis 28S large subunit ribosomal RNA gene, partial sequence
cc_rrna_kmer_000409|28S	XR_003297360.1	88456	N/A	100.000	31	0	0	1	31	710	740	PREDICTED: Cyclospora cayetanensis large subunit ribosomal RNA (LOC113146729), rRNA
cc_rrna_kmer_000409|28S	EU252544.1	88456	N/A	100.000	31	0	0	1	31	1455	1485	Cyclospora cayetanensis 28S large subunit ribosomal RNA gene, partial sequence
cc_rrna_kmer_000410|28S	LC856927.1	1962270	N/A	100.000	31	0	0	1	31	1343	1373	Sarcocystis bertrami CA20-2_2 gene for 28S ribosomal RNA, partial sequence, clone: b26-6
cc_rrna_kmer_000410|28S	XR_003297360.1	88456	N/A	100.000	31	0	0	1	31	575	605	PREDICTED: Cyclospora cayetanensis large subunit ribosomal RNA (LOC113146729), rRNA
cc_rrna_kmer_000410|28S	EU252544.1	88456	N/A	100.000	31	0	0	1	31	1320	1350	Cyclospora cayetanensis 28S large subunit ribosomal RNA gene, partial sequence
cc_rrna_kmer_000410|28S	LC857022.1	1962270	N/A	100.000	31	0	0	1	31	1346	1376	Sarcocystis bertrami CA20-53_1 gene for 28S ribosomal RNA, partial sequence, clone: b14-6
cc_rrna_kmer_000411|28S	XR_003297360.1	88456	N/A	100.000	31	0	0	1	31	59	29	PREDICTED: Cyclospora cayetanensis large subunit ribosomal RNA (LOC113146729), rRNA
cc_rrna_kmer_000411|28S	KC814834.1	1398153	N/A	100.000	31	0	0	1	31	576	546	Leptocylindrus convexus strain SZN-B768 28S ribosomal RNA gene, partial sequence
cc_rrna_kmer_000411|28S	EU252544.1	88456	N/A	100.000	31	0	0	1	31	804	774	Cyclospora cayetanensis 28S large subunit ribosomal RNA gene, partial sequence
cc_rrna_kmer_000412|28S	XR_003297360.1	88456	N/A	100.000	31	0	0	1	31	2584	2614	PREDICTED: Cyclospora cayetanensis large subunit ribosomal RNA (LOC113146729), rRNA
cc_rrna_kmer_000413|28S	XR_003297360.1	88456	N/A	100.000	31	0	0	1	31	483	453	PREDICTED: Cyclospora cayetanensis large subunit ribosomal RNA (LOC113146729), rRNA
cc_rrna_kmer_000413|28S	EU252544.1	88456	N/A	100.000	31	0	0	1	31	1228	1198	Cyclospora cayetanensis 28S large subunit ribosomal RNA gene, partial sequence
cc_rrna_kmer_000414|28S	XR_003297360.1	88456	N/A	100.000	31	0	0	1	31	998	968	PREDICTED: Cyclospora cayetanensis large subunit ribosomal RNA (LOC113146729), rRNA
cc_rrna_kmer_000417|28S	XR_003297360.1	88456	N/A	100.000	31	0	0	1	31	779	749	PREDICTED: Cyclospora cayetanensis large subunit ribosomal RNA (LOC113146729), rRNA
cc_rrna_kmer_000417|28S	EU252544.1	88456	N/A	100.000	31	0	0	1	31	1524	1494	Cyclospora cayetanensis 28S large subunit ribosomal RNA gene, partial sequence
cc_rrna_kmer_000418|28S	XR_003297360.1	88456	N/A	100.000	31	0	0	1	31	2142	2172	PREDICTED: Cyclospora cayetanensis large subunit ribosomal RNA (LOC113146729), rRNA
cc_rrna_kmer_000418|28S	GU593716.1	947543	N/A	100.000	31	0	0	1	31	784	814	Goussia carpelli strain 23 28S ribosomal RNA gene, partial sequence
cc_rrna_kmer_000419|28S	XR_003297360.1	88456	N/A	100.000	31	0	0	1	31	2138	2168	PREDICTED: Cyclospora cayetanensis large subunit ribosomal RNA (LOC113146729), rRNA
cc_rrna_kmer_000419|28S	GU593716.1	947543	N/A	100.000	31	0	0	1	31	780	810	Goussia carpelli strain 23 28S ribosomal RNA gene, partial sequence
cc_rrna_kmer_000420|18S	XR_003297358.1	88456	N/A	100.000	31	0	0	1	31	264	294	PREDICTED: Cyclospora cayetanensis small subunit ribosomal RNA (LOC113146722), rRNA
cc_rrna_kmer_000421|28S	XR_011771226.1	125765	N/A	100.000	31	0	0	1	31	1039	1069	PREDICTED: Rutidosis leptorrhynchoides 28S ribosomal RNA (LOC139880400), rRNA
cc_rrna_kmer_000421|28S	AP038851.1	142759	N/A	100.000	31	0	0	1	31	5077819	5077789	Solanum cheesmaniae LA0166 DNA, chromosome 2, nearly complete sequence
cc_rrna_kmer_000421|28S	XR_003297360.1	88456	N/A	100.000	31	0	0	1	31	408	438	PREDICTED: Cyclospora cayetanensis large subunit ribosomal RNA (LOC113146729), rRNA
cc_rrna_kmer_000421|28S	MT937122.1	37431	N/A	100.000	31	0	0	1	31	3449	3479	Lycopodiella inundata isolate DM442 small subunit ribosomal RNA gene, partial sequence; internal transcribed spacer 1, 5.8S ribosomal RNA gene, and internal transcribed spacer 2, complete sequence; and large subunit ribosomal RNA gene, partial sequence
cc_rrna_kmer_000421|28S	MW364932.1	2767037	N/A	100.000	31	0	0	1	31	3371	3401	Anathallis microphyta voucher M.C. Santos 25 (UPCB) 18S small subunit ribosomal RNA gene, internal transcribed spacer 1, 5.8S ribosomal RNA gene, internal transcribed spacer 2, and 28S large subunit ribosomal RNA gene, complete sequence
cc_rrna_kmer_000421|28S	EU252544.1	88456	N/A	100.000	31	0	0	1	31	1153	1183	Cyclospora cayetanensis 28S large subunit ribosomal RNA gene, partial sequence
cc_rrna_kmer_000421|28S	OZ288544.1	669661	N/A	100.000	31	0	0	1	31	126293	126263	Cochlearia groenlandica genome assembly, chromosome: 7
cc_rrna_kmer_000422|18S	XR_003297358.1	88456	N/A	100.000	31	0	0	1	31	288	258	PREDICTED: Cyclospora cayetanensis small subunit ribosomal RNA (LOC113146722), rRNA
cc_rrna_kmer_000423|28S	EU252544.1	88456	N/A	100.000	31	0	0	1	31	169	199	Cyclospora cayetanensis 28S large subunit ribosomal RNA gene, partial sequence
cc_rrna_kmer_000424|28S	EU252544.1	88456	N/A	100.000	31	0	0	1	31	734	704	Cyclospora cayetanensis 28S large subunit ribosomal RNA gene, partial sequence
cc_rrna_kmer_000425|28S	PQ742171.1	3384731	N/A	100.000	31	0	0	1	31	6342	6312	Goussia degiustii isolate EE9_EE10_II1 external transcribed spacer, partial sequence; small subunit ribosomal RNA gene, internal transcribed spacer 1, 5.8S ribosomal RNA gene, internal transcribed spacer 2, and large subunit ribosomal RNA gene, complete sequence; and external transcribed spacer, partial sequence
cc_rrna_kmer_000425|28S	XR_003297360.1	88456	N/A	100.000	31	0	0	1	31	2719	2689	PREDICTED: Cyclospora cayetanensis large subunit ribosomal RNA (LOC113146729), rRNA
cc_rrna_kmer_000425|28S	OZ408939.1	2996	N/A	100.000	31	0	0	1	31	2081334	2081304	Hydrurus foetidus genome assembly, chromosome: 26
cc_rrna_kmer_000425|28S	OZ408939.1	2996	N/A	100.000	31	0	0	1	31	2090774	2090744	Hydrurus foetidus genome assembly, chromosome: 26
cc_rrna_kmer_000425|28S	OZ408939.1	2996	N/A	100.000	31	0	0	1	31	2101234	2101204	Hydrurus foetidus genome assembly, chromosome: 26
cc_rrna_kmer_000425|28S	OZ408914.1	2996	N/A	100.000	31	0	0	1	31	6540106	6540076	Hydrurus foetidus genome assembly, chromosome: 1
cc_rrna_kmer_000425|28S	OZ408922.1	2996	N/A	100.000	31	0	0	1	31	621923	621953	Hydrurus foetidus genome assembly, chromosome: 9
cc_rrna_kmer_000426|18S	XR_003297358.1	88456	N/A	100.000	31	0	0	1	31	292	262	PREDICTED: Cyclospora cayetanensis small subunit ribosomal RNA (LOC113146722), rRNA
cc_rrna_kmer_000427|28S	AY283845.1	241650	N/A	100.000	31	0	0	1	31	1237	1207	Atoxoplasma sp. MS-2003 large subunit ribosomal RNA gene, partial sequence
cc_rrna_kmer_000427|28S	OR101126.1	3051684	N/A	100.000	31	0	0	1	31	1171	1141	Isospora elliotae isolate 20384 large subunit ribosomal RNA gene, partial sequence
cc_rrna_kmer_000427|28S	AY283863.1	241650	N/A	100.000	31	0	0	1	31	1232	1202	Atoxoplasma sp. MS-2003 large subunit ribosomal RNA gene, partial sequence
cc_rrna_kmer_000427|28S	KT224382.1	1678287	N/A	100.000	31	0	0	1	31	1181	1151	Isospora sp. RY-2015c isolate RBF large subunit ribosomal RNA gene, partial sequence
cc_rrna_kmer_000427|28S	AY283844.1	241650	N/A	100.000	31	0	0	1	31	1237	1207	Atoxoplasma sp. MS-2003 large subunit ribosomal RNA gene, partial sequence
cc_rrna_kmer_000427|28S	AY283862.1	241650	N/A	100.000	31	0	0	1	31	1236	1206	Atoxoplasma sp. MS-2003 large subunit ribosomal RNA gene, partial sequence
cc_rrna_kmer_000427|28S	OR266355.1	1743397	N/A	100.000	31	0	0	1	31	620	590	Isospora sp. isolate 28S_Seq19 large subunit ribosomal RNA gene, partial sequence
cc_rrna_kmer_000427|28S	OA985032.1	2823481	N/A	100.000	31	0	0	1	31	680	650	Isospora sp. Hs2 partial 28S rRNA gene
cc_rrna_kmer_000427|28S	AY283839.1	241650	N/A	100.000	31	0	0	1	31	1246	1216	Atoxoplasma sp. MS-2003 large subunit ribosomal RNA gene, partial sequence
cc_rrna_kmer_000427|28S	AY283858.1	241650	N/A	100.000	31	0	0	1	31	1235	1205	Atoxoplasma sp. MS-2003 large subunit ribosomal RNA gene, partial sequence
cc_rrna_kmer_000427|28S	AY283864.1	241650	N/A	100.000	31	0	0	1	31	1241	1211	Atoxoplasma sp. MS-2003 large subunit ribosomal RNA gene, partial sequence
cc_rrna_kmer_000427|28S	AY283869.1	241650	N/A	100.000	31	0	0	1	31	1243	1213	Atoxoplasma sp. MS-2003 large subunit ribosomal RNA gene, partial sequence
cc_rrna_kmer_000427|28S	AY283868.1	241650	N/A	100.000	31	0	0	1	31	1235	1205	Atoxoplasma sp. MS-2003 large subunit ribosomal RNA gene, partial sequence
cc_rrna_kmer_000427|28S	OR266344.1	1743397	N/A	100.000	31	0	0	1	31	462	432	Isospora sp. isolate 28S_Seq08 large subunit ribosomal RNA gene, partial sequence
cc_rrna_kmer_000427|28S	MW775029.1	2820069	N/A	100.000	31	0	0	1	31	1202	1172	Isospora mayuri isolate 7-Bule-peafowl large subunit ribosomal RNA gene, partial sequence
cc_rrna_kmer_000427|28S	AY283859.1	241650	N/A	100.000	31	0	0	1	31	1237	1207	Atoxoplasma sp. MS-2003 large subunit ribosomal RNA gene, partial sequence
cc_rrna_kmer_000427|28S	KJ634022.1	1565085	N/A	100.000	31	0	0	1	31	766	736	Isospora streperae 28S ribosomal RNA gene, partial sequence
cc_rrna_kmer_000427|28S	OR266362.1	1743397	N/A	100.000	31	0	0	1	31	993	963	Isospora sp. isolate 28S_Seq26 large subunit ribosomal RNA gene, partial sequence
cc_rrna_kmer_000427|28S	OR266357.1	1743397	N/A	100.000	31	0	0	1	31	993	963	Isospora sp. isolate 28S_Seq21 large subunit ribosomal RNA gene, partial sequence
cc_rrna_kmer_000427|28S	AY283847.1	241650	N/A	100.000	31	0	0	1	31	1237	1207	Atoxoplasma sp. MS-2003 large subunit ribosomal RNA gene, partial sequence
cc_rrna_kmer_000427|28S	OA985031.1	2823479	N/A	100.000	31	0	0	1	31	675	645	Isospora sp. Pr2 partial 28S rRNA gene
cc_rrna_kmer_000427|28S	AY283850.1	241650	N/A	100.000	31	0	0	1	31	1232	1202	Atoxoplasma sp. MS-2003 large subunit ribosomal RNA gene, partial sequence
cc_rrna_kmer_000427|28S	OR266341.1	1743397	N/A	100.000	31	0	0	1	31	647	617	Isospora sp. isolate 28S_Seq05 large subunit ribosomal RNA gene, partial sequence
cc_rrna_kmer_000427|28S	OR266359.1	1743397	N/A	100.000	31	0	0	1	31	995	965	Isospora sp. isolate 28S_Seq23 large subunit ribosomal RNA gene, partial sequence
cc_rrna_kmer_000427|28S	OR266345.1	1743397	N/A	100.000	31	0	0	1	31	467	437	Isospora sp. isolate 28S_Seq09 large subunit ribosomal RNA gene, partial sequence
cc_rrna_kmer_000427|28S	KY801686.1	2153390	N/A	100.000	31	0	0	1	31	1165	1135	Isospora butcherae 28S ribosomal RNA gene, partial sequence
cc_rrna_kmer_000427|28S	OR266343.1	1743397	N/A	100.000	31	0	0	1	31	467	437	Isospora sp. isolate 28S_Seq07 large subunit ribosomal RNA gene, partial sequence
cc_rrna_kmer_000427|28S	OR266348.1	1743397	N/A	100.000	31	0	0	1	31	739	709	Isospora sp. isolate 28S_Seq12 large subunit ribosomal RNA gene, partial sequence
cc_rrna_kmer_000427|28S	AY283861.1	241650	N/A	100.000	31	0	0	1	31	1234	1204	Atoxoplasma sp. MS-2003 large subunit ribosomal RNA gene, partial sequence
cc_rrna_kmer_000427|28S	OR266350.1	1743397	N/A	100.000	31	0	0	1	31	994	964	Isospora sp. isolate 28S_Seq14 large subunit ribosomal RNA gene, partial sequence
cc_rrna_kmer_000427|28S	AY283843.1	241650	N/A	100.000	31	0	0	1	31	1239	1209	Atoxoplasma sp. MS-2003 large subunit ribosomal RNA gene, partial sequence
cc_rrna_kmer_000427|28S	OA985026.1	2823474	N/A	100.000	31	0	0	1	31	680	650	Isospora sp. Bclt1 partial 28S rRNA gene
cc_rrna_kmer_000427|28S	AY283866.1	241650	N/A	100.000	31	0	0	1	31	1235	1205	Atoxoplasma sp. MS-2003 large subunit ribosomal RNA gene, partial sequence
cc_rrna_kmer_000427|28S	OR266337.1	1743397	N/A	100.000	31	0	0	1	31	998	968	Isospora sp. isolate 28S_Seq01 large subunit ribosomal RNA gene, partial sequence
cc_rrna_kmer_000427|28S	XR_003297360.1	88456	N/A	100.000	31	0	0	1	31	576	546	PREDICTED: Cyclospora cayetanensis large subunit ribosomal RNA (LOC113146729), rRNA
cc_rrna_kmer_000427|28S	AY283848.1	241650	N/A	100.000	31	0	0	1	31	1237	1207	Atoxoplasma sp. MS-2003 large subunit ribosomal RNA gene, partial sequence
cc_rrna_kmer_000427|28S	AY283849.1	241650	N/A	100.000	31	0	0	1	31	1238	1208	Atoxoplasma sp. MS-2003 large subunit ribosomal RNA gene, partial sequence
cc_rrna_kmer_000427|28S	OR266358.1	1743397	N/A	100.000	31	0	0	1	31	993	963	Isospora sp. isolate 28S_Seq22 large subunit ribosomal RNA gene, partial sequence
cc_rrna_kmer_000427|28S	OR266339.1	1743397	N/A	100.000	31	0	0	1	31	757	727	Isospora sp. isolate 28S_Seq03 large subunit ribosomal RNA gene, partial sequence
cc_rrna_kmer_000427|28S	AY283853.1	241650	N/A	100.000	31	0	0	1	31	1236	1206	Atoxoplasma sp. MS-2003 large subunit ribosomal RNA gene, partial sequence
cc_rrna_kmer_000427|28S	OA985028.1	2823475;2823476	N/A;N/A	100.000	31	0	0	1	31	680	650	Isospora sp. Pc1 partial 28S rRNA gene
cc_rrna_kmer_000427|28S	AY283865.1	241650	N/A	100.000	31	0	0	1	31	1228	1198	Atoxoplasma sp. MS-2003 large subunit ribosomal RNA gene, partial sequence
cc_rrna_kmer_000427|28S	OR266349.1	1743397	N/A	100.000	31	0	0	1	31	754	724	Isospora sp. isolate 28S_Seq13 large subunit ribosomal RNA gene, partial sequence
cc_rrna_kmer_000427|28S	AY283860.1	241650	N/A	100.000	31	0	0	1	31	1237	1207	Atoxoplasma sp. MS-2003 large subunit ribosomal RNA gene, partial sequence
cc_rrna_kmer_000427|28S	AY283857.1	241650	N/A	100.000	31	0	0	1	31	1236	1206	Atoxoplasma sp. MS-2003 large subunit ribosomal RNA gene, partial sequence
cc_rrna_kmer_000427|28S	OR266361.1	1743397	N/A	100.000	31	0	0	1	31	994	964	Isospora sp. isolate 28S_Seq25 large subunit ribosomal RNA gene, partial sequence
cc_rrna_kmer_000427|28S	AY283852.1	241650	N/A	100.000	31	0	0	1	31	1233	1203	Atoxoplasma sp. MS-2003 large subunit ribosomal RNA gene, partial sequence
cc_rrna_kmer_000427|28S	OR266363.1	1743397	N/A	100.000	31	0	0	1	31	751	721	Isospora sp. isolate 28S_Seq27 large subunit ribosomal RNA gene, partial sequence
cc_rrna_kmer_000427|28S	OR266356.1	1743397	N/A	100.000	31	0	0	1	31	513	483	Isospora sp. isolate 28S_Seq20 large subunit ribosomal RNA gene, partial sequence
cc_rrna_kmer_000427|28S	OA985030.1	2823478	N/A	100.000	31	0	0	1	31	677	647	Isospora sp. Pr1 partial 28S rRNA gene
cc_rrna_kmer_000427|28S	AY283854.1	241650	N/A	100.000	31	0	0	1	31	1236	1206	Atoxoplasma sp. MS-2003 large subunit ribosomal RNA gene, partial sequence
cc_rrna_kmer_000427|28S	AY283841.1	241650	N/A	100.000	31	0	0	1	31	1239	1209	Atoxoplasma sp. MS-2003 large subunit ribosomal RNA gene, partial sequence
cc_rrna_kmer_000427|28S	AY283855.1	241650	N/A	100.000	31	0	0	1	31	1235	1205	Atoxoplasma sp. MS-2003 large subunit ribosomal RNA gene, partial sequence
cc_rrna_kmer_000427|28S	AY283840.1	241650	N/A	100.000	31	0	0	1	31	1240	1210	Atoxoplasma sp. MS-2003 large subunit ribosomal RNA gene, partial sequence
cc_rrna_kmer_000427|28S	OA985027.1	2823473	N/A	100.000	31	0	0	1	31	680	650	Isospora sp. Sgs1 partial 28S rRNA gene
cc_rrna_kmer_000427|28S	AY283867.1	241650	N/A	100.000	31	0	0	1	31	1237	1207	Atoxoplasma sp. MS-2003 large subunit ribosomal RNA gene, partial sequence
cc_rrna_kmer_000427|28S	OR266340.1	1743397	N/A	100.000	31	0	0	1	31	455	425	Isospora sp. isolate 28S_Seq04 large subunit ribosomal RNA gene, partial sequence
cc_rrna_kmer_000427|28S	AY283870.1	241650	N/A	100.000	31	0	0	1	31	1239	1209	Atoxoplasma sp. MS-2003 large subunit ribosomal RNA gene, partial sequence
cc_rrna_kmer_000427|28S	LC193129.1	1913026	N/A	100.000	31	0	0	1	31	608	578	Isospora lunaris gene for 28S ribosomal RNA, partial sequence
cc_rrna_kmer_000427|28S	OR266338.1	1743397	N/A	100.000	31	0	0	1	31	1103	1073	Isospora sp. isolate 28S_Seq02 large subunit ribosomal RNA gene, partial sequence
cc_rrna_kmer_000427|28S	OR266354.1	1743397	N/A	100.000	31	0	0	1	31	450	420	Isospora sp. isolate 28S_Seq18 large subunit ribosomal RNA gene, partial sequence
cc_rrna_kmer_000427|28S	OR266351.1	1743397	N/A	100.000	31	0	0	1	31	469	439	Isospora sp. isolate 28S_Seq15 large subunit ribosomal RNA gene, partial sequence
cc_rrna_kmer_000427|28S	EU252544.1	88456	N/A	100.000	31	0	0	1	31	1321	1291	Cyclospora cayetanensis 28S large subunit ribosomal RNA gene, partial sequence
cc_rrna_kmer_000427|28S	AY283846.1	241650	N/A	100.000	31	0	0	1	31	1240	1210	Atoxoplasma sp. MS-2003 large subunit ribosomal RNA gene, partial sequence
cc_rrna_kmer_000427|28S	OR266342.1	1743397	N/A	100.000	31	0	0	1	31	451	421	Isospora sp. isolate 28S_Seq06 large subunit ribosomal RNA gene, partial sequence
cc_rrna_kmer_000427|28S	OA985033.1	2823480	N/A	100.000	31	0	0	1	31	681	651	Isospora sp. Hs1 partial 28S rRNA gene
cc_rrna_kmer_000427|28S	OR266353.1	1743397	N/A	100.000	31	0	0	1	31	1001	971	Isospora sp. isolate 28S_Seq17 large subunit ribosomal RNA gene, partial sequence
cc_rrna_kmer_000427|28S	OR266347.1	1743397	N/A	100.000	31	0	0	1	31	467	437	Isospora sp. isolate 28S_Seq11 large subunit ribosomal RNA gene, partial sequence
cc_rrna_kmer_000427|28S	AY283851.1	241650	N/A	100.000	31	0	0	1	31	1236	1206	Atoxoplasma sp. MS-2003 large subunit ribosomal RNA gene, partial sequence
cc_rrna_kmer_000427|28S	MW775028.1	2820073	N/A	100.000	31	0	0	1	31	1197	1167	Isospora lacazei isolate 6-Bule-peafowl large subunit ribosomal RNA gene, partial sequence
cc_rrna_kmer_000427|28S	AY283856.1	241650	N/A	100.000	31	0	0	1	31	1237	1207	Atoxoplasma sp. MS-2003 large subunit ribosomal RNA gene, partial sequence
cc_rrna_kmer_000427|28S	OR266346.1	1743397	N/A	100.000	31	0	0	1	31	467	437	Isospora sp. isolate 28S_Seq10 large subunit ribosomal RNA gene, partial sequence
cc_rrna_kmer_000428|28S	XR_003297360.1	88456	N/A	100.000	31	0	0	1	31	194	164	PREDICTED: Cyclospora cayetanensis large subunit ribosomal RNA (LOC113146729), rRNA
cc_rrna_kmer_000428|28S	EU252544.1	88456	N/A	100.000	31	0	0	1	31	939	909	Cyclospora cayetanensis 28S large subunit ribosomal RNA gene, partial sequence
cc_rrna_kmer_000429|28S	XR_003297360.1	88456	N/A	100.000	31	0	0	1	31	598	568	PREDICTED: Cyclospora cayetanensis large subunit ribosomal RNA (LOC113146729), rRNA
cc_rrna_kmer_000429|28S	EU252544.1	88456	N/A	100.000	31	0	0	1	31	1343	1313	Cyclospora cayetanensis 28S large subunit ribosomal RNA gene, partial sequence
cc_rrna_kmer_000430|28S	XR_003297360.1	88456	N/A	100.000	31	0	0	1	31	758	788	PREDICTED: Cyclospora cayetanensis large subunit ribosomal RNA (LOC113146729), rRNA
cc_rrna_kmer_000430|28S	EU252544.1	88456	N/A	100.000	31	0	0	1	31	1503	1533	Cyclospora cayetanensis 28S large subunit ribosomal RNA gene, partial sequence
cc_rrna_kmer_000431|18S	XR_003297358.1	88456	N/A	100.000	31	0	0	1	31	295	265	PREDICTED: Cyclospora cayetanensis small subunit ribosomal RNA (LOC113146722), rRNA
cc_rrna_kmer_000432|28S	XR_003297360.1	88456	N/A	100.000	31	0	0	1	31	1926	1896	PREDICTED: Cyclospora cayetanensis large subunit ribosomal RNA (LOC113146729), rRNA
cc_rrna_kmer_000433|28S	XR_003297360.1	88456	N/A	100.000	31	0	0	1	31	2571	2601	PREDICTED: Cyclospora cayetanensis large subunit ribosomal RNA (LOC113146729), rRNA
cc_rrna_kmer_000434|28S	XR_003297360.1	88456	N/A	100.000	31	0	0	1	31	1918	1888	PREDICTED: Cyclospora cayetanensis large subunit ribosomal RNA (LOC113146729), rRNA
cc_rrna_kmer_000436|28S	XR_003297360.1	88456	N/A	100.000	31	0	0	1	31	2516	2546	PREDICTED: Cyclospora cayetanensis large subunit ribosomal RNA (LOC113146729), rRNA
cc_rrna_kmer_000437|28S	XR_003297360.1	88456	N/A	100.000	31	0	0	1	31	1917	1947	PREDICTED: Cyclospora cayetanensis large subunit ribosomal RNA (LOC113146729), rRNA
cc_rrna_kmer_000438|28S	AY283845.1	241650	N/A	100.000	31	0	0	1	31	1345	1375	Atoxoplasma sp. MS-2003 large subunit ribosomal RNA gene, partial sequence
cc_rrna_kmer_000438|28S	OR101126.1	3051684	N/A	100.000	31	0	0	1	31	1279	1309	Isospora elliotae isolate 20384 large subunit ribosomal RNA gene, partial sequence
cc_rrna_kmer_000438|28S	AY283863.1	241650	N/A	100.000	31	0	0	1	31	1340	1370	Atoxoplasma sp. MS-2003 large subunit ribosomal RNA gene, partial sequence
cc_rrna_kmer_000438|28S	KT224382.1	1678287	N/A	100.000	31	0	0	1	31	1289	1319	Isospora sp. RY-2015c isolate RBF large subunit ribosomal RNA gene, partial sequence
cc_rrna_kmer_000438|28S	AY283844.1	241650	N/A	100.000	31	0	0	1	31	1345	1375	Atoxoplasma sp. MS-2003 large subunit ribosomal RNA gene, partial sequence
cc_rrna_kmer_000438|28S	AY283862.1	241650	N/A	100.000	31	0	0	1	31	1344	1374	Atoxoplasma sp. MS-2003 large subunit ribosomal RNA gene, partial sequence
cc_rrna_kmer_000438|28S	OA985032.1	2823481	N/A	100.000	31	0	0	1	31	788	818	Isospora sp. Hs2 partial 28S rRNA gene
cc_rrna_kmer_000438|28S	AY283839.1	241650	N/A	100.000	31	0	0	1	31	1354	1384	Atoxoplasma sp. MS-2003 large subunit ribosomal RNA gene, partial sequence
cc_rrna_kmer_000438|28S	AY283858.1	241650	N/A	100.000	31	0	0	1	31	1343	1373	Atoxoplasma sp. MS-2003 large subunit ribosomal RNA gene, partial sequence
cc_rrna_kmer_000438|28S	AY283864.1	241650	N/A	100.000	31	0	0	1	31	1349	1379	Atoxoplasma sp. MS-2003 large subunit ribosomal RNA gene, partial sequence
cc_rrna_kmer_000438|28S	AY283869.1	241650	N/A	100.000	31	0	0	1	31	1351	1381	Atoxoplasma sp. MS-2003 large subunit ribosomal RNA gene, partial sequence
cc_rrna_kmer_000438|28S	AY283868.1	241650	N/A	100.000	31	0	0	1	31	1343	1373	Atoxoplasma sp. MS-2003 large subunit ribosomal RNA gene, partial sequence
cc_rrna_kmer_000438|28S	MW775029.1	2820069	N/A	100.000	31	0	0	1	31	1310	1340	Isospora mayuri isolate 7-Bule-peafowl large subunit ribosomal RNA gene, partial sequence
cc_rrna_kmer_000438|28S	AY283859.1	241650	N/A	100.000	31	0	0	1	31	1345	1375	Atoxoplasma sp. MS-2003 large subunit ribosomal RNA gene, partial sequence
cc_rrna_kmer_000438|28S	KJ634022.1	1565085	N/A	100.000	31	0	0	1	31	874	904	Isospora streperae 28S ribosomal RNA gene, partial sequence
cc_rrna_kmer_000438|28S	AY283847.1	241650	N/A	100.000	31	0	0	1	31	1345	1375	Atoxoplasma sp. MS-2003 large subunit ribosomal RNA gene, partial sequence
cc_rrna_kmer_000438|28S	OA985031.1	2823479	N/A	100.000	31	0	0	1	31	783	813	Isospora sp. Pr2 partial 28S rRNA gene
cc_rrna_kmer_000438|28S	AY283850.1	241650	N/A	100.000	31	0	0	1	31	1340	1370	Atoxoplasma sp. MS-2003 large subunit ribosomal RNA gene, partial sequence
cc_rrna_kmer_000438|28S	KY801686.1	2153390	N/A	100.000	31	0	0	1	31	1273	1303	Isospora butcherae 28S ribosomal RNA gene, partial sequence
cc_rrna_kmer_000438|28S	OQ459343.1	3028803	N/A	100.000	31	0	0	1	31	1269	1299	Eimeria briceae isolate 201909 large subunit ribosomal RNA gene, partial sequence
cc_rrna_kmer_000438|28S	AY283843.1	241650	N/A	100.000	31	0	0	1	31	1347	1377	Atoxoplasma sp. MS-2003 large subunit ribosomal RNA gene, partial sequence
cc_rrna_kmer_000438|28S	OA985026.1	2823474	N/A	100.000	31	0	0	1	31	788	818	Isospora sp. Bclt1 partial 28S rRNA gene
cc_rrna_kmer_000438|28S	AY283866.1	241650	N/A	100.000	31	0	0	1	31	1343	1373	Atoxoplasma sp. MS-2003 large subunit ribosomal RNA gene, partial sequence
cc_rrna_kmer_000438|28S	XR_003297360.1	88456	N/A	100.000	31	0	0	1	31	684	714	PREDICTED: Cyclospora cayetanensis large subunit ribosomal RNA (LOC113146729), rRNA
cc_rrna_kmer_000438|28S	AY283848.1	241650	N/A	100.000	31	0	0	1	31	1345	1375	Atoxoplasma sp. MS-2003 large subunit ribosomal RNA gene, partial sequence
cc_rrna_kmer_000438|28S	AY283849.1	241650	N/A	100.000	31	0	0	1	31	1346	1376	Atoxoplasma sp. MS-2003 large subunit ribosomal RNA gene, partial sequence
cc_rrna_kmer_000438|28S	AY283853.1	241650	N/A	100.000	31	0	0	1	31	1344	1374	Atoxoplasma sp. MS-2003 large subunit ribosomal RNA gene, partial sequence
cc_rrna_kmer_000438|28S	OA985028.1	2823475;2823476	N/A;N/A	100.000	31	0	0	1	31	788	818	Isospora sp. Pc1 partial 28S rRNA gene
cc_rrna_kmer_000438|28S	AY283865.1	241650	N/A	100.000	31	0	0	1	31	1336	1366	Atoxoplasma sp. MS-2003 large subunit ribosomal RNA gene, partial sequence
cc_rrna_kmer_000438|28S	AY283860.1	241650	N/A	100.000	31	0	0	1	31	1345	1375	Atoxoplasma sp. MS-2003 large subunit ribosomal RNA gene, partial sequence
cc_rrna_kmer_000438|28S	AY283857.1	241650	N/A	100.000	31	0	0	1	31	1344	1374	Atoxoplasma sp. MS-2003 large subunit ribosomal RNA gene, partial sequence
cc_rrna_kmer_000438|28S	AY283852.1	241650	N/A	100.000	31	0	0	1	31	1341	1371	Atoxoplasma sp. MS-2003 large subunit ribosomal RNA gene, partial sequence
cc_rrna_kmer_000438|28S	OA985030.1	2823478	N/A	100.000	31	0	0	1	31	785	815	Isospora sp. Pr1 partial 28S rRNA gene
cc_rrna_kmer_000438|28S	AY283854.1	241650	N/A	100.000	31	0	0	1	31	1344	1374	Atoxoplasma sp. MS-2003 large subunit ribosomal RNA gene, partial sequence
cc_rrna_kmer_000438|28S	AY283841.1	241650	N/A	100.000	31	0	0	1	31	1347	1377	Atoxoplasma sp. MS-2003 large subunit ribosomal RNA gene, partial sequence
cc_rrna_kmer_000438|28S	AY283855.1	241650	N/A	100.000	31	0	0	1	31	1343	1373	Atoxoplasma sp. MS-2003 large subunit ribosomal RNA gene, partial sequence
cc_rrna_kmer_000438|28S	MW775031.1	1469499	N/A	100.000	31	0	0	1	31	1318	1348	Eimeria hermani isolate 9-Whooper-swan large subunit ribosomal RNA gene, partial sequence
cc_rrna_kmer_000438|28S	AY283840.1	241650	N/A	100.000	31	0	0	1	31	1348	1378	Atoxoplasma sp. MS-2003 large subunit ribosomal RNA gene, partial sequence
cc_rrna_kmer_000438|28S	OA985027.1	2823473	N/A	100.000	31	0	0	1	31	788	818	Isospora sp. Sgs1 partial 28S rRNA gene
cc_rrna_kmer_000438|28S	AY283867.1	241650	N/A	100.000	31	0	0	1	31	1345	1375	Atoxoplasma sp. MS-2003 large subunit ribosomal RNA gene, partial sequence
cc_rrna_kmer_000438|28S	AY283870.1	241650	N/A	100.000	31	0	0	1	31	1347	1377	Atoxoplasma sp. MS-2003 large subunit ribosomal RNA gene, partial sequence
cc_rrna_kmer_000438|28S	OR266354.1	1743397	N/A	100.000	31	0	0	1	31	558	588	Isospora sp. isolate 28S_Seq18 large subunit ribosomal RNA gene, partial sequence
cc_rrna_kmer_000438|28S	KT726931.1	1743397	N/A	100.000	31	0	0	1	31	1346	1376	Isospora sp. 28S ribosomal RNA gene, partial sequence
cc_rrna_kmer_000438|28S	AY283846.1	241650	N/A	100.000	31	0	0	1	31	1348	1378	Atoxoplasma sp. MS-2003 large subunit ribosomal RNA gene, partial sequence
cc_rrna_kmer_000438|28S	OA985033.1	2823480	N/A	100.000	31	0	0	1	31	789	819	Isospora sp. Hs1 partial 28S rRNA gene
cc_rrna_kmer_000438|28S	AY283851.1	241650	N/A	100.000	31	0	0	1	31	1344	1374	Atoxoplasma sp. MS-2003 large subunit ribosomal RNA gene, partial sequence
cc_rrna_kmer_000438|28S	MW775028.1	2820073	N/A	100.000	31	0	0	1	31	1305	1335	Isospora lacazei isolate 6-Bule-peafowl large subunit ribosomal RNA gene, partial sequence
cc_rrna_kmer_000438|28S	AY283856.1	241650	N/A	100.000	31	0	0	1	31	1345	1375	Atoxoplasma sp. MS-2003 large subunit ribosomal RNA gene, partial sequence
cc_rrna_kmer_000439|28S	XR_003297360.1	88456	N/A	100.000	31	0	0	1	31	2131	2161	PREDICTED: Cyclospora cayetanensis large subunit ribosomal RNA (LOC113146729), rRNA
cc_rrna_kmer_000439|28S	GU593716.1	947543	N/A	100.000	31	0	0	1	31	773	803	Goussia carpelli strain 23 28S ribosomal RNA gene, partial sequence
cc_rrna_kmer_000440|28S	AY283845.1	241650	N/A	100.000	31	0	0	1	31	1382	1352	Atoxoplasma sp. MS-2003 large subunit ribosomal RNA gene, partial sequence
cc_rrna_kmer_000440|28S	OR101126.1	3051684	N/A	100.000	31	0	0	1	31	1316	1286	Isospora elliotae isolate 20384 large subunit ribosomal RNA gene, partial sequence
cc_rrna_kmer_000440|28S	AY283863.1	241650	N/A	100.000	31	0	0	1	31	1377	1347	Atoxoplasma sp. MS-2003 large subunit ribosomal RNA gene, partial sequence
cc_rrna_kmer_000440|28S	KT224382.1	1678287	N/A	100.000	31	0	0	1	31	1326	1296	Isospora sp. RY-2015c isolate RBF large subunit ribosomal RNA gene, partial sequence
cc_rrna_kmer_000440|28S	AY283844.1	241650	N/A	100.000	31	0	0	1	31	1382	1352	Atoxoplasma sp. MS-2003 large subunit ribosomal RNA gene, partial sequence
cc_rrna_kmer_000440|28S	AY283862.1	241650	N/A	100.000	31	0	0	1	31	1381	1351	Atoxoplasma sp. MS-2003 large subunit ribosomal RNA gene, partial sequence
cc_rrna_kmer_000440|28S	OA985032.1	2823481	N/A	100.000	31	0	0	1	31	825	795	Isospora sp. Hs2 partial 28S rRNA gene
cc_rrna_kmer_000440|28S	AY283839.1	241650	N/A	100.000	31	0	0	1	31	1391	1361	Atoxoplasma sp. MS-2003 large subunit ribosomal RNA gene, partial sequence
cc_rrna_kmer_000440|28S	AY283858.1	241650	N/A	100.000	31	0	0	1	31	1380	1350	Atoxoplasma sp. MS-2003 large subunit ribosomal RNA gene, partial sequence
cc_rrna_kmer_000440|28S	AY283864.1	241650	N/A	100.000	31	0	0	1	31	1386	1356	Atoxoplasma sp. MS-2003 large subunit ribosomal RNA gene, partial sequence
cc_rrna_kmer_000440|28S	AY283869.1	241650	N/A	100.000	31	0	0	1	31	1388	1358	Atoxoplasma sp. MS-2003 large subunit ribosomal RNA gene, partial sequence
cc_rrna_kmer_000440|28S	AY283868.1	241650	N/A	100.000	31	0	0	1	31	1380	1350	Atoxoplasma sp. MS-2003 large subunit ribosomal RNA gene, partial sequence
cc_rrna_kmer_000440|28S	AY283859.1	241650	N/A	100.000	31	0	0	1	31	1382	1352	Atoxoplasma sp. MS-2003 large subunit ribosomal RNA gene, partial sequence
cc_rrna_kmer_000440|28S	KJ634022.1	1565085	N/A	100.000	31	0	0	1	31	911	881	Isospora streperae 28S ribosomal RNA gene, partial sequence
cc_rrna_kmer_000440|28S	AY283847.1	241650	N/A	100.000	31	0	0	1	31	1382	1352	Atoxoplasma sp. MS-2003 large subunit ribosomal RNA gene, partial sequence
cc_rrna_kmer_000440|28S	OA985031.1	2823479	N/A	100.000	31	0	0	1	31	820	790	Isospora sp. Pr2 partial 28S rRNA gene
cc_rrna_kmer_000440|28S	AY283850.1	241650	N/A	100.000	31	0	0	1	31	1377	1347	Atoxoplasma sp. MS-2003 large subunit ribosomal RNA gene, partial sequence
cc_rrna_kmer_000440|28S	KY801686.1	2153390	N/A	100.000	31	0	0	1	31	1310	1280	Isospora butcherae 28S ribosomal RNA gene, partial sequence
cc_rrna_kmer_000440|28S	OQ459343.1	3028803	N/A	100.000	31	0	0	1	31	1306	1276	Eimeria briceae isolate 201909 large subunit ribosomal RNA gene, partial sequence
cc_rrna_kmer_000440|28S	AY283861.1	241650	N/A	100.000	31	0	0	1	31	1379	1349	Atoxoplasma sp. MS-2003 large subunit ribosomal RNA gene, partial sequence
cc_rrna_kmer_000440|28S	AY283843.1	241650	N/A	100.000	31	0	0	1	31	1384	1354	Atoxoplasma sp. MS-2003 large subunit ribosomal RNA gene, partial sequence
cc_rrna_kmer_000440|28S	OA985026.1	2823474	N/A	100.000	31	0	0	1	31	825	795	Isospora sp. Bclt1 partial 28S rRNA gene
cc_rrna_kmer_000440|28S	AY283866.1	241650	N/A	100.000	31	0	0	1	31	1380	1350	Atoxoplasma sp. MS-2003 large subunit ribosomal RNA gene, partial sequence
cc_rrna_kmer_000440|28S	XR_003297360.1	88456	N/A	100.000	31	0	0	1	31	721	691	PREDICTED: Cyclospora cayetanensis large subunit ribosomal RNA (LOC113146729), rRNA
cc_rrna_kmer_000440|28S	AY283848.1	241650	N/A	100.000	31	0	0	1	31	1382	1352	Atoxoplasma sp. MS-2003 large subunit ribosomal RNA gene, partial sequence
cc_rrna_kmer_000440|28S	AY283849.1	241650	N/A	100.000	31	0	0	1	31	1383	1353	Atoxoplasma sp. MS-2003 large subunit ribosomal RNA gene, partial sequence
cc_rrna_kmer_000440|28S	AY283853.1	241650	N/A	100.000	31	0	0	1	31	1381	1351	Atoxoplasma sp. MS-2003 large subunit ribosomal RNA gene, partial sequence
cc_rrna_kmer_000440|28S	OA985028.1	2823475;2823476	N/A;N/A	100.000	31	0	0	1	31	825	795	Isospora sp. Pc1 partial 28S rRNA gene
cc_rrna_kmer_000440|28S	AY283865.1	241650	N/A	100.000	31	0	0	1	31	1373	1343	Atoxoplasma sp. MS-2003 large subunit ribosomal RNA gene, partial sequence
cc_rrna_kmer_000440|28S	AY283860.1	241650	N/A	100.000	31	0	0	1	31	1382	1352	Atoxoplasma sp. MS-2003 large subunit ribosomal RNA gene, partial sequence
cc_rrna_kmer_000440|28S	AY283857.1	241650	N/A	100.000	31	0	0	1	31	1381	1351	Atoxoplasma sp. MS-2003 large subunit ribosomal RNA gene, partial sequence
cc_rrna_kmer_000440|28S	AY283852.1	241650	N/A	100.000	31	0	0	1	31	1378	1348	Atoxoplasma sp. MS-2003 large subunit ribosomal RNA gene, partial sequence
cc_rrna_kmer_000440|28S	OA985030.1	2823478	N/A	100.000	31	0	0	1	31	822	792	Isospora sp. Pr1 partial 28S rRNA gene
cc_rrna_kmer_000440|28S	AY283854.1	241650	N/A	100.000	31	0	0	1	31	1381	1351	Atoxoplasma sp. MS-2003 large subunit ribosomal RNA gene, partial sequence
cc_rrna_kmer_000440|28S	AY283841.1	241650	N/A	100.000	31	0	0	1	31	1384	1354	Atoxoplasma sp. MS-2003 large subunit ribosomal RNA gene, partial sequence
cc_rrna_kmer_000440|28S	AY283855.1	241650	N/A	100.000	31	0	0	1	31	1380	1350	Atoxoplasma sp. MS-2003 large subunit ribosomal RNA gene, partial sequence
cc_rrna_kmer_000440|28S	MW775031.1	1469499	N/A	100.000	31	0	0	1	31	1355	1325	Eimeria hermani isolate 9-Whooper-swan large subunit ribosomal RNA gene, partial sequence
cc_rrna_kmer_000440|28S	AY283840.1	241650	N/A	100.000	31	0	0	1	31	1385	1355	Atoxoplasma sp. MS-2003 large subunit ribosomal RNA gene, partial sequence
cc_rrna_kmer_000440|28S	OA985027.1	2823473	N/A	100.000	31	0	0	1	31	825	795	Isospora sp. Sgs1 partial 28S rRNA gene
cc_rrna_kmer_000440|28S	AY283867.1	241650	N/A	100.000	31	0	0	1	31	1382	1352	Atoxoplasma sp. MS-2003 large subunit ribosomal RNA gene, partial sequence
cc_rrna_kmer_000440|28S	AY283870.1	241650	N/A	100.000	31	0	0	1	31	1384	1354	Atoxoplasma sp. MS-2003 large subunit ribosomal RNA gene, partial sequence
cc_rrna_kmer_000440|28S	OR266354.1	1743397	N/A	100.000	31	0	0	1	31	595	565	Isospora sp. isolate 28S_Seq18 large subunit ribosomal RNA gene, partial sequence
cc_rrna_kmer_000440|28S	KT726931.1	1743397	N/A	100.000	31	0	0	1	31	1383	1353	Isospora sp. 28S ribosomal RNA gene, partial sequence
cc_rrna_kmer_000440|28S	AY283846.1	241650	N/A	100.000	31	0	0	1	31	1385	1355	Atoxoplasma sp. MS-2003 large subunit ribosomal RNA gene, partial sequence
cc_rrna_kmer_000440|28S	OA985033.1	2823480	N/A	100.000	31	0	0	1	31	826	796	Isospora sp. Hs1 partial 28S rRNA gene
cc_rrna_kmer_000440|28S	AY283851.1	241650	N/A	100.000	31	0	0	1	31	1381	1351	Atoxoplasma sp. MS-2003 large subunit ribosomal RNA gene, partial sequence
cc_rrna_kmer_000440|28S	AY283856.1	241650	N/A	100.000	31	0	0	1	31	1382	1352	Atoxoplasma sp. MS-2003 large subunit ribosomal RNA gene, partial sequence
cc_rrna_kmer_000441|28S	AY283845.1	241650	N/A	100.000	31	0	0	1	31	1349	1379	Atoxoplasma sp. MS-2003 large subunit ribosomal RNA gene, partial sequence
cc_rrna_kmer_000441|28S	OR101126.1	3051684	N/A	100.000	31	0	0	1	31	1283	1313	Isospora elliotae isolate 20384 large subunit ribosomal RNA gene, partial sequence
cc_rrna_kmer_000441|28S	AY283863.1	241650	N/A	100.000	31	0	0	1	31	1344	1374	Atoxoplasma sp. MS-2003 large subunit ribosomal RNA gene, partial sequence
cc_rrna_kmer_000441|28S	KT224382.1	1678287	N/A	100.000	31	0	0	1	31	1293	1323	Isospora sp. RY-2015c isolate RBF large subunit ribosomal RNA gene, partial sequence
cc_rrna_kmer_000441|28S	AY283844.1	241650	N/A	100.000	31	0	0	1	31	1349	1379	Atoxoplasma sp. MS-2003 large subunit ribosomal RNA gene, partial sequence
cc_rrna_kmer_000441|28S	AY283862.1	241650	N/A	100.000	31	0	0	1	31	1348	1378	Atoxoplasma sp. MS-2003 large subunit ribosomal RNA gene, partial sequence
cc_rrna_kmer_000441|28S	OA985032.1	2823481	N/A	100.000	31	0	0	1	31	792	822	Isospora sp. Hs2 partial 28S rRNA gene
cc_rrna_kmer_000441|28S	AY283839.1	241650	N/A	100.000	31	0	0	1	31	1358	1388	Atoxoplasma sp. MS-2003 large subunit ribosomal RNA gene, partial sequence
cc_rrna_kmer_000441|28S	AY283858.1	241650	N/A	100.000	31	0	0	1	31	1347	1377	Atoxoplasma sp. MS-2003 large subunit ribosomal RNA gene, partial sequence
cc_rrna_kmer_000441|28S	AY283864.1	241650	N/A	100.000	31	0	0	1	31	1353	1383	Atoxoplasma sp. MS-2003 large subunit ribosomal RNA gene, partial sequence
cc_rrna_kmer_000441|28S	AY283869.1	241650	N/A	100.000	31	0	0	1	31	1355	1385	Atoxoplasma sp. MS-2003 large subunit ribosomal RNA gene, partial sequence
cc_rrna_kmer_000441|28S	AY283868.1	241650	N/A	100.000	31	0	0	1	31	1347	1377	Atoxoplasma sp. MS-2003 large subunit ribosomal RNA gene, partial sequence
cc_rrna_kmer_000441|28S	MW775029.1	2820069	N/A	100.000	31	0	0	1	31	1314	1344	Isospora mayuri isolate 7-Bule-peafowl large subunit ribosomal RNA gene, partial sequence
cc_rrna_kmer_000441|28S	AY283859.1	241650	N/A	100.000	31	0	0	1	31	1349	1379	Atoxoplasma sp. MS-2003 large subunit ribosomal RNA gene, partial sequence
cc_rrna_kmer_000441|28S	KJ634022.1	1565085	N/A	100.000	31	0	0	1	31	878	908	Isospora streperae 28S ribosomal RNA gene, partial sequence
cc_rrna_kmer_000441|28S	AY283847.1	241650	N/A	100.000	31	0	0	1	31	1349	1379	Atoxoplasma sp. MS-2003 large subunit ribosomal RNA gene, partial sequence
cc_rrna_kmer_000441|28S	OA985031.1	2823479	N/A	100.000	31	0	0	1	31	787	817	Isospora sp. Pr2 partial 28S rRNA gene
cc_rrna_kmer_000441|28S	AY283850.1	241650	N/A	100.000	31	0	0	1	31	1344	1374	Atoxoplasma sp. MS-2003 large subunit ribosomal RNA gene, partial sequence
cc_rrna_kmer_000441|28S	KY801686.1	2153390	N/A	100.000	31	0	0	1	31	1277	1307	Isospora butcherae 28S ribosomal RNA gene, partial sequence
cc_rrna_kmer_000441|28S	OQ459343.1	3028803	N/A	100.000	31	0	0	1	31	1273	1303	Eimeria briceae isolate 201909 large subunit ribosomal RNA gene, partial sequence
cc_rrna_kmer_000441|28S	AY283861.1	241650	N/A	100.000	31	0	0	1	31	1346	1376	Atoxoplasma sp. MS-2003 large subunit ribosomal RNA gene, partial sequence
cc_rrna_kmer_000441|28S	AY283843.1	241650	N/A	100.000	31	0	0	1	31	1351	1381	Atoxoplasma sp. MS-2003 large subunit ribosomal RNA gene, partial sequence
cc_rrna_kmer_000441|28S	OA985026.1	2823474	N/A	100.000	31	0	0	1	31	792	822	Isospora sp. Bclt1 partial 28S rRNA gene
cc_rrna_kmer_000441|28S	AY283866.1	241650	N/A	100.000	31	0	0	1	31	1347	1377	Atoxoplasma sp. MS-2003 large subunit ribosomal RNA gene, partial sequence
cc_rrna_kmer_000441|28S	XR_003297360.1	88456	N/A	100.000	31	0	0	1	31	688	718	PREDICTED: Cyclospora cayetanensis large subunit ribosomal RNA (LOC113146729), rRNA
cc_rrna_kmer_000441|28S	AY283848.1	241650	N/A	100.000	31	0	0	1	31	1349	1379	Atoxoplasma sp. MS-2003 large subunit ribosomal RNA gene, partial sequence
cc_rrna_kmer_000441|28S	AY283849.1	241650	N/A	100.000	31	0	0	1	31	1350	1380	Atoxoplasma sp. MS-2003 large subunit ribosomal RNA gene, partial sequence
cc_rrna_kmer_000441|28S	AY283853.1	241650	N/A	100.000	31	0	0	1	31	1348	1378	Atoxoplasma sp. MS-2003 large subunit ribosomal RNA gene, partial sequence
cc_rrna_kmer_000441|28S	OA985028.1	2823475;2823476	N/A;N/A	100.000	31	0	0	1	31	792	822	Isospora sp. Pc1 partial 28S rRNA gene
cc_rrna_kmer_000441|28S	AY283865.1	241650	N/A	100.000	31	0	0	1	31	1340	1370	Atoxoplasma sp. MS-2003 large subunit ribosomal RNA gene, partial sequence
cc_rrna_kmer_000441|28S	AY283860.1	241650	N/A	100.000	31	0	0	1	31	1349	1379	Atoxoplasma sp. MS-2003 large subunit ribosomal RNA gene, partial sequence
cc_rrna_kmer_000441|28S	AY283857.1	241650	N/A	100.000	31	0	0	1	31	1348	1378	Atoxoplasma sp. MS-2003 large subunit ribosomal RNA gene, partial sequence
cc_rrna_kmer_000441|28S	AY283852.1	241650	N/A	100.000	31	0	0	1	31	1345	1375	Atoxoplasma sp. MS-2003 large subunit ribosomal RNA gene, partial sequence
cc_rrna_kmer_000441|28S	OA985030.1	2823478	N/A	100.000	31	0	0	1	31	789	819	Isospora sp. Pr1 partial 28S rRNA gene
cc_rrna_kmer_000441|28S	AY283854.1	241650	N/A	100.000	31	0	0	1	31	1348	1378	Atoxoplasma sp. MS-2003 large subunit ribosomal RNA gene, partial sequence
cc_rrna_kmer_000441|28S	AY283841.1	241650	N/A	100.000	31	0	0	1	31	1351	1381	Atoxoplasma sp. MS-2003 large subunit ribosomal RNA gene, partial sequence
cc_rrna_kmer_000441|28S	AY283855.1	241650	N/A	100.000	31	0	0	1	31	1347	1377	Atoxoplasma sp. MS-2003 large subunit ribosomal RNA gene, partial sequence
cc_rrna_kmer_000441|28S	MW775031.1	1469499	N/A	100.000	31	0	0	1	31	1322	1352	Eimeria hermani isolate 9-Whooper-swan large subunit ribosomal RNA gene, partial sequence
cc_rrna_kmer_000441|28S	AY283840.1	241650	N/A	100.000	31	0	0	1	31	1352	1382	Atoxoplasma sp. MS-2003 large subunit ribosomal RNA gene, partial sequence
cc_rrna_kmer_000441|28S	OA985027.1	2823473	N/A	100.000	31	0	0	1	31	792	822	Isospora sp. Sgs1 partial 28S rRNA gene
cc_rrna_kmer_000441|28S	AY283867.1	241650	N/A	100.000	31	0	0	1	31	1349	1379	Atoxoplasma sp. MS-2003 large subunit ribosomal RNA gene, partial sequence
cc_rrna_kmer_000441|28S	AY283870.1	241650	N/A	100.000	31	0	0	1	31	1351	1381	Atoxoplasma sp. MS-2003 large subunit ribosomal RNA gene, partial sequence
cc_rrna_kmer_000441|28S	OR266354.1	1743397	N/A	100.000	31	0	0	1	31	562	592	Isospora sp. isolate 28S_Seq18 large subunit ribosomal RNA gene, partial sequence
cc_rrna_kmer_000441|28S	KT726931.1	1743397	N/A	100.000	31	0	0	1	31	1350	1380	Isospora sp. 28S ribosomal RNA gene, partial sequence
cc_rrna_kmer_000441|28S	AY283846.1	241650	N/A	100.000	31	0	0	1	31	1352	1382	Atoxoplasma sp. MS-2003 large subunit ribosomal RNA gene, partial sequence
cc_rrna_kmer_000441|28S	OA985033.1	2823480	N/A	100.000	31	0	0	1	31	793	823	Isospora sp. Hs1 partial 28S rRNA gene
cc_rrna_kmer_000441|28S	AY283851.1	241650	N/A	100.000	31	0	0	1	31	1348	1378	Atoxoplasma sp. MS-2003 large subunit ribosomal RNA gene, partial sequence
cc_rrna_kmer_000441|28S	MW775028.1	2820073	N/A	100.000	31	0	0	1	31	1309	1339	Isospora lacazei isolate 6-Bule-peafowl large subunit ribosomal RNA gene, partial sequence
cc_rrna_kmer_000441|28S	AY283856.1	241650	N/A	100.000	31	0	0	1	31	1349	1379	Atoxoplasma sp. MS-2003 large subunit ribosomal RNA gene, partial sequence
cc_rrna_kmer_000442|28S	XR_003297360.1	88456	N/A	100.000	31	0	0	1	31	437	467	PREDICTED: Cyclospora cayetanensis large subunit ribosomal RNA (LOC113146729), rRNA
cc_rrna_kmer_000442|28S	EU252544.1	88456	N/A	100.000	31	0	0	1	31	1182	1212	Cyclospora cayetanensis 28S large subunit ribosomal RNA gene, partial sequence
cc_rrna_kmer_000443|28S	AY283845.1	241650	N/A	100.000	31	0	0	1	31	1242	1212	Atoxoplasma sp. MS-2003 large subunit ribosomal RNA gene, partial sequence
cc_rrna_kmer_000443|28S	OR101126.1	3051684	N/A	100.000	31	0	0	1	31	1176	1146	Isospora elliotae isolate 20384 large subunit ribosomal RNA gene, partial sequence
cc_rrna_kmer_000443|28S	AY283863.1	241650	N/A	100.000	31	0	0	1	31	1237	1207	Atoxoplasma sp. MS-2003 large subunit ribosomal RNA gene, partial sequence
cc_rrna_kmer_000443|28S	KT224382.1	1678287	N/A	100.000	31	0	0	1	31	1186	1156	Isospora sp. RY-2015c isolate RBF large subunit ribosomal RNA gene, partial sequence
cc_rrna_kmer_000443|28S	AY283844.1	241650	N/A	100.000	31	0	0	1	31	1242	1212	Atoxoplasma sp. MS-2003 large subunit ribosomal RNA gene, partial sequence
cc_rrna_kmer_000443|28S	AY283862.1	241650	N/A	100.000	31	0	0	1	31	1241	1211	Atoxoplasma sp. MS-2003 large subunit ribosomal RNA gene, partial sequence
cc_rrna_kmer_000443|28S	OR266355.1	1743397	N/A	100.000	31	0	0	1	31	625	595	Isospora sp. isolate 28S_Seq19 large subunit ribosomal RNA gene, partial sequence
cc_rrna_kmer_000443|28S	OA985032.1	2823481	N/A	100.000	31	0	0	1	31	685	655	Isospora sp. Hs2 partial 28S rRNA gene
cc_rrna_kmer_000443|28S	AY283839.1	241650	N/A	100.000	31	0	0	1	31	1251	1221	Atoxoplasma sp. MS-2003 large subunit ribosomal RNA gene, partial sequence
cc_rrna_kmer_000443|28S	AY283858.1	241650	N/A	100.000	31	0	0	1	31	1240	1210	Atoxoplasma sp. MS-2003 large subunit ribosomal RNA gene, partial sequence
cc_rrna_kmer_000443|28S	AY283864.1	241650	N/A	100.000	31	0	0	1	31	1246	1216	Atoxoplasma sp. MS-2003 large subunit ribosomal RNA gene, partial sequence
cc_rrna_kmer_000443|28S	AY283869.1	241650	N/A	100.000	31	0	0	1	31	1248	1218	Atoxoplasma sp. MS-2003 large subunit ribosomal RNA gene, partial sequence
cc_rrna_kmer_000443|28S	AY283868.1	241650	N/A	100.000	31	0	0	1	31	1240	1210	Atoxoplasma sp. MS-2003 large subunit ribosomal RNA gene, partial sequence
cc_rrna_kmer_000443|28S	OR266344.1	1743397	N/A	100.000	31	0	0	1	31	467	437	Isospora sp. isolate 28S_Seq08 large subunit ribosomal RNA gene, partial sequence
cc_rrna_kmer_000443|28S	MW775029.1	2820069	N/A	100.000	31	0	0	1	31	1207	1177	Isospora mayuri isolate 7-Bule-peafowl large subunit ribosomal RNA gene, partial sequence
cc_rrna_kmer_000443|28S	AY283859.1	241650	N/A	100.000	31	0	0	1	31	1242	1212	Atoxoplasma sp. MS-2003 large subunit ribosomal RNA gene, partial sequence
cc_rrna_kmer_000443|28S	KJ634022.1	1565085	N/A	100.000	31	0	0	1	31	771	741	Isospora streperae 28S ribosomal RNA gene, partial sequence
cc_rrna_kmer_000443|28S	OR266362.1	1743397	N/A	100.000	31	0	0	1	31	998	968	Isospora sp. isolate 28S_Seq26 large subunit ribosomal RNA gene, partial sequence
cc_rrna_kmer_000443|28S	OR266357.1	1743397	N/A	100.000	31	0	0	1	31	998	968	Isospora sp. isolate 28S_Seq21 large subunit ribosomal RNA gene, partial sequence
cc_rrna_kmer_000443|28S	AY283847.1	241650	N/A	100.000	31	0	0	1	31	1242	1212	Atoxoplasma sp. MS-2003 large subunit ribosomal RNA gene, partial sequence
cc_rrna_kmer_000443|28S	OA985031.1	2823479	N/A	100.000	31	0	0	1	31	680	650	Isospora sp. Pr2 partial 28S rRNA gene
cc_rrna_kmer_000443|28S	AY283850.1	241650	N/A	100.000	31	0	0	1	31	1237	1207	Atoxoplasma sp. MS-2003 large subunit ribosomal RNA gene, partial sequence
cc_rrna_kmer_000443|28S	OR266341.1	1743397	N/A	100.000	31	0	0	1	31	652	622	Isospora sp. isolate 28S_Seq05 large subunit ribosomal RNA gene, partial sequence
cc_rrna_kmer_000443|28S	OR266359.1	1743397	N/A	100.000	31	0	0	1	31	1000	970	Isospora sp. isolate 28S_Seq23 large subunit ribosomal RNA gene, partial sequence
cc_rrna_kmer_000443|28S	OR266345.1	1743397	N/A	100.000	31	0	0	1	31	472	442	Isospora sp. isolate 28S_Seq09 large subunit ribosomal RNA gene, partial sequence
cc_rrna_kmer_000443|28S	KY801686.1	2153390	N/A	100.000	31	0	0	1	31	1170	1140	Isospora butcherae 28S ribosomal RNA gene, partial sequence
cc_rrna_kmer_000443|28S	OR266343.1	1743397	N/A	100.000	31	0	0	1	31	472	442	Isospora sp. isolate 28S_Seq07 large subunit ribosomal RNA gene, partial sequence
cc_rrna_kmer_000443|28S	OR266348.1	1743397	N/A	100.000	31	0	0	1	31	744	714	Isospora sp. isolate 28S_Seq12 large subunit ribosomal RNA gene, partial sequence
cc_rrna_kmer_000443|28S	AY283861.1	241650	N/A	100.000	31	0	0	1	31	1239	1209	Atoxoplasma sp. MS-2003 large subunit ribosomal RNA gene, partial sequence
cc_rrna_kmer_000443|28S	OR266350.1	1743397	N/A	100.000	31	0	0	1	31	999	969	Isospora sp. isolate 28S_Seq14 large subunit ribosomal RNA gene, partial sequence
cc_rrna_kmer_000443|28S	AY283843.1	241650	N/A	100.000	31	0	0	1	31	1244	1214	Atoxoplasma sp. MS-2003 large subunit ribosomal RNA gene, partial sequence
cc_rrna_kmer_000443|28S	OA985026.1	2823474	N/A	100.000	31	0	0	1	31	685	655	Isospora sp. Bclt1 partial 28S rRNA gene
cc_rrna_kmer_000443|28S	AY283866.1	241650	N/A	100.000	31	0	0	1	31	1240	1210	Atoxoplasma sp. MS-2003 large subunit ribosomal RNA gene, partial sequence
cc_rrna_kmer_000443|28S	OR266337.1	1743397	N/A	100.000	31	0	0	1	31	1003	973	Isospora sp. isolate 28S_Seq01 large subunit ribosomal RNA gene, partial sequence
cc_rrna_kmer_000443|28S	XR_003297360.1	88456	N/A	100.000	31	0	0	1	31	581	551	PREDICTED: Cyclospora cayetanensis large subunit ribosomal RNA (LOC113146729), rRNA
cc_rrna_kmer_000443|28S	AY283848.1	241650	N/A	100.000	31	0	0	1	31	1242	1212	Atoxoplasma sp. MS-2003 large subunit ribosomal RNA gene, partial sequence
cc_rrna_kmer_000443|28S	AY283849.1	241650	N/A	100.000	31	0	0	1	31	1243	1213	Atoxoplasma sp. MS-2003 large subunit ribosomal RNA gene, partial sequence
cc_rrna_kmer_000443|28S	OR266358.1	1743397	N/A	100.000	31	0	0	1	31	998	968	Isospora sp. isolate 28S_Seq22 large subunit ribosomal RNA gene, partial sequence
cc_rrna_kmer_000443|28S	OR266339.1	1743397	N/A	100.000	31	0	0	1	31	762	732	Isospora sp. isolate 28S_Seq03 large subunit ribosomal RNA gene, partial sequence
cc_rrna_kmer_000443|28S	AY283853.1	241650	N/A	100.000	31	0	0	1	31	1241	1211	Atoxoplasma sp. MS-2003 large subunit ribosomal RNA gene, partial sequence
cc_rrna_kmer_000443|28S	OA985028.1	2823475;2823476	N/A;N/A	100.000	31	0	0	1	31	685	655	Isospora sp. Pc1 partial 28S rRNA gene
cc_rrna_kmer_000443|28S	AY283865.1	241650	N/A	100.000	31	0	0	1	31	1233	1203	Atoxoplasma sp. MS-2003 large subunit ribosomal RNA gene, partial sequence
cc_rrna_kmer_000443|28S	OR266349.1	1743397	N/A	100.000	31	0	0	1	31	759	729	Isospora sp. isolate 28S_Seq13 large subunit ribosomal RNA gene, partial sequence
cc_rrna_kmer_000443|28S	AY283860.1	241650	N/A	100.000	31	0	0	1	31	1242	1212	Atoxoplasma sp. MS-2003 large subunit ribosomal RNA gene, partial sequence
cc_rrna_kmer_000443|28S	AY283857.1	241650	N/A	100.000	31	0	0	1	31	1241	1211	Atoxoplasma sp. MS-2003 large subunit ribosomal RNA gene, partial sequence
cc_rrna_kmer_000443|28S	OR266361.1	1743397	N/A	100.000	31	0	0	1	31	999	969	Isospora sp. isolate 28S_Seq25 large subunit ribosomal RNA gene, partial sequence
cc_rrna_kmer_000443|28S	AY283852.1	241650	N/A	100.000	31	0	0	1	31	1238	1208	Atoxoplasma sp. MS-2003 large subunit ribosomal RNA gene, partial sequence
cc_rrna_kmer_000443|28S	OR266363.1	1743397	N/A	100.000	31	0	0	1	31	756	726	Isospora sp. isolate 28S_Seq27 large subunit ribosomal RNA gene, partial sequence
cc_rrna_kmer_000443|28S	OR266356.1	1743397	N/A	100.000	31	0	0	1	31	518	488	Isospora sp. isolate 28S_Seq20 large subunit ribosomal RNA gene, partial sequence
cc_rrna_kmer_000443|28S	OA985030.1	2823478	N/A	100.000	31	0	0	1	31	682	652	Isospora sp. Pr1 partial 28S rRNA gene
cc_rrna_kmer_000443|28S	AY283854.1	241650	N/A	100.000	31	0	0	1	31	1241	1211	Atoxoplasma sp. MS-2003 large subunit ribosomal RNA gene, partial sequence
cc_rrna_kmer_000443|28S	AY283841.1	241650	N/A	100.000	31	0	0	1	31	1244	1214	Atoxoplasma sp. MS-2003 large subunit ribosomal RNA gene, partial sequence
cc_rrna_kmer_000443|28S	AY283855.1	241650	N/A	100.000	31	0	0	1	31	1240	1210	Atoxoplasma sp. MS-2003 large subunit ribosomal RNA gene, partial sequence
cc_rrna_kmer_000443|28S	AY283840.1	241650	N/A	100.000	31	0	0	1	31	1245	1215	Atoxoplasma sp. MS-2003 large subunit ribosomal RNA gene, partial sequence
cc_rrna_kmer_000443|28S	OA985027.1	2823473	N/A	100.000	31	0	0	1	31	685	655	Isospora sp. Sgs1 partial 28S rRNA gene
cc_rrna_kmer_000443|28S	AY283867.1	241650	N/A	100.000	31	0	0	1	31	1242	1212	Atoxoplasma sp. MS-2003 large subunit ribosomal RNA gene, partial sequence
cc_rrna_kmer_000443|28S	OR266340.1	1743397	N/A	100.000	31	0	0	1	31	460	430	Isospora sp. isolate 28S_Seq04 large subunit ribosomal RNA gene, partial sequence
cc_rrna_kmer_000443|28S	AY283870.1	241650	N/A	100.000	31	0	0	1	31	1244	1214	Atoxoplasma sp. MS-2003 large subunit ribosomal RNA gene, partial sequence
cc_rrna_kmer_000443|28S	LC193129.1	1913026	N/A	100.000	31	0	0	1	31	613	583	Isospora lunaris gene for 28S ribosomal RNA, partial sequence
cc_rrna_kmer_000443|28S	OR266338.1	1743397	N/A	100.000	31	0	0	1	31	1108	1078	Isospora sp. isolate 28S_Seq02 large subunit ribosomal RNA gene, partial sequence
cc_rrna_kmer_000443|28S	OR266354.1	1743397	N/A	100.000	31	0	0	1	31	455	425	Isospora sp. isolate 28S_Seq18 large subunit ribosomal RNA gene, partial sequence
cc_rrna_kmer_000443|28S	OR266351.1	1743397	N/A	100.000	31	0	0	1	31	474	444	Isospora sp. isolate 28S_Seq15 large subunit ribosomal RNA gene, partial sequence
cc_rrna_kmer_000443|28S	EU252544.1	88456	N/A	100.000	31	0	0	1	31	1326	1296	Cyclospora cayetanensis 28S large subunit ribosomal RNA gene, partial sequence
cc_rrna_kmer_000443|28S	AY283846.1	241650	N/A	100.000	31	0	0	1	31	1245	1215	Atoxoplasma sp. MS-2003 large subunit ribosomal RNA gene, partial sequence
cc_rrna_kmer_000443|28S	OR266342.1	1743397	N/A	100.000	31	0	0	1	31	456	426	Isospora sp. isolate 28S_Seq06 large subunit ribosomal RNA gene, partial sequence
cc_rrna_kmer_000443|28S	OA985033.1	2823480	N/A	100.000	31	0	0	1	31	686	656	Isospora sp. Hs1 partial 28S rRNA gene
cc_rrna_kmer_000443|28S	OR266353.1	1743397	N/A	100.000	31	0	0	1	31	1006	976	Isospora sp. isolate 28S_Seq17 large subunit ribosomal RNA gene, partial sequence
cc_rrna_kmer_000443|28S	OR266347.1	1743397	N/A	100.000	31	0	0	1	31	472	442	Isospora sp. isolate 28S_Seq11 large subunit ribosomal RNA gene, partial sequence
cc_rrna_kmer_000443|28S	AY283851.1	241650	N/A	100.000	31	0	0	1	31	1241	1211	Atoxoplasma sp. MS-2003 large subunit ribosomal RNA gene, partial sequence
cc_rrna_kmer_000443|28S	MW775028.1	2820073	N/A	100.000	31	0	0	1	31	1202	1172	Isospora lacazei isolate 6-Bule-peafowl large subunit ribosomal RNA gene, partial sequence
cc_rrna_kmer_000443|28S	AY283856.1	241650	N/A	100.000	31	0	0	1	31	1242	1212	Atoxoplasma sp. MS-2003 large subunit ribosomal RNA gene, partial sequence
cc_rrna_kmer_000443|28S	OR266346.1	1743397	N/A	100.000	31	0	0	1	31	472	442	Isospora sp. isolate 28S_Seq10 large subunit ribosomal RNA gene, partial sequence
cc_rrna_kmer_000444|28S	EU252544.1	88456	N/A	100.000	31	0	0	1	31	603	573	Cyclospora cayetanensis 28S large subunit ribosomal RNA gene, partial sequence
cc_rrna_kmer_000445|28S	EU252544.1	88456	N/A	100.000	31	0	0	1	31	1849	1819	Cyclospora cayetanensis 28S large subunit ribosomal RNA gene, partial sequence
cc_rrna_kmer_000446|18S	MK946294.1	342097	N/A	100.000	31	0	0	1	31	28	58	Uncultured soil eukaryote clone l330 small subunit ribosomal RNA gene, partial sequence
cc_rrna_kmer_000448|28S	XR_003297360.1	88456	N/A	100.000	31	0	0	1	31	481	451	PREDICTED: Cyclospora cayetanensis large subunit ribosomal RNA (LOC113146729), rRNA
cc_rrna_kmer_000448|28S	EU252544.1	88456	N/A	100.000	31	0	0	1	31	1226	1196	Cyclospora cayetanensis 28S large subunit ribosomal RNA gene, partial sequence
cc_rrna_kmer_000449|28S	XR_003297360.1	88456	N/A	100.000	31	0	0	1	31	2572	2542	PREDICTED: Cyclospora cayetanensis large subunit ribosomal RNA (LOC113146729), rRNA
cc_rrna_kmer_000450|28S	AP038851.1	142759	N/A	100.000	31	0	0	1	31	5077839	5077809	Solanum cheesmaniae LA0166 DNA, chromosome 2, nearly complete sequence
cc_rrna_kmer_000450|28S	XR_003297360.1	88456	N/A	100.000	31	0	0	1	31	388	418	PREDICTED: Cyclospora cayetanensis large subunit ribosomal RNA (LOC113146729), rRNA
cc_rrna_kmer_000450|28S	EU252544.1	88456	N/A	100.000	31	0	0	1	31	1133	1163	Cyclospora cayetanensis 28S large subunit ribosomal RNA gene, partial sequence
cc_rrna_kmer_000451|28S	EU252544.1	88456	N/A	100.000	31	0	0	1	31	1859	1829	Cyclospora cayetanensis 28S large subunit ribosomal RNA gene, partial sequence
cc_rrna_kmer_000452|28S	XR_003297360.1	88456	N/A	100.000	31	0	0	1	31	987	957	PREDICTED: Cyclospora cayetanensis large subunit ribosomal RNA (LOC113146729), rRNA
cc_rrna_kmer_000453|18S	AB970208.1	100272	N/A	100.000	31	0	0	1	31	90	60	Uncultured eukaryote gene for 18S rRNA, partial sequence, clone: CompH_DNA_21
cc_rrna_kmer_000453|18S	GQ844420.1	175245	N/A	100.000	31	0	0	1	31	90	60	Uncultured fungus clone WD0-34 18S ribosomal RNA gene, partial sequence
cc_rrna_kmer_000453|18S	GQ844407.1	175245	N/A	100.000	31	0	0	1	31	90	60	Uncultured fungus clone WD0-16 18S ribosomal RNA gene, partial sequence
cc_rrna_kmer_000453|18S	GQ844425.1	175245	N/A	100.000	31	0	0	1	31	90	60	Uncultured fungus clone WD0-40 18S ribosomal RNA gene, partial sequence
cc_rrna_kmer_000453|18S	GQ844577.1	175245	N/A	100.000	31	0	0	1	31	90	60	Uncultured fungus clone WD4-148 18S ribosomal RNA gene, partial sequence
cc_rrna_kmer_000453|18S	GQ844411.1	175245	N/A	100.000	31	0	0	1	31	90	60	Uncultured fungus clone WD0-23 18S ribosomal RNA gene, partial sequence
cc_rrna_kmer_000453|18S	PX656291.1	2735417	N/A	100.000	31	0	0	1	31	43	13	Salpingoecidae sp. isolate OTU_768 small subunit ribosomal RNA gene, partial sequence
cc_rrna_kmer_000456|18S	XR_003297358.1	88456	N/A	100.000	31	0	0	1	31	269	299	PREDICTED: Cyclospora cayetanensis small subunit ribosomal RNA (LOC113146722), rRNA
cc_rrna_kmer_000457|28S	AF301386.1	88456	N/A	100.000	31	0	0	1	31	1487	1517	Cyclospora cayetanensis small subunit ribosomal RNA gene, partial sequence; internal transcribed spacer 1, 5.8S ribosomal RNA gene and internal transcribed spacer 2, complete sequence; and large subunit ribosomal RNA gene, partial sequence
cc_rrna_kmer_000457|28S	EU252544.1	88456	N/A	100.000	31	0	0	1	31	26	56	Cyclospora cayetanensis 28S large subunit ribosomal RNA gene, partial sequence
cc_rrna_kmer_000457|28S	AF301391.1	88456	N/A	100.000	31	0	0	1	31	1489	1519	Cyclospora cayetanensis small subunit ribosomal RNA gene, partial sequence; internal transcribed spacer 1, 5.8S ribosomal RNA gene and internal transcribed spacer 2, complete sequence; and large subunit ribosomal RNA gene, partial sequence
cc_rrna_kmer_000458|28S	XR_003297360.1	88456	N/A	100.000	31	0	0	1	31	1935	1905	PREDICTED: Cyclospora cayetanensis large subunit ribosomal RNA (LOC113146729), rRNA
cc_rrna_kmer_000459|28S	XR_003297360.1	88456	N/A	100.000	31	0	0	1	31	118	88	PREDICTED: Cyclospora cayetanensis large subunit ribosomal RNA (LOC113146729), rRNA
cc_rrna_kmer_000459|28S	EU252544.1	88456	N/A	100.000	31	0	0	1	31	863	833	Cyclospora cayetanensis 28S large subunit ribosomal RNA gene, partial sequence
cc_rrna_kmer_000460|28S	EU252544.1	88456	N/A	100.000	31	0	0	1	31	692	662	Cyclospora cayetanensis 28S large subunit ribosomal RNA gene, partial sequence
cc_rrna_kmer_000461|28S	XR_003297360.1	88456	N/A	100.000	31	0	0	1	31	602	572	PREDICTED: Cyclospora cayetanensis large subunit ribosomal RNA (LOC113146729), rRNA
cc_rrna_kmer_000461|28S	EU252544.1	88456	N/A	100.000	31	0	0	1	31	1347	1317	Cyclospora cayetanensis 28S large subunit ribosomal RNA gene, partial sequence
cc_rrna_kmer_000463|28S	EU252544.1	88456	N/A	100.000	31	0	0	1	31	544	514	Cyclospora cayetanensis 28S large subunit ribosomal RNA gene, partial sequence
cc_rrna_kmer_000464|28S	XR_003297360.1	88456	N/A	100.000	31	0	0	1	31	162	132	PREDICTED: Cyclospora cayetanensis large subunit ribosomal RNA (LOC113146729), rRNA
cc_rrna_kmer_000464|28S	EU252544.1	88456	N/A	100.000	31	0	0	1	31	907	877	Cyclospora cayetanensis 28S large subunit ribosomal RNA gene, partial sequence
cc_rrna_kmer_000465|28S	XR_003297360.1	88456	N/A	100.000	31	0	0	1	31	795	765	PREDICTED: Cyclospora cayetanensis large subunit ribosomal RNA (LOC113146729), rRNA
cc_rrna_kmer_000465|28S	EU252544.1	88456	N/A	100.000	31	0	0	1	31	1540	1510	Cyclospora cayetanensis 28S large subunit ribosomal RNA gene, partial sequence
cc_rrna_kmer_000466|28S	XR_003297360.1	88456	N/A	100.000	31	0	0	1	31	1081	1051	PREDICTED: Cyclospora cayetanensis large subunit ribosomal RNA (LOC113146729), rRNA
cc_rrna_kmer_000466|28S	EU252544.1	88456	N/A	100.000	31	0	0	1	31	1826	1796	Cyclospora cayetanensis 28S large subunit ribosomal RNA gene, partial sequence
cc_rrna_kmer_000467|28S	XR_003297360.1	88456	N/A	100.000	31	0	0	1	31	2674	2644	PREDICTED: Cyclospora cayetanensis large subunit ribosomal RNA (LOC113146729), rRNA
cc_rrna_kmer_000468|28S	XR_003297360.1	88456	N/A	100.000	31	0	0	1	31	2595	2625	PREDICTED: Cyclospora cayetanensis large subunit ribosomal RNA (LOC113146729), rRNA
cc_rrna_kmer_000469|28S	XR_003297360.1	88456	N/A	100.000	31	0	0	1	31	1910	1880	PREDICTED: Cyclospora cayetanensis large subunit ribosomal RNA (LOC113146729), rRNA
cc_rrna_kmer_000471|28S	XR_003297360.1	88456	N/A	100.000	31	0	0	1	31	2551	2521	PREDICTED: Cyclospora cayetanensis large subunit ribosomal RNA (LOC113146729), rRNA
cc_rrna_kmer_000472|18S	AF111183.1	88456	N/A	100.000	31	0	0	1	31	1721	1691	Cyclospora cayetanensis 18S ribosomal RNA gene, complete sequence
cc_rrna_kmer_000472|18S	XR_003297358.1	88456	N/A	100.000	31	0	0	1	31	1721	1691	PREDICTED: Cyclospora cayetanensis small subunit ribosomal RNA (LOC113146722), rRNA
cc_rrna_kmer_000472|18S	KX618190.1	88456	N/A	100.000	31	0	0	1	31	1721	1691	Cyclospora cayetanensis 18S small subunit ribosomal RNA gene, partial sequence
cc_rrna_kmer_000473|28S	MK530654.1	2591227	N/A	100.000	31	0	0	1	31	93	63	Isospora coronoideae large subunit ribosomal RNA gene, partial sequence
cc_rrna_kmer_000473|28S	MW422270.1	2800198	N/A	100.000	31	0	0	1	31	78	48	Isospora phylidonyrisae isolate 20381 large subunit ribosomal RNA gene, partial sequence
cc_rrna_kmer_000473|28S	PQ108888.1	3239063	N/A	100.000	31	0	0	1	31	92	62	Isospora virescensae isolate SHE01 large subunit ribosomal RNA gene, partial sequence
cc_rrna_kmer_000473|28S	MW776413.1	3054442	N/A	100.000	31	0	0	1	31	90	60	Isospora lunulatae isolate 20742 large subunit ribosomal RNA gene, partial sequence
cc_rrna_kmer_000473|28S	KT224381.1	1678286	N/A	100.000	31	0	0	1	31	78	48	Isospora manorinae isolate 22795 large subunit ribosomal RNA gene, partial sequence
cc_rrna_kmer_000473|28S	AB769739.1	1267178	N/A	100.000	31	0	0	1	31	1429	1399	Eimeria canadensis genes for 18S rRNA, internal transcribed spacer 1, 5.8S rRNA, internal transcribed spacer 2 and 28S rRNA, partial and complete sequence, isolate: 1-1, clone: 2
cc_rrna_kmer_000473|28S	EU252544.1	88456	N/A	100.000	31	0	0	1	31	226	196	Cyclospora cayetanensis 28S large subunit ribosomal RNA gene, partial sequence
cc_rrna_kmer_000473|28S	KF766053.1	1487184	N/A	100.000	31	0	0	1	31	90	60	Isospora anthochaerae large subunit ribosomal RNA gene, partial sequence
cc_rrna_kmer_000474|28S	XR_003297360.1	88456	N/A	100.000	31	0	0	1	31	1463	1433	PREDICTED: Cyclospora cayetanensis large subunit ribosomal RNA (LOC113146729), rRNA
cc_rrna_kmer_000475|28S	EU252544.1	88456	N/A	100.000	31	0	0	1	31	767	737	Cyclospora cayetanensis 28S large subunit ribosomal RNA gene, partial sequence
cc_rrna_kmer_000476|28S	AF301386.1	88456	N/A	100.000	31	0	0	1	31	1473	1503	Cyclospora cayetanensis small subunit ribosomal RNA gene, partial sequence; internal transcribed spacer 1, 5.8S ribosomal RNA gene and internal transcribed spacer 2, complete sequence; and large subunit ribosomal RNA gene, partial sequence
cc_rrna_kmer_000476|28S	EU252544.1	88456	N/A	100.000	31	0	0	1	31	12	42	Cyclospora cayetanensis 28S large subunit ribosomal RNA gene, partial sequence
cc_rrna_kmer_000476|28S	AF301391.1	88456	N/A	100.000	31	0	0	1	31	1475	1505	Cyclospora cayetanensis small subunit ribosomal RNA gene, partial sequence; internal transcribed spacer 1, 5.8S ribosomal RNA gene and internal transcribed spacer 2, complete sequence; and large subunit ribosomal RNA gene, partial sequence
cc_rrna_kmer_000477|28S	XR_003297360.1	88456	N/A	100.000	31	0	0	1	31	2558	2528	PREDICTED: Cyclospora cayetanensis large subunit ribosomal RNA (LOC113146729), rRNA
cc_rrna_kmer_000478|28S	EU252544.1	88456	N/A	100.000	31	0	0	1	31	302	272	Cyclospora cayetanensis 28S large subunit ribosomal RNA gene, partial sequence
cc_rrna_kmer_000479|28S	EU252544.1	88456	N/A	100.000	31	0	0	1	31	549	519	Cyclospora cayetanensis 28S large subunit ribosomal RNA gene, partial sequence
cc_rrna_kmer_000480|28S	EU252544.1	88456	N/A	100.000	31	0	0	1	31	534	504	Cyclospora cayetanensis 28S large subunit ribosomal RNA gene, partial sequence
cc_rrna_kmer_000481|28S	EU252544.1	88456	N/A	100.000	31	0	0	1	31	446	416	Cyclospora cayetanensis 28S large subunit ribosomal RNA gene, partial sequence
cc_rrna_kmer_000482|28S	XR_003297360.1	88456	N/A	100.000	31	0	0	1	31	1382	1352	PREDICTED: Cyclospora cayetanensis large subunit ribosomal RNA (LOC113146729), rRNA
cc_rrna_kmer_000483|28S	EU252544.1	88456	N/A	100.000	31	0	0	1	31	500	470	Cyclospora cayetanensis 28S large subunit ribosomal RNA gene, partial sequence
cc_rrna_kmer_000484|28S	PQ742171.1	3384731	N/A	100.000	31	0	0	1	31	6321	6291	Goussia degiustii isolate EE9_EE10_II1 external transcribed spacer, partial sequence; small subunit ribosomal RNA gene, internal transcribed spacer 1, 5.8S ribosomal RNA gene, internal transcribed spacer 2, and large subunit ribosomal RNA gene, complete sequence; and external transcribed spacer, partial sequence
cc_rrna_kmer_000484|28S	XR_003297360.1	88456	N/A	100.000	31	0	0	1	31	2698	2668	PREDICTED: Cyclospora cayetanensis large subunit ribosomal RNA (LOC113146729), rRNA
cc_rrna_kmer_000485|28S	XR_003297360.1	88456	N/A	100.000	31	0	0	1	31	734	704	PREDICTED: Cyclospora cayetanensis large subunit ribosomal RNA (LOC113146729), rRNA
cc_rrna_kmer_000485|28S	EU252544.1	88456	N/A	100.000	31	0	0	1	31	1479	1449	Cyclospora cayetanensis 28S large subunit ribosomal RNA gene, partial sequence
cc_rrna_kmer_000486|28S	XR_003297360.1	88456	N/A	100.000	31	0	0	1	31	1380	1350	PREDICTED: Cyclospora cayetanensis large subunit ribosomal RNA (LOC113146729), rRNA
cc_rrna_kmer_000487|28S	EU252544.1	88456	N/A	100.000	31	0	0	1	31	494	464	Cyclospora cayetanensis 28S large subunit ribosomal RNA gene, partial sequence
cc_rrna_kmer_000488|18S	AF111183.1	88456	N/A	100.000	31	0	0	1	31	1696	1666	Cyclospora cayetanensis 18S ribosomal RNA gene, complete sequence
cc_rrna_kmer_000488|18S	XR_003297358.1	88456	N/A	100.000	31	0	0	1	31	1696	1666	PREDICTED: Cyclospora cayetanensis small subunit ribosomal RNA (LOC113146722), rRNA
cc_rrna_kmer_000488|18S	KX618190.1	88456	N/A	100.000	31	0	0	1	31	1696	1666	Cyclospora cayetanensis 18S small subunit ribosomal RNA gene, partial sequence
cc_rrna_kmer_000489|28S	XR_003297360.1	88456	N/A	100.000	31	0	0	1	31	1468	1498	PREDICTED: Cyclospora cayetanensis large subunit ribosomal RNA (LOC113146729), rRNA
cc_rrna_kmer_000490|28S	XR_003297360.1	88456	N/A	100.000	31	0	0	1	31	1929	1899	PREDICTED: Cyclospora cayetanensis large subunit ribosomal RNA (LOC113146729), rRNA
cc_rrna_kmer_000491|28S	AF301386.1	88456	N/A	100.000	31	0	0	1	31	1470	1500	Cyclospora cayetanensis small subunit ribosomal RNA gene, partial sequence; internal transcribed spacer 1, 5.8S ribosomal RNA gene and internal transcribed spacer 2, complete sequence; and large subunit ribosomal RNA gene, partial sequence
cc_rrna_kmer_000491|28S	EU252544.1	88456	N/A	100.000	31	0	0	1	31	9	39	Cyclospora cayetanensis 28S large subunit ribosomal RNA gene, partial sequence
cc_rrna_kmer_000491|28S	AF301391.1	88456	N/A	100.000	31	0	0	1	31	1472	1502	Cyclospora cayetanensis small subunit ribosomal RNA gene, partial sequence; internal transcribed spacer 1, 5.8S ribosomal RNA gene and internal transcribed spacer 2, complete sequence; and large subunit ribosomal RNA gene, partial sequence
cc_rrna_kmer_000492|28S	XR_003297360.1	88456	N/A	100.000	31	0	0	1	31	198	168	PREDICTED: Cyclospora cayetanensis large subunit ribosomal RNA (LOC113146729), rRNA
cc_rrna_kmer_000492|28S	EU252544.1	88456	N/A	100.000	31	0	0	1	31	943	913	Cyclospora cayetanensis 28S large subunit ribosomal RNA gene, partial sequence
cc_rrna_kmer_000493|28S	XR_003297360.1	88456	N/A	100.000	31	0	0	1	31	66	36	PREDICTED: Cyclospora cayetanensis large subunit ribosomal RNA (LOC113146729), rRNA
cc_rrna_kmer_000493|28S	EU252544.1	88456	N/A	100.000	31	0	0	1	31	811	781	Cyclospora cayetanensis 28S large subunit ribosomal RNA gene, partial sequence
cc_rrna_kmer_000494|28S	XR_003297360.1	88456	N/A	100.000	31	0	0	1	31	722	752	PREDICTED: Cyclospora cayetanensis large subunit ribosomal RNA (LOC113146729), rRNA
cc_rrna_kmer_000494|28S	EU252544.1	88456	N/A	100.000	31	0	0	1	31	1467	1497	Cyclospora cayetanensis 28S large subunit ribosomal RNA gene, partial sequence
cc_rrna_kmer_000495|28S	XR_003297360.1	88456	N/A	100.000	31	0	0	1	31	1177	1147	PREDICTED: Cyclospora cayetanensis large subunit ribosomal RNA (LOC113146729), rRNA
cc_rrna_kmer_000495|28S	EU252544.1	88456	N/A	100.000	31	0	0	1	31	1922	1892	Cyclospora cayetanensis 28S large subunit ribosomal RNA gene, partial sequence
cc_rrna_kmer_000496|28S	EU252544.1	88456	N/A	100.000	31	0	0	1	31	291	261	Cyclospora cayetanensis 28S large subunit ribosomal RNA gene, partial sequence
cc_rrna_kmer_000497|18S	MK946294.1	342097	N/A	100.000	31	0	0	1	31	55	25	Uncultured soil eukaryote clone l330 small subunit ribosomal RNA gene, partial sequence
cc_rrna_kmer_000498|28S	XR_003297360.1	88456	N/A	100.000	31	0	0	1	31	1847	1817	PREDICTED: Cyclospora cayetanensis large subunit ribosomal RNA (LOC113146729), rRNA
cc_rrna_kmer_000499|28S	XR_003297360.1	88456	N/A	100.000	31	0	0	1	31	2176	2146	PREDICTED: Cyclospora cayetanensis large subunit ribosomal RNA (LOC113146729), rRNA
cc_rrna_kmer_000499|28S	GU593716.1	947543	N/A	100.000	31	0	0	1	31	818	788	Goussia carpelli strain 23 28S ribosomal RNA gene, partial sequence
cc_rrna_kmer_000500|28S	XR_003297360.1	88456	N/A	100.000	31	0	0	1	31	1407	1377	PREDICTED: Cyclospora cayetanensis large subunit ribosomal RNA (LOC113146729), rRNA
cc_rrna_kmer_000501|28S	XR_003297360.1	88456	N/A	100.000	31	0	0	1	31	1467	1437	PREDICTED: Cyclospora cayetanensis large subunit ribosomal RNA (LOC113146729), rRNA
cc_rrna_kmer_000502|28S	EU252544.1	88456	N/A	100.000	31	0	0	1	31	498	468	Cyclospora cayetanensis 28S large subunit ribosomal RNA gene, partial sequence
cc_rrna_kmer_000503|28S	LC856936.1	1962270	N/A	100.000	31	0	0	1	31	1577	1547	Sarcocystis bertrami CA20-2_4 gene for 28S ribosomal RNA, partial sequence, clone: b27-6
cc_rrna_kmer_000503|28S	XR_003297360.1	88456	N/A	100.000	31	0	0	1	31	810	780	PREDICTED: Cyclospora cayetanensis large subunit ribosomal RNA (LOC113146729), rRNA
cc_rrna_kmer_000503|28S	EU252544.1	88456	N/A	100.000	31	0	0	1	31	1555	1525	Cyclospora cayetanensis 28S large subunit ribosomal RNA gene, partial sequence
cc_rrna_kmer_000504|28S	EU252544.1	88456	N/A	100.000	31	0	0	1	31	698	668	Cyclospora cayetanensis 28S large subunit ribosomal RNA gene, partial sequence
cc_rrna_kmer_000507|28S	DQ444226.1	376364	N/A	100.000	31	0	0	1	31	775	805	Diplopsalis lenticula strain M2 large subunit ribosomal RNA gene, partial sequence
cc_rrna_kmer_000507|28S	EF152793.1	376364	N/A	100.000	31	0	0	1	31	731	761	Diplopsalis lenticula cell9_clone13 large subunit ribosomal RNA gene, partial sequence
cc_rrna_kmer_000507|28S	ON392263.1	376364	N/A	100.000	31	0	0	1	31	775	805	Diplopsalis lenticula isolate JZB-3 large subunit ribosomal RNA gene, partial sequence
cc_rrna_kmer_000507|28S	ON392266.1	376364	N/A	100.000	31	0	0	1	31	775	805	Diplopsalis lenticula isolate RZ-3 large subunit ribosomal RNA gene, partial sequence
cc_rrna_kmer_000507|28S	EF152794.1	376364	N/A	100.000	31	0	0	1	31	775	805	Diplopsalis lenticula cell9_clone8 large subunit ribosomal RNA gene, partial sequence
cc_rrna_kmer_000507|28S	EF152781.1	376364	N/A	100.000	31	0	0	1	31	775	805	Diplopsalis lenticula cell12_clone8 large subunit ribosomal RNA gene, partial sequence
cc_rrna_kmer_000507|28S	XR_003297360.1	88456	N/A	100.000	31	0	0	1	31	171	201	PREDICTED: Cyclospora cayetanensis large subunit ribosomal RNA (LOC113146729), rRNA
cc_rrna_kmer_000507|28S	EF152785.1	376364	N/A	100.000	31	0	0	1	31	775	805	Diplopsalis lenticula cell2_clone2 large subunit ribosomal RNA gene, partial sequence
cc_rrna_kmer_000507|28S	EF152786.1	376364	N/A	100.000	31	0	0	1	31	775	805	Diplopsalis lenticula cell2_clone3 large subunit ribosomal RNA gene, partial sequence
cc_rrna_kmer_000507|28S	EF152780.1	376364	N/A	100.000	31	0	0	1	31	775	805	Diplopsalis lenticula cell12_clone3 large subunit ribosomal RNA gene, partial sequence
cc_rrna_kmer_000507|28S	EF152787.1	376364	N/A	100.000	31	0	0	1	31	775	805	Diplopsalis lenticula cell2_clone8 large subunit ribosomal RNA gene, partial sequence
cc_rrna_kmer_000507|28S	ON392262.1	376364	N/A	100.000	31	0	0	1	31	775	805	Diplopsalis lenticula isolate JZB-2 large subunit ribosomal RNA gene, partial sequence
cc_rrna_kmer_000507|28S	ON392264.1	376364	N/A	100.000	31	0	0	1	31	775	805	Diplopsalis lenticula isolate RZ-1 large subunit ribosomal RNA gene, partial sequence
cc_rrna_kmer_000507|28S	EU252544.1	88456	N/A	100.000	31	0	0	1	31	916	946	Cyclospora cayetanensis 28S large subunit ribosomal RNA gene, partial sequence
cc_rrna_kmer_000507|28S	ON392261.1	376364	N/A	100.000	31	0	0	1	31	775	805	Diplopsalis lenticula isolate JZB-1 large subunit ribosomal RNA gene, partial sequence
cc_rrna_kmer_000507|28S	EF152778.1	376364	N/A	100.000	31	0	0	1	31	775	805	Diplopsalis lenticula cell12_clone2 large subunit ribosomal RNA gene, partial sequence
cc_rrna_kmer_000507|28S	ON392268.1	376364	N/A	100.000	31	0	0	1	31	775	805	Diplopsalis lenticula isolate RZ-5 large subunit ribosomal RNA gene, partial sequence
cc_rrna_kmer_000507|28S	EF152782.1	376364	N/A	100.000	31	0	0	1	31	775	805	Diplopsalis lenticula cell12_clone7 large subunit ribosomal RNA gene, partial sequence
cc_rrna_kmer_000507|28S	EF152784.1	376364	N/A	100.000	31	0	0	1	31	762	792	Diplopsalis lenticula cell13_clone3 large subunit ribosomal RNA gene, partial sequence
cc_rrna_kmer_000508|28S	XR_003297360.1	88456	N/A	100.000	31	0	0	1	31	774	744	PREDICTED: Cyclospora cayetanensis large subunit ribosomal RNA (LOC113146729), rRNA
cc_rrna_kmer_000508|28S	EU252544.1	88456	N/A	100.000	31	0	0	1	31	1519	1489	Cyclospora cayetanensis 28S large subunit ribosomal RNA gene, partial sequence
cc_rrna_kmer_000509|28S	EU252544.1	88456	N/A	100.000	31	0	0	1	31	683	653	Cyclospora cayetanensis 28S large subunit ribosomal RNA gene, partial sequence
cc_rrna_kmer_000510|28S	XR_003297360.1	88456	N/A	100.000	31	0	0	1	31	92	62	PREDICTED: Cyclospora cayetanensis large subunit ribosomal RNA (LOC113146729), rRNA
cc_rrna_kmer_000510|28S	EU252544.1	88456	N/A	100.000	31	0	0	1	31	837	807	Cyclospora cayetanensis 28S large subunit ribosomal RNA gene, partial sequence
cc_rrna_kmer_000511|28S	XR_003297360.1	88456	N/A	100.000	31	0	0	1	31	1435	1465	PREDICTED: Cyclospora cayetanensis large subunit ribosomal RNA (LOC113146729), rRNA
cc_rrna_kmer_000512|28S	XR_003297360.1	88456	N/A	100.000	31	0	0	1	31	1885	1855	PREDICTED: Cyclospora cayetanensis large subunit ribosomal RNA (LOC113146729), rRNA
cc_rrna_kmer_000513|28S	XR_003297360.1	88456	N/A	100.000	31	0	0	1	31	739	769	PREDICTED: Cyclospora cayetanensis large subunit ribosomal RNA (LOC113146729), rRNA
cc_rrna_kmer_000513|28S	EU252544.1	88456	N/A	100.000	31	0	0	1	31	1484	1514	Cyclospora cayetanensis 28S large subunit ribosomal RNA gene, partial sequence
cc_rrna_kmer_000514|28S	AB619593.1	300410	N/A	100.000	31	0	0	1	31	1662	1632	Eimeria reichenowi genes for 18S rRNA, ITS1, 5.8S rRNA, ITS2, 28S rRNA, partial and complete sequence
cc_rrna_kmer_000514|28S	KJ700636.1	1576367	N/A	100.000	31	0	0	1	31	65	35	Eimeria collieie large subunit ribosomal RNA gene, partial sequence
cc_rrna_kmer_000514|28S	EU252544.1	88456	N/A	100.000	31	0	0	1	31	203	173	Cyclospora cayetanensis 28S large subunit ribosomal RNA gene, partial sequence
cc_rrna_kmer_000514|28S	AB619592.1	300409	N/A	100.000	31	0	0	1	31	1529	1499	Eimeria gruis genes for 18S rRNA, ITS1, 5.8S rRNA, ITS2, 28S rRNA, partial and complete sequence
cc_rrna_kmer_000515|28S	XR_003297360.1	88456	N/A	100.000	31	0	0	1	31	1474	1444	PREDICTED: Cyclospora cayetanensis large subunit ribosomal RNA (LOC113146729), rRNA
cc_rrna_kmer_000516|28S	KP661581.1	1664856	N/A	100.000	31	0	0	1	31	315	285	Ravenelia macowaniana voucher WM3292 28S ribosomal RNA gene, partial sequence
cc_rrna_kmer_000516|28S	KP661588.1	1664856	N/A	100.000	31	0	0	1	31	296	266	Ravenelia macowaniana voucher WM3294 28S ribosomal RNA gene, partial sequence
cc_rrna_kmer_000516|28S	KP661591.1	1664856	N/A	100.000	31	0	0	1	31	315	285	Ravenelia macowaniana voucher WM3448 28S ribosomal RNA gene, partial sequence
cc_rrna_kmer_000516|28S	MG946014.1	1664856	N/A	100.000	31	0	0	1	31	296	266	Ravenelia macowaniana voucher PREM61875 large subunit ribosomal RNA gene, partial sequence
cc_rrna_kmer_000516|28S	MG946008.1	1664856	N/A	100.000	31	0	0	1	31	318	288	Ravenelia macowaniana voucher ME433 large subunit ribosomal RNA gene, partial sequence
cc_rrna_kmer_000516|28S	MG946012.1	1664856	N/A	100.000	31	0	0	1	31	264	234	Ravenelia macowaniana voucher PREM61862 large subunit ribosomal RNA gene, partial sequence
cc_rrna_kmer_000516|28S	KP661592.1	1664856	N/A	100.000	31	0	0	1	31	317	287	Ravenelia macowaniana voucher WM3453 28S ribosomal RNA gene, partial sequence
cc_rrna_kmer_000516|28S	OQ214998.1	1664856	N/A	100.000	31	0	0	1	31	339	309	Ravenelia macowaniana voucher U449 large subunit ribosomal RNA gene, partial sequence
cc_rrna_kmer_000516|28S	KP661590.1	1664858;2086370	N/A;N/A	100.000	31	0	0	1	31	245	215	Ravenelia sp. ME-2015 voucher ME188 28S ribosomal RNA gene, partial sequence
cc_rrna_kmer_000516|28S	KP661596.1	1664856	N/A	100.000	31	0	0	1	31	317	287	Ravenelia macowaniana voucher WM3577 28S ribosomal RNA gene, partial sequence
cc_rrna_kmer_000516|28S	KP661578.1	1664856	N/A	100.000	31	0	0	1	31	317	287	Ravenelia macowaniana voucher WM3433 28S ribosomal RNA gene, partial sequence
cc_rrna_kmer_000516|28S	MN072676.1	2589089	N/A	100.000	31	0	0	1	31	95	65	Ravenelia acaciicola voucher PREM61849 large subunit ribosomal RNA gene, partial sequence
cc_rrna_kmer_000516|28S	OQ214999.1	1664856	N/A	100.000	31	0	0	1	31	393	363	Ravenelia macowaniana voucher U540 large subunit ribosomal RNA gene, partial sequence
cc_rrna_kmer_000516|28S	EU252544.1	88456	N/A	100.000	31	0	0	1	31	436	406	Cyclospora cayetanensis 28S large subunit ribosomal RNA gene, partial sequence
cc_rrna_kmer_000516|28S	KP661589.1	1664858;2086370	N/A;N/A	100.000	31	0	0	1	31	328	298	Ravenelia sp. ME-2015 voucher ME174 28S ribosomal RNA gene, partial sequence
cc_rrna_kmer_000516|28S	OQ214996.1	1664856	N/A	100.000	31	0	0	1	31	352	322	Ravenelia macowaniana voucher U375 large subunit ribosomal RNA gene, partial sequence
cc_rrna_kmer_000516|28S	OQ214997.1	1664856	N/A	100.000	31	0	0	1	31	386	356	Ravenelia macowaniana voucher U376 large subunit ribosomal RNA gene, partial sequence
cc_rrna_kmer_000516|28S	KP661586.1	1664856	N/A	100.000	31	0	0	1	31	229	199	Ravenelia macowaniana voucher ME158 28S ribosomal RNA gene, partial sequence
cc_rrna_kmer_000516|28S	KP661582.1	1664858;2086370	N/A;N/A	100.000	31	0	0	1	31	214	184	Ravenelia sp. ME-2015 voucher PREM61000 28S ribosomal RNA gene, partial sequence
cc_rrna_kmer_000516|28S	KP661594.1	1664856	N/A	100.000	31	0	0	1	31	317	287	Ravenelia macowaniana voucher WM3485 28S ribosomal RNA gene, partial sequence
cc_rrna_kmer_000516|28S	OQ214995.1	1664856	N/A	100.000	31	0	0	1	31	393	363	Ravenelia macowaniana voucher U373 large subunit ribosomal RNA gene, partial sequence
cc_rrna_kmer_000517|28S	XR_003297360.1	88456	N/A	100.000	31	0	0	1	31	2553	2583	PREDICTED: Cyclospora cayetanensis large subunit ribosomal RNA (LOC113146729), rRNA
cc_rrna_kmer_000518|28S	EU252544.1	88456	N/A	100.000	31	0	0	1	31	708	738	Cyclospora cayetanensis 28S large subunit ribosomal RNA gene, partial sequence
cc_rrna_kmer_000519|28S	XR_003297360.1	88456	N/A	100.000	31	0	0	1	31	142	172	PREDICTED: Cyclospora cayetanensis large subunit ribosomal RNA (LOC113146729), rRNA
cc_rrna_kmer_000519|28S	EU252544.1	88456	N/A	100.000	31	0	0	1	31	887	917	Cyclospora cayetanensis 28S large subunit ribosomal RNA gene, partial sequence
cc_rrna_kmer_000520|18S	OR135740.1	35084	N/A	100.000	31	0	0	1	31	117	87	Babesia sp. clone 8.3 small subunit ribosomal RNA gene, partial sequence
cc_rrna_kmer_000520|18S	KC414111.1	88456	N/A	100.000	31	0	0	1	31	258	228	Cyclospora cayetanensis isolate 1905 18S ribosomal RNA gene, partial sequence
cc_rrna_kmer_000520|18S	OP751799.1	2304328	N/A	100.000	31	0	0	1	31	257	227	Piroplasmida sp. clone 3 small subunit ribosomal RNA gene, partial sequence
cc_rrna_kmer_000520|18S	OR127035.1	2304328	N/A	100.000	31	0	0	1	31	44	14	Piroplasmida sp. clone 215 small subunit ribosomal RNA gene, partial sequence
cc_rrna_kmer_000520|18S	OR135733.1	35084	N/A	100.000	31	0	0	1	31	156	126	Babesia sp. clone 8.1 small subunit ribosomal RNA gene, partial sequence
cc_rrna_kmer_000520|18S	XR_003297358.1	88456	N/A	100.000	31	0	0	1	31	306	276	PREDICTED: Cyclospora cayetanensis small subunit ribosomal RNA (LOC113146722), rRNA
cc_rrna_kmer_000520|18S	OR135734.1	35084	N/A	100.000	31	0	0	1	31	164	134	Babesia sp. clone 8.5 small subunit ribosomal RNA gene, partial sequence
cc_rrna_kmer_000520|18S	OR127024.1	2304328	N/A	100.000	31	0	0	1	31	70	40	Piroplasmida sp. clone 8 small subunit ribosomal RNA gene, partial sequence
cc_rrna_kmer_000520|18S	OP751800.1	2304328	N/A	100.000	31	0	0	1	31	252	222	Piroplasmida sp. clone 4 small subunit ribosomal RNA gene, partial sequence
cc_rrna_kmer_000520|18S	OP751797.1	2304328	N/A	100.000	31	0	0	1	31	257	227	Piroplasmida sp. clone 1 small subunit ribosomal RNA gene, partial sequence
cc_rrna_kmer_000520|18S	OR127027.1	2304328	N/A	100.000	31	0	0	1	31	84	54	Piroplasmida sp. clone 65 small subunit ribosomal RNA gene, partial sequence
cc_rrna_kmer_000520|18S	OQ787671.1	35084	N/A	100.000	31	0	0	1	31	108	78	Babesia sp. clone 33 small subunit ribosomal RNA gene, partial sequence
cc_rrna_kmer_000520|18S	OR135741.1	35084	N/A	100.000	31	0	0	1	31	120	90	Babesia sp. clone 8.6 small subunit ribosomal RNA gene, partial sequence
cc_rrna_kmer_000520|18S	KC414110.1	88456	N/A	100.000	31	0	0	1	31	258	228	Cyclospora cayetanensis isolate 2304 18S ribosomal RNA gene, partial sequence
cc_rrna_kmer_000520|18S	OR127028.1	2304328	N/A	100.000	31	0	0	1	31	146	116	Piroplasmida sp. clone 82 small subunit ribosomal RNA gene, partial sequence
cc_rrna_kmer_000520|18S	OP751798.1	2304328	N/A	100.000	31	0	0	1	31	218	188	Piroplasmida sp. clone 2 small subunit ribosomal RNA gene, partial sequence
cc_rrna_kmer_000521|28S	EU252544.1	88456	N/A	100.000	31	0	0	1	31	276	246	Cyclospora cayetanensis 28S large subunit ribosomal RNA gene, partial sequence
cc_rrna_kmer_000522|28S	XR_003297360.1	88456	N/A	100.000	31	0	0	1	31	150	120	PREDICTED: Cyclospora cayetanensis large subunit ribosomal RNA (LOC113146729), rRNA
cc_rrna_kmer_000522|28S	EU252544.1	88456	N/A	100.000	31	0	0	1	31	895	865	Cyclospora cayetanensis 28S large subunit ribosomal RNA gene, partial sequence
cc_rrna_kmer_000523|28S	XR_003297360.1	88456	N/A	100.000	31	0	0	1	31	2580	2550	PREDICTED: Cyclospora cayetanensis large subunit ribosomal RNA (LOC113146729), rRNA
cc_rrna_kmer_000524|28S	XR_003297360.1	88456	N/A	100.000	31	0	0	1	31	1423	1393	PREDICTED: Cyclospora cayetanensis large subunit ribosomal RNA (LOC113146729), rRNA
cc_rrna_kmer_000525|28S	XR_003297360.1	88456	N/A	100.000	31	0	0	1	31	178	148	PREDICTED: Cyclospora cayetanensis large subunit ribosomal RNA (LOC113146729), rRNA
cc_rrna_kmer_000525|28S	EU252544.1	88456	N/A	100.000	31	0	0	1	31	923	893	Cyclospora cayetanensis 28S large subunit ribosomal RNA gene, partial sequence
cc_rrna_kmer_000526|28S	EU252544.1	88456	N/A	100.000	31	0	0	1	31	507	477	Cyclospora cayetanensis 28S large subunit ribosomal RNA gene, partial sequence
cc_rrna_kmer_000527|28S	XR_003297360.1	88456	N/A	100.000	31	0	0	1	31	2618	2588	PREDICTED: Cyclospora cayetanensis large subunit ribosomal RNA (LOC113146729), rRNA
cc_rrna_kmer_000528|28S	XR_003297360.1	88456	N/A	100.000	31	0	0	1	31	1378	1348	PREDICTED: Cyclospora cayetanensis large subunit ribosomal RNA (LOC113146729), rRNA
cc_rrna_kmer_000529|28S	XR_003297360.1	88456	N/A	100.000	31	0	0	1	31	974	944	PREDICTED: Cyclospora cayetanensis large subunit ribosomal RNA (LOC113146729), rRNA
cc_rrna_kmer_000529|28S	EU252544.1	88456	N/A	100.000	31	0	0	1	31	1719	1689	Cyclospora cayetanensis 28S large subunit ribosomal RNA gene, partial sequence
cc_rrna_kmer_000530|28S	XR_003297360.1	88456	N/A	100.000	31	0	0	1	31	2606	2576	PREDICTED: Cyclospora cayetanensis large subunit ribosomal RNA (LOC113146729), rRNA
cc_rrna_kmer_000531|28S	EU252544.1	88456	N/A	100.000	31	0	0	1	31	656	686	Cyclospora cayetanensis 28S large subunit ribosomal RNA gene, partial sequence
cc_rrna_kmer_000532|28S	EU252544.1	88456	N/A	100.000	31	0	0	1	31	1870	1840	Cyclospora cayetanensis 28S large subunit ribosomal RNA gene, partial sequence
cc_rrna_kmer_000534|28S	XR_003297360.1	88456	N/A	100.000	31	0	0	1	31	2592	2622	PREDICTED: Cyclospora cayetanensis large subunit ribosomal RNA (LOC113146729), rRNA
cc_rrna_kmer_000535|28S	EU252544.1	88456	N/A	100.000	31	0	0	1	31	449	419	Cyclospora cayetanensis 28S large subunit ribosomal RNA gene, partial sequence
cc_rrna_kmer_000536|28S	EU252544.1	88456	N/A	100.000	31	0	0	1	31	580	610	Cyclospora cayetanensis 28S large subunit ribosomal RNA gene, partial sequence
cc_rrna_kmer_000537|28S	AY283845.1	241650	N/A	100.000	31	0	0	1	31	1334	1364	Atoxoplasma sp. MS-2003 large subunit ribosomal RNA gene, partial sequence
cc_rrna_kmer_000537|28S	OR101126.1	3051684	N/A	100.000	31	0	0	1	31	1268	1298	Isospora elliotae isolate 20384 large subunit ribosomal RNA gene, partial sequence
cc_rrna_kmer_000537|28S	AY283863.1	241650	N/A	100.000	31	0	0	1	31	1329	1359	Atoxoplasma sp. MS-2003 large subunit ribosomal RNA gene, partial sequence
cc_rrna_kmer_000537|28S	KT224382.1	1678287	N/A	100.000	31	0	0	1	31	1278	1308	Isospora sp. RY-2015c isolate RBF large subunit ribosomal RNA gene, partial sequence
cc_rrna_kmer_000537|28S	AY283844.1	241650	N/A	100.000	31	0	0	1	31	1334	1364	Atoxoplasma sp. MS-2003 large subunit ribosomal RNA gene, partial sequence
cc_rrna_kmer_000537|28S	AY283862.1	241650	N/A	100.000	31	0	0	1	31	1333	1363	Atoxoplasma sp. MS-2003 large subunit ribosomal RNA gene, partial sequence
cc_rrna_kmer_000537|28S	OA985032.1	2823481	N/A	100.000	31	0	0	1	31	777	807	Isospora sp. Hs2 partial 28S rRNA gene
cc_rrna_kmer_000537|28S	AY283839.1	241650	N/A	100.000	31	0	0	1	31	1343	1373	Atoxoplasma sp. MS-2003 large subunit ribosomal RNA gene, partial sequence
cc_rrna_kmer_000537|28S	AY283858.1	241650	N/A	100.000	31	0	0	1	31	1332	1362	Atoxoplasma sp. MS-2003 large subunit ribosomal RNA gene, partial sequence
cc_rrna_kmer_000537|28S	AY283864.1	241650	N/A	100.000	31	0	0	1	31	1338	1368	Atoxoplasma sp. MS-2003 large subunit ribosomal RNA gene, partial sequence
cc_rrna_kmer_000537|28S	AY283869.1	241650	N/A	100.000	31	0	0	1	31	1340	1370	Atoxoplasma sp. MS-2003 large subunit ribosomal RNA gene, partial sequence
cc_rrna_kmer_000537|28S	AY283868.1	241650	N/A	100.000	31	0	0	1	31	1332	1362	Atoxoplasma sp. MS-2003 large subunit ribosomal RNA gene, partial sequence
cc_rrna_kmer_000537|28S	MW775029.1	2820069	N/A	100.000	31	0	0	1	31	1299	1329	Isospora mayuri isolate 7-Bule-peafowl large subunit ribosomal RNA gene, partial sequence
cc_rrna_kmer_000537|28S	AY283859.1	241650	N/A	100.000	31	0	0	1	31	1334	1364	Atoxoplasma sp. MS-2003 large subunit ribosomal RNA gene, partial sequence
cc_rrna_kmer_000537|28S	KJ634022.1	1565085	N/A	100.000	31	0	0	1	31	863	893	Isospora streperae 28S ribosomal RNA gene, partial sequence
cc_rrna_kmer_000537|28S	AY283847.1	241650	N/A	100.000	31	0	0	1	31	1334	1364	Atoxoplasma sp. MS-2003 large subunit ribosomal RNA gene, partial sequence
cc_rrna_kmer_000537|28S	OA985031.1	2823479	N/A	100.000	31	0	0	1	31	772	802	Isospora sp. Pr2 partial 28S rRNA gene
cc_rrna_kmer_000537|28S	AY283850.1	241650	N/A	100.000	31	0	0	1	31	1329	1359	Atoxoplasma sp. MS-2003 large subunit ribosomal RNA gene, partial sequence
cc_rrna_kmer_000537|28S	KY801686.1	2153390	N/A	100.000	31	0	0	1	31	1262	1292	Isospora butcherae 28S ribosomal RNA gene, partial sequence
cc_rrna_kmer_000537|28S	AY283843.1	241650	N/A	100.000	31	0	0	1	31	1336	1366	Atoxoplasma sp. MS-2003 large subunit ribosomal RNA gene, partial sequence
cc_rrna_kmer_000537|28S	OA985026.1	2823474	N/A	100.000	31	0	0	1	31	777	807	Isospora sp. Bclt1 partial 28S rRNA gene
cc_rrna_kmer_000537|28S	AY283866.1	241650	N/A	100.000	31	0	0	1	31	1332	1362	Atoxoplasma sp. MS-2003 large subunit ribosomal RNA gene, partial sequence
cc_rrna_kmer_000537|28S	XR_003297360.1	88456	N/A	100.000	31	0	0	1	31	673	703	PREDICTED: Cyclospora cayetanensis large subunit ribosomal RNA (LOC113146729), rRNA
cc_rrna_kmer_000537|28S	AY283848.1	241650	N/A	100.000	31	0	0	1	31	1334	1364	Atoxoplasma sp. MS-2003 large subunit ribosomal RNA gene, partial sequence
cc_rrna_kmer_000537|28S	AY283849.1	241650	N/A	100.000	31	0	0	1	31	1335	1365	Atoxoplasma sp. MS-2003 large subunit ribosomal RNA gene, partial sequence
cc_rrna_kmer_000537|28S	AY283853.1	241650	N/A	100.000	31	0	0	1	31	1333	1363	Atoxoplasma sp. MS-2003 large subunit ribosomal RNA gene, partial sequence
cc_rrna_kmer_000537|28S	OA985028.1	2823475;2823476	N/A;N/A	100.000	31	0	0	1	31	777	807	Isospora sp. Pc1 partial 28S rRNA gene
cc_rrna_kmer_000537|28S	AY283865.1	241650	N/A	100.000	31	0	0	1	31	1325	1355	Atoxoplasma sp. MS-2003 large subunit ribosomal RNA gene, partial sequence
cc_rrna_kmer_000537|28S	AY283860.1	241650	N/A	100.000	31	0	0	1	31	1334	1364	Atoxoplasma sp. MS-2003 large subunit ribosomal RNA gene, partial sequence
cc_rrna_kmer_000537|28S	AY283857.1	241650	N/A	100.000	31	0	0	1	31	1333	1363	Atoxoplasma sp. MS-2003 large subunit ribosomal RNA gene, partial sequence
cc_rrna_kmer_000537|28S	AY283852.1	241650	N/A	100.000	31	0	0	1	31	1330	1360	Atoxoplasma sp. MS-2003 large subunit ribosomal RNA gene, partial sequence
cc_rrna_kmer_000537|28S	OA985030.1	2823478	N/A	100.000	31	0	0	1	31	774	804	Isospora sp. Pr1 partial 28S rRNA gene
cc_rrna_kmer_000537|28S	AY283854.1	241650	N/A	100.000	31	0	0	1	31	1333	1363	Atoxoplasma sp. MS-2003 large subunit ribosomal RNA gene, partial sequence
cc_rrna_kmer_000537|28S	AY283841.1	241650	N/A	100.000	31	0	0	1	31	1336	1366	Atoxoplasma sp. MS-2003 large subunit ribosomal RNA gene, partial sequence
cc_rrna_kmer_000537|28S	AY283855.1	241650	N/A	100.000	31	0	0	1	31	1332	1362	Atoxoplasma sp. MS-2003 large subunit ribosomal RNA gene, partial sequence
cc_rrna_kmer_000537|28S	MW775031.1	1469499	N/A	100.000	31	0	0	1	31	1307	1337	Eimeria hermani isolate 9-Whooper-swan large subunit ribosomal RNA gene, partial sequence
cc_rrna_kmer_000537|28S	AY283840.1	241650	N/A	100.000	31	0	0	1	31	1337	1367	Atoxoplasma sp. MS-2003 large subunit ribosomal RNA gene, partial sequence
cc_rrna_kmer_000537|28S	OA985027.1	2823473	N/A	100.000	31	0	0	1	31	777	807	Isospora sp. Sgs1 partial 28S rRNA gene
cc_rrna_kmer_000537|28S	AY283867.1	241650	N/A	100.000	31	0	0	1	31	1334	1364	Atoxoplasma sp. MS-2003 large subunit ribosomal RNA gene, partial sequence
cc_rrna_kmer_000537|28S	AY283870.1	241650	N/A	100.000	31	0	0	1	31	1336	1366	Atoxoplasma sp. MS-2003 large subunit ribosomal RNA gene, partial sequence
cc_rrna_kmer_000537|28S	LC193129.1	1913026	N/A	100.000	31	0	0	1	31	705	735	Isospora lunaris gene for 28S ribosomal RNA, partial sequence
cc_rrna_kmer_000537|28S	OR266354.1	1743397	N/A	100.000	31	0	0	1	31	547	577	Isospora sp. isolate 28S_Seq18 large subunit ribosomal RNA gene, partial sequence
cc_rrna_kmer_000537|28S	KT726931.1	1743397	N/A	100.000	31	0	0	1	31	1335	1365	Isospora sp. 28S ribosomal RNA gene, partial sequence
cc_rrna_kmer_000537|28S	AY283846.1	241650	N/A	100.000	31	0	0	1	31	1337	1367	Atoxoplasma sp. MS-2003 large subunit ribosomal RNA gene, partial sequence
cc_rrna_kmer_000537|28S	OA985033.1	2823480	N/A	100.000	31	0	0	1	31	778	808	Isospora sp. Hs1 partial 28S rRNA gene
cc_rrna_kmer_000537|28S	AY283851.1	241650	N/A	100.000	31	0	0	1	31	1333	1363	Atoxoplasma sp. MS-2003 large subunit ribosomal RNA gene, partial sequence
cc_rrna_kmer_000537|28S	MW775028.1	2820073	N/A	100.000	31	0	0	1	31	1294	1324	Isospora lacazei isolate 6-Bule-peafowl large subunit ribosomal RNA gene, partial sequence
cc_rrna_kmer_000537|28S	AY283856.1	241650	N/A	100.000	31	0	0	1	31	1334	1364	Atoxoplasma sp. MS-2003 large subunit ribosomal RNA gene, partial sequence
cc_rrna_kmer_000538|28S	XR_003297360.1	88456	N/A	100.000	31	0	0	1	31	697	727	PREDICTED: Cyclospora cayetanensis large subunit ribosomal RNA (LOC113146729), rRNA
cc_rrna_kmer_000538|28S	EU252544.1	88456	N/A	100.000	31	0	0	1	31	1442	1472	Cyclospora cayetanensis 28S large subunit ribosomal RNA gene, partial sequence
cc_rrna_kmer_000540|28S	EU252544.1	88456	N/A	100.000	31	0	0	1	31	492	462	Cyclospora cayetanensis 28S large subunit ribosomal RNA gene, partial sequence
cc_rrna_kmer_000541|28S	XR_003297360.1	88456	N/A	100.000	31	0	0	1	31	1391	1361	PREDICTED: Cyclospora cayetanensis large subunit ribosomal RNA (LOC113146729), rRNA
cc_rrna_kmer_000542|18S	AF111183.1	88456	N/A	100.000	31	0	0	1	31	1709	1679	Cyclospora cayetanensis 18S ribosomal RNA gene, complete sequence
cc_rrna_kmer_000542|18S	XR_003297358.1	88456	N/A	100.000	31	0	0	1	31	1709	1679	PREDICTED: Cyclospora cayetanensis small subunit ribosomal RNA (LOC113146722), rRNA
cc_rrna_kmer_000542|18S	KX618190.1	88456	N/A	100.000	31	0	0	1	31	1709	1679	Cyclospora cayetanensis 18S small subunit ribosomal RNA gene, partial sequence
cc_rrna_kmer_000543|18S	AF111183.1	88456	N/A	100.000	31	0	0	1	31	1694	1664	Cyclospora cayetanensis 18S ribosomal RNA gene, complete sequence
cc_rrna_kmer_000543|18S	XR_003297358.1	88456	N/A	100.000	31	0	0	1	31	1694	1664	PREDICTED: Cyclospora cayetanensis small subunit ribosomal RNA (LOC113146722), rRNA
cc_rrna_kmer_000543|18S	KX618190.1	88456	N/A	100.000	31	0	0	1	31	1694	1664	Cyclospora cayetanensis 18S small subunit ribosomal RNA gene, partial sequence
cc_rrna_kmer_000544|28S	XR_003297360.1	88456	N/A	100.000	31	0	0	1	31	934	964	PREDICTED: Cyclospora cayetanensis large subunit ribosomal RNA (LOC113146729), rRNA
cc_rrna_kmer_000544|28S	EU252544.1	88456	N/A	100.000	31	0	0	1	31	1679	1709	Cyclospora cayetanensis 28S large subunit ribosomal RNA gene, partial sequence
cc_rrna_kmer_000545|28S	EU252544.1	88456	N/A	100.000	31	0	0	1	31	516	486	Cyclospora cayetanensis 28S large subunit ribosomal RNA gene, partial sequence
cc_rrna_kmer_000547|28S	XR_003297360.1	88456	N/A	100.000	31	0	0	1	31	2737	2707	PREDICTED: Cyclospora cayetanensis large subunit ribosomal RNA (LOC113146729), rRNA
cc_rrna_kmer_000547|28S	PQ738239.1	5801	N/A	100.000	31	0	0	1	31	6184	6154	Eimeria acervulina small subunit ribosomal RNA gene, partial sequence; internal transcribed spacer 1, 5.8S ribosomal RNA gene, and internal transcribed spacer 2, complete sequence; and large subunit ribosomal RNA gene, partial sequence
cc_rrna_kmer_000548|28S	XR_003297360.1	88456	N/A	100.000	31	0	0	1	31	806	776	PREDICTED: Cyclospora cayetanensis large subunit ribosomal RNA (LOC113146729), rRNA
cc_rrna_kmer_000548|28S	EU252544.1	88456	N/A	100.000	31	0	0	1	31	1551	1521	Cyclospora cayetanensis 28S large subunit ribosomal RNA gene, partial sequence
cc_rrna_kmer_000549|28S	XR_003297360.1	88456	N/A	100.000	31	0	0	1	31	75	45	PREDICTED: Cyclospora cayetanensis large subunit ribosomal RNA (LOC113146729), rRNA
cc_rrna_kmer_000549|28S	EU252544.1	88456	N/A	100.000	31	0	0	1	31	820	790	Cyclospora cayetanensis 28S large subunit ribosomal RNA gene, partial sequence
cc_rrna_kmer_000550|28S	EU252544.1	88456	N/A	100.000	31	0	0	1	31	1855	1825	Cyclospora cayetanensis 28S large subunit ribosomal RNA gene, partial sequence
cc_rrna_kmer_000551|28S	PQ742171.1	3384731	N/A	100.000	31	0	0	1	31	6305	6335	Goussia degiustii isolate EE9_EE10_II1 external transcribed spacer, partial sequence; small subunit ribosomal RNA gene, internal transcribed spacer 1, 5.8S ribosomal RNA gene, internal transcribed spacer 2, and large subunit ribosomal RNA gene, complete sequence; and external transcribed spacer, partial sequence
cc_rrna_kmer_000551|28S	XR_003297360.1	88456	N/A	100.000	31	0	0	1	31	2682	2712	PREDICTED: Cyclospora cayetanensis large subunit ribosomal RNA (LOC113146729), rRNA
cc_rrna_kmer_000552|28S	AY283862.1	241650	N/A	100.000	31	0	0	1	31	313	283	Atoxoplasma sp. MS-2003 large subunit ribosomal RNA gene, partial sequence
cc_rrna_kmer_000552|28S	AY283839.1	241650	N/A	100.000	31	0	0	1	31	316	286	Atoxoplasma sp. MS-2003 large subunit ribosomal RNA gene, partial sequence
cc_rrna_kmer_000552|28S	MT452655.1	2735306	N/A	100.000	31	0	0	1	31	259	229	Eimeria chalcoptereae large subunit ribosomal RNA gene, partial sequence
cc_rrna_kmer_000552|28S	PQ108888.1	3239063	N/A	100.000	31	0	0	1	31	260	230	Isospora virescensae isolate SHE01 large subunit ribosomal RNA gene, partial sequence
cc_rrna_kmer_000552|28S	AB757865.1	1245722	N/A	100.000	31	0	0	1	31	302	272	Isospora sp. Tokyo gene for large subunit ribosomal RNA, partial sequence
cc_rrna_kmer_000552|28S	AY283849.1	241650	N/A	100.000	31	0	0	1	31	313	283	Atoxoplasma sp. MS-2003 large subunit ribosomal RNA gene, partial sequence
cc_rrna_kmer_000552|28S	AY283867.1	241650	N/A	100.000	31	0	0	1	31	313	283	Atoxoplasma sp. MS-2003 large subunit ribosomal RNA gene, partial sequence
cc_rrna_kmer_000552|28S	KT305928.1	1811231	N/A	100.000	31	0	0	1	31	260	230	Eimeria sp. RY-2016a 28S large subunit ribosomal RNA gene, partial sequence
cc_rrna_kmer_000553|28S	EU252544.1	88456	N/A	100.000	31	0	0	1	31	250	280	Cyclospora cayetanensis 28S large subunit ribosomal RNA gene, partial sequence
cc_rrna_kmer_000554|28S	XR_003297360.1	88456	N/A	100.000	31	0	0	1	31	1430	1400	PREDICTED: Cyclospora cayetanensis large subunit ribosomal RNA (LOC113146729), rRNA
cc_rrna_kmer_000555|28S	XR_003297360.1	88456	N/A	100.000	31	0	0	1	31	2155	2125	PREDICTED: Cyclospora cayetanensis large subunit ribosomal RNA (LOC113146729), rRNA
cc_rrna_kmer_000555|28S	GU593716.1	947543	N/A	100.000	31	0	0	1	31	797	767	Goussia carpelli strain 23 28S ribosomal RNA gene, partial sequence
cc_rrna_kmer_000556|28S	XR_003297360.1	88456	N/A	100.000	31	0	0	1	31	1189	1159	PREDICTED: Cyclospora cayetanensis large subunit ribosomal RNA (LOC113146729), rRNA
cc_rrna_kmer_000556|28S	EU252544.1	88456	N/A	100.000	31	0	0	1	31	1934	1904	Cyclospora cayetanensis 28S large subunit ribosomal RNA gene, partial sequence
cc_rrna_kmer_000557|28S	EU252544.1	88456	N/A	100.000	31	0	0	1	31	501	531	Cyclospora cayetanensis 28S large subunit ribosomal RNA gene, partial sequence
cc_rrna_kmer_000558|28S	XR_003297360.1	88456	N/A	100.000	31	0	0	1	31	1439	1409	PREDICTED: Cyclospora cayetanensis large subunit ribosomal RNA (LOC113146729), rRNA
cc_rrna_kmer_000559|28S	XR_003297360.1	88456	N/A	100.000	31	0	0	1	31	1365	1395	PREDICTED: Cyclospora cayetanensis large subunit ribosomal RNA (LOC113146729), rRNA
cc_rrna_kmer_000560|28S	MK530654.1	2591227	N/A	100.000	31	0	0	1	31	66	96	Isospora coronoideae large subunit ribosomal RNA gene, partial sequence
cc_rrna_kmer_000560|28S	MW422270.1	2800198	N/A	100.000	31	0	0	1	31	51	81	Isospora phylidonyrisae isolate 20381 large subunit ribosomal RNA gene, partial sequence
cc_rrna_kmer_000560|28S	PQ108888.1	3239063	N/A	100.000	31	0	0	1	31	65	95	Isospora virescensae isolate SHE01 large subunit ribosomal RNA gene, partial sequence
cc_rrna_kmer_000560|28S	MW776413.1	3054442	N/A	100.000	31	0	0	1	31	63	93	Isospora lunulatae isolate 20742 large subunit ribosomal RNA gene, partial sequence
cc_rrna_kmer_000560|28S	KT224381.1	1678286	N/A	100.000	31	0	0	1	31	51	81	Isospora manorinae isolate 22795 large subunit ribosomal RNA gene, partial sequence
cc_rrna_kmer_000560|28S	AB769739.1	1267178	N/A	100.000	31	0	0	1	31	1402	1432	Eimeria canadensis genes for 18S rRNA, internal transcribed spacer 1, 5.8S rRNA, internal transcribed spacer 2 and 28S rRNA, partial and complete sequence, isolate: 1-1, clone: 2
cc_rrna_kmer_000560|28S	EU252544.1	88456	N/A	100.000	31	0	0	1	31	199	229	Cyclospora cayetanensis 28S large subunit ribosomal RNA gene, partial sequence
cc_rrna_kmer_000560|28S	KF766053.1	1487184	N/A	100.000	31	0	0	1	31	63	93	Isospora anthochaerae large subunit ribosomal RNA gene, partial sequence
cc_rrna_kmer_000561|28S	XR_003297360.1	88456	N/A	100.000	31	0	0	1	31	449	479	PREDICTED: Cyclospora cayetanensis large subunit ribosomal RNA (LOC113146729), rRNA
cc_rrna_kmer_000561|28S	EU252544.1	88456	N/A	100.000	31	0	0	1	31	1194	1224	Cyclospora cayetanensis 28S large subunit ribosomal RNA gene, partial sequence
cc_rrna_kmer_000562|28S	XR_003297360.1	88456	N/A	100.000	31	0	0	1	31	1881	1911	PREDICTED: Cyclospora cayetanensis large subunit ribosomal RNA (LOC113146729), rRNA
cc_rrna_kmer_000563|28S	XR_003297360.1	88456	N/A	100.000	31	0	0	1	31	470	440	PREDICTED: Cyclospora cayetanensis large subunit ribosomal RNA (LOC113146729), rRNA
cc_rrna_kmer_000563|28S	EU252544.1	88456	N/A	100.000	31	0	0	1	31	1215	1185	Cyclospora cayetanensis 28S large subunit ribosomal RNA gene, partial sequence
cc_rrna_kmer_000564|28S	XR_003297360.1	88456	N/A	100.000	31	0	0	1	31	1493	1463	PREDICTED: Cyclospora cayetanensis large subunit ribosomal RNA (LOC113146729), rRNA
cc_rrna_kmer_000565|28S	LC507802.1	1729940	N/A	100.000	31	0	0	1	31	581	611	Eimeria sp. I-457 gene for 28S rRNA, partial sequence
cc_rrna_kmer_000565|28S	XR_003297360.1	88456	N/A	100.000	31	0	0	1	31	1	31	PREDICTED: Cyclospora cayetanensis large subunit ribosomal RNA (LOC113146729), rRNA
cc_rrna_kmer_000565|28S	EU252544.1	88456	N/A	100.000	31	0	0	1	31	746	776	Cyclospora cayetanensis 28S large subunit ribosomal RNA gene, partial sequence
cc_rrna_kmer_000566|18S	MK946294.1	342097	N/A	100.000	31	0	0	1	31	61	31	Uncultured soil eukaryote clone l330 small subunit ribosomal RNA gene, partial sequence
cc_rrna_kmer_000567|28S	XR_003297360.1	88456	N/A	100.000	31	0	0	1	31	79	49	PREDICTED: Cyclospora cayetanensis large subunit ribosomal RNA (LOC113146729), rRNA
cc_rrna_kmer_000567|28S	EU252544.1	88456	N/A	100.000	31	0	0	1	31	824	794	Cyclospora cayetanensis 28S large subunit ribosomal RNA gene, partial sequence
cc_rrna_kmer_000568|28S	XR_003297360.1	88456	N/A	100.000	31	0	0	1	31	60	30	PREDICTED: Cyclospora cayetanensis large subunit ribosomal RNA (LOC113146729), rRNA
cc_rrna_kmer_000568|28S	EU252544.1	88456	N/A	100.000	31	0	0	1	31	805	775	Cyclospora cayetanensis 28S large subunit ribosomal RNA gene, partial sequence
cc_rrna_kmer_000569|28S	XR_003297360.1	88456	N/A	100.000	31	0	0	1	31	1357	1387	PREDICTED: Cyclospora cayetanensis large subunit ribosomal RNA (LOC113146729), rRNA
cc_rrna_kmer_000570|28S	XR_003297360.1	88456	N/A	100.000	31	0	0	1	31	484	454	PREDICTED: Cyclospora cayetanensis large subunit ribosomal RNA (LOC113146729), rRNA
cc_rrna_kmer_000570|28S	EU252544.1	88456	N/A	100.000	31	0	0	1	31	1229	1199	Cyclospora cayetanensis 28S large subunit ribosomal RNA gene, partial sequence
cc_rrna_kmer_000571|28S	XR_003297360.1	88456	N/A	100.000	31	0	0	1	31	760	730	PREDICTED: Cyclospora cayetanensis large subunit ribosomal RNA (LOC113146729), rRNA
cc_rrna_kmer_000571|28S	EU252544.1	88456	N/A	100.000	31	0	0	1	31	1505	1475	Cyclospora cayetanensis 28S large subunit ribosomal RNA gene, partial sequence
cc_rrna_kmer_000572|28S	XR_011771226.1	125765	N/A	100.000	31	0	0	1	31	1038	1068	PREDICTED: Rutidosis leptorrhynchoides 28S ribosomal RNA (LOC139880400), rRNA
cc_rrna_kmer_000572|28S	AP038851.1	142759	N/A	100.000	31	0	0	1	31	5077820	5077790	Solanum cheesmaniae LA0166 DNA, chromosome 2, nearly complete sequence
cc_rrna_kmer_000572|28S	XR_003297360.1	88456	N/A	100.000	31	0	0	1	31	407	437	PREDICTED: Cyclospora cayetanensis large subunit ribosomal RNA (LOC113146729), rRNA
cc_rrna_kmer_000572|28S	MT937122.1	37431	N/A	100.000	31	0	0	1	31	3448	3478	Lycopodiella inundata isolate DM442 small subunit ribosomal RNA gene, partial sequence; internal transcribed spacer 1, 5.8S ribosomal RNA gene, and internal transcribed spacer 2, complete sequence; and large subunit ribosomal RNA gene, partial sequence
cc_rrna_kmer_000572|28S	MW364932.1	2767037	N/A	100.000	31	0	0	1	31	3370	3400	Anathallis microphyta voucher M.C. Santos 25 (UPCB) 18S small subunit ribosomal RNA gene, internal transcribed spacer 1, 5.8S ribosomal RNA gene, internal transcribed spacer 2, and 28S large subunit ribosomal RNA gene, complete sequence
cc_rrna_kmer_000572|28S	EU252544.1	88456	N/A	100.000	31	0	0	1	31	1152	1182	Cyclospora cayetanensis 28S large subunit ribosomal RNA gene, partial sequence
cc_rrna_kmer_000572|28S	OZ288544.1	669661	N/A	100.000	31	0	0	1	31	126294	126264	Cochlearia groenlandica genome assembly, chromosome: 7
cc_rrna_kmer_000573|28S	EU252544.1	88456	N/A	100.000	31	0	0	1	31	168	198	Cyclospora cayetanensis 28S large subunit ribosomal RNA gene, partial sequence
cc_rrna_kmer_000574|28S	EU252544.1	88456	N/A	100.000	31	0	0	1	31	735	705	Cyclospora cayetanensis 28S large subunit ribosomal RNA gene, partial sequence
cc_rrna_kmer_000575|28S	EU252544.1	88456	N/A	100.000	31	0	0	1	31	583	613	Cyclospora cayetanensis 28S large subunit ribosomal RNA gene, partial sequence
cc_rrna_kmer_000577|28S	XR_003297360.1	88456	N/A	100.000	31	0	0	1	31	2640	2670	PREDICTED: Cyclospora cayetanensis large subunit ribosomal RNA (LOC113146729), rRNA
cc_rrna_kmer_000578|28S	XR_003297360.1	88456	N/A	100.000	31	0	0	1	31	195	165	PREDICTED: Cyclospora cayetanensis large subunit ribosomal RNA (LOC113146729), rRNA
cc_rrna_kmer_000578|28S	EU252544.1	88456	N/A	100.000	31	0	0	1	31	940	910	Cyclospora cayetanensis 28S large subunit ribosomal RNA gene, partial sequence
cc_rrna_kmer_000579|28S	LC856927.1	1962270	N/A	100.000	31	0	0	1	31	1347	1377	Sarcocystis bertrami CA20-2_2 gene for 28S ribosomal RNA, partial sequence, clone: b26-6
cc_rrna_kmer_000579|28S	XR_003297360.1	88456	N/A	100.000	31	0	0	1	31	579	609	PREDICTED: Cyclospora cayetanensis large subunit ribosomal RNA (LOC113146729), rRNA
cc_rrna_kmer_000579|28S	EU252544.1	88456	N/A	100.000	31	0	0	1	31	1324	1354	Cyclospora cayetanensis 28S large subunit ribosomal RNA gene, partial sequence
cc_rrna_kmer_000579|28S	LC857022.1	1962270	N/A	100.000	31	0	0	1	31	1350	1380	Sarcocystis bertrami CA20-53_1 gene for 28S ribosomal RNA, partial sequence, clone: b14-6
cc_rrna_kmer_000580|28S	XR_003297360.1	88456	N/A	100.000	31	0	0	1	31	1919	1889	PREDICTED: Cyclospora cayetanensis large subunit ribosomal RNA (LOC113146729), rRNA
cc_rrna_kmer_000581|28S	XR_003297360.1	88456	N/A	100.000	31	0	0	1	31	2515	2545	PREDICTED: Cyclospora cayetanensis large subunit ribosomal RNA (LOC113146729), rRNA
cc_rrna_kmer_000582|28S	XR_003297360.1	88456	N/A	100.000	31	0	0	1	31	1916	1946	PREDICTED: Cyclospora cayetanensis large subunit ribosomal RNA (LOC113146729), rRNA
cc_rrna_kmer_000583|28S	XR_003297360.1	88456	N/A	100.000	31	0	0	1	31	2130	2160	PREDICTED: Cyclospora cayetanensis large subunit ribosomal RNA (LOC113146729), rRNA
cc_rrna_kmer_000583|28S	GU593716.1	947543	N/A	100.000	31	0	0	1	31	772	802	Goussia carpelli strain 23 28S ribosomal RNA gene, partial sequence
cc_rrna_kmer_000584|28S	EU252544.1	88456	N/A	100.000	31	0	0	1	31	479	509	Cyclospora cayetanensis 28S large subunit ribosomal RNA gene, partial sequence
cc_rrna_kmer_000585|28S	XR_003297360.1	88456	N/A	100.000	31	0	0	1	31	582	552	PREDICTED: Cyclospora cayetanensis large subunit ribosomal RNA (LOC113146729), rRNA
cc_rrna_kmer_000585|28S	EU252544.1	88456	N/A	100.000	31	0	0	1	31	1327	1297	Cyclospora cayetanensis 28S large subunit ribosomal RNA gene, partial sequence
cc_rrna_kmer_000586|18S	MK946294.1	342097	N/A	100.000	31	0	0	1	31	27	57	Uncultured soil eukaryote clone l330 small subunit ribosomal RNA gene, partial sequence
cc_rrna_kmer_000588|28S	XR_003297360.1	88456	N/A	100.000	31	0	0	1	31	2573	2543	PREDICTED: Cyclospora cayetanensis large subunit ribosomal RNA (LOC113146729), rRNA
cc_rrna_kmer_000589|18S	AB970208.1	100272	N/A	100.000	31	0	0	1	31	91	61	Uncultured eukaryote gene for 18S rRNA, partial sequence, clone: CompH_DNA_21
cc_rrna_kmer_000589|18S	GQ844420.1	175245	N/A	100.000	31	0	0	1	31	91	61	Uncultured fungus clone WD0-34 18S ribosomal RNA gene, partial sequence
cc_rrna_kmer_000589|18S	GQ844407.1	175245	N/A	100.000	31	0	0	1	31	91	61	Uncultured fungus clone WD0-16 18S ribosomal RNA gene, partial sequence
cc_rrna_kmer_000589|18S	GQ844425.1	175245	N/A	100.000	31	0	0	1	31	91	61	Uncultured fungus clone WD0-40 18S ribosomal RNA gene, partial sequence
cc_rrna_kmer_000589|18S	GQ844577.1	175245	N/A	100.000	31	0	0	1	31	91	61	Uncultured fungus clone WD4-148 18S ribosomal RNA gene, partial sequence
cc_rrna_kmer_000589|18S	GQ844411.1	175245	N/A	100.000	31	0	0	1	31	91	61	Uncultured fungus clone WD0-23 18S ribosomal RNA gene, partial sequence
cc_rrna_kmer_000589|18S	PX656291.1	2735417	N/A	100.000	31	0	0	1	31	44	14	Salpingoecidae sp. isolate OTU_768 small subunit ribosomal RNA gene, partial sequence
cc_rrna_kmer_000591|28S	XR_003297360.1	88456	N/A	100.000	31	0	0	1	31	86	56	PREDICTED: Cyclospora cayetanensis large subunit ribosomal RNA (LOC113146729), rRNA
cc_rrna_kmer_000591|28S	EU252544.1	88456	N/A	100.000	31	0	0	1	31	831	801	Cyclospora cayetanensis 28S large subunit ribosomal RNA gene, partial sequence
cc_rrna_kmer_000592|18S	AF111183.1	88456	N/A	100.000	31	0	0	1	31	1677	1707	Cyclospora cayetanensis 18S ribosomal RNA gene, complete sequence
cc_rrna_kmer_000592|18S	XR_003297358.1	88456	N/A	100.000	31	0	0	1	31	1677	1707	PREDICTED: Cyclospora cayetanensis small subunit ribosomal RNA (LOC113146722), rRNA
cc_rrna_kmer_000592|18S	KX618190.1	88456	N/A	100.000	31	0	0	1	31	1677	1707	Cyclospora cayetanensis 18S small subunit ribosomal RNA gene, partial sequence
cc_rrna_kmer_000593|18S	XR_003297358.1	88456	N/A	100.000	31	0	0	1	31	268	298	PREDICTED: Cyclospora cayetanensis small subunit ribosomal RNA (LOC113146722), rRNA
cc_rrna_kmer_000595|28S	XR_003297360.1	88456	N/A	100.000	31	0	0	1	31	796	766	PREDICTED: Cyclospora cayetanensis large subunit ribosomal RNA (LOC113146729), rRNA
cc_rrna_kmer_000595|28S	EU252544.1	88456	N/A	100.000	31	0	0	1	31	1541	1511	Cyclospora cayetanensis 28S large subunit ribosomal RNA gene, partial sequence
cc_rrna_kmer_000596|28S	XR_003297360.1	88456	N/A	100.000	31	0	0	1	31	2675	2645	PREDICTED: Cyclospora cayetanensis large subunit ribosomal RNA (LOC113146729), rRNA
cc_rrna_kmer_000597|28S	XR_003297360.1	88456	N/A	100.000	31	0	0	1	31	556	586	PREDICTED: Cyclospora cayetanensis large subunit ribosomal RNA (LOC113146729), rRNA
cc_rrna_kmer_000597|28S	EU252544.1	88456	N/A	100.000	31	0	0	1	31	1301	1331	Cyclospora cayetanensis 28S large subunit ribosomal RNA gene, partial sequence
cc_rrna_kmer_000598|28S	XR_003297360.1	88456	N/A	100.000	31	0	0	1	31	593	563	PREDICTED: Cyclospora cayetanensis large subunit ribosomal RNA (LOC113146729), rRNA
cc_rrna_kmer_000598|28S	EU252544.1	88456	N/A	100.000	31	0	0	1	31	1338	1308	Cyclospora cayetanensis 28S large subunit ribosomal RNA gene, partial sequence
cc_rrna_kmer_000599|28S	XR_003297360.1	88456	N/A	100.000	31	0	0	1	31	32	62	PREDICTED: Cyclospora cayetanensis large subunit ribosomal RNA (LOC113146729), rRNA
cc_rrna_kmer_000599|28S	EU252544.1	88456	N/A	100.000	31	0	0	1	31	777	807	Cyclospora cayetanensis 28S large subunit ribosomal RNA gene, partial sequence
cc_rrna_kmer_000600|28S	EU252544.1	88456	N/A	100.000	31	0	0	1	31	535	505	Cyclospora cayetanensis 28S large subunit ribosomal RNA gene, partial sequence
cc_rrna_kmer_000601|28S	XR_003297360.1	88456	N/A	100.000	31	0	0	1	31	67	37	PREDICTED: Cyclospora cayetanensis large subunit ribosomal RNA (LOC113146729), rRNA
cc_rrna_kmer_000601|28S	EU252544.1	88456	N/A	100.000	31	0	0	1	31	812	782	Cyclospora cayetanensis 28S large subunit ribosomal RNA gene, partial sequence
cc_rrna_kmer_000602|5S	XR_003297353.1	88456	N/A	100.000	31	0	0	1	31	86	56	PREDICTED: Cyclospora cayetanensis 5S ribosomal RNA (LOC113146603), rRNA
cc_rrna_kmer_000603|28S	XR_003297360.1	88456	N/A	100.000	31	0	0	1	31	1848	1818	PREDICTED: Cyclospora cayetanensis large subunit ribosomal RNA (LOC113146729), rRNA
cc_rrna_kmer_000604|28S	LC856987.1	1962270	N/A	100.000	31	0	0	1	31	1572	1542	Sarcocystis bertrami CA20-44_fa13 gene for 28S ribosomal RNA, partial sequence, clone: b49-3
cc_rrna_kmer_000604|28S	LC856975.1	1962270	N/A	100.000	31	0	0	1	31	1581	1551	Sarcocystis bertrami CA20-44_9 gene for 28S ribosomal RNA, partial sequence, clone: b10-1
cc_rrna_kmer_000604|28S	LC856939.1	1962270	N/A	100.000	31	0	0	1	31	1571	1541	Sarcocystis bertrami CA20-2_5 gene for 28S ribosomal RNA, partial sequence, clone: b3-5
cc_rrna_kmer_000604|28S	LC856965.1	1962270	N/A	100.000	31	0	0	1	31	1570	1540	Sarcocystis bertrami CA20-44_6 gene for 28S ribosomal RNA, partial sequence, clone: b32-4
cc_rrna_kmer_000604|28S	LC857055.1	1962270	N/A	100.000	31	0	0	1	31	1577	1547	Sarcocystis bertrami CA20-54_8 gene for 28S ribosomal RNA, partial sequence, clone: b46-3
cc_rrna_kmer_000604|28S	KT901242.1	103879	N/A	100.000	31	0	0	1	31	1580	1550	Sarcocystis sinensis isolate Bb21.27 clone 1 28S ribosomal RNA gene, partial sequence
cc_rrna_kmer_000604|28S	LC856956.1	1962270	N/A	100.000	31	0	0	1	31	1571	1541	Sarcocystis bertrami CA20-44_4 gene for 28S ribosomal RNA, partial sequence, clone: b31-3
cc_rrna_kmer_000604|28S	LC857041.1	1962270	N/A	100.000	31	0	0	1	31	1596	1566	Sarcocystis bertrami CA20-53_10 gene for 28S ribosomal RNA, partial sequence, clone: b42-6
cc_rrna_kmer_000604|28S	KT901260.1	1749070	N/A	100.000	31	0	0	1	31	1569	1539	Sarcocystis bovini isolate B4.7 clone 5 28S ribosomal RNA gene, partial sequence
cc_rrna_kmer_000604|28S	LC856936.1	1962270	N/A	100.000	31	0	0	1	31	1578	1548	Sarcocystis bertrami CA20-2_4 gene for 28S ribosomal RNA, partial sequence, clone: b27-6
cc_rrna_kmer_000604|28S	LC856979.1	1962270	N/A	100.000	31	0	0	1	31	1574	1544	Sarcocystis bertrami CA20-44_10 gene for 28S ribosomal RNA, partial sequence, clone: b34-3
cc_rrna_kmer_000604|28S	LC856980.1	1962270	N/A	100.000	31	0	0	1	31	1571	1541	Sarcocystis bertrami CA20-44_10 gene for 28S ribosomal RNA, partial sequence, clone: b34-4
cc_rrna_kmer_000604|28S	LC856967.1	1962270	N/A	100.000	31	0	0	1	31	1577	1547	Sarcocystis bertrami CA20-44_6 gene for 28S ribosomal RNA, partial sequence, clone: b32-6
cc_rrna_kmer_000604|28S	LC856943.1	1962270	N/A	100.000	31	0	0	1	31	1580	1550	Sarcocystis bertrami CA20-17_3 gene for 28S ribosomal RNA, partial sequence, clone: b4-3
cc_rrna_kmer_000604|28S	LC856921.1	1962270	N/A	100.000	31	0	0	1	31	1569	1539	Sarcocystis bertrami CA20-2_1 gene for 28S ribosomal RNA, partial sequence, clone: b1-2
cc_rrna_kmer_000604|28S	LC857061.1	1962270	N/A	100.000	31	0	0	1	31	1569	1539	Sarcocystis bertrami FR21-3_1 gene for 28S ribosomal RNA, partial sequence, clone: b24-3
cc_rrna_kmer_000604|28S	LC856992.1	1962270	N/A	100.000	31	0	0	1	31	1596	1566	Sarcocystis bertrami CA20-44_fa17 gene for 28S ribosomal RNA, partial sequence, clone: b51-4
cc_rrna_kmer_000604|28S	KT901243.1	103879	N/A	100.000	31	0	0	1	31	1575	1545	Sarcocystis sinensis isolate Bb21.27 clone 2 28S ribosomal RNA gene, partial sequence
cc_rrna_kmer_000604|28S	LC857034.1	1962270	N/A	100.000	31	0	0	1	31	1576	1546	Sarcocystis bertrami CA20-53_6 gene for 28S ribosomal RNA, partial sequence, clone: b40-5
cc_rrna_kmer_000604|28S	KT901245.1	1749069	N/A	100.000	31	0	0	1	31	1571	1541	Sarcocystis bovifelis isolate B1.13 clone 1 28S ribosomal RNA gene, partial sequence
cc_rrna_kmer_000604|28S	KT901246.1	1749069	N/A	100.000	31	0	0	1	31	1569	1539	Sarcocystis bovifelis isolate B1.13 clone 2 28S ribosomal RNA gene, partial sequence
cc_rrna_kmer_000604|28S	LC857043.1	1962270	N/A	100.000	31	0	0	1	31	1567	1537	Sarcocystis bertrami CA20-54_1 gene for 28S ribosomal RNA, partial sequence, clone: b19-5
cc_rrna_kmer_000604|28S	LC856982.1	1962270	N/A	100.000	31	0	0	1	31	1564	1534	Sarcocystis bertrami CA20-44_10 gene for 28S ribosomal RNA, partial sequence, clone: b34-6
cc_rrna_kmer_000604|28S	KT901254.1	1749069	N/A	100.000	31	0	0	1	31	1568	1538	Sarcocystis bovifelis isolate B4.5 clone 4 28S ribosomal RNA gene, partial sequence
cc_rrna_kmer_000604|28S	KU247936.1	65408	N/A	100.000	31	0	0	1	31	1577	1547	Sarcocystis buffalonis isolate Bb18.1 clone 3 28S ribosomal RNA gene, partial sequence
cc_rrna_kmer_000604|28S	KT901264.1	61649	N/A	100.000	31	0	0	1	31	1584	1554	Sarcocystis hirsuta isolate B6.3 clone 1 28S ribosomal RNA gene, partial sequence
cc_rrna_kmer_000604|28S	LC857028.1	1962270	N/A	100.000	31	0	0	1	31	1572	1542	Sarcocystis bertrami CA20-53_3 gene for 28S ribosomal RNA, partial sequence, clone: b15-4
cc_rrna_kmer_000604|28S	LC857008.1	1962270	N/A	100.000	31	0	0	1	31	1580	1550	Sarcocystis bertrami CA20-51_1 gene for 28S ribosomal RNA, partial sequence, clone: b11-5
cc_rrna_kmer_000604|28S	LC857054.1	1962270	N/A	100.000	31	0	0	1	31	1576	1546	Sarcocystis bertrami CA20-54_8 gene for 28S ribosomal RNA, partial sequence, clone: b46-1
cc_rrna_kmer_000604|28S	LC856976.1	1962270	N/A	100.000	31	0	0	1	31	1580	1550	Sarcocystis bertrami CA20-44_9 gene for 28S ribosomal RNA, partial sequence, clone: b10-4
cc_rrna_kmer_000604|28S	KT901235.1	103879	N/A	100.000	31	0	0	1	31	1574	1544	Sarcocystis sinensis isolate Bb21.26 clone 3 28S ribosomal RNA gene, partial sequence
cc_rrna_kmer_000604|28S	LC857016.1	1962270	N/A	100.000	31	0	0	1	31	1571	1541	Sarcocystis bertrami CA20-52_2 gene for 28S ribosomal RNA, partial sequence, clone: b36-6
cc_rrna_kmer_000604|28S	LC857015.1	1962270	N/A	100.000	31	0	0	1	31	1574	1544	Sarcocystis bertrami CA20-52_2 gene for 28S ribosomal RNA, partial sequence, clone: b36-2
cc_rrna_kmer_000604|28S	LC856928.1	1962270	N/A	100.000	31	0	0	1	31	1571	1541	Sarcocystis bertrami CA20-2_3 gene for 28S ribosomal RNA, partial sequence, clone: b2-1
cc_rrna_kmer_000604|28S	LC857010.1	1962270	N/A	100.000	31	0	0	1	31	1572	1542	Sarcocystis bertrami CA20-51_2 gene for 28S ribosomal RNA, partial sequence, clone: b35-2
cc_rrna_kmer_000604|28S	KT901265.1	61649	N/A	100.000	31	0	0	1	31	1590	1560	Sarcocystis hirsuta isolate B6.3 clone 2 28S ribosomal RNA gene, partial sequence
cc_rrna_kmer_000604|28S	LC856984.1	1962270	N/A	100.000	31	0	0	1	31	1571	1541	Sarcocystis bertrami CA20-44_fa7 gene for 28S ribosomal RNA, partial sequence, clone: b48-4
cc_rrna_kmer_000604|28S	KT901244.1	103879	N/A	100.000	31	0	0	1	31	1580	1550	Sarcocystis sinensis isolate Bb21.27 clone 3 28S ribosomal RNA gene, partial sequence
cc_rrna_kmer_000604|28S	LC856999.1	1962270	N/A	100.000	31	0	0	1	31	1562	1532	Sarcocystis bertrami CA20-44_be23 gene for 28S ribosomal RNA, partial sequence, clone: b55-2
cc_rrna_kmer_000604|28S	OM971687.1	2925352	N/A	100.000	31	0	0	1	31	1607	1577	Sarcocystis asinus isolate YDDSa5 large subunit ribosomal RNA gene, partial sequence
cc_rrna_kmer_000604|28S	KT901236.1	103879	N/A	100.000	31	0	0	1	31	1574	1544	Sarcocystis sinensis isolate Bb21.26 clone 4 28S ribosomal RNA gene, partial sequence
cc_rrna_kmer_000604|28S	LC857040.1	1962270	N/A	100.000	31	0	0	1	31	1580	1550	Sarcocystis bertrami CA20-53_10 gene for 28S ribosomal RNA, partial sequence, clone: b42-4
cc_rrna_kmer_000604|28S	LC856977.1	1962270	N/A	100.000	31	0	0	1	31	1569	1539	Sarcocystis bertrami CA20-44_10 gene for 28S ribosomal RNA, partial sequence, clone: b34-1
cc_rrna_kmer_000604|28S	KT901233.1	103879	N/A	100.000	31	0	0	1	31	1574	1544	Sarcocystis sinensis isolate Bb21.26 clone 1 28S ribosomal RNA gene, partial sequence
cc_rrna_kmer_000604|28S	LC856971.1	1962270	N/A	100.000	31	0	0	1	31	1575	1545	Sarcocystis bertrami CA20-44_7 gene for 28S ribosomal RNA, partial sequence, clone: b9-4
cc_rrna_kmer_000604|28S	LC857057.1	1962270	N/A	100.000	31	0	0	1	31	1574	1544	Sarcocystis bertrami CA20-54_10 gene for 28S ribosomal RNA, partial sequence, clone: b47-7
cc_rrna_kmer_000604|28S	KU247935.1	65408	N/A	100.000	31	0	0	1	31	1583	1553	Sarcocystis buffalonis isolate Bb18.1 clone 2 28S ribosomal RNA gene, partial sequence
cc_rrna_kmer_000604|28S	KT901247.1	1749069	N/A	100.000	31	0	0	1	31	1574	1544	Sarcocystis bovifelis isolate B1.13 clone 3 28S ribosomal RNA gene, partial sequence
cc_rrna_kmer_000604|28S	LC856950.1	1962270	N/A	100.000	31	0	0	1	31	1584	1554	Sarcocystis bertrami CA20-17_5 gene for 28S ribosomal RNA, partial sequence, clone: b5-6
cc_rrna_kmer_000604|28S	LC856931.1	1962270	N/A	100.000	31	0	0	1	31	1571	1541	Sarcocystis bertrami CA20-2_3 gene for 28S ribosomal RNA, partial sequence, clone: b2-6
cc_rrna_kmer_000604|28S	LC857060.1	1962270	N/A	100.000	31	0	0	1	31	1579	1549	Sarcocystis bertrami FR21-3_1 gene for 28S ribosomal RNA, partial sequence, clone: b24-2
cc_rrna_kmer_000604|28S	XR_003297360.1	88456	N/A	100.000	31	0	0	1	31	811	781	PREDICTED: Cyclospora cayetanensis large subunit ribosomal RNA (LOC113146729), rRNA
cc_rrna_kmer_000604|28S	KT901255.1	1749069	N/A	100.000	31	0	0	1	31	1568	1538	Sarcocystis bovifelis isolate B4.5 clone 5 28S ribosomal RNA gene, partial sequence
cc_rrna_kmer_000604|28S	LC856933.1	1962270	N/A	100.000	31	0	0	1	31	1574	1544	Sarcocystis bertrami CA20-2_4 gene for 28S ribosomal RNA, partial sequence, clone: b27-3
cc_rrna_kmer_000604|28S	LC857031.1	1962270	N/A	100.000	31	0	0	1	31	1569	1539	Sarcocystis bertrami CA20-53_5 gene for 28S ribosomal RNA, partial sequence, clone: b16-1
cc_rrna_kmer_000604|28S	LC856949.1	1962270	N/A	100.000	31	0	0	1	31	1571	1541	Sarcocystis bertrami CA20-17_5 gene for 28S ribosomal RNA, partial sequence, clone: b5-5
cc_rrna_kmer_000604|28S	LC857026.1	1962270	N/A	100.000	31	0	0	1	31	1577	1547	Sarcocystis bertrami CA20-53_2 gene for 28S ribosomal RNA, partial sequence, clone: b38-5
cc_rrna_kmer_000604|28S	LC857005.1	1962270	N/A	100.000	31	0	0	1	31	1576	1546	Sarcocystis bertrami CA20-44_be29 gene for 28S ribosomal RNA, partial sequence, clone: b58-2
cc_rrna_kmer_000604|28S	LC856966.1	1962270	N/A	100.000	31	0	0	1	31	1579	1549	Sarcocystis bertrami CA20-44_6 gene for 28S ribosomal RNA, partial sequence, clone: b32-5
cc_rrna_kmer_000604|28S	LC857039.1	1962270	N/A	100.000	31	0	0	1	31	1580	1550	Sarcocystis bertrami CA20-53_10 gene for 28S ribosomal RNA, partial sequence, clone: b42-1
cc_rrna_kmer_000604|28S	OM971684.1	2925352	N/A	100.000	31	0	0	1	31	1608	1578	Sarcocystis asinus isolate YDDSa2 large subunit ribosomal RNA gene, partial sequence
cc_rrna_kmer_000604|28S	LC856925.1	1962270	N/A	100.000	31	0	0	1	31	1576	1546	Sarcocystis bertrami CA20-2_2 gene for 28S ribosomal RNA, partial sequence, clone: b26-3
cc_rrna_kmer_000604|28S	LC857045.1	1962270	N/A	100.000	31	0	0	1	31	1589	1559	Sarcocystis bertrami CA20-54_2 gene for 28S ribosomal RNA, partial sequence, clone: b43-3
cc_rrna_kmer_000604|28S	LC856953.1	1962270	N/A	100.000	31	0	0	1	31	1574	1544	Sarcocystis bertrami CA20-44_2 gene for 28S ribosomal RNA, partial sequence, clone: b30-4
cc_rrna_kmer_000604|28S	MH793420.1	65408	N/A	100.000	31	0	0	1	31	1583	1553	Sarcocystis buffalonis clone SB28S3 large subunit ribosomal RNA gene, partial sequence
cc_rrna_kmer_000604|28S	KT901263.1	1749070	N/A	100.000	31	0	0	1	31	1565	1535	Sarcocystis bovini isolate B7.2 clone 2 28S ribosomal RNA gene, partial sequence
cc_rrna_kmer_000604|28S	LC856929.1	1962270	N/A	100.000	31	0	0	1	31	1577	1547	Sarcocystis bertrami CA20-2_3 gene for 28S ribosomal RNA, partial sequence, clone: b2-3
cc_rrna_kmer_000604|28S	LC857000.1	1962270	N/A	100.000	31	0	0	1	31	1582	1552	Sarcocystis bertrami CA20-44_be23 gene for 28S ribosomal RNA, partial sequence, clone: b55-3
cc_rrna_kmer_000604|28S	KT901257.1	1749070	N/A	100.000	31	0	0	1	31	1570	1540	Sarcocystis bovini isolate B4.7 clone 2 28S ribosomal RNA gene, partial sequence
cc_rrna_kmer_000604|28S	MH793419.1	65408	N/A	100.000	31	0	0	1	31	1583	1553	Sarcocystis buffalonis clone SB28S2 large subunit ribosomal RNA gene, partial sequence
cc_rrna_kmer_000604|28S	LC856935.1	1962270	N/A	100.000	31	0	0	1	31	1577	1547	Sarcocystis bertrami CA20-2_4 gene for 28S ribosomal RNA, partial sequence, clone: b27-5
cc_rrna_kmer_000604|28S	KT901256.1	1749070	N/A	100.000	31	0	0	1	31	1569	1539	Sarcocystis bovini isolate B4.7 clone 1 28S ribosomal RNA gene, partial sequence
cc_rrna_kmer_000604|28S	LC856941.1	1962270	N/A	100.000	31	0	0	1	31	1576	1546	Sarcocystis bertrami CA20-17_2 gene for 28S ribosomal RNA, partial sequence, clone: b28-2
cc_rrna_kmer_000604|28S	LC856974.1	1962270	N/A	100.000	31	0	0	1	31	1572	1542	Sarcocystis bertrami CA20-44_8 gene for 28S ribosomal RNA, partial sequence, clone: b33-3
cc_rrna_kmer_000604|28S	MT707286.1	61649	N/A	100.000	31	0	0	1	31	1585	1555	Sarcocystis hirsuta isolate AR24 large subunit ribosomal RNA gene, partial sequence
cc_rrna_kmer_000604|28S	MH793418.1	65408	N/A	100.000	31	0	0	1	31	1583	1553	Sarcocystis buffalonis clone SB28S1 large subunit ribosomal RNA gene, partial sequence
cc_rrna_kmer_000604|28S	KT901237.1	103879	N/A	100.000	31	0	0	1	31	1572	1542	Sarcocystis sinensis isolate Bb21.26 clone 5 28S ribosomal RNA gene, partial sequence
cc_rrna_kmer_000604|28S	LC856988.1	1962270	N/A	100.000	31	0	0	1	31	1580	1550	Sarcocystis bertrami CA20-44_fa14 gene for 28S ribosomal RNA, partial sequence, clone: b50-1
cc_rrna_kmer_000604|28S	LC856924.1	1962270	N/A	100.000	31	0	0	1	31	1569	1539	Sarcocystis bertrami CA20-2_2 gene for 28S ribosomal RNA, partial sequence, clone: b26-2
cc_rrna_kmer_000604|28S	KU247934.1	65408	N/A	100.000	31	0	0	1	31	1583	1553	Sarcocystis buffalonis isolate Bb18.1 clone 1 28S ribosomal RNA gene, partial sequence
cc_rrna_kmer_000604|28S	LC857059.1	1962270	N/A	100.000	31	0	0	1	31	1568	1538	Sarcocystis bertrami FR21-3_1 gene for 28S ribosomal RNA, partial sequence, clone: b24-1
cc_rrna_kmer_000604|28S	LC856940.1	1962270	N/A	100.000	31	0	0	1	31	1571	1541	Sarcocystis bertrami CA20-2_5 gene for 28S ribosomal RNA, partial sequence, clone: b3-6
cc_rrna_kmer_000604|28S	KT901238.1	103879	N/A	100.000	31	0	0	1	31	1584	1554	Sarcocystis sinensis isolate Bb21.26 clone 6 28S ribosomal RNA gene, partial sequence
cc_rrna_kmer_000604|28S	MT707476.1	61649	N/A	100.000	31	0	0	1	31	1585	1555	Sarcocystis hirsuta isolate AR26 large subunit ribosomal RNA gene, partial sequence
cc_rrna_kmer_000604|28S	KU247933.1	65408	N/A	100.000	31	0	0	1	31	1541	1511	Sarcocystis buffalonis isolate Bb12.1 28S ribosomal RNA gene, partial sequence
cc_rrna_kmer_000604|28S	LC856968.1	1962270	N/A	100.000	31	0	0	1	31	1569	1539	Sarcocystis bertrami CA20-44_7 gene for 28S ribosomal RNA, partial sequence, clone: b9-1
cc_rrna_kmer_000604|28S	EU252544.1	88456	N/A	100.000	31	0	0	1	31	1556	1526	Cyclospora cayetanensis 28S large subunit ribosomal RNA gene, partial sequence
cc_rrna_kmer_000604|28S	LC856998.1	1962270	N/A	100.000	31	0	0	1	31	1572	1542	Sarcocystis bertrami CA20-44_be23 gene for 28S ribosomal RNA, partial sequence, clone: b55-1
cc_rrna_kmer_000604|28S	LC856922.1	1962270	N/A	100.000	31	0	0	1	31	1569	1539	Sarcocystis bertrami CA20-2_1 gene for 28S ribosomal RNA, partial sequence, clone: b1-4
cc_rrna_kmer_000604|28S	KT901234.1	103879	N/A	100.000	31	0	0	1	31	1575	1545	Sarcocystis sinensis isolate Bb21.26 clone 2 28S ribosomal RNA gene, partial sequence
cc_rrna_kmer_000604|28S	KT901258.1	1749070	N/A	100.000	31	0	0	1	31	1572	1542	Sarcocystis bovini isolate B4.7 clone 3 28S ribosomal RNA gene, partial sequence
cc_rrna_kmer_000604|28S	LC856996.1	1962270	N/A	100.000	31	0	0	1	31	1574	1544	Sarcocystis bertrami CA20-44_be15 gene for 28S ribosomal RNA, partial sequence, clone: b53-3
cc_rrna_kmer_000604|28S	KT901252.1	1749069	N/A	100.000	31	0	0	1	31	1567	1537	Sarcocystis bovifelis isolate B4.5 clone 2 28S ribosomal RNA gene, partial sequence
cc_rrna_kmer_000604|28S	KT901251.1	1749069	N/A	100.000	31	0	0	1	31	1571	1541	Sarcocystis bovifelis isolate B4.5 clone 1 28S ribosomal RNA gene, partial sequence
cc_rrna_kmer_000604|28S	KT901240.1	103879	N/A	100.000	31	0	0	1	31	1574	1544	Sarcocystis sinensis isolate Bb21.26 clone 8 28S ribosomal RNA gene, partial sequence
cc_rrna_kmer_000604|28S	LC856932.1	1962270	N/A	100.000	31	0	0	1	31	1572	1542	Sarcocystis bertrami CA20-2_4 gene for 28S ribosomal RNA, partial sequence, clone: b27-2
cc_rrna_kmer_000604|28S	KT901261.1	1749070	N/A	100.000	31	0	0	1	31	1562	1532	Sarcocystis bovini isolate B4.7 clone 6 28S ribosomal RNA gene, partial sequence
cc_rrna_kmer_000604|28S	KT901262.1	1749070	N/A	100.000	31	0	0	1	31	1565	1535	Sarcocystis bovini isolate B7.2 clone 1 28S ribosomal RNA gene, partial sequence
cc_rrna_kmer_000604|28S	LC856981.1	1962270	N/A	100.000	31	0	0	1	31	1574	1544	Sarcocystis bertrami CA20-44_10 gene for 28S ribosomal RNA, partial sequence, clone: b34-5
cc_rrna_kmer_000604|28S	LC857052.1	1962270	N/A	100.000	31	0	0	1	31	1577	1547	Sarcocystis bertrami CA20-54_7 gene for 28S ribosomal RNA, partial sequence, clone: b22-4
cc_rrna_kmer_000604|28S	LC857009.1	1962270	N/A	100.000	31	0	0	1	31	1578	1548	Sarcocystis bertrami CA20-51_2 gene for 28S ribosomal RNA, partial sequence, clone: b35-1
cc_rrna_kmer_000604|28S	OM971683.1	2925352	N/A	100.000	31	0	0	1	31	1604	1574	Sarcocystis asinus isolate YDDSa1 large subunit ribosomal RNA gene, partial sequence
cc_rrna_kmer_000604|28S	LC856952.1	1962270	N/A	100.000	31	0	0	1	31	1574	1544	Sarcocystis bertrami CA20-44_2 gene for 28S ribosomal RNA, partial sequence, clone: b30-3
cc_rrna_kmer_000607|28S	AB619593.1	300410	N/A	100.000	31	0	0	1	31	1663	1633	Eimeria reichenowi genes for 18S rRNA, ITS1, 5.8S rRNA, ITS2, 28S rRNA, partial and complete sequence
cc_rrna_kmer_000607|28S	KJ700636.1	1576367	N/A	100.000	31	0	0	1	31	66	36	Eimeria collieie large subunit ribosomal RNA gene, partial sequence
cc_rrna_kmer_000607|28S	EU252544.1	88456	N/A	100.000	31	0	0	1	31	204	174	Cyclospora cayetanensis 28S large subunit ribosomal RNA gene, partial sequence
cc_rrna_kmer_000607|28S	AB619592.1	300409	N/A	100.000	31	0	0	1	31	1530	1500	Eimeria gruis genes for 18S rRNA, ITS1, 5.8S rRNA, ITS2, 28S rRNA, partial and complete sequence
cc_rrna_kmer_000608|28S	XR_003297360.1	88456	N/A	100.000	31	0	0	1	31	141	171	PREDICTED: Cyclospora cayetanensis large subunit ribosomal RNA (LOC113146729), rRNA
cc_rrna_kmer_000608|28S	EU252544.1	88456	N/A	100.000	31	0	0	1	31	886	916	Cyclospora cayetanensis 28S large subunit ribosomal RNA gene, partial sequence
cc_rrna_kmer_000609|28S	XR_003297360.1	88456	N/A	100.000	31	0	0	1	31	2581	2551	PREDICTED: Cyclospora cayetanensis large subunit ribosomal RNA (LOC113146729), rRNA
cc_rrna_kmer_000610|28S	XR_003297360.1	88456	N/A	100.000	31	0	0	1	31	2619	2589	PREDICTED: Cyclospora cayetanensis large subunit ribosomal RNA (LOC113146729), rRNA
cc_rrna_kmer_000611|28S	EU252544.1	88456	N/A	100.000	31	0	0	1	31	1871	1841	Cyclospora cayetanensis 28S large subunit ribosomal RNA gene, partial sequence
cc_rrna_kmer_000613|28S	EU252544.1	88456	N/A	100.000	31	0	0	1	31	579	609	Cyclospora cayetanensis 28S large subunit ribosomal RNA gene, partial sequence
cc_rrna_kmer_000614|28S	AY283845.1	241650	N/A	100.000	31	0	0	1	31	1333	1363	Atoxoplasma sp. MS-2003 large subunit ribosomal RNA gene, partial sequence
cc_rrna_kmer_000614|28S	OR101126.1	3051684	N/A	100.000	31	0	0	1	31	1267	1297	Isospora elliotae isolate 20384 large subunit ribosomal RNA gene, partial sequence
cc_rrna_kmer_000614|28S	AY283863.1	241650	N/A	100.000	31	0	0	1	31	1328	1358	Atoxoplasma sp. MS-2003 large subunit ribosomal RNA gene, partial sequence
cc_rrna_kmer_000614|28S	KT224382.1	1678287	N/A	100.000	31	0	0	1	31	1277	1307	Isospora sp. RY-2015c isolate RBF large subunit ribosomal RNA gene, partial sequence
cc_rrna_kmer_000614|28S	AY283844.1	241650	N/A	100.000	31	0	0	1	31	1333	1363	Atoxoplasma sp. MS-2003 large subunit ribosomal RNA gene, partial sequence
cc_rrna_kmer_000614|28S	AY283862.1	241650	N/A	100.000	31	0	0	1	31	1332	1362	Atoxoplasma sp. MS-2003 large subunit ribosomal RNA gene, partial sequence
cc_rrna_kmer_000614|28S	OA985032.1	2823481	N/A	100.000	31	0	0	1	31	776	806	Isospora sp. Hs2 partial 28S rRNA gene
cc_rrna_kmer_000614|28S	AY283839.1	241650	N/A	100.000	31	0	0	1	31	1342	1372	Atoxoplasma sp. MS-2003 large subunit ribosomal RNA gene, partial sequence
cc_rrna_kmer_000614|28S	AY283858.1	241650	N/A	100.000	31	0	0	1	31	1331	1361	Atoxoplasma sp. MS-2003 large subunit ribosomal RNA gene, partial sequence
cc_rrna_kmer_000614|28S	AY283864.1	241650	N/A	100.000	31	0	0	1	31	1337	1367	Atoxoplasma sp. MS-2003 large subunit ribosomal RNA gene, partial sequence
cc_rrna_kmer_000614|28S	AY283869.1	241650	N/A	100.000	31	0	0	1	31	1339	1369	Atoxoplasma sp. MS-2003 large subunit ribosomal RNA gene, partial sequence
cc_rrna_kmer_000614|28S	AY283868.1	241650	N/A	100.000	31	0	0	1	31	1331	1361	Atoxoplasma sp. MS-2003 large subunit ribosomal RNA gene, partial sequence
cc_rrna_kmer_000614|28S	MW775029.1	2820069	N/A	100.000	31	0	0	1	31	1298	1328	Isospora mayuri isolate 7-Bule-peafowl large subunit ribosomal RNA gene, partial sequence
cc_rrna_kmer_000614|28S	AY283859.1	241650	N/A	100.000	31	0	0	1	31	1333	1363	Atoxoplasma sp. MS-2003 large subunit ribosomal RNA gene, partial sequence
cc_rrna_kmer_000614|28S	KJ634022.1	1565085	N/A	100.000	31	0	0	1	31	862	892	Isospora streperae 28S ribosomal RNA gene, partial sequence
cc_rrna_kmer_000614|28S	AY283847.1	241650	N/A	100.000	31	0	0	1	31	1333	1363	Atoxoplasma sp. MS-2003 large subunit ribosomal RNA gene, partial sequence
cc_rrna_kmer_000614|28S	OA985031.1	2823479	N/A	100.000	31	0	0	1	31	771	801	Isospora sp. Pr2 partial 28S rRNA gene
cc_rrna_kmer_000614|28S	AY283850.1	241650	N/A	100.000	31	0	0	1	31	1328	1358	Atoxoplasma sp. MS-2003 large subunit ribosomal RNA gene, partial sequence
cc_rrna_kmer_000614|28S	KY801686.1	2153390	N/A	100.000	31	0	0	1	31	1261	1291	Isospora butcherae 28S ribosomal RNA gene, partial sequence
cc_rrna_kmer_000614|28S	AY283843.1	241650	N/A	100.000	31	0	0	1	31	1335	1365	Atoxoplasma sp. MS-2003 large subunit ribosomal RNA gene, partial sequence
cc_rrna_kmer_000614|28S	OA985026.1	2823474	N/A	100.000	31	0	0	1	31	776	806	Isospora sp. Bclt1 partial 28S rRNA gene
cc_rrna_kmer_000614|28S	AY283866.1	241650	N/A	100.000	31	0	0	1	31	1331	1361	Atoxoplasma sp. MS-2003 large subunit ribosomal RNA gene, partial sequence
cc_rrna_kmer_000614|28S	XR_003297360.1	88456	N/A	100.000	31	0	0	1	31	672	702	PREDICTED: Cyclospora cayetanensis large subunit ribosomal RNA (LOC113146729), rRNA
cc_rrna_kmer_000614|28S	AY283848.1	241650	N/A	100.000	31	0	0	1	31	1333	1363	Atoxoplasma sp. MS-2003 large subunit ribosomal RNA gene, partial sequence
cc_rrna_kmer_000614|28S	AY283849.1	241650	N/A	100.000	31	0	0	1	31	1334	1364	Atoxoplasma sp. MS-2003 large subunit ribosomal RNA gene, partial sequence
cc_rrna_kmer_000614|28S	AY283853.1	241650	N/A	100.000	31	0	0	1	31	1332	1362	Atoxoplasma sp. MS-2003 large subunit ribosomal RNA gene, partial sequence
cc_rrna_kmer_000614|28S	OA985028.1	2823475;2823476	N/A;N/A	100.000	31	0	0	1	31	776	806	Isospora sp. Pc1 partial 28S rRNA gene
cc_rrna_kmer_000614|28S	AY283865.1	241650	N/A	100.000	31	0	0	1	31	1324	1354	Atoxoplasma sp. MS-2003 large subunit ribosomal RNA gene, partial sequence
cc_rrna_kmer_000614|28S	AY283860.1	241650	N/A	100.000	31	0	0	1	31	1333	1363	Atoxoplasma sp. MS-2003 large subunit ribosomal RNA gene, partial sequence
cc_rrna_kmer_000614|28S	AY283857.1	241650	N/A	100.000	31	0	0	1	31	1332	1362	Atoxoplasma sp. MS-2003 large subunit ribosomal RNA gene, partial sequence
cc_rrna_kmer_000614|28S	AY283852.1	241650	N/A	100.000	31	0	0	1	31	1329	1359	Atoxoplasma sp. MS-2003 large subunit ribosomal RNA gene, partial sequence
cc_rrna_kmer_000614|28S	OA985030.1	2823478	N/A	100.000	31	0	0	1	31	773	803	Isospora sp. Pr1 partial 28S rRNA gene
cc_rrna_kmer_000614|28S	AY283854.1	241650	N/A	100.000	31	0	0	1	31	1332	1362	Atoxoplasma sp. MS-2003 large subunit ribosomal RNA gene, partial sequence
cc_rrna_kmer_000614|28S	AY283841.1	241650	N/A	100.000	31	0	0	1	31	1335	1365	Atoxoplasma sp. MS-2003 large subunit ribosomal RNA gene, partial sequence
cc_rrna_kmer_000614|28S	AY283855.1	241650	N/A	100.000	31	0	0	1	31	1331	1361	Atoxoplasma sp. MS-2003 large subunit ribosomal RNA gene, partial sequence
cc_rrna_kmer_000614|28S	MW775031.1	1469499	N/A	100.000	31	0	0	1	31	1306	1336	Eimeria hermani isolate 9-Whooper-swan large subunit ribosomal RNA gene, partial sequence
cc_rrna_kmer_000614|28S	AY283840.1	241650	N/A	100.000	31	0	0	1	31	1336	1366	Atoxoplasma sp. MS-2003 large subunit ribosomal RNA gene, partial sequence
cc_rrna_kmer_000614|28S	OA985027.1	2823473	N/A	100.000	31	0	0	1	31	776	806	Isospora sp. Sgs1 partial 28S rRNA gene
cc_rrna_kmer_000614|28S	AY283867.1	241650	N/A	100.000	31	0	0	1	31	1333	1363	Atoxoplasma sp. MS-2003 large subunit ribosomal RNA gene, partial sequence
cc_rrna_kmer_000614|28S	AY283870.1	241650	N/A	100.000	31	0	0	1	31	1335	1365	Atoxoplasma sp. MS-2003 large subunit ribosomal RNA gene, partial sequence
cc_rrna_kmer_000614|28S	LC193129.1	1913026	N/A	100.000	31	0	0	1	31	704	734	Isospora lunaris gene for 28S ribosomal RNA, partial sequence
cc_rrna_kmer_000614|28S	OR266354.1	1743397	N/A	100.000	31	0	0	1	31	546	576	Isospora sp. isolate 28S_Seq18 large subunit ribosomal RNA gene, partial sequence
cc_rrna_kmer_000614|28S	KT726931.1	1743397	N/A	100.000	31	0	0	1	31	1334	1364	Isospora sp. 28S ribosomal RNA gene, partial sequence
cc_rrna_kmer_000614|28S	AY283846.1	241650	N/A	100.000	31	0	0	1	31	1336	1366	Atoxoplasma sp. MS-2003 large subunit ribosomal RNA gene, partial sequence
cc_rrna_kmer_000614|28S	OA985033.1	2823480	N/A	100.000	31	0	0	1	31	777	807	Isospora sp. Hs1 partial 28S rRNA gene
cc_rrna_kmer_000614|28S	AY283851.1	241650	N/A	100.000	31	0	0	1	31	1332	1362	Atoxoplasma sp. MS-2003 large subunit ribosomal RNA gene, partial sequence
cc_rrna_kmer_000614|28S	MW775028.1	2820073	N/A	100.000	31	0	0	1	31	1293	1323	Isospora lacazei isolate 6-Bule-peafowl large subunit ribosomal RNA gene, partial sequence
cc_rrna_kmer_000614|28S	AY283856.1	241650	N/A	100.000	31	0	0	1	31	1333	1363	Atoxoplasma sp. MS-2003 large subunit ribosomal RNA gene, partial sequence
cc_rrna_kmer_000615|28S	XR_003297360.1	88456	N/A	100.000	31	0	0	1	31	1458	1428	PREDICTED: Cyclospora cayetanensis large subunit ribosomal RNA (LOC113146729), rRNA
cc_rrna_kmer_000616|18S	AF111183.1	88456	N/A	100.000	31	0	0	1	31	1710	1680	Cyclospora cayetanensis 18S ribosomal RNA gene, complete sequence
cc_rrna_kmer_000616|18S	XR_003297358.1	88456	N/A	100.000	31	0	0	1	31	1710	1680	PREDICTED: Cyclospora cayetanensis small subunit ribosomal RNA (LOC113146722), rRNA
cc_rrna_kmer_000616|18S	KX618190.1	88456	N/A	100.000	31	0	0	1	31	1710	1680	Cyclospora cayetanensis 18S small subunit ribosomal RNA gene, partial sequence
cc_rrna_kmer_000617|18S	AF111183.1	88456	N/A	100.000	31	0	0	1	31	1688	1718	Cyclospora cayetanensis 18S ribosomal RNA gene, complete sequence
cc_rrna_kmer_000617|18S	XR_003297358.1	88456	N/A	100.000	31	0	0	1	31	1688	1718	PREDICTED: Cyclospora cayetanensis small subunit ribosomal RNA (LOC113146722), rRNA
cc_rrna_kmer_000617|18S	KX618190.1	88456	N/A	100.000	31	0	0	1	31	1688	1718	Cyclospora cayetanensis 18S small subunit ribosomal RNA gene, partial sequence
cc_rrna_kmer_000618|28S	XR_003297360.1	88456	N/A	100.000	31	0	0	1	31	1006	1036	PREDICTED: Cyclospora cayetanensis large subunit ribosomal RNA (LOC113146729), rRNA
cc_rrna_kmer_000618|28S	EU252544.1	88456	N/A	100.000	31	0	0	1	31	1751	1781	Cyclospora cayetanensis 28S large subunit ribosomal RNA gene, partial sequence
cc_rrna_kmer_000619|28S	XR_003297360.1	88456	N/A	100.000	31	0	0	1	31	1230	1200	PREDICTED: Cyclospora cayetanensis large subunit ribosomal RNA (LOC113146729), rRNA
cc_rrna_kmer_000620|28S	EU252544.1	88456	N/A	100.000	31	0	0	1	31	1856	1826	Cyclospora cayetanensis 28S large subunit ribosomal RNA gene, partial sequence
cc_rrna_kmer_000621|28S	XR_003297360.1	88456	N/A	100.000	31	0	0	1	31	1364	1394	PREDICTED: Cyclospora cayetanensis large subunit ribosomal RNA (LOC113146729), rRNA
cc_rrna_kmer_000622|28S	MK530654.1	2591227	N/A	100.000	31	0	0	1	31	65	95	Isospora coronoideae large subunit ribosomal RNA gene, partial sequence
cc_rrna_kmer_000622|28S	MW422270.1	2800198	N/A	100.000	31	0	0	1	31	50	80	Isospora phylidonyrisae isolate 20381 large subunit ribosomal RNA gene, partial sequence
cc_rrna_kmer_000622|28S	PQ108888.1	3239063	N/A	100.000	31	0	0	1	31	64	94	Isospora virescensae isolate SHE01 large subunit ribosomal RNA gene, partial sequence
cc_rrna_kmer_000622|28S	MW776413.1	3054442	N/A	100.000	31	0	0	1	31	62	92	Isospora lunulatae isolate 20742 large subunit ribosomal RNA gene, partial sequence
cc_rrna_kmer_000622|28S	KT224381.1	1678286	N/A	100.000	31	0	0	1	31	50	80	Isospora manorinae isolate 22795 large subunit ribosomal RNA gene, partial sequence
cc_rrna_kmer_000622|28S	AB769739.1	1267178	N/A	100.000	31	0	0	1	31	1401	1431	Eimeria canadensis genes for 18S rRNA, internal transcribed spacer 1, 5.8S rRNA, internal transcribed spacer 2 and 28S rRNA, partial and complete sequence, isolate: 1-1, clone: 2
cc_rrna_kmer_000622|28S	EU252544.1	88456	N/A	100.000	31	0	0	1	31	198	228	Cyclospora cayetanensis 28S large subunit ribosomal RNA gene, partial sequence
cc_rrna_kmer_000622|28S	KF766053.1	1487184	N/A	100.000	31	0	0	1	31	62	92	Isospora anthochaerae large subunit ribosomal RNA gene, partial sequence
cc_rrna_kmer_000623|5S	XR_003297353.1	88456	N/A	100.000	31	0	0	1	31	68	98	PREDICTED: Cyclospora cayetanensis 5S ribosomal RNA (LOC113146603), rRNA
cc_rrna_kmer_000624|28S	XR_003297360.1	88456	N/A	100.000	31	0	0	1	31	1494	1464	PREDICTED: Cyclospora cayetanensis large subunit ribosomal RNA (LOC113146729), rRNA
cc_rrna_kmer_000625|28S	XR_003297360.1	88456	N/A	100.000	31	0	0	1	31	2545	2575	PREDICTED: Cyclospora cayetanensis large subunit ribosomal RNA (LOC113146729), rRNA
cc_rrna_kmer_000627|28S	XR_003297360.1	88456	N/A	100.000	31	0	0	1	31	196	166	PREDICTED: Cyclospora cayetanensis large subunit ribosomal RNA (LOC113146729), rRNA
cc_rrna_kmer_000627|28S	EU252544.1	88456	N/A	100.000	31	0	0	1	31	941	911	Cyclospora cayetanensis 28S large subunit ribosomal RNA gene, partial sequence
cc_rrna_kmer_000628|28S	LC856927.1	1962270	N/A	100.000	31	0	0	1	31	1346	1376	Sarcocystis bertrami CA20-2_2 gene for 28S ribosomal RNA, partial sequence, clone: b26-6
cc_rrna_kmer_000628|28S	XR_003297360.1	88456	N/A	100.000	31	0	0	1	31	578	608	PREDICTED: Cyclospora cayetanensis large subunit ribosomal RNA (LOC113146729), rRNA
cc_rrna_kmer_000628|28S	EU252544.1	88456	N/A	100.000	31	0	0	1	31	1323	1353	Cyclospora cayetanensis 28S large subunit ribosomal RNA gene, partial sequence
cc_rrna_kmer_000628|28S	LC857022.1	1962270	N/A	100.000	31	0	0	1	31	1349	1379	Sarcocystis bertrami CA20-53_1 gene for 28S ribosomal RNA, partial sequence, clone: b14-6
cc_rrna_kmer_000629|28S	EU252544.1	88456	N/A	100.000	31	0	0	1	31	483	453	Cyclospora cayetanensis 28S large subunit ribosomal RNA gene, partial sequence
cc_rrna_kmer_000630|18S	MK946294.1	342097	N/A	100.000	31	0	0	1	31	22	52	Uncultured soil eukaryote clone l330 small subunit ribosomal RNA gene, partial sequence
cc_rrna_kmer_000631|28S	XR_003297360.1	88456	N/A	100.000	31	0	0	1	31	555	585	PREDICTED: Cyclospora cayetanensis large subunit ribosomal RNA (LOC113146729), rRNA
cc_rrna_kmer_000631|28S	EU252544.1	88456	N/A	100.000	31	0	0	1	31	1300	1330	Cyclospora cayetanensis 28S large subunit ribosomal RNA gene, partial sequence
cc_rrna_kmer_000632|28S	EU252544.1	88456	N/A	100.000	31	0	0	1	31	536	506	Cyclospora cayetanensis 28S large subunit ribosomal RNA gene, partial sequence
cc_rrna_kmer_000633|5S	XR_003297353.1	88456	N/A	100.000	31	0	0	1	31	87	57	PREDICTED: Cyclospora cayetanensis 5S ribosomal RNA (LOC113146603), rRNA
cc_rrna_kmer_000634|28S	XR_003297360.1	88456	N/A	100.000	31	0	0	1	31	1849	1819	PREDICTED: Cyclospora cayetanensis large subunit ribosomal RNA (LOC113146729), rRNA
cc_rrna_kmer_000636|28S	XR_003297360.1	88456	N/A	100.000	31	0	0	1	31	776	746	PREDICTED: Cyclospora cayetanensis large subunit ribosomal RNA (LOC113146729), rRNA
cc_rrna_kmer_000636|28S	EU252544.1	88456	N/A	100.000	31	0	0	1	31	1521	1491	Cyclospora cayetanensis 28S large subunit ribosomal RNA gene, partial sequence
cc_rrna_kmer_000637|28S	XR_003297360.1	88456	N/A	100.000	31	0	0	1	31	2620	2590	PREDICTED: Cyclospora cayetanensis large subunit ribosomal RNA (LOC113146729), rRNA
cc_rrna_kmer_000638|28S	XR_003297360.1	88456	N/A	100.000	31	0	0	1	31	475	445	PREDICTED: Cyclospora cayetanensis large subunit ribosomal RNA (LOC113146729), rRNA
cc_rrna_kmer_000638|28S	EU252544.1	88456	N/A	100.000	31	0	0	1	31	1220	1190	Cyclospora cayetanensis 28S large subunit ribosomal RNA gene, partial sequence
cc_rrna_kmer_000639|5S	XR_003297353.1	88456	N/A	100.000	31	0	0	1	31	67	97	PREDICTED: Cyclospora cayetanensis 5S ribosomal RNA (LOC113146603), rRNA
cc_rrna_kmer_000640|28S	EU252544.1	88456	N/A	100.000	31	0	0	1	31	484	454	Cyclospora cayetanensis 28S large subunit ribosomal RNA gene, partial sequence
cc_rrna_kmer_000641|5S	XR_003297353.1	88456	N/A	100.000	31	0	0	1	31	88	58	PREDICTED: Cyclospora cayetanensis 5S ribosomal RNA (LOC113146603), rRNA
cc_rrna_kmer_000642|28S	XR_003297360.1	88456	N/A	100.000	31	0	0	1	31	777	747	PREDICTED: Cyclospora cayetanensis large subunit ribosomal RNA (LOC113146729), rRNA
cc_rrna_kmer_000642|28S	EU252544.1	88456	N/A	100.000	31	0	0	1	31	1522	1492	Cyclospora cayetanensis 28S large subunit ribosomal RNA gene, partial sequence
cc_rrna_kmer_000643|5S	XR_003297353.1	88456	N/A	100.000	31	0	0	1	31	89	59	PREDICTED: Cyclospora cayetanensis 5S ribosomal RNA (LOC113146603), rRNA
cc_rrna_kmer_000644|28S	XR_003297360.1	88456	N/A	100.000	31	0	0	1	31	1061	1091	PREDICTED: Cyclospora cayetanensis large subunit ribosomal RNA (LOC113146729), rRNA
cc_rrna_kmer_000644|28S	EU252544.1	88456	N/A	100.000	31	0	0	1	31	1806	1836	Cyclospora cayetanensis 28S large subunit ribosomal RNA gene, partial sequence
cc_rrna_kmer_000645|28S	XR_003297360.1	88456	N/A	100.000	31	0	0	1	31	1834	1804	PREDICTED: Cyclospora cayetanensis large subunit ribosomal RNA (LOC113146729), rRNA
cc_rrna_kmer_000647|28S	XR_003297360.1	88456	N/A	100.000	31	0	0	1	31	1058	1028	PREDICTED: Cyclospora cayetanensis large subunit ribosomal RNA (LOC113146729), rRNA
cc_rrna_kmer_000647|28S	EU252544.1	88456	N/A	100.000	31	0	0	1	31	1803	1773	Cyclospora cayetanensis 28S large subunit ribosomal RNA gene, partial sequence
cc_rrna_kmer_000648|28S	XR_003297360.1	88456	N/A	100.000	31	0	0	1	31	1397	1367	PREDICTED: Cyclospora cayetanensis large subunit ribosomal RNA (LOC113146729), rRNA
cc_rrna_kmer_000649|28S	MK253011.1	2545709	N/A	100.000	31	0	0	1	31	70	40	Schizosaccharomyces osmophilus strain SZ158-FG-A 26S ribosomal RNA gene, partial sequence
cc_rrna_kmer_000649|28S	OK474297.1	4899	N/A	100.000	31	0	0	1	31	181	151	Schizosaccharomyces octosporus isolate PYCC 2766 internal transcribed spacer 2 and large subunit ribosomal RNA gene, partial sequence
cc_rrna_kmer_000649|28S	MK253004.1	2545709	N/A	100.000	31	0	0	1	31	69	39	Schizosaccharomyces osmophilus strain SZ132-FG-D 26S ribosomal RNA gene, partial sequence
cc_rrna_kmer_000649|28S	MN928848.1	33632	N/A	100.000	31	0	0	1	31	917	887	Babesia gibsoni isolate XABg8 18S ribosomal RNA gene, partial sequence; internal transcribed spacer 1, 5.8S ribosomal RNA gene, and internal transcribed spacer 2, complete sequence; and 28S ribosomal RNA gene, partial sequence
cc_rrna_kmer_000649|28S	XR_008803629.1	2545709	N/A	100.000	31	0	0	1	31	557	527	Schizosaccharomyces osmophilus 28S ribosomal RNA (SOMG_10096), rRNA
cc_rrna_kmer_000649|28S	KP666154.1	33632	N/A	100.000	31	0	0	1	31	918	888	Babesia gibsoni isolate WH123 18S ribosomal RNA gene, partial sequence; internal transcribed spacer 1, 5.8S ribosomal RNA gene, and internal transcribed spacer 2, complete sequence; and 28S ribosomal RNA gene, partial sequence
cc_rrna_kmer_000649|28S	PQ742171.1	3384731	N/A	100.000	31	0	0	1	31	2958	2928	Goussia degiustii isolate EE9_EE10_II1 external transcribed spacer, partial sequence; small subunit ribosomal RNA gene, internal transcribed spacer 1, 5.8S ribosomal RNA gene, internal transcribed spacer 2, and large subunit ribosomal RNA gene, complete sequence; and external transcribed spacer, partial sequence
cc_rrna_kmer_000649|28S	U76525.1	4899	N/A	100.000	31	0	0	1	31	41	11	Schizosaccharomyces octosporus 26S ribosomal RNA gene, partial sequence
cc_rrna_kmer_000649|28S	MK253008.1	2545709	N/A	100.000	31	0	0	1	31	67	37	Schizosaccharomyces osmophilus strain SZ144-FG-C 26S ribosomal RNA gene, partial sequence
cc_rrna_kmer_000649|28S	AY331567.1	241650	N/A	100.000	31	0	0	1	31	950	920	Atoxoplasma sp. MS-2003 from Finchbill small subunit ribosomal RNA gene, partial sequence; internal transcribed spacer 1, 5.8S ribosomal RNA gene, and internal transcribed spacer 2, complete sequence; and large subunit ribosomal RNA gene, partial sequence
cc_rrna_kmer_000649|28S	KP666147.1	33632	N/A	100.000	31	0	0	1	31	917	887	Babesia gibsoni isolate WH82 18S ribosomal RNA gene, partial sequence; internal transcribed spacer 1, 5.8S ribosomal RNA gene, and internal transcribed spacer 2, complete sequence; and 28S ribosomal RNA gene, partial sequence
cc_rrna_kmer_000649|28S	XR_008803588.1	2545709	N/A	100.000	31	0	0	1	31	560	530	Schizosaccharomyces osmophilus 28S ribosomal RNA (SOMG_10055), rRNA
cc_rrna_kmer_000649|28S	KP666145.1	33632	N/A	100.000	31	0	0	1	31	917	887	Babesia gibsoni isolate WH61 18S ribosomal RNA gene, partial sequence; internal transcribed spacer 1, 5.8S ribosomal RNA gene, and internal transcribed spacer 2, complete sequence; and 28S ribosomal RNA gene, partial sequence
cc_rrna_kmer_000649|28S	MN928845.1	33632	N/A	100.000	31	0	0	1	31	917	887	Babesia gibsoni isolate HZBg40 18S ribosomal RNA gene, partial sequence; internal transcribed spacer 1, 5.8S ribosomal RNA gene, and internal transcribed spacer 2, complete sequence; and 28S ribosomal RNA gene, partial sequence
cc_rrna_kmer_000649|28S	XR_008803625.1	2545709	N/A	100.000	31	0	0	1	31	556	526	Schizosaccharomyces osmophilus 28S ribosomal RNA (SOMG_10092), rRNA
cc_rrna_kmer_000649|28S	MN928844.1	33632	N/A	100.000	31	0	0	1	31	917	887	Babesia gibsoni isolate XABg6 18S ribosomal RNA gene, partial sequence; internal transcribed spacer 1, 5.8S ribosomal RNA gene, and internal transcribed spacer 2, complete sequence; and 28S ribosomal RNA gene, partial sequence
cc_rrna_kmer_000649|28S	OK091618.1	33632	N/A	100.000	31	0	0	1	31	913	883	Babesia gibsoni voucher HFBg03 small subunit ribosomal RNA gene, partial sequence; internal transcribed spacer 1, 5.8S ribosomal RNA gene, and internal transcribed spacer 2, complete sequence; and large subunit ribosomal RNA gene, partial sequence
cc_rrna_kmer_000649|28S	MN928843.1	33632	N/A	100.000	31	0	0	1	31	917	887	Babesia gibsoni isolate XABg76 18S ribosomal RNA gene, partial sequence; internal transcribed spacer 1, 5.8S ribosomal RNA gene, and internal transcribed spacer 2, complete sequence; and 28S ribosomal RNA gene, partial sequence
cc_rrna_kmer_000649|28S	MK253010.1	2545709	N/A	100.000	31	0	0	1	31	69	39	Schizosaccharomyces osmophilus strain SZ154-FG-A 26S ribosomal RNA gene, partial sequence
cc_rrna_kmer_000649|28S	KF566852.1	175245	N/A	100.000	31	0	0	1	31	79	49	Uncultured soil fungus clone NCD_LSU_otu1882 28S ribosomal RNA gene, partial sequence
cc_rrna_kmer_000649|28S	AY283850.1	241650	N/A	100.000	31	0	0	1	31	52	22	Atoxoplasma sp. MS-2003 large subunit ribosomal RNA gene, partial sequence
cc_rrna_kmer_000649|28S	OK091616.1	33632	N/A	100.000	31	0	0	1	31	913	883	Babesia gibsoni voucher HFBg01 small subunit ribosomal RNA gene, partial sequence; internal transcribed spacer 1, 5.8S ribosomal RNA gene, and internal transcribed spacer 2, complete sequence; and large subunit ribosomal RNA gene, partial sequence
cc_rrna_kmer_000649|28S	KY109601.1	4899	N/A	100.000	31	0	0	1	31	66	36	Schizosaccharomyces octosporus culture CBS:2632 large subunit ribosomal RNA gene, partial sequence
cc_rrna_kmer_000649|28S	MN928836.1	33632	N/A	100.000	31	0	0	1	31	917	887	Babesia gibsoni isolate XABg5 18S ribosomal RNA gene, partial sequence; internal transcribed spacer 1, 5.8S ribosomal RNA gene, and internal transcribed spacer 2, complete sequence; and 28S ribosomal RNA gene, partial sequence
cc_rrna_kmer_000649|28S	EU124908.1	470921	N/A	100.000	31	0	0	1	31	760	730	Creolimax fragrantissima isolate PWC 18S ribosomal RNA gene, partial sequence; internal transcribed spacer 1, 5.8S ribosomal RNA gene, and internal transcribed spacer 2, complete sequence; and 28S ribosomal RNA gene, partial sequence
cc_rrna_kmer_000649|28S	KP666150.1	33632	N/A	100.000	31	0	0	1	31	917	887	Babesia gibsoni isolate WH114 18S ribosomal RNA gene, partial sequence; internal transcribed spacer 1, 5.8S ribosomal RNA gene, and internal transcribed spacer 2, complete sequence; and 28S ribosomal RNA gene, partial sequence
cc_rrna_kmer_000649|28S	MK253007.1	2545709	N/A	100.000	31	0	0	1	31	67	37	Schizosaccharomyces osmophilus strain SZ138-FG-A 26S ribosomal RNA gene, partial sequence
cc_rrna_kmer_000649|28S	MN928834.1	33632	N/A	100.000	31	0	0	1	31	917	887	Babesia gibsoni isolate XABg68 18S ribosomal RNA gene, partial sequence; internal transcribed spacer 1, 5.8S ribosomal RNA gene, and internal transcribed spacer 2, complete sequence; and 28S ribosomal RNA gene, partial sequence
cc_rrna_kmer_000649|28S	KP666146.1	33632	N/A	100.000	31	0	0	1	31	917	887	Babesia gibsoni isolate WH71 18S ribosomal RNA gene, partial sequence; internal transcribed spacer 1, 5.8S ribosomal RNA gene, and internal transcribed spacer 2, complete sequence; and 28S ribosomal RNA gene, partial sequence
cc_rrna_kmer_000649|28S	KP666152.1	33632	N/A	100.000	31	0	0	1	31	917	887	Babesia gibsoni isolate WH120 18S ribosomal RNA gene, partial sequence; internal transcribed spacer 1, 5.8S ribosomal RNA gene, and internal transcribed spacer 2, complete sequence; and 28S ribosomal RNA gene, partial sequence
cc_rrna_kmer_000649|28S	OQ263023.1	2545709	N/A	100.000	31	0	0	1	31	4001	3971	Schizosaccharomyces osmophilus type strain CBS 15793 rDNA-distal contig 1 small subunit ribosomal RNA gene, internal transcribed spacer 1, 5.8S ribosomal RNA gene, internal transcribed spacer 2, and large subunit ribosomal RNA gene, complete sequence
cc_rrna_kmer_000649|28S	OQ263023.1	2545709	N/A	100.000	31	0	0	1	31	15484	15454	Schizosaccharomyces osmophilus type strain CBS 15793 rDNA-distal contig 1 small subunit ribosomal RNA gene, internal transcribed spacer 1, 5.8S ribosomal RNA gene, internal transcribed spacer 2, and large subunit ribosomal RNA gene, complete sequence
cc_rrna_kmer_000649|28S	OQ263023.1	2545709	N/A	100.000	31	0	0	1	31	26968	26938	Schizosaccharomyces osmophilus type strain CBS 15793 rDNA-distal contig 1 small subunit ribosomal RNA gene, internal transcribed spacer 1, 5.8S ribosomal RNA gene, internal transcribed spacer 2, and large subunit ribosomal RNA gene, complete sequence
cc_rrna_kmer_000649|28S	OQ263023.1	2545709	N/A	100.000	31	0	0	1	31	38452	38422	Schizosaccharomyces osmophilus type strain CBS 15793 rDNA-distal contig 1 small subunit ribosomal RNA gene, internal transcribed spacer 1, 5.8S ribosomal RNA gene, internal transcribed spacer 2, and large subunit ribosomal RNA gene, complete sequence
cc_rrna_kmer_000649|28S	OQ263023.1	2545709	N/A	100.000	31	0	0	1	31	49937	49907	Schizosaccharomyces osmophilus type strain CBS 15793 rDNA-distal contig 1 small subunit ribosomal RNA gene, internal transcribed spacer 1, 5.8S ribosomal RNA gene, internal transcribed spacer 2, and large subunit ribosomal RNA gene, complete sequence
cc_rrna_kmer_000649|28S	OQ263023.1	2545709	N/A	100.000	31	0	0	1	31	61421	61391	Schizosaccharomyces osmophilus type strain CBS 15793 rDNA-distal contig 1 small subunit ribosomal RNA gene, internal transcribed spacer 1, 5.8S ribosomal RNA gene, internal transcribed spacer 2, and large subunit ribosomal RNA gene, complete sequence
cc_rrna_kmer_000649|28S	KP666149.1	33632	N/A	100.000	31	0	0	1	31	917	887	Babesia gibsoni isolate WH91 18S ribosomal RNA gene, partial sequence; internal transcribed spacer 1, 5.8S ribosomal RNA gene, and internal transcribed spacer 2, complete sequence; and 28S ribosomal RNA gene, partial sequence
cc_rrna_kmer_000649|28S	MN928851.1	33632	N/A	100.000	31	0	0	1	31	917	887	Babesia gibsoni isolate HZBg9 18S ribosomal RNA gene, partial sequence; internal transcribed spacer 1, 5.8S ribosomal RNA gene, and internal transcribed spacer 2, complete sequence; and 28S ribosomal RNA gene, partial sequence
cc_rrna_kmer_000649|28S	MN928847.1	33632	N/A	100.000	31	0	0	1	31	917	887	Babesia gibsoni isolate HZBg4 18S ribosomal RNA gene, partial sequence; internal transcribed spacer 1, 5.8S ribosomal RNA gene, and internal transcribed spacer 2, complete sequence; and 28S ribosomal RNA gene, partial sequence
cc_rrna_kmer_000649|28S	MG250353.1	2048507	N/A	100.000	31	0	0	1	31	41	11	Schizosaccharomyces sp. isolate NCAIM Y.02191 large subunit ribosomal RNA gene, partial sequence
cc_rrna_kmer_000649|28S	MK690460.1	4899	N/A	100.000	31	0	0	1	31	63	33	Schizosaccharomyces octosporus strain SZ40-FG-A large subunit ribosomal RNA gene, partial sequence
cc_rrna_kmer_000649|28S	KP666151.1	33632	N/A	100.000	31	0	0	1	31	917	887	Babesia gibsoni isolate WH110 18S ribosomal RNA gene, partial sequence; internal transcribed spacer 1, 5.8S ribosomal RNA gene, and internal transcribed spacer 2, complete sequence; and 28S ribosomal RNA gene, partial sequence
cc_rrna_kmer_000649|28S	KP666143.1	33632	N/A	100.000	31	0	0	1	31	917	887	Babesia gibsoni isolate WH56 18S ribosomal RNA gene, partial sequence; internal transcribed spacer 1, 5.8S ribosomal RNA gene, and internal transcribed spacer 2, complete sequence; and 28S ribosomal RNA gene, partial sequence
cc_rrna_kmer_000649|28S	MK690464.1	4899	N/A	100.000	31	0	0	1	31	64	34	Schizosaccharomyces octosporus strain SZ48-FG-A large subunit ribosomal RNA gene, partial sequence
cc_rrna_kmer_000649|28S	MK253009.1	2545709	N/A	100.000	31	0	0	1	31	67	37	Schizosaccharomyces osmophilus strain SZ150-FG-A 26S ribosomal RNA gene, partial sequence
cc_rrna_kmer_000649|28S	MN928850.1	33632	N/A	100.000	31	0	0	1	31	917	887	Babesia gibsoni isolate XABg35 18S ribosomal RNA gene, partial sequence; internal transcribed spacer 1, 5.8S ribosomal RNA gene, and internal transcribed spacer 2, complete sequence; and 28S ribosomal RNA gene, partial sequence
cc_rrna_kmer_000649|28S	OU939688.1	175245	N/A	100.000	31	0	0	1	31	1018	988	uncultured fungus genomic DNA sequence contains 18S rRNA gene, ITS1, 5.8S rRNA gene, ITS2, 28S rRNA gene, isolate consensus00982
cc_rrna_kmer_000649|28S	AY283865.1	241650	N/A	100.000	31	0	0	1	31	52	22	Atoxoplasma sp. MS-2003 large subunit ribosomal RNA gene, partial sequence
cc_rrna_kmer_000649|28S	MK690461.1	4899	N/A	100.000	31	0	0	1	31	52	22	Schizosaccharomyces octosporus strain SZ41-FG-A large subunit ribosomal RNA gene, partial sequence
cc_rrna_kmer_000649|28S	NG_066186.1	4899	N/A	100.000	31	0	0	1	31	70	40	Schizosaccharomyces octosporus CBS 371 28S rRNA gene, partial sequence; from TYPE material
cc_rrna_kmer_000649|28S	MK690466.1	4899	N/A	100.000	31	0	0	1	31	65	35	Schizosaccharomyces octosporus strain SZ60-FG-A large subunit ribosomal RNA gene, partial sequence
cc_rrna_kmer_000649|28S	KP666144.1	33632	N/A	100.000	31	0	0	1	31	917	887	Babesia gibsoni isolate WH58 18S ribosomal RNA gene, partial sequence; internal transcribed spacer 1, 5.8S ribosomal RNA gene, and internal transcribed spacer 2, complete sequence; and 28S ribosomal RNA gene, partial sequence
cc_rrna_kmer_000649|28S	MN928842.1	33632	N/A	100.000	31	0	0	1	31	917	887	Babesia gibsoni isolate HZBg21 18S ribosomal RNA gene, partial sequence; internal transcribed spacer 1, 5.8S ribosomal RNA gene, and internal transcribed spacer 2, complete sequence; and 28S ribosomal RNA gene, partial sequence
cc_rrna_kmer_000649|28S	MK690468.1	4899	N/A	100.000	31	0	0	1	31	65	35	Schizosaccharomyces octosporus strain SZ82-FG-A large subunit ribosomal RNA gene, partial sequence
cc_rrna_kmer_000649|28S	XR_008803623.1	2545709	N/A	100.000	31	0	0	1	31	556	526	Schizosaccharomyces osmophilus 28S ribosomal RNA (SOMG_10090), rRNA
cc_rrna_kmer_000649|28S	LT963544.1	4899	N/A	100.000	31	0	0	1	31	92	62	Schizosaccharomyces octosporus genomic DNA sequence contains 28S rRNA gene
cc_rrna_kmer_000649|28S	MN928837.1	33632	N/A	100.000	31	0	0	1	31	917	887	Babesia gibsoni isolate XABg14 18S ribosomal RNA gene, partial sequence; internal transcribed spacer 1, 5.8S ribosomal RNA gene, and internal transcribed spacer 2, complete sequence; and 28S ribosomal RNA gene, partial sequence
cc_rrna_kmer_000649|28S	MN928846.1	33632	N/A	100.000	31	0	0	1	31	917	887	Babesia gibsoni isolate HZBg42 18S ribosomal RNA gene, partial sequence; internal transcribed spacer 1, 5.8S ribosomal RNA gene, and internal transcribed spacer 2, complete sequence; and 28S ribosomal RNA gene, partial sequence
cc_rrna_kmer_000649|28S	KP666142.1	33632	N/A	100.000	31	0	0	1	31	920	890	Babesia gibsoni isolate WH54 18S ribosomal RNA gene, partial sequence; internal transcribed spacer 1, 5.8S ribosomal RNA gene, and internal transcribed spacer 2, complete sequence; and 28S ribosomal RNA gene, partial sequence
cc_rrna_kmer_000649|28S	MN928841.1	33632	N/A	100.000	31	0	0	1	31	917	887	Babesia gibsoni isolate HZBg20 18S ribosomal RNA gene, partial sequence; internal transcribed spacer 1, 5.8S ribosomal RNA gene, and internal transcribed spacer 2, complete sequence; and 28S ribosomal RNA gene, partial sequence
cc_rrna_kmer_000649|28S	KP666153.1	33632	N/A	100.000	31	0	0	1	31	917	887	Babesia gibsoni isolate WH121 18S ribosomal RNA gene, partial sequence; internal transcribed spacer 1, 5.8S ribosomal RNA gene, and internal transcribed spacer 2, complete sequence; and 28S ribosomal RNA gene, partial sequence
cc_rrna_kmer_000649|28S	KY109600.1	4899	N/A	100.000	31	0	0	1	31	70	40	Schizosaccharomyces octosporus culture CBS:371 large subunit ribosomal RNA gene, partial sequence
cc_rrna_kmer_000649|28S	XR_008803590.1	2545709	N/A	100.000	31	0	0	1	31	560	530	Schizosaccharomyces osmophilus 28S ribosomal RNA (SOMG_10057), rRNA
cc_rrna_kmer_000649|28S	XR_008803627.1	2545709	N/A	100.000	31	0	0	1	31	557	527	Schizosaccharomyces osmophilus 28S ribosomal RNA (SOMG_10094), rRNA
cc_rrna_kmer_000649|28S	MN928840.1	33632	N/A	100.000	31	0	0	1	31	917	887	Babesia gibsoni isolate XABg57 18S ribosomal RNA gene, partial sequence; internal transcribed spacer 1, 5.8S ribosomal RNA gene, and internal transcribed spacer 2, complete sequence; and 28S ribosomal RNA gene, partial sequence
cc_rrna_kmer_000649|28S	MK690465.1	4899	N/A	100.000	31	0	0	1	31	64	34	Schizosaccharomyces octosporus strain SZ51-FG-A large subunit ribosomal RNA gene, partial sequence
cc_rrna_kmer_000649|28S	KP666141.1	33632	N/A	100.000	31	0	0	1	31	917	887	Babesia gibsoni isolate WH35 18S ribosomal RNA gene, partial sequence; internal transcribed spacer 1, 5.8S ribosomal RNA gene, and internal transcribed spacer 2, complete sequence; and 28S ribosomal RNA gene, partial sequence
cc_rrna_kmer_000649|28S	XR_008803652.1	2545709	N/A	100.000	31	0	0	1	31	557	527	Schizosaccharomyces osmophilus 28S ribosomal RNA (SOMG_10119), rRNA
cc_rrna_kmer_000649|28S	OK091619.1	33632	N/A	100.000	31	0	0	1	31	913	883	Babesia gibsoni voucher AQBg03 small subunit ribosomal RNA gene, partial sequence; internal transcribed spacer 1, 5.8S ribosomal RNA gene, and internal transcribed spacer 2, complete sequence; and large subunit ribosomal RNA gene, partial sequence
cc_rrna_kmer_000649|28S	OK474296.1	4899	N/A	100.000	31	0	0	1	31	42	12	Schizosaccharomyces octosporus isolate PYCC 2764 large subunit ribosomal RNA gene, partial sequence
cc_rrna_kmer_000649|28S	MN928849.1	33632	N/A	100.000	31	0	0	1	31	917	887	Babesia gibsoni isolate XABg43 18S ribosomal RNA gene, partial sequence; internal transcribed spacer 1, 5.8S ribosomal RNA gene, and internal transcribed spacer 2, complete sequence; and 28S ribosomal RNA gene, partial sequence
cc_rrna_kmer_000649|28S	XR_001203016.1	483514	N/A	100.000	31	0	0	1	31	546	516	Schizosaccharomyces octosporus yFS286 28S ribosomal RNA (SOCG_16330), rRNA
cc_rrna_kmer_000649|28S	OQ263024.1	2545709	N/A	100.000	31	0	0	1	31	3415	3385	Schizosaccharomyces osmophilus type strain CBS 15793 rDNA-distal contig 2 small subunit ribosomal RNA gene, internal transcribed spacer 1, 5.8S ribosomal RNA gene, internal transcribed spacer 2, and large subunit ribosomal RNA gene, complete sequence
cc_rrna_kmer_000649|28S	OQ263024.1	2545709	N/A	100.000	31	0	0	1	31	14900	14870	Schizosaccharomyces osmophilus type strain CBS 15793 rDNA-distal contig 2 small subunit ribosomal RNA gene, internal transcribed spacer 1, 5.8S ribosomal RNA gene, internal transcribed spacer 2, and large subunit ribosomal RNA gene, complete sequence
cc_rrna_kmer_000649|28S	OQ263024.1	2545709	N/A	100.000	31	0	0	1	31	26385	26355	Schizosaccharomyces osmophilus type strain CBS 15793 rDNA-distal contig 2 small subunit ribosomal RNA gene, internal transcribed spacer 1, 5.8S ribosomal RNA gene, internal transcribed spacer 2, and large subunit ribosomal RNA gene, complete sequence
cc_rrna_kmer_000649|28S	OQ263024.1	2545709	N/A	100.000	31	0	0	1	31	37870	37840	Schizosaccharomyces osmophilus type strain CBS 15793 rDNA-distal contig 2 small subunit ribosomal RNA gene, internal transcribed spacer 1, 5.8S ribosomal RNA gene, internal transcribed spacer 2, and large subunit ribosomal RNA gene, complete sequence
cc_rrna_kmer_000649|28S	OQ263024.1	2545709	N/A	100.000	31	0	0	1	31	49347	49317	Schizosaccharomyces osmophilus type strain CBS 15793 rDNA-distal contig 2 small subunit ribosomal RNA gene, internal transcribed spacer 1, 5.8S ribosomal RNA gene, internal transcribed spacer 2, and large subunit ribosomal RNA gene, complete sequence
cc_rrna_kmer_000649|28S	XR_008803631.1	2545709	N/A	100.000	31	0	0	1	31	557	527	Schizosaccharomyces osmophilus 28S ribosomal RNA (SOMG_10098), rRNA
cc_rrna_kmer_000649|28S	EU252544.1	88456	N/A	100.000	31	0	0	1	31	132	102	Cyclospora cayetanensis 28S large subunit ribosomal RNA gene, partial sequence
cc_rrna_kmer_000649|28S	OK091617.1	33632	N/A	100.000	31	0	0	1	31	913	883	Babesia gibsoni voucher HFBg02 small subunit ribosomal RNA gene, partial sequence; internal transcribed spacer 1, 5.8S ribosomal RNA gene, and internal transcribed spacer 2, complete sequence; and large subunit ribosomal RNA gene, partial sequence
cc_rrna_kmer_000649|28S	MK690462.1	4899	N/A	100.000	31	0	0	1	31	52	22	Schizosaccharomyces octosporus strain SZ42-FG-A large subunit ribosomal RNA gene, partial sequence
cc_rrna_kmer_000649|28S	MK690467.1	4899	N/A	100.000	31	0	0	1	31	64	34	Schizosaccharomyces octosporus strain SZ75-FG-B large subunit ribosomal RNA gene, partial sequence
cc_rrna_kmer_000649|28S	MN928839.1	33632	N/A	100.000	31	0	0	1	31	917	887	Babesia gibsoni isolate HZBg27 18S ribosomal RNA gene, partial sequence; internal transcribed spacer 1, 5.8S ribosomal RNA gene, and internal transcribed spacer 2, complete sequence; and 28S ribosomal RNA gene, partial sequence
cc_rrna_kmer_000649|28S	MK253005.1	2545709	N/A	100.000	31	0	0	1	31	67	37	Schizosaccharomyces osmophilus strain SZ134-FG-AT 26S ribosomal RNA gene, partial sequence
cc_rrna_kmer_000649|28S	MN928835.1	33632	N/A	100.000	31	0	0	1	31	917	887	Babesia gibsoni isolate HZBg11 18S ribosomal RNA gene, partial sequence; internal transcribed spacer 1, 5.8S ribosomal RNA gene, and internal transcribed spacer 2, complete sequence; and 28S ribosomal RNA gene, partial sequence
cc_rrna_kmer_000649|28S	AY331570.1	241650	N/A	100.000	31	0	0	1	31	584	554	Atoxoplasma sp. MS-2003 from Javan ruby-throated bulbul small subunit ribosomal RNA gene, partial sequence; internal transcribed spacer 1, 5.8S ribosomal RNA gene, and internal transcribed spacer 2, complete sequence; and large subunit ribosomal RNA gene, partial sequence
cc_rrna_kmer_000650|28S	XR_003297360.1	88456	N/A	100.000	31	0	0	1	31	1062	1092	PREDICTED: Cyclospora cayetanensis large subunit ribosomal RNA (LOC113146729), rRNA
cc_rrna_kmer_000650|28S	EU252544.1	88456	N/A	100.000	31	0	0	1	31	1807	1837	Cyclospora cayetanensis 28S large subunit ribosomal RNA gene, partial sequence
cc_rrna_kmer_000651|28S	EU252544.1	88456	N/A	100.000	31	0	0	1	31	254	284	Cyclospora cayetanensis 28S large subunit ribosomal RNA gene, partial sequence
cc_rrna_kmer_000652|28S	EU252544.1	88456	N/A	100.000	31	0	0	1	31	566	596	Cyclospora cayetanensis 28S large subunit ribosomal RNA gene, partial sequence
cc_rrna_kmer_000653|28S	XR_003297360.1	88456	N/A	100.000	31	0	0	1	31	101	71	PREDICTED: Cyclospora cayetanensis large subunit ribosomal RNA (LOC113146729), rRNA
cc_rrna_kmer_000653|28S	EU252544.1	88456	N/A	100.000	31	0	0	1	31	846	816	Cyclospora cayetanensis 28S large subunit ribosomal RNA gene, partial sequence
cc_rrna_kmer_000654|28S	XR_003297360.1	88456	N/A	100.000	31	0	0	1	31	1833	1803	PREDICTED: Cyclospora cayetanensis large subunit ribosomal RNA (LOC113146729), rRNA
cc_rrna_kmer_000655|28S	XR_003297360.1	88456	N/A	100.000	31	0	0	1	31	1877	1907	PREDICTED: Cyclospora cayetanensis large subunit ribosomal RNA (LOC113146729), rRNA
cc_rrna_kmer_000656|18S	AB368543.1	88456	N/A	100.000	31	0	0	1	31	95	65	Cyclospora cayetanensis gene for 18S ribosomal RNA, partial sequence, clone: 3
cc_rrna_kmer_000656|18S	KC414111.1	88456	N/A	100.000	31	0	0	1	31	504	474	Cyclospora cayetanensis isolate 1905 18S ribosomal RNA gene, partial sequence
cc_rrna_kmer_000656|18S	AF111183.1	88456	N/A	100.000	31	0	0	1	31	552	522	Cyclospora cayetanensis 18S ribosomal RNA gene, complete sequence
cc_rrna_kmer_000656|18S	KC414107.1	88456	N/A	100.000	31	0	0	1	31	504	474	Cyclospora cayetanensis isolate 2201 18S ribosomal RNA gene, partial sequence
cc_rrna_kmer_000656|18S	KC414106.1	88456	N/A	100.000	31	0	0	1	31	504	474	Cyclospora cayetanensis isolate 2301 18S ribosomal RNA gene, partial sequence
cc_rrna_kmer_000656|18S	AB368541.1	88456	N/A	100.000	31	0	0	1	31	95	65	Cyclospora cayetanensis gene for 18S ribosomal RNA, partial sequence, clone: 1
cc_rrna_kmer_000656|18S	XR_003297358.1	88456	N/A	100.000	31	0	0	1	31	552	522	PREDICTED: Cyclospora cayetanensis small subunit ribosomal RNA (LOC113146722), rRNA
cc_rrna_kmer_000656|18S	KC414112.1	88456	N/A	100.000	31	0	0	1	31	504	474	Cyclospora cayetanensis isolate EC02 18S ribosomal RNA gene, partial sequence
cc_rrna_kmer_000656|18S	KC414105.1	88456	N/A	100.000	31	0	0	1	31	504	474	Cyclospora cayetanensis isolate 2311 18S ribosomal RNA gene, partial sequence
cc_rrna_kmer_000656|18S	AB368542.1	88456	N/A	100.000	31	0	0	1	31	95	65	Cyclospora cayetanensis gene for 18S ribosomal RNA, partial sequence, clone: 2
cc_rrna_kmer_000656|18S	KX618190.1	88456	N/A	100.000	31	0	0	1	31	552	522	Cyclospora cayetanensis 18S small subunit ribosomal RNA gene, partial sequence
cc_rrna_kmer_000656|18S	MW090936.1	88456	N/A	100.000	31	0	0	1	31	513	483	Cyclospora cayetanensis isolate 9041 small subunit ribosomal RNA gene, partial sequence
cc_rrna_kmer_000656|18S	KC414110.1	88456	N/A	100.000	31	0	0	1	31	504	474	Cyclospora cayetanensis isolate 2304 18S ribosomal RNA gene, partial sequence
cc_rrna_kmer_000657|28S	EU252544.1	88456	N/A	100.000	31	0	0	1	31	540	510	Cyclospora cayetanensis 28S large subunit ribosomal RNA gene, partial sequence
cc_rrna_kmer_000658|28S	XR_003297360.1	88456	N/A	100.000	31	0	0	1	31	1207	1177	PREDICTED: Cyclospora cayetanensis large subunit ribosomal RNA (LOC113146729), rRNA
cc_rrna_kmer_000660|28S	AY283845.1	241650	N/A	100.000	31	0	0	1	31	1337	1367	Atoxoplasma sp. MS-2003 large subunit ribosomal RNA gene, partial sequence
cc_rrna_kmer_000660|28S	OR101126.1	3051684	N/A	100.000	31	0	0	1	31	1271	1301	Isospora elliotae isolate 20384 large subunit ribosomal RNA gene, partial sequence
cc_rrna_kmer_000660|28S	AY283863.1	241650	N/A	100.000	31	0	0	1	31	1332	1362	Atoxoplasma sp. MS-2003 large subunit ribosomal RNA gene, partial sequence
cc_rrna_kmer_000660|28S	KT224382.1	1678287	N/A	100.000	31	0	0	1	31	1281	1311	Isospora sp. RY-2015c isolate RBF large subunit ribosomal RNA gene, partial sequence
cc_rrna_kmer_000660|28S	AY283844.1	241650	N/A	100.000	31	0	0	1	31	1337	1367	Atoxoplasma sp. MS-2003 large subunit ribosomal RNA gene, partial sequence
cc_rrna_kmer_000660|28S	AY283862.1	241650	N/A	100.000	31	0	0	1	31	1336	1366	Atoxoplasma sp. MS-2003 large subunit ribosomal RNA gene, partial sequence
cc_rrna_kmer_000660|28S	OA985032.1	2823481	N/A	100.000	31	0	0	1	31	780	810	Isospora sp. Hs2 partial 28S rRNA gene
cc_rrna_kmer_000660|28S	AY283839.1	241650	N/A	100.000	31	0	0	1	31	1346	1376	Atoxoplasma sp. MS-2003 large subunit ribosomal RNA gene, partial sequence
cc_rrna_kmer_000660|28S	AY283858.1	241650	N/A	100.000	31	0	0	1	31	1335	1365	Atoxoplasma sp. MS-2003 large subunit ribosomal RNA gene, partial sequence
cc_rrna_kmer_000660|28S	AY283864.1	241650	N/A	100.000	31	0	0	1	31	1341	1371	Atoxoplasma sp. MS-2003 large subunit ribosomal RNA gene, partial sequence
cc_rrna_kmer_000660|28S	AY283869.1	241650	N/A	100.000	31	0	0	1	31	1343	1373	Atoxoplasma sp. MS-2003 large subunit ribosomal RNA gene, partial sequence
cc_rrna_kmer_000660|28S	AY283868.1	241650	N/A	100.000	31	0	0	1	31	1335	1365	Atoxoplasma sp. MS-2003 large subunit ribosomal RNA gene, partial sequence
cc_rrna_kmer_000660|28S	MW775029.1	2820069	N/A	100.000	31	0	0	1	31	1302	1332	Isospora mayuri isolate 7-Bule-peafowl large subunit ribosomal RNA gene, partial sequence
cc_rrna_kmer_000660|28S	AY283859.1	241650	N/A	100.000	31	0	0	1	31	1337	1367	Atoxoplasma sp. MS-2003 large subunit ribosomal RNA gene, partial sequence
cc_rrna_kmer_000660|28S	KJ634022.1	1565085	N/A	100.000	31	0	0	1	31	866	896	Isospora streperae 28S ribosomal RNA gene, partial sequence
cc_rrna_kmer_000660|28S	AY283847.1	241650	N/A	100.000	31	0	0	1	31	1337	1367	Atoxoplasma sp. MS-2003 large subunit ribosomal RNA gene, partial sequence
cc_rrna_kmer_000660|28S	OA985031.1	2823479	N/A	100.000	31	0	0	1	31	775	805	Isospora sp. Pr2 partial 28S rRNA gene
cc_rrna_kmer_000660|28S	AY283850.1	241650	N/A	100.000	31	0	0	1	31	1332	1362	Atoxoplasma sp. MS-2003 large subunit ribosomal RNA gene, partial sequence
cc_rrna_kmer_000660|28S	KY801686.1	2153390	N/A	100.000	31	0	0	1	31	1265	1295	Isospora butcherae 28S ribosomal RNA gene, partial sequence
cc_rrna_kmer_000660|28S	OQ459343.1	3028803	N/A	100.000	31	0	0	1	31	1261	1291	Eimeria briceae isolate 201909 large subunit ribosomal RNA gene, partial sequence
cc_rrna_kmer_000660|28S	AY283843.1	241650	N/A	100.000	31	0	0	1	31	1339	1369	Atoxoplasma sp. MS-2003 large subunit ribosomal RNA gene, partial sequence
cc_rrna_kmer_000660|28S	OA985026.1	2823474	N/A	100.000	31	0	0	1	31	780	810	Isospora sp. Bclt1 partial 28S rRNA gene
cc_rrna_kmer_000660|28S	AY283866.1	241650	N/A	100.000	31	0	0	1	31	1335	1365	Atoxoplasma sp. MS-2003 large subunit ribosomal RNA gene, partial sequence
cc_rrna_kmer_000660|28S	XR_003297360.1	88456	N/A	100.000	31	0	0	1	31	676	706	PREDICTED: Cyclospora cayetanensis large subunit ribosomal RNA (LOC113146729), rRNA
cc_rrna_kmer_000660|28S	AY283848.1	241650	N/A	100.000	31	0	0	1	31	1337	1367	Atoxoplasma sp. MS-2003 large subunit ribosomal RNA gene, partial sequence
cc_rrna_kmer_000660|28S	AY283849.1	241650	N/A	100.000	31	0	0	1	31	1338	1368	Atoxoplasma sp. MS-2003 large subunit ribosomal RNA gene, partial sequence
cc_rrna_kmer_000660|28S	AY283853.1	241650	N/A	100.000	31	0	0	1	31	1336	1366	Atoxoplasma sp. MS-2003 large subunit ribosomal RNA gene, partial sequence
cc_rrna_kmer_000660|28S	OA985028.1	2823475;2823476	N/A;N/A	100.000	31	0	0	1	31	780	810	Isospora sp. Pc1 partial 28S rRNA gene
cc_rrna_kmer_000660|28S	AY283865.1	241650	N/A	100.000	31	0	0	1	31	1328	1358	Atoxoplasma sp. MS-2003 large subunit ribosomal RNA gene, partial sequence
cc_rrna_kmer_000660|28S	AY283860.1	241650	N/A	100.000	31	0	0	1	31	1337	1367	Atoxoplasma sp. MS-2003 large subunit ribosomal RNA gene, partial sequence
cc_rrna_kmer_000660|28S	AY283857.1	241650	N/A	100.000	31	0	0	1	31	1336	1366	Atoxoplasma sp. MS-2003 large subunit ribosomal RNA gene, partial sequence
cc_rrna_kmer_000660|28S	AY283852.1	241650	N/A	100.000	31	0	0	1	31	1333	1363	Atoxoplasma sp. MS-2003 large subunit ribosomal RNA gene, partial sequence
cc_rrna_kmer_000660|28S	OA985030.1	2823478	N/A	100.000	31	0	0	1	31	777	807	Isospora sp. Pr1 partial 28S rRNA gene
cc_rrna_kmer_000660|28S	AY283854.1	241650	N/A	100.000	31	0	0	1	31	1336	1366	Atoxoplasma sp. MS-2003 large subunit ribosomal RNA gene, partial sequence
cc_rrna_kmer_000660|28S	AY283841.1	241650	N/A	100.000	31	0	0	1	31	1339	1369	Atoxoplasma sp. MS-2003 large subunit ribosomal RNA gene, partial sequence
cc_rrna_kmer_000660|28S	AY283855.1	241650	N/A	100.000	31	0	0	1	31	1335	1365	Atoxoplasma sp. MS-2003 large subunit ribosomal RNA gene, partial sequence
cc_rrna_kmer_000660|28S	MW775031.1	1469499	N/A	100.000	31	0	0	1	31	1310	1340	Eimeria hermani isolate 9-Whooper-swan large subunit ribosomal RNA gene, partial sequence
cc_rrna_kmer_000660|28S	AY283840.1	241650	N/A	100.000	31	0	0	1	31	1340	1370	Atoxoplasma sp. MS-2003 large subunit ribosomal RNA gene, partial sequence
cc_rrna_kmer_000660|28S	OA985027.1	2823473	N/A	100.000	31	0	0	1	31	780	810	Isospora sp. Sgs1 partial 28S rRNA gene
cc_rrna_kmer_000660|28S	AY283867.1	241650	N/A	100.000	31	0	0	1	31	1337	1367	Atoxoplasma sp. MS-2003 large subunit ribosomal RNA gene, partial sequence
cc_rrna_kmer_000660|28S	AY283870.1	241650	N/A	100.000	31	0	0	1	31	1339	1369	Atoxoplasma sp. MS-2003 large subunit ribosomal RNA gene, partial sequence
cc_rrna_kmer_000660|28S	OR266354.1	1743397	N/A	100.000	31	0	0	1	31	550	580	Isospora sp. isolate 28S_Seq18 large subunit ribosomal RNA gene, partial sequence
cc_rrna_kmer_000660|28S	KT726931.1	1743397	N/A	100.000	31	0	0	1	31	1338	1368	Isospora sp. 28S ribosomal RNA gene, partial sequence
cc_rrna_kmer_000660|28S	AY283846.1	241650	N/A	100.000	31	0	0	1	31	1340	1370	Atoxoplasma sp. MS-2003 large subunit ribosomal RNA gene, partial sequence
cc_rrna_kmer_000660|28S	OA985033.1	2823480	N/A	100.000	31	0	0	1	31	781	811	Isospora sp. Hs1 partial 28S rRNA gene
cc_rrna_kmer_000660|28S	AY283851.1	241650	N/A	100.000	31	0	0	1	31	1336	1366	Atoxoplasma sp. MS-2003 large subunit ribosomal RNA gene, partial sequence
cc_rrna_kmer_000660|28S	MW775028.1	2820073	N/A	100.000	31	0	0	1	31	1297	1327	Isospora lacazei isolate 6-Bule-peafowl large subunit ribosomal RNA gene, partial sequence
cc_rrna_kmer_000660|28S	AY283856.1	241650	N/A	100.000	31	0	0	1	31	1337	1367	Atoxoplasma sp. MS-2003 large subunit ribosomal RNA gene, partial sequence
cc_rrna_kmer_000661|28S	XR_003297360.1	88456	N/A	100.000	31	0	0	1	31	954	924	PREDICTED: Cyclospora cayetanensis large subunit ribosomal RNA (LOC113146729), rRNA
cc_rrna_kmer_000661|28S	EU252544.1	88456	N/A	100.000	31	0	0	1	31	1699	1669	Cyclospora cayetanensis 28S large subunit ribosomal RNA gene, partial sequence
cc_rrna_kmer_000662|28S	EU252544.1	88456	N/A	100.000	31	0	0	1	31	209	179	Cyclospora cayetanensis 28S large subunit ribosomal RNA gene, partial sequence
cc_rrna_kmer_000663|28S	EU252544.1	88456	N/A	100.000	31	0	0	1	31	455	425	Cyclospora cayetanensis 28S large subunit ribosomal RNA gene, partial sequence
cc_rrna_kmer_000664|28S	EU252544.1	88456	N/A	100.000	31	0	0	1	31	259	289	Cyclospora cayetanensis 28S large subunit ribosomal RNA gene, partial sequence
cc_rrna_kmer_000665|28S	XR_003297360.1	88456	N/A	100.000	31	0	0	1	31	984	954	PREDICTED: Cyclospora cayetanensis large subunit ribosomal RNA (LOC113146729), rRNA
cc_rrna_kmer_000666|28S	XR_003297360.1	88456	N/A	100.000	31	0	0	1	31	1398	1428	PREDICTED: Cyclospora cayetanensis large subunit ribosomal RNA (LOC113146729), rRNA
cc_rrna_kmer_000667|28S	EU252544.1	88456	N/A	100.000	31	0	0	1	31	666	636	Cyclospora cayetanensis 28S large subunit ribosomal RNA gene, partial sequence
cc_rrna_kmer_000668|18S	XR_003297358.1	88456	N/A	100.000	31	0	0	1	31	256	286	PREDICTED: Cyclospora cayetanensis small subunit ribosomal RNA (LOC113146722), rRNA
cc_rrna_kmer_000669|28S	XR_003297360.1	88456	N/A	100.000	31	0	0	1	31	1857	1827	PREDICTED: Cyclospora cayetanensis large subunit ribosomal RNA (LOC113146729), rRNA
cc_rrna_kmer_000670|28S	XR_003297360.1	88456	N/A	100.000	31	0	0	1	31	1386	1356	PREDICTED: Cyclospora cayetanensis large subunit ribosomal RNA (LOC113146729), rRNA
cc_rrna_kmer_000671|18S	AF111183.1	88456	N/A	100.000	31	0	0	1	31	1714	1684	Cyclospora cayetanensis 18S ribosomal RNA gene, complete sequence
cc_rrna_kmer_000671|18S	XR_003297358.1	88456	N/A	100.000	31	0	0	1	31	1714	1684	PREDICTED: Cyclospora cayetanensis small subunit ribosomal RNA (LOC113146722), rRNA
cc_rrna_kmer_000671|18S	KX618190.1	88456	N/A	100.000	31	0	0	1	31	1714	1684	Cyclospora cayetanensis 18S small subunit ribosomal RNA gene, partial sequence
cc_rrna_kmer_000672|28S	XR_003297360.1	88456	N/A	100.000	31	0	0	1	31	1183	1213	PREDICTED: Cyclospora cayetanensis large subunit ribosomal RNA (LOC113146729), rRNA
cc_rrna_kmer_000673|28S	XR_003297360.1	88456	N/A	100.000	31	0	0	1	31	1809	1839	PREDICTED: Cyclospora cayetanensis large subunit ribosomal RNA (LOC113146729), rRNA
cc_rrna_kmer_000675|28S	XR_003297360.1	88456	N/A	100.000	31	0	0	1	31	707	737	PREDICTED: Cyclospora cayetanensis large subunit ribosomal RNA (LOC113146729), rRNA
cc_rrna_kmer_000675|28S	EU252544.1	88456	N/A	100.000	31	0	0	1	31	1452	1482	Cyclospora cayetanensis 28S large subunit ribosomal RNA gene, partial sequence
cc_rrna_kmer_000676|28S	XR_003297360.1	88456	N/A	100.000	31	0	0	1	31	724	754	PREDICTED: Cyclospora cayetanensis large subunit ribosomal RNA (LOC113146729), rRNA
cc_rrna_kmer_000676|28S	EU252544.1	88456	N/A	100.000	31	0	0	1	31	1469	1499	Cyclospora cayetanensis 28S large subunit ribosomal RNA gene, partial sequence
cc_rrna_kmer_000677|28S	EU252544.1	88456	N/A	100.000	31	0	0	1	31	701	671	Cyclospora cayetanensis 28S large subunit ribosomal RNA gene, partial sequence
cc_rrna_kmer_000678|28S	XR_003297360.1	88456	N/A	100.000	31	0	0	1	31	1426	1396	PREDICTED: Cyclospora cayetanensis large subunit ribosomal RNA (LOC113146729), rRNA
cc_rrna_kmer_000679|5S	XR_003297353.1	88456	N/A	100.000	31	0	0	1	31	83	53	PREDICTED: Cyclospora cayetanensis 5S ribosomal RNA (LOC113146603), rRNA
cc_rrna_kmer_000681|28S	EU252544.1	88456	N/A	100.000	31	0	0	1	31	167	137	Cyclospora cayetanensis 28S large subunit ribosomal RNA gene, partial sequence
cc_rrna_kmer_000682|28S	XR_003297360.1	88456	N/A	100.000	31	0	0	1	31	957	927	PREDICTED: Cyclospora cayetanensis large subunit ribosomal RNA (LOC113146729), rRNA
cc_rrna_kmer_000682|28S	EU252544.1	88456	N/A	100.000	31	0	0	1	31	1702	1672	Cyclospora cayetanensis 28S large subunit ribosomal RNA gene, partial sequence
cc_rrna_kmer_000683|28S	XR_003297360.1	88456	N/A	100.000	31	0	0	1	31	1057	1027	PREDICTED: Cyclospora cayetanensis large subunit ribosomal RNA (LOC113146729), rRNA
cc_rrna_kmer_000683|28S	EU252544.1	88456	N/A	100.000	31	0	0	1	31	1802	1772	Cyclospora cayetanensis 28S large subunit ribosomal RNA gene, partial sequence
cc_rrna_kmer_000684|28S	XR_003297360.1	88456	N/A	100.000	31	0	0	1	31	1415	1385	PREDICTED: Cyclospora cayetanensis large subunit ribosomal RNA (LOC113146729), rRNA
cc_rrna_kmer_000685|28S	EU252544.1	88456	N/A	100.000	31	0	0	1	31	728	758	Cyclospora cayetanensis 28S large subunit ribosomal RNA gene, partial sequence
cc_rrna_kmer_000686|28S	XR_003297360.1	88456	N/A	100.000	31	0	0	1	31	755	725	PREDICTED: Cyclospora cayetanensis large subunit ribosomal RNA (LOC113146729), rRNA
cc_rrna_kmer_000686|28S	EU252544.1	88456	N/A	100.000	31	0	0	1	31	1500	1470	Cyclospora cayetanensis 28S large subunit ribosomal RNA gene, partial sequence
cc_rrna_kmer_000687|28S	XR_003297360.1	88456	N/A	100.000	31	0	0	1	31	1441	1471	PREDICTED: Cyclospora cayetanensis large subunit ribosomal RNA (LOC113146729), rRNA
cc_rrna_kmer_000688|28S	XR_003297360.1	88456	N/A	100.000	31	0	0	1	31	1446	1416	PREDICTED: Cyclospora cayetanensis large subunit ribosomal RNA (LOC113146729), rRNA
cc_rrna_kmer_000689|28S	XR_003297360.1	88456	N/A	100.000	31	0	0	1	31	2540	2570	PREDICTED: Cyclospora cayetanensis large subunit ribosomal RNA (LOC113146729), rRNA
cc_rrna_kmer_000690|28S	EU252544.1	88456	N/A	100.000	31	0	0	1	31	723	753	Cyclospora cayetanensis 28S large subunit ribosomal RNA gene, partial sequence
cc_rrna_kmer_000691|28S	XR_003297360.1	88456	N/A	100.000	31	0	0	1	31	1452	1482	PREDICTED: Cyclospora cayetanensis large subunit ribosomal RNA (LOC113146729), rRNA
cc_rrna_kmer_000692|28S	EU252544.1	88456	N/A	100.000	31	0	0	1	31	487	517	Cyclospora cayetanensis 28S large subunit ribosomal RNA gene, partial sequence
cc_rrna_kmer_000693|28S	XR_003297360.1	88456	N/A	100.000	31	0	0	1	31	1175	1145	PREDICTED: Cyclospora cayetanensis large subunit ribosomal RNA (LOC113146729), rRNA
cc_rrna_kmer_000693|28S	EU252544.1	88456	N/A	100.000	31	0	0	1	31	1920	1890	Cyclospora cayetanensis 28S large subunit ribosomal RNA gene, partial sequence
cc_rrna_kmer_000694|28S	XR_003297360.1	88456	N/A	100.000	31	0	0	1	31	1434	1404	PREDICTED: Cyclospora cayetanensis large subunit ribosomal RNA (LOC113146729), rRNA
cc_rrna_kmer_000695|28S	XR_003297360.1	88456	N/A	100.000	31	0	0	1	31	1063	1093	PREDICTED: Cyclospora cayetanensis large subunit ribosomal RNA (LOC113146729), rRNA
cc_rrna_kmer_000695|28S	EU252544.1	88456	N/A	100.000	31	0	0	1	31	1808	1838	Cyclospora cayetanensis 28S large subunit ribosomal RNA gene, partial sequence
cc_rrna_kmer_000696|28S	XR_003297360.1	88456	N/A	100.000	31	0	0	1	31	920	950	PREDICTED: Cyclospora cayetanensis large subunit ribosomal RNA (LOC113146729), rRNA
cc_rrna_kmer_000696|28S	EU252544.1	88456	N/A	100.000	31	0	0	1	31	1665	1695	Cyclospora cayetanensis 28S large subunit ribosomal RNA gene, partial sequence
cc_rrna_kmer_000697|28S	XR_003297360.1	88456	N/A	100.000	31	0	0	1	31	1172	1202	PREDICTED: Cyclospora cayetanensis large subunit ribosomal RNA (LOC113146729), rRNA
cc_rrna_kmer_000698|28S	EU252544.1	88456	N/A	100.000	31	0	0	1	31	567	597	Cyclospora cayetanensis 28S large subunit ribosomal RNA gene, partial sequence
cc_rrna_kmer_000699|28S	XR_003297360.1	88456	N/A	100.000	31	0	0	1	31	925	955	PREDICTED: Cyclospora cayetanensis large subunit ribosomal RNA (LOC113146729), rRNA
cc_rrna_kmer_000699|28S	EU252544.1	88456	N/A	100.000	31	0	0	1	31	1670	1700	Cyclospora cayetanensis 28S large subunit ribosomal RNA gene, partial sequence
cc_rrna_kmer_000700|28S	XR_003297360.1	88456	N/A	100.000	31	0	0	1	31	2636	2666	PREDICTED: Cyclospora cayetanensis large subunit ribosomal RNA (LOC113146729), rRNA
cc_rrna_kmer_000701|28S	EU252544.1	88456	N/A	100.000	31	0	0	1	31	622	592	Cyclospora cayetanensis 28S large subunit ribosomal RNA gene, partial sequence
cc_rrna_kmer_000702|28S	XR_003297360.1	88456	N/A	100.000	31	0	0	1	31	766	736	PREDICTED: Cyclospora cayetanensis large subunit ribosomal RNA (LOC113146729), rRNA
cc_rrna_kmer_000702|28S	EU252544.1	88456	N/A	100.000	31	0	0	1	31	1511	1481	Cyclospora cayetanensis 28S large subunit ribosomal RNA gene, partial sequence
cc_rrna_kmer_000703|28S	PQ742171.1	3384731	N/A	100.000	31	0	0	1	31	6329	6299	Goussia degiustii isolate EE9_EE10_II1 external transcribed spacer, partial sequence; small subunit ribosomal RNA gene, internal transcribed spacer 1, 5.8S ribosomal RNA gene, internal transcribed spacer 2, and large subunit ribosomal RNA gene, complete sequence; and external transcribed spacer, partial sequence
cc_rrna_kmer_000703|28S	XR_003297360.1	88456	N/A	100.000	31	0	0	1	31	2706	2676	PREDICTED: Cyclospora cayetanensis large subunit ribosomal RNA (LOC113146729), rRNA
cc_rrna_kmer_000704|28S	XR_003297360.1	88456	N/A	100.000	31	0	0	1	31	100	70	PREDICTED: Cyclospora cayetanensis large subunit ribosomal RNA (LOC113146729), rRNA
cc_rrna_kmer_000704|28S	EU252544.1	88456	N/A	100.000	31	0	0	1	31	845	815	Cyclospora cayetanensis 28S large subunit ribosomal RNA gene, partial sequence
cc_rrna_kmer_000705|28S	XR_003297360.1	88456	N/A	100.000	31	0	0	1	31	2135	2165	PREDICTED: Cyclospora cayetanensis large subunit ribosomal RNA (LOC113146729), rRNA
cc_rrna_kmer_000705|28S	GU593716.1	947543	N/A	100.000	31	0	0	1	31	777	807	Goussia carpelli strain 23 28S ribosomal RNA gene, partial sequence
cc_rrna_kmer_000706|28S	XR_003297360.1	88456	N/A	100.000	31	0	0	1	31	1845	1815	PREDICTED: Cyclospora cayetanensis large subunit ribosomal RNA (LOC113146729), rRNA
cc_rrna_kmer_000707|28S	XR_003297360.1	88456	N/A	100.000	31	0	0	1	31	1832	1802	PREDICTED: Cyclospora cayetanensis large subunit ribosomal RNA (LOC113146729), rRNA
cc_rrna_kmer_000708|18S	AB368543.1	88456	N/A	100.000	31	0	0	1	31	94	64	Cyclospora cayetanensis gene for 18S ribosomal RNA, partial sequence, clone: 3
cc_rrna_kmer_000708|18S	KC414111.1	88456	N/A	100.000	31	0	0	1	31	503	473	Cyclospora cayetanensis isolate 1905 18S ribosomal RNA gene, partial sequence
cc_rrna_kmer_000708|18S	AF111183.1	88456	N/A	100.000	31	0	0	1	31	551	521	Cyclospora cayetanensis 18S ribosomal RNA gene, complete sequence
cc_rrna_kmer_000708|18S	KC414107.1	88456	N/A	100.000	31	0	0	1	31	503	473	Cyclospora cayetanensis isolate 2201 18S ribosomal RNA gene, partial sequence
cc_rrna_kmer_000708|18S	KC414106.1	88456	N/A	100.000	31	0	0	1	31	503	473	Cyclospora cayetanensis isolate 2301 18S ribosomal RNA gene, partial sequence
cc_rrna_kmer_000708|18S	AB368541.1	88456	N/A	100.000	31	0	0	1	31	94	64	Cyclospora cayetanensis gene for 18S ribosomal RNA, partial sequence, clone: 1
cc_rrna_kmer_000708|18S	XR_003297358.1	88456	N/A	100.000	31	0	0	1	31	551	521	PREDICTED: Cyclospora cayetanensis small subunit ribosomal RNA (LOC113146722), rRNA
cc_rrna_kmer_000708|18S	KC414112.1	88456	N/A	100.000	31	0	0	1	31	503	473	Cyclospora cayetanensis isolate EC02 18S ribosomal RNA gene, partial sequence
cc_rrna_kmer_000708|18S	KC414105.1	88456	N/A	100.000	31	0	0	1	31	503	473	Cyclospora cayetanensis isolate 2311 18S ribosomal RNA gene, partial sequence
cc_rrna_kmer_000708|18S	AB368542.1	88456	N/A	100.000	31	0	0	1	31	94	64	Cyclospora cayetanensis gene for 18S ribosomal RNA, partial sequence, clone: 2
cc_rrna_kmer_000708|18S	KX618190.1	88456	N/A	100.000	31	0	0	1	31	551	521	Cyclospora cayetanensis 18S small subunit ribosomal RNA gene, partial sequence
cc_rrna_kmer_000708|18S	MW090936.1	88456	N/A	100.000	31	0	0	1	31	512	482	Cyclospora cayetanensis isolate 9041 small subunit ribosomal RNA gene, partial sequence
cc_rrna_kmer_000708|18S	KC414110.1	88456	N/A	100.000	31	0	0	1	31	503	473	Cyclospora cayetanensis isolate 2304 18S ribosomal RNA gene, partial sequence
cc_rrna_kmer_000709|28S	EU252544.1	88456	N/A	100.000	31	0	0	1	31	539	509	Cyclospora cayetanensis 28S large subunit ribosomal RNA gene, partial sequence
cc_rrna_kmer_000710|28S	XR_003297360.1	88456	N/A	100.000	31	0	0	1	31	1206	1176	PREDICTED: Cyclospora cayetanensis large subunit ribosomal RNA (LOC113146729), rRNA
cc_rrna_kmer_000711|28S	EU252544.1	88456	N/A	100.000	31	0	0	1	31	1838	1868	Cyclospora cayetanensis 28S large subunit ribosomal RNA gene, partial sequence
cc_rrna_kmer_000712|28S	EU252544.1	88456	N/A	100.000	31	0	0	1	31	718	688	Cyclospora cayetanensis 28S large subunit ribosomal RNA gene, partial sequence
cc_rrna_kmer_000713|28S	XR_003297360.1	88456	N/A	100.000	31	0	0	1	31	123	153	PREDICTED: Cyclospora cayetanensis large subunit ribosomal RNA (LOC113146729), rRNA
cc_rrna_kmer_000713|28S	EU252544.1	88456	N/A	100.000	31	0	0	1	31	868	898	Cyclospora cayetanensis 28S large subunit ribosomal RNA gene, partial sequence
cc_rrna_kmer_000714|28S	EU252544.1	88456	N/A	100.000	31	0	0	1	31	679	649	Cyclospora cayetanensis 28S large subunit ribosomal RNA gene, partial sequence
cc_rrna_kmer_000715|28S	EU252544.1	88456	N/A	100.000	31	0	0	1	31	645	675	Cyclospora cayetanensis 28S large subunit ribosomal RNA gene, partial sequence
cc_rrna_kmer_000716|28S	EU252544.1	88456	N/A	100.000	31	0	0	1	31	183	213	Cyclospora cayetanensis 28S large subunit ribosomal RNA gene, partial sequence
cc_rrna_kmer_000717|28S	EU252544.1	88456	N/A	100.000	31	0	0	1	31	192	162	Cyclospora cayetanensis 28S large subunit ribosomal RNA gene, partial sequence
cc_rrna_kmer_000718|28S	XR_003297360.1	88456	N/A	100.000	31	0	0	1	31	2174	2144	PREDICTED: Cyclospora cayetanensis large subunit ribosomal RNA (LOC113146729), rRNA
cc_rrna_kmer_000718|28S	GU593716.1	947543	N/A	100.000	31	0	0	1	31	816	786	Goussia carpelli strain 23 28S ribosomal RNA gene, partial sequence
cc_rrna_kmer_000719|28S	XR_003297360.1	88456	N/A	100.000	31	0	0	1	31	106	76	PREDICTED: Cyclospora cayetanensis large subunit ribosomal RNA (LOC113146729), rRNA
cc_rrna_kmer_000719|28S	EU252544.1	88456	N/A	100.000	31	0	0	1	31	851	821	Cyclospora cayetanensis 28S large subunit ribosomal RNA gene, partial sequence
cc_rrna_kmer_000721|28S	EU252544.1	88456	N/A	100.000	31	0	0	1	31	661	631	Cyclospora cayetanensis 28S large subunit ribosomal RNA gene, partial sequence
cc_rrna_kmer_000722|28S	XR_003297360.1	88456	N/A	100.000	31	0	0	1	31	1203	1173	PREDICTED: Cyclospora cayetanensis large subunit ribosomal RNA (LOC113146729), rRNA
cc_rrna_kmer_000723|28S	XR_003297360.1	88456	N/A	100.000	31	0	0	1	31	1192	1222	PREDICTED: Cyclospora cayetanensis large subunit ribosomal RNA (LOC113146729), rRNA
cc_rrna_kmer_000724|28S	AY283845.1	241650	N/A	100.000	31	0	0	1	31	1338	1368	Atoxoplasma sp. MS-2003 large subunit ribosomal RNA gene, partial sequence
cc_rrna_kmer_000724|28S	OR101126.1	3051684	N/A	100.000	31	0	0	1	31	1272	1302	Isospora elliotae isolate 20384 large subunit ribosomal RNA gene, partial sequence
cc_rrna_kmer_000724|28S	AY283863.1	241650	N/A	100.000	31	0	0	1	31	1333	1363	Atoxoplasma sp. MS-2003 large subunit ribosomal RNA gene, partial sequence
cc_rrna_kmer_000724|28S	KT224382.1	1678287	N/A	100.000	31	0	0	1	31	1282	1312	Isospora sp. RY-2015c isolate RBF large subunit ribosomal RNA gene, partial sequence
cc_rrna_kmer_000724|28S	AY283844.1	241650	N/A	100.000	31	0	0	1	31	1338	1368	Atoxoplasma sp. MS-2003 large subunit ribosomal RNA gene, partial sequence
cc_rrna_kmer_000724|28S	AY283862.1	241650	N/A	100.000	31	0	0	1	31	1337	1367	Atoxoplasma sp. MS-2003 large subunit ribosomal RNA gene, partial sequence
cc_rrna_kmer_000724|28S	OA985032.1	2823481	N/A	100.000	31	0	0	1	31	781	811	Isospora sp. Hs2 partial 28S rRNA gene
cc_rrna_kmer_000724|28S	AY283839.1	241650	N/A	100.000	31	0	0	1	31	1347	1377	Atoxoplasma sp. MS-2003 large subunit ribosomal RNA gene, partial sequence
cc_rrna_kmer_000724|28S	AY283858.1	241650	N/A	100.000	31	0	0	1	31	1336	1366	Atoxoplasma sp. MS-2003 large subunit ribosomal RNA gene, partial sequence
cc_rrna_kmer_000724|28S	AY283864.1	241650	N/A	100.000	31	0	0	1	31	1342	1372	Atoxoplasma sp. MS-2003 large subunit ribosomal RNA gene, partial sequence
cc_rrna_kmer_000724|28S	AY283869.1	241650	N/A	100.000	31	0	0	1	31	1344	1374	Atoxoplasma sp. MS-2003 large subunit ribosomal RNA gene, partial sequence
cc_rrna_kmer_000724|28S	AY283868.1	241650	N/A	100.000	31	0	0	1	31	1336	1366	Atoxoplasma sp. MS-2003 large subunit ribosomal RNA gene, partial sequence
cc_rrna_kmer_000724|28S	MW775029.1	2820069	N/A	100.000	31	0	0	1	31	1303	1333	Isospora mayuri isolate 7-Bule-peafowl large subunit ribosomal RNA gene, partial sequence
cc_rrna_kmer_000724|28S	AY283859.1	241650	N/A	100.000	31	0	0	1	31	1338	1368	Atoxoplasma sp. MS-2003 large subunit ribosomal RNA gene, partial sequence
cc_rrna_kmer_000724|28S	KJ634022.1	1565085	N/A	100.000	31	0	0	1	31	867	897	Isospora streperae 28S ribosomal RNA gene, partial sequence
cc_rrna_kmer_000724|28S	AY283847.1	241650	N/A	100.000	31	0	0	1	31	1338	1368	Atoxoplasma sp. MS-2003 large subunit ribosomal RNA gene, partial sequence
cc_rrna_kmer_000724|28S	OA985031.1	2823479	N/A	100.000	31	0	0	1	31	776	806	Isospora sp. Pr2 partial 28S rRNA gene
cc_rrna_kmer_000724|28S	AY283850.1	241650	N/A	100.000	31	0	0	1	31	1333	1363	Atoxoplasma sp. MS-2003 large subunit ribosomal RNA gene, partial sequence
cc_rrna_kmer_000724|28S	KY801686.1	2153390	N/A	100.000	31	0	0	1	31	1266	1296	Isospora butcherae 28S ribosomal RNA gene, partial sequence
cc_rrna_kmer_000724|28S	OQ459343.1	3028803	N/A	100.000	31	0	0	1	31	1262	1292	Eimeria briceae isolate 201909 large subunit ribosomal RNA gene, partial sequence
cc_rrna_kmer_000724|28S	AY283843.1	241650	N/A	100.000	31	0	0	1	31	1340	1370	Atoxoplasma sp. MS-2003 large subunit ribosomal RNA gene, partial sequence
cc_rrna_kmer_000724|28S	OA985026.1	2823474	N/A	100.000	31	0	0	1	31	781	811	Isospora sp. Bclt1 partial 28S rRNA gene
cc_rrna_kmer_000724|28S	AY283866.1	241650	N/A	100.000	31	0	0	1	31	1336	1366	Atoxoplasma sp. MS-2003 large subunit ribosomal RNA gene, partial sequence
cc_rrna_kmer_000724|28S	XR_003297360.1	88456	N/A	100.000	31	0	0	1	31	677	707	PREDICTED: Cyclospora cayetanensis large subunit ribosomal RNA (LOC113146729), rRNA
cc_rrna_kmer_000724|28S	AY283848.1	241650	N/A	100.000	31	0	0	1	31	1338	1368	Atoxoplasma sp. MS-2003 large subunit ribosomal RNA gene, partial sequence
cc_rrna_kmer_000724|28S	AY283849.1	241650	N/A	100.000	31	0	0	1	31	1339	1369	Atoxoplasma sp. MS-2003 large subunit ribosomal RNA gene, partial sequence
cc_rrna_kmer_000724|28S	AY283853.1	241650	N/A	100.000	31	0	0	1	31	1337	1367	Atoxoplasma sp. MS-2003 large subunit ribosomal RNA gene, partial sequence
cc_rrna_kmer_000724|28S	OA985028.1	2823475;2823476	N/A;N/A	100.000	31	0	0	1	31	781	811	Isospora sp. Pc1 partial 28S rRNA gene
cc_rrna_kmer_000724|28S	AY283865.1	241650	N/A	100.000	31	0	0	1	31	1329	1359	Atoxoplasma sp. MS-2003 large subunit ribosomal RNA gene, partial sequence
cc_rrna_kmer_000724|28S	AY283860.1	241650	N/A	100.000	31	0	0	1	31	1338	1368	Atoxoplasma sp. MS-2003 large subunit ribosomal RNA gene, partial sequence
cc_rrna_kmer_000724|28S	AY283857.1	241650	N/A	100.000	31	0	0	1	31	1337	1367	Atoxoplasma sp. MS-2003 large subunit ribosomal RNA gene, partial sequence
cc_rrna_kmer_000724|28S	AY283852.1	241650	N/A	100.000	31	0	0	1	31	1334	1364	Atoxoplasma sp. MS-2003 large subunit ribosomal RNA gene, partial sequence
cc_rrna_kmer_000724|28S	OA985030.1	2823478	N/A	100.000	31	0	0	1	31	778	808	Isospora sp. Pr1 partial 28S rRNA gene
cc_rrna_kmer_000724|28S	AY283854.1	241650	N/A	100.000	31	0	0	1	31	1337	1367	Atoxoplasma sp. MS-2003 large subunit ribosomal RNA gene, partial sequence
cc_rrna_kmer_000724|28S	AY283841.1	241650	N/A	100.000	31	0	0	1	31	1340	1370	Atoxoplasma sp. MS-2003 large subunit ribosomal RNA gene, partial sequence
cc_rrna_kmer_000724|28S	AY283855.1	241650	N/A	100.000	31	0	0	1	31	1336	1366	Atoxoplasma sp. MS-2003 large subunit ribosomal RNA gene, partial sequence
cc_rrna_kmer_000724|28S	MW775031.1	1469499	N/A	100.000	31	0	0	1	31	1311	1341	Eimeria hermani isolate 9-Whooper-swan large subunit ribosomal RNA gene, partial sequence
cc_rrna_kmer_000724|28S	AY283840.1	241650	N/A	100.000	31	0	0	1	31	1341	1371	Atoxoplasma sp. MS-2003 large subunit ribosomal RNA gene, partial sequence
cc_rrna_kmer_000724|28S	OA985027.1	2823473	N/A	100.000	31	0	0	1	31	781	811	Isospora sp. Sgs1 partial 28S rRNA gene
cc_rrna_kmer_000724|28S	AY283867.1	241650	N/A	100.000	31	0	0	1	31	1338	1368	Atoxoplasma sp. MS-2003 large subunit ribosomal RNA gene, partial sequence
cc_rrna_kmer_000724|28S	AY283870.1	241650	N/A	100.000	31	0	0	1	31	1340	1370	Atoxoplasma sp. MS-2003 large subunit ribosomal RNA gene, partial sequence
cc_rrna_kmer_000724|28S	OR266354.1	1743397	N/A	100.000	31	0	0	1	31	551	581	Isospora sp. isolate 28S_Seq18 large subunit ribosomal RNA gene, partial sequence
cc_rrna_kmer_000724|28S	KT726931.1	1743397	N/A	100.000	31	0	0	1	31	1339	1369	Isospora sp. 28S ribosomal RNA gene, partial sequence
cc_rrna_kmer_000724|28S	AY283846.1	241650	N/A	100.000	31	0	0	1	31	1341	1371	Atoxoplasma sp. MS-2003 large subunit ribosomal RNA gene, partial sequence
cc_rrna_kmer_000724|28S	OA985033.1	2823480	N/A	100.000	31	0	0	1	31	782	812	Isospora sp. Hs1 partial 28S rRNA gene
cc_rrna_kmer_000724|28S	AY283851.1	241650	N/A	100.000	31	0	0	1	31	1337	1367	Atoxoplasma sp. MS-2003 large subunit ribosomal RNA gene, partial sequence
cc_rrna_kmer_000724|28S	MW775028.1	2820073	N/A	100.000	31	0	0	1	31	1298	1328	Isospora lacazei isolate 6-Bule-peafowl large subunit ribosomal RNA gene, partial sequence
cc_rrna_kmer_000724|28S	AY283856.1	241650	N/A	100.000	31	0	0	1	31	1338	1368	Atoxoplasma sp. MS-2003 large subunit ribosomal RNA gene, partial sequence
cc_rrna_kmer_000725|28S	XR_003297360.1	88456	N/A	100.000	31	0	0	1	31	1167	1137	PREDICTED: Cyclospora cayetanensis large subunit ribosomal RNA (LOC113146729), rRNA
cc_rrna_kmer_000725|28S	EU252544.1	88456	N/A	100.000	31	0	0	1	31	1912	1882	Cyclospora cayetanensis 28S large subunit ribosomal RNA gene, partial sequence
cc_rrna_kmer_000727|28S	XR_003297360.1	88456	N/A	100.000	31	0	0	1	31	991	961	PREDICTED: Cyclospora cayetanensis large subunit ribosomal RNA (LOC113146729), rRNA
cc_rrna_kmer_000728|28S	EU252544.1	88456	N/A	100.000	31	0	0	1	31	670	700	Cyclospora cayetanensis 28S large subunit ribosomal RNA gene, partial sequence
cc_rrna_kmer_000729|28S	EU252544.1	88456	N/A	100.000	31	0	0	1	31	592	562	Cyclospora cayetanensis 28S large subunit ribosomal RNA gene, partial sequence
cc_rrna_kmer_000730|28S	XR_003297360.1	88456	N/A	100.000	31	0	0	1	31	1155	1185	PREDICTED: Cyclospora cayetanensis large subunit ribosomal RNA (LOC113146729), rRNA
cc_rrna_kmer_000730|28S	EU252544.1	88456	N/A	100.000	31	0	0	1	31	1900	1930	Cyclospora cayetanensis 28S large subunit ribosomal RNA gene, partial sequence
cc_rrna_kmer_000731|28S	AY283845.1	241650	N/A	100.000	31	0	0	1	31	1378	1348	Atoxoplasma sp. MS-2003 large subunit ribosomal RNA gene, partial sequence
cc_rrna_kmer_000731|28S	OR101126.1	3051684	N/A	100.000	31	0	0	1	31	1312	1282	Isospora elliotae isolate 20384 large subunit ribosomal RNA gene, partial sequence
cc_rrna_kmer_000731|28S	AY283863.1	241650	N/A	100.000	31	0	0	1	31	1373	1343	Atoxoplasma sp. MS-2003 large subunit ribosomal RNA gene, partial sequence
cc_rrna_kmer_000731|28S	KT224382.1	1678287	N/A	100.000	31	0	0	1	31	1322	1292	Isospora sp. RY-2015c isolate RBF large subunit ribosomal RNA gene, partial sequence
cc_rrna_kmer_000731|28S	AY283844.1	241650	N/A	100.000	31	0	0	1	31	1378	1348	Atoxoplasma sp. MS-2003 large subunit ribosomal RNA gene, partial sequence
cc_rrna_kmer_000731|28S	AY283862.1	241650	N/A	100.000	31	0	0	1	31	1377	1347	Atoxoplasma sp. MS-2003 large subunit ribosomal RNA gene, partial sequence
cc_rrna_kmer_000731|28S	OA985032.1	2823481	N/A	100.000	31	0	0	1	31	821	791	Isospora sp. Hs2 partial 28S rRNA gene
cc_rrna_kmer_000731|28S	AY283839.1	241650	N/A	100.000	31	0	0	1	31	1387	1357	Atoxoplasma sp. MS-2003 large subunit ribosomal RNA gene, partial sequence
cc_rrna_kmer_000731|28S	AY283858.1	241650	N/A	100.000	31	0	0	1	31	1376	1346	Atoxoplasma sp. MS-2003 large subunit ribosomal RNA gene, partial sequence
cc_rrna_kmer_000731|28S	AY283864.1	241650	N/A	100.000	31	0	0	1	31	1382	1352	Atoxoplasma sp. MS-2003 large subunit ribosomal RNA gene, partial sequence
cc_rrna_kmer_000731|28S	AY283869.1	241650	N/A	100.000	31	0	0	1	31	1384	1354	Atoxoplasma sp. MS-2003 large subunit ribosomal RNA gene, partial sequence
cc_rrna_kmer_000731|28S	AY283868.1	241650	N/A	100.000	31	0	0	1	31	1376	1346	Atoxoplasma sp. MS-2003 large subunit ribosomal RNA gene, partial sequence
cc_rrna_kmer_000731|28S	MW775029.1	2820069	N/A	100.000	31	0	0	1	31	1343	1313	Isospora mayuri isolate 7-Bule-peafowl large subunit ribosomal RNA gene, partial sequence
cc_rrna_kmer_000731|28S	AY283859.1	241650	N/A	100.000	31	0	0	1	31	1378	1348	Atoxoplasma sp. MS-2003 large subunit ribosomal RNA gene, partial sequence
cc_rrna_kmer_000731|28S	KJ634022.1	1565085	N/A	100.000	31	0	0	1	31	907	877	Isospora streperae 28S ribosomal RNA gene, partial sequence
cc_rrna_kmer_000731|28S	AY283847.1	241650	N/A	100.000	31	0	0	1	31	1378	1348	Atoxoplasma sp. MS-2003 large subunit ribosomal RNA gene, partial sequence
cc_rrna_kmer_000731|28S	OA985031.1	2823479	N/A	100.000	31	0	0	1	31	816	786	Isospora sp. Pr2 partial 28S rRNA gene
cc_rrna_kmer_000731|28S	AY283850.1	241650	N/A	100.000	31	0	0	1	31	1373	1343	Atoxoplasma sp. MS-2003 large subunit ribosomal RNA gene, partial sequence
cc_rrna_kmer_000731|28S	KY801686.1	2153390	N/A	100.000	31	0	0	1	31	1306	1276	Isospora butcherae 28S ribosomal RNA gene, partial sequence
cc_rrna_kmer_000731|28S	OQ459343.1	3028803	N/A	100.000	31	0	0	1	31	1302	1272	Eimeria briceae isolate 201909 large subunit ribosomal RNA gene, partial sequence
cc_rrna_kmer_000731|28S	AY283861.1	241650	N/A	100.000	31	0	0	1	31	1375	1345	Atoxoplasma sp. MS-2003 large subunit ribosomal RNA gene, partial sequence
cc_rrna_kmer_000731|28S	AY283843.1	241650	N/A	100.000	31	0	0	1	31	1380	1350	Atoxoplasma sp. MS-2003 large subunit ribosomal RNA gene, partial sequence
cc_rrna_kmer_000731|28S	OA985026.1	2823474	N/A	100.000	31	0	0	1	31	821	791	Isospora sp. Bclt1 partial 28S rRNA gene
cc_rrna_kmer_000731|28S	AY283866.1	241650	N/A	100.000	31	0	0	1	31	1376	1346	Atoxoplasma sp. MS-2003 large subunit ribosomal RNA gene, partial sequence
cc_rrna_kmer_000731|28S	XR_003297360.1	88456	N/A	100.000	31	0	0	1	31	717	687	PREDICTED: Cyclospora cayetanensis large subunit ribosomal RNA (LOC113146729), rRNA
cc_rrna_kmer_000731|28S	AY283848.1	241650	N/A	100.000	31	0	0	1	31	1378	1348	Atoxoplasma sp. MS-2003 large subunit ribosomal RNA gene, partial sequence
cc_rrna_kmer_000731|28S	AY283849.1	241650	N/A	100.000	31	0	0	1	31	1379	1349	Atoxoplasma sp. MS-2003 large subunit ribosomal RNA gene, partial sequence
cc_rrna_kmer_000731|28S	AY283853.1	241650	N/A	100.000	31	0	0	1	31	1377	1347	Atoxoplasma sp. MS-2003 large subunit ribosomal RNA gene, partial sequence
cc_rrna_kmer_000731|28S	OA985028.1	2823475;2823476	N/A;N/A	100.000	31	0	0	1	31	821	791	Isospora sp. Pc1 partial 28S rRNA gene
cc_rrna_kmer_000731|28S	AY283865.1	241650	N/A	100.000	31	0	0	1	31	1369	1339	Atoxoplasma sp. MS-2003 large subunit ribosomal RNA gene, partial sequence
cc_rrna_kmer_000731|28S	AY283860.1	241650	N/A	100.000	31	0	0	1	31	1378	1348	Atoxoplasma sp. MS-2003 large subunit ribosomal RNA gene, partial sequence
cc_rrna_kmer_000731|28S	AY283857.1	241650	N/A	100.000	31	0	0	1	31	1377	1347	Atoxoplasma sp. MS-2003 large subunit ribosomal RNA gene, partial sequence
cc_rrna_kmer_000731|28S	AY283852.1	241650	N/A	100.000	31	0	0	1	31	1374	1344	Atoxoplasma sp. MS-2003 large subunit ribosomal RNA gene, partial sequence
cc_rrna_kmer_000731|28S	OA985030.1	2823478	N/A	100.000	31	0	0	1	31	818	788	Isospora sp. Pr1 partial 28S rRNA gene
cc_rrna_kmer_000731|28S	AY283854.1	241650	N/A	100.000	31	0	0	1	31	1377	1347	Atoxoplasma sp. MS-2003 large subunit ribosomal RNA gene, partial sequence
cc_rrna_kmer_000731|28S	AY283841.1	241650	N/A	100.000	31	0	0	1	31	1380	1350	Atoxoplasma sp. MS-2003 large subunit ribosomal RNA gene, partial sequence
cc_rrna_kmer_000731|28S	AY283855.1	241650	N/A	100.000	31	0	0	1	31	1376	1346	Atoxoplasma sp. MS-2003 large subunit ribosomal RNA gene, partial sequence
cc_rrna_kmer_000731|28S	MW775031.1	1469499	N/A	100.000	31	0	0	1	31	1351	1321	Eimeria hermani isolate 9-Whooper-swan large subunit ribosomal RNA gene, partial sequence
cc_rrna_kmer_000731|28S	AY283840.1	241650	N/A	100.000	31	0	0	1	31	1381	1351	Atoxoplasma sp. MS-2003 large subunit ribosomal RNA gene, partial sequence
cc_rrna_kmer_000731|28S	OA985027.1	2823473	N/A	100.000	31	0	0	1	31	821	791	Isospora sp. Sgs1 partial 28S rRNA gene
cc_rrna_kmer_000731|28S	AY283867.1	241650	N/A	100.000	31	0	0	1	31	1378	1348	Atoxoplasma sp. MS-2003 large subunit ribosomal RNA gene, partial sequence
cc_rrna_kmer_000731|28S	AY283870.1	241650	N/A	100.000	31	0	0	1	31	1380	1350	Atoxoplasma sp. MS-2003 large subunit ribosomal RNA gene, partial sequence
cc_rrna_kmer_000731|28S	OR266354.1	1743397	N/A	100.000	31	0	0	1	31	591	561	Isospora sp. isolate 28S_Seq18 large subunit ribosomal RNA gene, partial sequence
cc_rrna_kmer_000731|28S	KT726931.1	1743397	N/A	100.000	31	0	0	1	31	1379	1349	Isospora sp. 28S ribosomal RNA gene, partial sequence
cc_rrna_kmer_000731|28S	AY283846.1	241650	N/A	100.000	31	0	0	1	31	1381	1351	Atoxoplasma sp. MS-2003 large subunit ribosomal RNA gene, partial sequence
cc_rrna_kmer_000731|28S	OA985033.1	2823480	N/A	100.000	31	0	0	1	31	822	792	Isospora sp. Hs1 partial 28S rRNA gene
cc_rrna_kmer_000731|28S	AY283851.1	241650	N/A	100.000	31	0	0	1	31	1377	1347	Atoxoplasma sp. MS-2003 large subunit ribosomal RNA gene, partial sequence
cc_rrna_kmer_000731|28S	MW775028.1	2820073	N/A	100.000	31	0	0	1	31	1338	1308	Isospora lacazei isolate 6-Bule-peafowl large subunit ribosomal RNA gene, partial sequence
cc_rrna_kmer_000731|28S	AY283856.1	241650	N/A	100.000	31	0	0	1	31	1378	1348	Atoxoplasma sp. MS-2003 large subunit ribosomal RNA gene, partial sequence
cc_rrna_kmer_000732|28S	EU252544.1	88456	N/A	100.000	31	0	0	1	31	529	499	Cyclospora cayetanensis 28S large subunit ribosomal RNA gene, partial sequence
cc_rrna_kmer_000733|28S	XR_003297360.1	88456	N/A	100.000	31	0	0	1	31	72	102	PREDICTED: Cyclospora cayetanensis large subunit ribosomal RNA (LOC113146729), rRNA
cc_rrna_kmer_000733|28S	EU252544.1	88456	N/A	100.000	31	0	0	1	31	817	847	Cyclospora cayetanensis 28S large subunit ribosomal RNA gene, partial sequence
cc_rrna_kmer_000734|18S	AF111183.1	88456	N/A	100.000	31	0	0	1	31	1667	1697	Cyclospora cayetanensis 18S ribosomal RNA gene, complete sequence
cc_rrna_kmer_000734|18S	XR_003297358.1	88456	N/A	100.000	31	0	0	1	31	1667	1697	PREDICTED: Cyclospora cayetanensis small subunit ribosomal RNA (LOC113146722), rRNA
cc_rrna_kmer_000734|18S	KX618190.1	88456	N/A	100.000	31	0	0	1	31	1667	1697	Cyclospora cayetanensis 18S small subunit ribosomal RNA gene, partial sequence
cc_rrna_kmer_000736|28S	XR_003297360.1	88456	N/A	100.000	31	0	0	1	31	953	923	PREDICTED: Cyclospora cayetanensis large subunit ribosomal RNA (LOC113146729), rRNA
cc_rrna_kmer_000736|28S	EU252544.1	88456	N/A	100.000	31	0	0	1	31	1698	1668	Cyclospora cayetanensis 28S large subunit ribosomal RNA gene, partial sequence
cc_rrna_kmer_000737|28S	EU252544.1	88456	N/A	100.000	31	0	0	1	31	208	178	Cyclospora cayetanensis 28S large subunit ribosomal RNA gene, partial sequence
cc_rrna_kmer_000738|28S	EU252544.1	88456	N/A	100.000	31	0	0	1	31	618	588	Cyclospora cayetanensis 28S large subunit ribosomal RNA gene, partial sequence
cc_rrna_kmer_000740|28S	XR_003297360.1	88456	N/A	100.000	31	0	0	1	31	2574	2604	PREDICTED: Cyclospora cayetanensis large subunit ribosomal RNA (LOC113146729), rRNA
cc_rrna_kmer_000741|28S	EU252544.1	88456	N/A	100.000	31	0	0	1	31	508	538	Cyclospora cayetanensis 28S large subunit ribosomal RNA gene, partial sequence
cc_rrna_kmer_000742|28S	XR_003297360.1	88456	N/A	100.000	31	0	0	1	31	983	953	PREDICTED: Cyclospora cayetanensis large subunit ribosomal RNA (LOC113146729), rRNA
cc_rrna_kmer_000742|28S	EU252544.1	88456	N/A	100.000	31	0	0	1	31	1728	1698	Cyclospora cayetanensis 28S large subunit ribosomal RNA gene, partial sequence
cc_rrna_kmer_000743|28S	XR_003297360.1	88456	N/A	100.000	31	0	0	1	31	1405	1375	PREDICTED: Cyclospora cayetanensis large subunit ribosomal RNA (LOC113146729), rRNA
cc_rrna_kmer_000744|28S	EU252544.1	88456	N/A	100.000	31	0	0	1	31	715	685	Cyclospora cayetanensis 28S large subunit ribosomal RNA gene, partial sequence
cc_rrna_kmer_000745|28S	EU252544.1	88456	N/A	100.000	31	0	0	1	31	553	523	Cyclospora cayetanensis 28S large subunit ribosomal RNA gene, partial sequence
cc_rrna_kmer_000746|28S	EU252544.1	88456	N/A	100.000	31	0	0	1	31	665	635	Cyclospora cayetanensis 28S large subunit ribosomal RNA gene, partial sequence
cc_rrna_kmer_000747|18S	XR_003297358.1	88456	N/A	100.000	31	0	0	1	31	257	287	PREDICTED: Cyclospora cayetanensis small subunit ribosomal RNA (LOC113146722), rRNA
cc_rrna_kmer_000748|28S	OR575119.1	2967348	N/A	100.000	31	0	0	1	31	3524	3494	Testudodinium sp. strain PJ-2003PS-01 small subunit ribosomal RNA gene, partial sequence; internal transcribed spacer 1, 5.8S ribosomal RNA gene, and internal transcribed spacer 2, complete sequence; and large subunit ribosomal RNA gene, partial sequence
cc_rrna_kmer_000748|28S	XR_003297360.1	88456	N/A	100.000	31	0	0	1	31	462	432	PREDICTED: Cyclospora cayetanensis large subunit ribosomal RNA (LOC113146729), rRNA
cc_rrna_kmer_000748|28S	EU252544.1	88456	N/A	100.000	31	0	0	1	31	1207	1177	Cyclospora cayetanensis 28S large subunit ribosomal RNA gene, partial sequence
cc_rrna_kmer_000749|18S	AF111183.1	88456	N/A	100.000	31	0	0	1	31	1701	1671	Cyclospora cayetanensis 18S ribosomal RNA gene, complete sequence
cc_rrna_kmer_000749|18S	XR_003297358.1	88456	N/A	100.000	31	0	0	1	31	1701	1671	PREDICTED: Cyclospora cayetanensis small subunit ribosomal RNA (LOC113146722), rRNA
cc_rrna_kmer_000749|18S	KX618190.1	88456	N/A	100.000	31	0	0	1	31	1701	1671	Cyclospora cayetanensis 18S small subunit ribosomal RNA gene, partial sequence
cc_rrna_kmer_000750|28S	XR_003297360.1	88456	N/A	100.000	31	0	0	1	31	1856	1826	PREDICTED: Cyclospora cayetanensis large subunit ribosomal RNA (LOC113146729), rRNA
cc_rrna_kmer_000752|5S	XR_003297353.1	88456	N/A	100.000	31	0	0	1	31	47	77	PREDICTED: Cyclospora cayetanensis 5S ribosomal RNA (LOC113146603), rRNA
cc_rrna_kmer_000753|28S	XR_003297360.1	88456	N/A	100.000	31	0	0	1	31	382	412	PREDICTED: Cyclospora cayetanensis large subunit ribosomal RNA (LOC113146729), rRNA
cc_rrna_kmer_000753|28S	EU252544.1	88456	N/A	100.000	31	0	0	1	31	1127	1157	Cyclospora cayetanensis 28S large subunit ribosomal RNA gene, partial sequence
cc_rrna_kmer_000754|28S	XR_003297360.1	88456	N/A	100.000	31	0	0	1	31	1385	1355	PREDICTED: Cyclospora cayetanensis large subunit ribosomal RNA (LOC113146729), rRNA
cc_rrna_kmer_000755|28S	XR_003297360.1	88456	N/A	100.000	31	0	0	1	31	1888	1858	PREDICTED: Cyclospora cayetanensis large subunit ribosomal RNA (LOC113146729), rRNA
cc_rrna_kmer_000756|28S	XR_003297360.1	88456	N/A	100.000	31	0	0	1	31	134	164	PREDICTED: Cyclospora cayetanensis large subunit ribosomal RNA (LOC113146729), rRNA
cc_rrna_kmer_000756|28S	EU252544.1	88456	N/A	100.000	31	0	0	1	31	879	909	Cyclospora cayetanensis 28S large subunit ribosomal RNA gene, partial sequence
cc_rrna_kmer_000757|28S	XR_003297360.1	88456	N/A	100.000	31	0	0	1	31	1449	1479	PREDICTED: Cyclospora cayetanensis large subunit ribosomal RNA (LOC113146729), rRNA
cc_rrna_kmer_000758|28S	XR_003297360.1	88456	N/A	100.000	31	0	0	1	31	1905	1875	PREDICTED: Cyclospora cayetanensis large subunit ribosomal RNA (LOC113146729), rRNA
cc_rrna_kmer_000759|28S	EU252544.1	88456	N/A	100.000	31	0	0	1	31	161	131	Cyclospora cayetanensis 28S large subunit ribosomal RNA gene, partial sequence
cc_rrna_kmer_000760|28S	AF301386.1	88456	N/A	100.000	31	0	0	1	31	1508	1478	Cyclospora cayetanensis small subunit ribosomal RNA gene, partial sequence; internal transcribed spacer 1, 5.8S ribosomal RNA gene and internal transcribed spacer 2, complete sequence; and large subunit ribosomal RNA gene, partial sequence
cc_rrna_kmer_000760|28S	EU252544.1	88456	N/A	100.000	31	0	0	1	31	47	17	Cyclospora cayetanensis 28S large subunit ribosomal RNA gene, partial sequence
cc_rrna_kmer_000760|28S	AF301391.1	88456	N/A	100.000	31	0	0	1	31	1510	1480	Cyclospora cayetanensis small subunit ribosomal RNA gene, partial sequence; internal transcribed spacer 1, 5.8S ribosomal RNA gene and internal transcribed spacer 2, complete sequence; and large subunit ribosomal RNA gene, partial sequence
cc_rrna_kmer_000761|28S	XR_003297360.1	88456	N/A	100.000	31	0	0	1	31	1184	1214	PREDICTED: Cyclospora cayetanensis large subunit ribosomal RNA (LOC113146729), rRNA
cc_rrna_kmer_000762|28S	XR_003297360.1	88456	N/A	100.000	31	0	0	1	31	1810	1840	PREDICTED: Cyclospora cayetanensis large subunit ribosomal RNA (LOC113146729), rRNA
cc_rrna_kmer_000764|28S	XR_003297360.1	88456	N/A	100.000	31	0	0	1	31	735	765	PREDICTED: Cyclospora cayetanensis large subunit ribosomal RNA (LOC113146729), rRNA
cc_rrna_kmer_000764|28S	EU252544.1	88456	N/A	100.000	31	0	0	1	31	1480	1510	Cyclospora cayetanensis 28S large subunit ribosomal RNA gene, partial sequence
cc_rrna_kmer_000765|28S	XR_003297360.1	88456	N/A	100.000	31	0	0	1	31	127	97	PREDICTED: Cyclospora cayetanensis large subunit ribosomal RNA (LOC113146729), rRNA
cc_rrna_kmer_000765|28S	EU252544.1	88456	N/A	100.000	31	0	0	1	31	872	842	Cyclospora cayetanensis 28S large subunit ribosomal RNA gene, partial sequence
cc_rrna_kmer_000766|28S	EU252544.1	88456	N/A	100.000	31	0	0	1	31	714	744	Cyclospora cayetanensis 28S large subunit ribosomal RNA gene, partial sequence
cc_rrna_kmer_000767|28S	EU252544.1	88456	N/A	100.000	31	0	0	1	31	675	705	Cyclospora cayetanensis 28S large subunit ribosomal RNA gene, partial sequence
cc_rrna_kmer_000768|28S	XR_003297360.1	88456	N/A	100.000	31	0	0	1	31	1412	1382	PREDICTED: Cyclospora cayetanensis large subunit ribosomal RNA (LOC113146729), rRNA
cc_rrna_kmer_000770|28S	AP038851.1	142759	N/A	100.000	31	0	0	1	31	5077810	5077840	Solanum cheesmaniae LA0166 DNA, chromosome 2, nearly complete sequence
cc_rrna_kmer_000770|28S	XR_003297360.1	88456	N/A	100.000	31	0	0	1	31	417	387	PREDICTED: Cyclospora cayetanensis large subunit ribosomal RNA (LOC113146729), rRNA
cc_rrna_kmer_000770|28S	EU252544.1	88456	N/A	100.000	31	0	0	1	31	1162	1132	Cyclospora cayetanensis 28S large subunit ribosomal RNA gene, partial sequence
cc_rrna_kmer_000771|28S	XR_003297360.1	88456	N/A	100.000	31	0	0	1	31	53	83	PREDICTED: Cyclospora cayetanensis large subunit ribosomal RNA (LOC113146729), rRNA
cc_rrna_kmer_000771|28S	EU252544.1	88456	N/A	100.000	31	0	0	1	31	798	828	Cyclospora cayetanensis 28S large subunit ribosomal RNA gene, partial sequence
cc_rrna_kmer_000772|28S	XR_003297360.1	88456	N/A	100.000	31	0	0	1	31	700	730	PREDICTED: Cyclospora cayetanensis large subunit ribosomal RNA (LOC113146729), rRNA
cc_rrna_kmer_000772|28S	EU252544.1	88456	N/A	100.000	31	0	0	1	31	1445	1475	Cyclospora cayetanensis 28S large subunit ribosomal RNA gene, partial sequence
cc_rrna_kmer_000773|28S	XR_003297360.1	88456	N/A	100.000	31	0	0	1	31	708	738	PREDICTED: Cyclospora cayetanensis large subunit ribosomal RNA (LOC113146729), rRNA
cc_rrna_kmer_000773|28S	EU252544.1	88456	N/A	100.000	31	0	0	1	31	1453	1483	Cyclospora cayetanensis 28S large subunit ribosomal RNA gene, partial sequence
cc_rrna_kmer_000774|28S	XR_003297360.1	88456	N/A	100.000	31	0	0	1	31	2582	2612	PREDICTED: Cyclospora cayetanensis large subunit ribosomal RNA (LOC113146729), rRNA
cc_rrna_kmer_000775|28S	XR_003297360.1	88456	N/A	100.000	31	0	0	1	31	2716	2746	PREDICTED: Cyclospora cayetanensis large subunit ribosomal RNA (LOC113146729), rRNA
cc_rrna_kmer_000776|28S	XR_003297360.1	88456	N/A	100.000	31	0	0	1	31	2140	2170	PREDICTED: Cyclospora cayetanensis large subunit ribosomal RNA (LOC113146729), rRNA
cc_rrna_kmer_000776|28S	GU593716.1	947543	N/A	100.000	31	0	0	1	31	782	812	Goussia carpelli strain 23 28S ribosomal RNA gene, partial sequence
cc_rrna_kmer_000777|28S	XR_003297360.1	88456	N/A	100.000	31	0	0	1	31	411	381	PREDICTED: Cyclospora cayetanensis large subunit ribosomal RNA (LOC113146729), rRNA
cc_rrna_kmer_000777|28S	EU252544.1	88456	N/A	100.000	31	0	0	1	31	1156	1126	Cyclospora cayetanensis 28S large subunit ribosomal RNA gene, partial sequence
cc_rrna_kmer_000779|28S	EU252544.1	88456	N/A	100.000	31	0	0	1	31	731	761	Cyclospora cayetanensis 28S large subunit ribosomal RNA gene, partial sequence
cc_rrna_kmer_000780|28S	EU252544.1	88456	N/A	100.000	31	0	0	1	31	459	489	Cyclospora cayetanensis 28S large subunit ribosomal RNA gene, partial sequence
cc_rrna_kmer_000781|28S	XR_003297360.1	88456	N/A	100.000	31	0	0	1	31	120	90	PREDICTED: Cyclospora cayetanensis large subunit ribosomal RNA (LOC113146729), rRNA
cc_rrna_kmer_000781|28S	EU252544.1	88456	N/A	100.000	31	0	0	1	31	865	835	Cyclospora cayetanensis 28S large subunit ribosomal RNA gene, partial sequence
cc_rrna_kmer_000782|28S	EU252544.1	88456	N/A	100.000	31	0	0	1	31	694	664	Cyclospora cayetanensis 28S large subunit ribosomal RNA gene, partial sequence
cc_rrna_kmer_000783|28S	EU252544.1	88456	N/A	100.000	31	0	0	1	31	475	445	Cyclospora cayetanensis 28S large subunit ribosomal RNA gene, partial sequence
cc_rrna_kmer_000784|18S	AF111183.1	88456	N/A	100.000	31	0	0	1	31	1723	1693	Cyclospora cayetanensis 18S ribosomal RNA gene, complete sequence
cc_rrna_kmer_000784|18S	XR_003297358.1	88456	N/A	100.000	31	0	0	1	31	1723	1693	PREDICTED: Cyclospora cayetanensis small subunit ribosomal RNA (LOC113146722), rRNA
cc_rrna_kmer_000784|18S	KX618190.1	88456	N/A	100.000	31	0	0	1	31	1723	1693	Cyclospora cayetanensis 18S small subunit ribosomal RNA gene, partial sequence
cc_rrna_kmer_000785|5S	XR_003297353.1	88456	N/A	100.000	31	0	0	1	31	60	90	PREDICTED: Cyclospora cayetanensis 5S ribosomal RNA (LOC113146603), rRNA
cc_rrna_kmer_000786|28S	XR_003297360.1	88456	N/A	100.000	31	0	0	1	31	2628	2658	PREDICTED: Cyclospora cayetanensis large subunit ribosomal RNA (LOC113146729), rRNA
cc_rrna_kmer_000787|28S	EU252544.1	88456	N/A	100.000	31	0	0	1	31	293	263	Cyclospora cayetanensis 28S large subunit ribosomal RNA gene, partial sequence
cc_rrna_kmer_000788|28S	XR_003297360.1	88456	N/A	100.000	31	0	0	1	31	126	156	PREDICTED: Cyclospora cayetanensis large subunit ribosomal RNA (LOC113146729), rRNA
cc_rrna_kmer_000788|28S	EU252544.1	88456	N/A	100.000	31	0	0	1	31	871	901	Cyclospora cayetanensis 28S large subunit ribosomal RNA gene, partial sequence
cc_rrna_kmer_000789|28S	XR_003297360.1	88456	N/A	100.000	31	0	0	1	31	1371	1341	PREDICTED: Cyclospora cayetanensis large subunit ribosomal RNA (LOC113146729), rRNA
cc_rrna_kmer_000790|28S	XR_003297360.1	88456	N/A	100.000	31	0	0	1	31	1425	1395	PREDICTED: Cyclospora cayetanensis large subunit ribosomal RNA (LOC113146729), rRNA
cc_rrna_kmer_000791|28S	XR_003297360.1	88456	N/A	100.000	31	0	0	1	31	976	946	PREDICTED: Cyclospora cayetanensis large subunit ribosomal RNA (LOC113146729), rRNA
cc_rrna_kmer_000791|28S	EU252544.1	88456	N/A	100.000	31	0	0	1	31	1721	1691	Cyclospora cayetanensis 28S large subunit ribosomal RNA gene, partial sequence
cc_rrna_kmer_000792|28S	XR_003297360.1	88456	N/A	100.000	31	0	0	1	31	2608	2578	PREDICTED: Cyclospora cayetanensis large subunit ribosomal RNA (LOC113146729), rRNA
cc_rrna_kmer_000793|28S	XR_003297360.1	88456	N/A	100.000	31	0	0	1	31	1393	1363	PREDICTED: Cyclospora cayetanensis large subunit ribosomal RNA (LOC113146729), rRNA
cc_rrna_kmer_000794|28S	XR_003297360.1	88456	N/A	100.000	31	0	0	1	31	2739	2709	PREDICTED: Cyclospora cayetanensis large subunit ribosomal RNA (LOC113146729), rRNA
cc_rrna_kmer_000794|28S	PQ738239.1	5801	N/A	100.000	31	0	0	1	31	6186	6156	Eimeria acervulina small subunit ribosomal RNA gene, partial sequence; internal transcribed spacer 1, 5.8S ribosomal RNA gene, and internal transcribed spacer 2, complete sequence; and large subunit ribosomal RNA gene, partial sequence
cc_rrna_kmer_000795|5S	XR_003297353.1	88456	N/A	100.000	31	0	0	1	31	82	52	PREDICTED: Cyclospora cayetanensis 5S ribosomal RNA (LOC113146603), rRNA
cc_rrna_kmer_000796|18S	MK946294.1	342097	N/A	100.000	31	0	0	1	31	63	33	Uncultured soil eukaryote clone l330 small subunit ribosomal RNA gene, partial sequence
cc_rrna_kmer_000797|28S	XR_003297360.1	88456	N/A	100.000	31	0	0	1	31	81	51	PREDICTED: Cyclospora cayetanensis large subunit ribosomal RNA (LOC113146729), rRNA
cc_rrna_kmer_000797|28S	EU252544.1	88456	N/A	100.000	31	0	0	1	31	826	796	Cyclospora cayetanensis 28S large subunit ribosomal RNA gene, partial sequence
cc_rrna_kmer_000798|28S	XR_011771226.1	125765	N/A	100.000	31	0	0	1	31	1036	1066	PREDICTED: Rutidosis leptorrhynchoides 28S ribosomal RNA (LOC139880400), rRNA
cc_rrna_kmer_000798|28S	XR_003297360.1	88456	N/A	100.000	31	0	0	1	31	405	435	PREDICTED: Cyclospora cayetanensis large subunit ribosomal RNA (LOC113146729), rRNA
cc_rrna_kmer_000798|28S	EU252544.1	88456	N/A	100.000	31	0	0	1	31	1150	1180	Cyclospora cayetanensis 28S large subunit ribosomal RNA gene, partial sequence
cc_rrna_kmer_000798|28S	AP038851.1	142759	N/A	100.000	31	0	0	1	31	5077822	5077792	Solanum cheesmaniae LA0166 DNA, chromosome 2, nearly complete sequence
cc_rrna_kmer_000798|28S	OZ288544.1	669661	N/A	100.000	31	0	0	1	31	126296	126266	Cochlearia groenlandica genome assembly, chromosome: 7
cc_rrna_kmer_000799|28S	XR_003297360.1	88456	N/A	100.000	31	0	0	1	31	1914	1944	PREDICTED: Cyclospora cayetanensis large subunit ribosomal RNA (LOC113146729), rRNA
cc_rrna_kmer_000802|28S	XR_003297360.1	88456	N/A	100.000	31	0	0	1	31	1362	1392	PREDICTED: Cyclospora cayetanensis large subunit ribosomal RNA (LOC113146729), rRNA
cc_rrna_kmer_000804|28S	XR_003297360.1	88456	N/A	100.000	31	0	0	1	31	956	926	PREDICTED: Cyclospora cayetanensis large subunit ribosomal RNA (LOC113146729), rRNA
cc_rrna_kmer_000804|28S	EU252544.1	88456	N/A	100.000	31	0	0	1	31	1701	1671	Cyclospora cayetanensis 28S large subunit ribosomal RNA gene, partial sequence
cc_rrna_kmer_000805|28S	EU252544.1	88456	N/A	100.000	31	0	0	1	31	703	673	Cyclospora cayetanensis 28S large subunit ribosomal RNA gene, partial sequence
cc_rrna_kmer_000806|28S	XR_003297360.1	88456	N/A	100.000	31	0	0	1	31	964	994	PREDICTED: Cyclospora cayetanensis large subunit ribosomal RNA (LOC113146729), rRNA
cc_rrna_kmer_000807|28S	AY283863.1	241650	N/A	100.000	31	0	0	1	31	41	11	Atoxoplasma sp. MS-2003 large subunit ribosomal RNA gene, partial sequence
cc_rrna_kmer_000807|28S	MN928848.1	33632	N/A	100.000	31	0	0	1	31	906	876	Babesia gibsoni isolate XABg8 18S ribosomal RNA gene, partial sequence; internal transcribed spacer 1, 5.8S ribosomal RNA gene, and internal transcribed spacer 2, complete sequence; and 28S ribosomal RNA gene, partial sequence
cc_rrna_kmer_000807|28S	KP666154.1	33632	N/A	100.000	31	0	0	1	31	907	877	Babesia gibsoni isolate WH123 18S ribosomal RNA gene, partial sequence; internal transcribed spacer 1, 5.8S ribosomal RNA gene, and internal transcribed spacer 2, complete sequence; and 28S ribosomal RNA gene, partial sequence
cc_rrna_kmer_000807|28S	PQ742171.1	3384731	N/A	100.000	31	0	0	1	31	2947	2917	Goussia degiustii isolate EE9_EE10_II1 external transcribed spacer, partial sequence; small subunit ribosomal RNA gene, internal transcribed spacer 1, 5.8S ribosomal RNA gene, internal transcribed spacer 2, and large subunit ribosomal RNA gene, complete sequence; and external transcribed spacer, partial sequence
cc_rrna_kmer_000807|28S	AY331567.1	241650	N/A	100.000	31	0	0	1	31	939	909	Atoxoplasma sp. MS-2003 from Finchbill small subunit ribosomal RNA gene, partial sequence; internal transcribed spacer 1, 5.8S ribosomal RNA gene, and internal transcribed spacer 2, complete sequence; and large subunit ribosomal RNA gene, partial sequence
cc_rrna_kmer_000807|28S	KP666147.1	33632	N/A	100.000	31	0	0	1	31	906	876	Babesia gibsoni isolate WH82 18S ribosomal RNA gene, partial sequence; internal transcribed spacer 1, 5.8S ribosomal RNA gene, and internal transcribed spacer 2, complete sequence; and 28S ribosomal RNA gene, partial sequence
cc_rrna_kmer_000807|28S	KP666145.1	33632	N/A	100.000	31	0	0	1	31	906	876	Babesia gibsoni isolate WH61 18S ribosomal RNA gene, partial sequence; internal transcribed spacer 1, 5.8S ribosomal RNA gene, and internal transcribed spacer 2, complete sequence; and 28S ribosomal RNA gene, partial sequence
cc_rrna_kmer_000807|28S	MN928845.1	33632	N/A	100.000	31	0	0	1	31	906	876	Babesia gibsoni isolate HZBg40 18S ribosomal RNA gene, partial sequence; internal transcribed spacer 1, 5.8S ribosomal RNA gene, and internal transcribed spacer 2, complete sequence; and 28S ribosomal RNA gene, partial sequence
cc_rrna_kmer_000807|28S	MN928844.1	33632	N/A	100.000	31	0	0	1	31	906	876	Babesia gibsoni isolate XABg6 18S ribosomal RNA gene, partial sequence; internal transcribed spacer 1, 5.8S ribosomal RNA gene, and internal transcribed spacer 2, complete sequence; and 28S ribosomal RNA gene, partial sequence
cc_rrna_kmer_000807|28S	OK091618.1	33632	N/A	100.000	31	0	0	1	31	902	872	Babesia gibsoni voucher HFBg03 small subunit ribosomal RNA gene, partial sequence; internal transcribed spacer 1, 5.8S ribosomal RNA gene, and internal transcribed spacer 2, complete sequence; and large subunit ribosomal RNA gene, partial sequence
cc_rrna_kmer_000807|28S	MN928843.1	33632	N/A	100.000	31	0	0	1	31	906	876	Babesia gibsoni isolate XABg76 18S ribosomal RNA gene, partial sequence; internal transcribed spacer 1, 5.8S ribosomal RNA gene, and internal transcribed spacer 2, complete sequence; and 28S ribosomal RNA gene, partial sequence
cc_rrna_kmer_000807|28S	AY283850.1	241650	N/A	100.000	31	0	0	1	31	41	11	Atoxoplasma sp. MS-2003 large subunit ribosomal RNA gene, partial sequence
cc_rrna_kmer_000807|28S	OK091616.1	33632	N/A	100.000	31	0	0	1	31	902	872	Babesia gibsoni voucher HFBg01 small subunit ribosomal RNA gene, partial sequence; internal transcribed spacer 1, 5.8S ribosomal RNA gene, and internal transcribed spacer 2, complete sequence; and large subunit ribosomal RNA gene, partial sequence
cc_rrna_kmer_000807|28S	MN928836.1	33632	N/A	100.000	31	0	0	1	31	906	876	Babesia gibsoni isolate XABg5 18S ribosomal RNA gene, partial sequence; internal transcribed spacer 1, 5.8S ribosomal RNA gene, and internal transcribed spacer 2, complete sequence; and 28S ribosomal RNA gene, partial sequence
cc_rrna_kmer_000807|28S	KP666150.1	33632	N/A	100.000	31	0	0	1	31	906	876	Babesia gibsoni isolate WH114 18S ribosomal RNA gene, partial sequence; internal transcribed spacer 1, 5.8S ribosomal RNA gene, and internal transcribed spacer 2, complete sequence; and 28S ribosomal RNA gene, partial sequence
cc_rrna_kmer_000807|28S	MN928834.1	33632	N/A	100.000	31	0	0	1	31	906	876	Babesia gibsoni isolate XABg68 18S ribosomal RNA gene, partial sequence; internal transcribed spacer 1, 5.8S ribosomal RNA gene, and internal transcribed spacer 2, complete sequence; and 28S ribosomal RNA gene, partial sequence
cc_rrna_kmer_000807|28S	KP666146.1	33632	N/A	100.000	31	0	0	1	31	906	876	Babesia gibsoni isolate WH71 18S ribosomal RNA gene, partial sequence; internal transcribed spacer 1, 5.8S ribosomal RNA gene, and internal transcribed spacer 2, complete sequence; and 28S ribosomal RNA gene, partial sequence
cc_rrna_kmer_000807|28S	KP666152.1	33632	N/A	100.000	31	0	0	1	31	906	876	Babesia gibsoni isolate WH120 18S ribosomal RNA gene, partial sequence; internal transcribed spacer 1, 5.8S ribosomal RNA gene, and internal transcribed spacer 2, complete sequence; and 28S ribosomal RNA gene, partial sequence
cc_rrna_kmer_000807|28S	KP666149.1	33632	N/A	100.000	31	0	0	1	31	906	876	Babesia gibsoni isolate WH91 18S ribosomal RNA gene, partial sequence; internal transcribed spacer 1, 5.8S ribosomal RNA gene, and internal transcribed spacer 2, complete sequence; and 28S ribosomal RNA gene, partial sequence
cc_rrna_kmer_000807|28S	MN928851.1	33632	N/A	100.000	31	0	0	1	31	906	876	Babesia gibsoni isolate HZBg9 18S ribosomal RNA gene, partial sequence; internal transcribed spacer 1, 5.8S ribosomal RNA gene, and internal transcribed spacer 2, complete sequence; and 28S ribosomal RNA gene, partial sequence
cc_rrna_kmer_000807|28S	MN928847.1	33632	N/A	100.000	31	0	0	1	31	906	876	Babesia gibsoni isolate HZBg4 18S ribosomal RNA gene, partial sequence; internal transcribed spacer 1, 5.8S ribosomal RNA gene, and internal transcribed spacer 2, complete sequence; and 28S ribosomal RNA gene, partial sequence
cc_rrna_kmer_000807|28S	KP666151.1	33632	N/A	100.000	31	0	0	1	31	906	876	Babesia gibsoni isolate WH110 18S ribosomal RNA gene, partial sequence; internal transcribed spacer 1, 5.8S ribosomal RNA gene, and internal transcribed spacer 2, complete sequence; and 28S ribosomal RNA gene, partial sequence
cc_rrna_kmer_000807|28S	KP666143.1	33632	N/A	100.000	31	0	0	1	31	906	876	Babesia gibsoni isolate WH56 18S ribosomal RNA gene, partial sequence; internal transcribed spacer 1, 5.8S ribosomal RNA gene, and internal transcribed spacer 2, complete sequence; and 28S ribosomal RNA gene, partial sequence
cc_rrna_kmer_000807|28S	MN928850.1	33632	N/A	100.000	31	0	0	1	31	906	876	Babesia gibsoni isolate XABg35 18S ribosomal RNA gene, partial sequence; internal transcribed spacer 1, 5.8S ribosomal RNA gene, and internal transcribed spacer 2, complete sequence; and 28S ribosomal RNA gene, partial sequence
cc_rrna_kmer_000807|28S	AY283865.1	241650	N/A	100.000	31	0	0	1	31	41	11	Atoxoplasma sp. MS-2003 large subunit ribosomal RNA gene, partial sequence
cc_rrna_kmer_000807|28S	KP666144.1	33632	N/A	100.000	31	0	0	1	31	906	876	Babesia gibsoni isolate WH58 18S ribosomal RNA gene, partial sequence; internal transcribed spacer 1, 5.8S ribosomal RNA gene, and internal transcribed spacer 2, complete sequence; and 28S ribosomal RNA gene, partial sequence
cc_rrna_kmer_000807|28S	MN928842.1	33632	N/A	100.000	31	0	0	1	31	906	876	Babesia gibsoni isolate HZBg21 18S ribosomal RNA gene, partial sequence; internal transcribed spacer 1, 5.8S ribosomal RNA gene, and internal transcribed spacer 2, complete sequence; and 28S ribosomal RNA gene, partial sequence
cc_rrna_kmer_000807|28S	MN928837.1	33632	N/A	100.000	31	0	0	1	31	906	876	Babesia gibsoni isolate XABg14 18S ribosomal RNA gene, partial sequence; internal transcribed spacer 1, 5.8S ribosomal RNA gene, and internal transcribed spacer 2, complete sequence; and 28S ribosomal RNA gene, partial sequence
cc_rrna_kmer_000807|28S	MN928846.1	33632	N/A	100.000	31	0	0	1	31	906	876	Babesia gibsoni isolate HZBg42 18S ribosomal RNA gene, partial sequence; internal transcribed spacer 1, 5.8S ribosomal RNA gene, and internal transcribed spacer 2, complete sequence; and 28S ribosomal RNA gene, partial sequence
cc_rrna_kmer_000807|28S	KP666142.1	33632	N/A	100.000	31	0	0	1	31	909	879	Babesia gibsoni isolate WH54 18S ribosomal RNA gene, partial sequence; internal transcribed spacer 1, 5.8S ribosomal RNA gene, and internal transcribed spacer 2, complete sequence; and 28S ribosomal RNA gene, partial sequence
cc_rrna_kmer_000807|28S	MN928841.1	33632	N/A	100.000	31	0	0	1	31	906	876	Babesia gibsoni isolate HZBg20 18S ribosomal RNA gene, partial sequence; internal transcribed spacer 1, 5.8S ribosomal RNA gene, and internal transcribed spacer 2, complete sequence; and 28S ribosomal RNA gene, partial sequence
cc_rrna_kmer_000807|28S	KP666153.1	33632	N/A	100.000	31	0	0	1	31	906	876	Babesia gibsoni isolate WH121 18S ribosomal RNA gene, partial sequence; internal transcribed spacer 1, 5.8S ribosomal RNA gene, and internal transcribed spacer 2, complete sequence; and 28S ribosomal RNA gene, partial sequence
cc_rrna_kmer_000807|28S	MN928840.1	33632	N/A	100.000	31	0	0	1	31	906	876	Babesia gibsoni isolate XABg57 18S ribosomal RNA gene, partial sequence; internal transcribed spacer 1, 5.8S ribosomal RNA gene, and internal transcribed spacer 2, complete sequence; and 28S ribosomal RNA gene, partial sequence
cc_rrna_kmer_000807|28S	KP666141.1	33632	N/A	100.000	31	0	0	1	31	906	876	Babesia gibsoni isolate WH35 18S ribosomal RNA gene, partial sequence; internal transcribed spacer 1, 5.8S ribosomal RNA gene, and internal transcribed spacer 2, complete sequence; and 28S ribosomal RNA gene, partial sequence
cc_rrna_kmer_000807|28S	OK091619.1	33632	N/A	100.000	31	0	0	1	31	902	872	Babesia gibsoni voucher AQBg03 small subunit ribosomal RNA gene, partial sequence; internal transcribed spacer 1, 5.8S ribosomal RNA gene, and internal transcribed spacer 2, complete sequence; and large subunit ribosomal RNA gene, partial sequence
cc_rrna_kmer_000807|28S	MN928849.1	33632	N/A	100.000	31	0	0	1	31	906	876	Babesia gibsoni isolate XABg43 18S ribosomal RNA gene, partial sequence; internal transcribed spacer 1, 5.8S ribosomal RNA gene, and internal transcribed spacer 2, complete sequence; and 28S ribosomal RNA gene, partial sequence
cc_rrna_kmer_000807|28S	EU252544.1	88456	N/A	100.000	31	0	0	1	31	121	91	Cyclospora cayetanensis 28S large subunit ribosomal RNA gene, partial sequence
cc_rrna_kmer_000807|28S	OK091617.1	33632	N/A	100.000	31	0	0	1	31	902	872	Babesia gibsoni voucher HFBg02 small subunit ribosomal RNA gene, partial sequence; internal transcribed spacer 1, 5.8S ribosomal RNA gene, and internal transcribed spacer 2, complete sequence; and large subunit ribosomal RNA gene, partial sequence
cc_rrna_kmer_000807|28S	MN928839.1	33632	N/A	100.000	31	0	0	1	31	906	876	Babesia gibsoni isolate HZBg27 18S ribosomal RNA gene, partial sequence; internal transcribed spacer 1, 5.8S ribosomal RNA gene, and internal transcribed spacer 2, complete sequence; and 28S ribosomal RNA gene, partial sequence
cc_rrna_kmer_000807|28S	MN928835.1	33632	N/A	100.000	31	0	0	1	31	906	876	Babesia gibsoni isolate HZBg11 18S ribosomal RNA gene, partial sequence; internal transcribed spacer 1, 5.8S ribosomal RNA gene, and internal transcribed spacer 2, complete sequence; and 28S ribosomal RNA gene, partial sequence
cc_rrna_kmer_000807|28S	AY331570.1	241650	N/A	100.000	31	0	0	1	31	573	543	Atoxoplasma sp. MS-2003 from Javan ruby-throated bulbul small subunit ribosomal RNA gene, partial sequence; internal transcribed spacer 1, 5.8S ribosomal RNA gene, and internal transcribed spacer 2, complete sequence; and large subunit ribosomal RNA gene, partial sequence
cc_rrna_kmer_000808|28S	EU252544.1	88456	N/A	100.000	31	0	0	1	31	194	164	Cyclospora cayetanensis 28S large subunit ribosomal RNA gene, partial sequence
cc_rrna_kmer_000809|28S	XR_003297360.1	88456	N/A	100.000	31	0	0	1	31	967	997	PREDICTED: Cyclospora cayetanensis large subunit ribosomal RNA (LOC113146729), rRNA
cc_rrna_kmer_000810|28S	XR_003297360.1	88456	N/A	100.000	31	0	0	1	31	1056	1026	PREDICTED: Cyclospora cayetanensis large subunit ribosomal RNA (LOC113146729), rRNA
cc_rrna_kmer_000810|28S	EU252544.1	88456	N/A	100.000	31	0	0	1	31	1801	1771	Cyclospora cayetanensis 28S large subunit ribosomal RNA gene, partial sequence
cc_rrna_kmer_000811|28S	XR_003297360.1	88456	N/A	100.000	31	0	0	1	31	1945	1915	PREDICTED: Cyclospora cayetanensis large subunit ribosomal RNA (LOC113146729), rRNA
cc_rrna_kmer_000814|28S	XR_003297360.1	88456	N/A	100.000	31	0	0	1	31	1414	1384	PREDICTED: Cyclospora cayetanensis large subunit ribosomal RNA (LOC113146729), rRNA
cc_rrna_kmer_000815|28S	AB769720.1	310757	N/A	100.000	31	0	0	1	31	902	932	Eimeria auburnensis genes for 5.8S rRNA, internal transcribed spacer 2 and 28S rRNA, partial and complete sequence, isolate: 4-2, clone: 5
cc_rrna_kmer_000815|28S	EU252544.1	88456	N/A	100.000	31	0	0	1	31	171	201	Cyclospora cayetanensis 28S large subunit ribosomal RNA gene, partial sequence
cc_rrna_kmer_000816|28S	EU252544.1	88456	N/A	100.000	31	0	0	1	31	174	144	Cyclospora cayetanensis 28S large subunit ribosomal RNA gene, partial sequence
cc_rrna_kmer_000817|28S	EU252544.1	88456	N/A	100.000	31	0	0	1	31	729	759	Cyclospora cayetanensis 28S large subunit ribosomal RNA gene, partial sequence
cc_rrna_kmer_000818|28S	AB769669.1	99176	N/A	100.000	31	0	0	1	31	1435	1405	Eimeria alabamensis genes for 18S rRNA, internal transcribed spacer 1, 5.8S rRNA, internal transcribed spacer 2 and 28S rRNA, partial and complete sequence, isolate: 1-3, clone: 4
cc_rrna_kmer_000818|28S	AB769683.1	99176	N/A	100.000	31	0	0	1	31	1148	1118	Eimeria alabamensis genes for 18S rRNA, internal transcribed spacer 1, 5.8S rRNA, internal transcribed spacer 2 and 28S rRNA, partial and complete sequence, isolate: 1-7, clone: 2
cc_rrna_kmer_000818|28S	AB769693.1	99176	N/A	100.000	31	0	0	1	31	1150	1120	Eimeria alabamensis genes for 18S rRNA, internal transcribed spacer 1, 5.8S rRNA, internal transcribed spacer 2 and 28S rRNA, partial and complete sequence, isolate: 1-9, clone: 2
cc_rrna_kmer_000818|28S	AB769701.1	99176	N/A	100.000	31	0	0	1	31	1546	1516	Eimeria alabamensis genes for 18S rRNA, internal transcribed spacer 1, 5.8S rRNA, internal transcribed spacer 2 and 28S rRNA, partial and complete sequence, isolate: 1-10, clone: 5
cc_rrna_kmer_000818|28S	AB769681.1	99176	N/A	100.000	31	0	0	1	31	1564	1534	Eimeria alabamensis genes for 18S rRNA, internal transcribed spacer 1, 5.8S rRNA, internal transcribed spacer 2 and 28S rRNA, partial and complete sequence, isolate: 1-6, clone: 5
cc_rrna_kmer_000818|28S	AB769666.1	99176	N/A	100.000	31	0	0	1	31	1454	1424	Eimeria alabamensis genes for 18S rRNA, internal transcribed spacer 1, 5.8S rRNA, internal transcribed spacer 2 and 28S rRNA, partial and complete sequence, isolate: 1-3, clone: 1
cc_rrna_kmer_000818|28S	AB769548.1	99176	N/A	100.000	31	0	0	1	31	2754	2724	Eimeria alabamensis genes for 18S rRNA, internal transcribed spacer 1, 5.8S rRNA, internal transcribed spacer 2 and 28S rRNA, partial and complete sequence, isolate: 1-2
cc_rrna_kmer_000818|28S	AB769698.1	99176	N/A	100.000	31	0	0	1	31	1484	1454	Eimeria alabamensis genes for 18S rRNA, internal transcribed spacer 1, 5.8S rRNA, internal transcribed spacer 2 and 28S rRNA, partial and complete sequence, isolate: 1-10, clone: 2
cc_rrna_kmer_000818|28S	AB769678.1	99176	N/A	100.000	31	0	0	1	31	1465	1435	Eimeria alabamensis genes for 18S rRNA, internal transcribed spacer 1, 5.8S rRNA, internal transcribed spacer 2 and 28S rRNA, partial and complete sequence, isolate: 1-6, clone: 2
cc_rrna_kmer_000818|28S	AY283864.1	241650	N/A	100.000	31	0	0	1	31	77	47	Atoxoplasma sp. MS-2003 large subunit ribosomal RNA gene, partial sequence
cc_rrna_kmer_000818|28S	AB769699.1	99176	N/A	100.000	31	0	0	1	31	1423	1393	Eimeria alabamensis genes for 18S rRNA, internal transcribed spacer 1, 5.8S rRNA, internal transcribed spacer 2 and 28S rRNA, partial and complete sequence, isolate: 1-10, clone: 3
cc_rrna_kmer_000818|28S	AB769667.1	99176	N/A	100.000	31	0	0	1	31	1435	1405	Eimeria alabamensis genes for 18S rRNA, internal transcribed spacer 1, 5.8S rRNA, internal transcribed spacer 2 and 28S rRNA, partial and complete sequence, isolate: 1-3, clone: 2
cc_rrna_kmer_000818|28S	AY283859.1	241650	N/A	100.000	31	0	0	1	31	75	45	Atoxoplasma sp. MS-2003 large subunit ribosomal RNA gene, partial sequence
cc_rrna_kmer_000818|28S	AB769689.1	99176	N/A	100.000	31	0	0	1	31	1450	1420	Eimeria alabamensis genes for 18S rRNA, internal transcribed spacer 1, 5.8S rRNA, internal transcribed spacer 2 and 28S rRNA, partial and complete sequence, isolate: 1-8, clone: 3
cc_rrna_kmer_000818|28S	AB769547.1	99176	N/A	100.000	31	0	0	1	31	2754	2724	Eimeria alabamensis genes for 18S rRNA, internal transcribed spacer 1, 5.8S rRNA, internal transcribed spacer 2 and 28S rRNA, partial and complete sequence, isolate: 1-1
cc_rrna_kmer_000818|28S	AB769550.1	99176	N/A	100.000	31	0	0	1	31	2755	2725	Eimeria alabamensis genes for 18S rRNA, internal transcribed spacer 1, 5.8S rRNA, internal transcribed spacer 2 and 28S rRNA, partial and complete sequence, isolate: 1-4
cc_rrna_kmer_000818|28S	AB769696.1	99176	N/A	100.000	31	0	0	1	31	1448	1418	Eimeria alabamensis genes for 18S rRNA, internal transcribed spacer 1, 5.8S rRNA, internal transcribed spacer 2 and 28S rRNA, partial and complete sequence, isolate: 1-9, clone: 5
cc_rrna_kmer_000818|28S	AB769671.1	99176	N/A	100.000	31	0	0	1	31	1453	1423	Eimeria alabamensis genes for 18S rRNA, internal transcribed spacer 1, 5.8S rRNA, internal transcribed spacer 2 and 28S rRNA, partial and complete sequence, isolate: 1-3, clone: 6
cc_rrna_kmer_000818|28S	AB769690.1	99176	N/A	100.000	31	0	0	1	31	1437	1407	Eimeria alabamensis genes for 18S rRNA, internal transcribed spacer 1, 5.8S rRNA, internal transcribed spacer 2 and 28S rRNA, partial and complete sequence, isolate: 1-8, clone: 4
cc_rrna_kmer_000818|28S	AB769695.1	99176	N/A	100.000	31	0	0	1	31	1416	1386	Eimeria alabamensis genes for 18S rRNA, internal transcribed spacer 1, 5.8S rRNA, internal transcribed spacer 2 and 28S rRNA, partial and complete sequence, isolate: 1-9, clone: 4
cc_rrna_kmer_000818|28S	AB769684.1	99176	N/A	100.000	31	0	0	1	31	1148	1118	Eimeria alabamensis genes for 18S rRNA, internal transcribed spacer 1, 5.8S rRNA, internal transcribed spacer 2 and 28S rRNA, partial and complete sequence, isolate: 1-7, clone: 3
cc_rrna_kmer_000818|28S	AB769685.1	99176	N/A	100.000	31	0	0	1	31	1148	1118	Eimeria alabamensis genes for 18S rRNA, internal transcribed spacer 1, 5.8S rRNA, internal transcribed spacer 2 and 28S rRNA, partial and complete sequence, isolate: 1-7, clone: 4
cc_rrna_kmer_000818|28S	AB769688.1	99176	N/A	100.000	31	0	0	1	31	1448	1418	Eimeria alabamensis genes for 18S rRNA, internal transcribed spacer 1, 5.8S rRNA, internal transcribed spacer 2 and 28S rRNA, partial and complete sequence, isolate: 1-8, clone: 2
cc_rrna_kmer_000818|28S	AB769687.1	99176	N/A	100.000	31	0	0	1	31	1458	1428	Eimeria alabamensis genes for 18S rRNA, internal transcribed spacer 1, 5.8S rRNA, internal transcribed spacer 2 and 28S rRNA, partial and complete sequence, isolate: 1-8, clone: 1
cc_rrna_kmer_000818|28S	AB769679.1	99176	N/A	100.000	31	0	0	1	31	1430	1400	Eimeria alabamensis genes for 18S rRNA, internal transcribed spacer 1, 5.8S rRNA, internal transcribed spacer 2 and 28S rRNA, partial and complete sequence, isolate: 1-6, clone: 3
cc_rrna_kmer_000818|28S	AB769676.1	99176	N/A	100.000	31	0	0	1	31	1155	1125	Eimeria alabamensis genes for 18S rRNA, internal transcribed spacer 1, 5.8S rRNA, internal transcribed spacer 2 and 28S rRNA, partial and complete sequence, isolate: 1-5, clone: 5
cc_rrna_kmer_000818|28S	AB769672.1	99176	N/A	100.000	31	0	0	1	31	1154	1124	Eimeria alabamensis genes for 18S rRNA, internal transcribed spacer 1, 5.8S rRNA, internal transcribed spacer 2 and 28S rRNA, partial and complete sequence, isolate: 1-5, clone: 1
cc_rrna_kmer_000818|28S	AY283860.1	241650	N/A	100.000	31	0	0	1	31	75	45	Atoxoplasma sp. MS-2003 large subunit ribosomal RNA gene, partial sequence
cc_rrna_kmer_000818|28S	AB769668.1	99176	N/A	100.000	31	0	0	1	31	1486	1456	Eimeria alabamensis genes for 18S rRNA, internal transcribed spacer 1, 5.8S rRNA, internal transcribed spacer 2 and 28S rRNA, partial and complete sequence, isolate: 1-3, clone: 3
cc_rrna_kmer_000818|28S	AB769692.1	99176	N/A	100.000	31	0	0	1	31	1150	1120	Eimeria alabamensis genes for 18S rRNA, internal transcribed spacer 1, 5.8S rRNA, internal transcribed spacer 2 and 28S rRNA, partial and complete sequence, isolate: 1-9, clone: 1
cc_rrna_kmer_000818|28S	AY283854.1	241650	N/A	100.000	31	0	0	1	31	75	45	Atoxoplasma sp. MS-2003 large subunit ribosomal RNA gene, partial sequence
cc_rrna_kmer_000818|28S	AY283855.1	241650	N/A	100.000	31	0	0	1	31	75	45	Atoxoplasma sp. MS-2003 large subunit ribosomal RNA gene, partial sequence
cc_rrna_kmer_000818|28S	AB769674.1	99176	N/A	100.000	31	0	0	1	31	1161	1131	Eimeria alabamensis genes for 18S rRNA, internal transcribed spacer 1, 5.8S rRNA, internal transcribed spacer 2 and 28S rRNA, partial and complete sequence, isolate: 1-5, clone: 3
cc_rrna_kmer_000818|28S	AB769673.1	99176	N/A	100.000	31	0	0	1	31	1154	1124	Eimeria alabamensis genes for 18S rRNA, internal transcribed spacer 1, 5.8S rRNA, internal transcribed spacer 2 and 28S rRNA, partial and complete sequence, isolate: 1-5, clone: 2
cc_rrna_kmer_000818|28S	AB769694.1	99176	N/A	100.000	31	0	0	1	31	1431	1401	Eimeria alabamensis genes for 18S rRNA, internal transcribed spacer 1, 5.8S rRNA, internal transcribed spacer 2 and 28S rRNA, partial and complete sequence, isolate: 1-9, clone: 3
cc_rrna_kmer_000818|28S	AB769670.1	99176	N/A	100.000	31	0	0	1	31	1466	1436	Eimeria alabamensis genes for 18S rRNA, internal transcribed spacer 1, 5.8S rRNA, internal transcribed spacer 2 and 28S rRNA, partial and complete sequence, isolate: 1-3, clone: 5
cc_rrna_kmer_000818|28S	AB769697.1	99176	N/A	100.000	31	0	0	1	31	1459	1429	Eimeria alabamensis genes for 18S rRNA, internal transcribed spacer 1, 5.8S rRNA, internal transcribed spacer 2 and 28S rRNA, partial and complete sequence, isolate: 1-10, clone: 1
cc_rrna_kmer_000818|28S	EU252544.1	88456	N/A	100.000	31	0	0	1	31	155	125	Cyclospora cayetanensis 28S large subunit ribosomal RNA gene, partial sequence
cc_rrna_kmer_000818|28S	AB769700.1	99176	N/A	100.000	31	0	0	1	31	1448	1418	Eimeria alabamensis genes for 18S rRNA, internal transcribed spacer 1, 5.8S rRNA, internal transcribed spacer 2 and 28S rRNA, partial and complete sequence, isolate: 1-10, clone: 4
cc_rrna_kmer_000818|28S	AB769675.1	99176	N/A	100.000	31	0	0	1	31	1155	1125	Eimeria alabamensis genes for 18S rRNA, internal transcribed spacer 1, 5.8S rRNA, internal transcribed spacer 2 and 28S rRNA, partial and complete sequence, isolate: 1-5, clone: 4
cc_rrna_kmer_000818|28S	AB769677.1	99176	N/A	100.000	31	0	0	1	31	1438	1408	Eimeria alabamensis genes for 18S rRNA, internal transcribed spacer 1, 5.8S rRNA, internal transcribed spacer 2 and 28S rRNA, partial and complete sequence, isolate: 1-6, clone: 1
cc_rrna_kmer_000819|28S	EU252544.1	88456	N/A	100.000	31	0	0	1	31	696	666	Cyclospora cayetanensis 28S large subunit ribosomal RNA gene, partial sequence
cc_rrna_kmer_000820|28S	XR_003297360.1	88456	N/A	100.000	31	0	0	1	31	978	948	PREDICTED: Cyclospora cayetanensis large subunit ribosomal RNA (LOC113146729), rRNA
cc_rrna_kmer_000820|28S	EU252544.1	88456	N/A	100.000	31	0	0	1	31	1723	1693	Cyclospora cayetanensis 28S large subunit ribosomal RNA gene, partial sequence
cc_rrna_kmer_000821|28S	XR_003297360.1	88456	N/A	100.000	31	0	0	1	31	1419	1389	PREDICTED: Cyclospora cayetanensis large subunit ribosomal RNA (LOC113146729), rRNA
cc_rrna_kmer_000825|28S	XR_003297360.1	88456	N/A	100.000	31	0	0	1	31	1442	1472	PREDICTED: Cyclospora cayetanensis large subunit ribosomal RNA (LOC113146729), rRNA
cc_rrna_kmer_000826|28S	EU252544.1	88456	N/A	100.000	31	0	0	1	31	732	702	Cyclospora cayetanensis 28S large subunit ribosomal RNA gene, partial sequence
cc_rrna_kmer_000827|28S	EU252544.1	88456	N/A	100.000	31	0	0	1	31	152	182	Cyclospora cayetanensis 28S large subunit ribosomal RNA gene, partial sequence
cc_rrna_kmer_000828|28S	XR_003297360.1	88456	N/A	100.000	31	0	0	1	31	1411	1441	PREDICTED: Cyclospora cayetanensis large subunit ribosomal RNA (LOC113146729), rRNA
cc_rrna_kmer_000829|28S	XR_003297360.1	88456	N/A	100.000	31	0	0	1	31	1445	1415	PREDICTED: Cyclospora cayetanensis large subunit ribosomal RNA (LOC113146729), rRNA
cc_rrna_kmer_000830|28S	EU252544.1	88456	N/A	100.000	31	0	0	1	31	693	723	Cyclospora cayetanensis 28S large subunit ribosomal RNA gene, partial sequence
cc_rrna_kmer_000831|28S	EU252544.1	88456	N/A	100.000	31	0	0	1	31	193	223	Cyclospora cayetanensis 28S large subunit ribosomal RNA gene, partial sequence
cc_rrna_kmer_000834|28S	XR_003297360.1	88456	N/A	100.000	31	0	0	1	31	2541	2571	PREDICTED: Cyclospora cayetanensis large subunit ribosomal RNA (LOC113146729), rRNA
cc_rrna_kmer_000835|28S	XR_003297360.1	88456	N/A	100.000	31	0	0	1	31	1178	1208	PREDICTED: Cyclospora cayetanensis large subunit ribosomal RNA (LOC113146729), rRNA
cc_rrna_kmer_000836|28S	EU252544.1	88456	N/A	100.000	31	0	0	1	31	724	754	Cyclospora cayetanensis 28S large subunit ribosomal RNA gene, partial sequence
cc_rrna_kmer_000837|28S	XR_003297360.1	88456	N/A	100.000	31	0	0	1	31	1450	1420	PREDICTED: Cyclospora cayetanensis large subunit ribosomal RNA (LOC113146729), rRNA
cc_rrna_kmer_000838|28S	XR_003297360.1	88456	N/A	100.000	31	0	0	1	31	692	722	PREDICTED: Cyclospora cayetanensis large subunit ribosomal RNA (LOC113146729), rRNA
cc_rrna_kmer_000838|28S	EU252544.1	88456	N/A	100.000	31	0	0	1	31	1437	1467	Cyclospora cayetanensis 28S large subunit ribosomal RNA gene, partial sequence
cc_rrna_kmer_000839|28S	XR_003297360.1	88456	N/A	100.000	31	0	0	1	31	1453	1483	PREDICTED: Cyclospora cayetanensis large subunit ribosomal RNA (LOC113146729), rRNA
cc_rrna_kmer_000840|28S	MN928848.1	33632	N/A	100.000	31	0	0	1	31	915	885	Babesia gibsoni isolate XABg8 18S ribosomal RNA gene, partial sequence; internal transcribed spacer 1, 5.8S ribosomal RNA gene, and internal transcribed spacer 2, complete sequence; and 28S ribosomal RNA gene, partial sequence
cc_rrna_kmer_000840|28S	KP666154.1	33632	N/A	100.000	31	0	0	1	31	916	886	Babesia gibsoni isolate WH123 18S ribosomal RNA gene, partial sequence; internal transcribed spacer 1, 5.8S ribosomal RNA gene, and internal transcribed spacer 2, complete sequence; and 28S ribosomal RNA gene, partial sequence
cc_rrna_kmer_000840|28S	PQ742171.1	3384731	N/A	100.000	31	0	0	1	31	2956	2926	Goussia degiustii isolate EE9_EE10_II1 external transcribed spacer, partial sequence; small subunit ribosomal RNA gene, internal transcribed spacer 1, 5.8S ribosomal RNA gene, internal transcribed spacer 2, and large subunit ribosomal RNA gene, complete sequence; and external transcribed spacer, partial sequence
cc_rrna_kmer_000840|28S	AY331567.1	241650	N/A	100.000	31	0	0	1	31	948	918	Atoxoplasma sp. MS-2003 from Finchbill small subunit ribosomal RNA gene, partial sequence; internal transcribed spacer 1, 5.8S ribosomal RNA gene, and internal transcribed spacer 2, complete sequence; and large subunit ribosomal RNA gene, partial sequence
cc_rrna_kmer_000840|28S	KP666147.1	33632	N/A	100.000	31	0	0	1	31	915	885	Babesia gibsoni isolate WH82 18S ribosomal RNA gene, partial sequence; internal transcribed spacer 1, 5.8S ribosomal RNA gene, and internal transcribed spacer 2, complete sequence; and 28S ribosomal RNA gene, partial sequence
cc_rrna_kmer_000840|28S	KP666145.1	33632	N/A	100.000	31	0	0	1	31	915	885	Babesia gibsoni isolate WH61 18S ribosomal RNA gene, partial sequence; internal transcribed spacer 1, 5.8S ribosomal RNA gene, and internal transcribed spacer 2, complete sequence; and 28S ribosomal RNA gene, partial sequence
cc_rrna_kmer_000840|28S	MN928845.1	33632	N/A	100.000	31	0	0	1	31	915	885	Babesia gibsoni isolate HZBg40 18S ribosomal RNA gene, partial sequence; internal transcribed spacer 1, 5.8S ribosomal RNA gene, and internal transcribed spacer 2, complete sequence; and 28S ribosomal RNA gene, partial sequence
cc_rrna_kmer_000840|28S	MN928844.1	33632	N/A	100.000	31	0	0	1	31	915	885	Babesia gibsoni isolate XABg6 18S ribosomal RNA gene, partial sequence; internal transcribed spacer 1, 5.8S ribosomal RNA gene, and internal transcribed spacer 2, complete sequence; and 28S ribosomal RNA gene, partial sequence
cc_rrna_kmer_000840|28S	OK091618.1	33632	N/A	100.000	31	0	0	1	31	911	881	Babesia gibsoni voucher HFBg03 small subunit ribosomal RNA gene, partial sequence; internal transcribed spacer 1, 5.8S ribosomal RNA gene, and internal transcribed spacer 2, complete sequence; and large subunit ribosomal RNA gene, partial sequence
cc_rrna_kmer_000840|28S	MN928843.1	33632	N/A	100.000	31	0	0	1	31	915	885	Babesia gibsoni isolate XABg76 18S ribosomal RNA gene, partial sequence; internal transcribed spacer 1, 5.8S ribosomal RNA gene, and internal transcribed spacer 2, complete sequence; and 28S ribosomal RNA gene, partial sequence
cc_rrna_kmer_000840|28S	AY283850.1	241650	N/A	100.000	31	0	0	1	31	50	20	Atoxoplasma sp. MS-2003 large subunit ribosomal RNA gene, partial sequence
cc_rrna_kmer_000840|28S	OK091616.1	33632	N/A	100.000	31	0	0	1	31	911	881	Babesia gibsoni voucher HFBg01 small subunit ribosomal RNA gene, partial sequence; internal transcribed spacer 1, 5.8S ribosomal RNA gene, and internal transcribed spacer 2, complete sequence; and large subunit ribosomal RNA gene, partial sequence
cc_rrna_kmer_000840|28S	MN928836.1	33632	N/A	100.000	31	0	0	1	31	915	885	Babesia gibsoni isolate XABg5 18S ribosomal RNA gene, partial sequence; internal transcribed spacer 1, 5.8S ribosomal RNA gene, and internal transcribed spacer 2, complete sequence; and 28S ribosomal RNA gene, partial sequence
cc_rrna_kmer_000840|28S	KP666150.1	33632	N/A	100.000	31	0	0	1	31	915	885	Babesia gibsoni isolate WH114 18S ribosomal RNA gene, partial sequence; internal transcribed spacer 1, 5.8S ribosomal RNA gene, and internal transcribed spacer 2, complete sequence; and 28S ribosomal RNA gene, partial sequence
cc_rrna_kmer_000840|28S	MN928834.1	33632	N/A	100.000	31	0	0	1	31	915	885	Babesia gibsoni isolate XABg68 18S ribosomal RNA gene, partial sequence; internal transcribed spacer 1, 5.8S ribosomal RNA gene, and internal transcribed spacer 2, complete sequence; and 28S ribosomal RNA gene, partial sequence
cc_rrna_kmer_000840|28S	KP666146.1	33632	N/A	100.000	31	0	0	1	31	915	885	Babesia gibsoni isolate WH71 18S ribosomal RNA gene, partial sequence; internal transcribed spacer 1, 5.8S ribosomal RNA gene, and internal transcribed spacer 2, complete sequence; and 28S ribosomal RNA gene, partial sequence
cc_rrna_kmer_000840|28S	KP666152.1	33632	N/A	100.000	31	0	0	1	31	915	885	Babesia gibsoni isolate WH120 18S ribosomal RNA gene, partial sequence; internal transcribed spacer 1, 5.8S ribosomal RNA gene, and internal transcribed spacer 2, complete sequence; and 28S ribosomal RNA gene, partial sequence
cc_rrna_kmer_000840|28S	KP666149.1	33632	N/A	100.000	31	0	0	1	31	915	885	Babesia gibsoni isolate WH91 18S ribosomal RNA gene, partial sequence; internal transcribed spacer 1, 5.8S ribosomal RNA gene, and internal transcribed spacer 2, complete sequence; and 28S ribosomal RNA gene, partial sequence
cc_rrna_kmer_000840|28S	MN928851.1	33632	N/A	100.000	31	0	0	1	31	915	885	Babesia gibsoni isolate HZBg9 18S ribosomal RNA gene, partial sequence; internal transcribed spacer 1, 5.8S ribosomal RNA gene, and internal transcribed spacer 2, complete sequence; and 28S ribosomal RNA gene, partial sequence
cc_rrna_kmer_000840|28S	MN928847.1	33632	N/A	100.000	31	0	0	1	31	915	885	Babesia gibsoni isolate HZBg4 18S ribosomal RNA gene, partial sequence; internal transcribed spacer 1, 5.8S ribosomal RNA gene, and internal transcribed spacer 2, complete sequence; and 28S ribosomal RNA gene, partial sequence
cc_rrna_kmer_000840|28S	KP666151.1	33632	N/A	100.000	31	0	0	1	31	915	885	Babesia gibsoni isolate WH110 18S ribosomal RNA gene, partial sequence; internal transcribed spacer 1, 5.8S ribosomal RNA gene, and internal transcribed spacer 2, complete sequence; and 28S ribosomal RNA gene, partial sequence
cc_rrna_kmer_000840|28S	KP666143.1	33632	N/A	100.000	31	0	0	1	31	915	885	Babesia gibsoni isolate WH56 18S ribosomal RNA gene, partial sequence; internal transcribed spacer 1, 5.8S ribosomal RNA gene, and internal transcribed spacer 2, complete sequence; and 28S ribosomal RNA gene, partial sequence
cc_rrna_kmer_000840|28S	MN928850.1	33632	N/A	100.000	31	0	0	1	31	915	885	Babesia gibsoni isolate XABg35 18S ribosomal RNA gene, partial sequence; internal transcribed spacer 1, 5.8S ribosomal RNA gene, and internal transcribed spacer 2, complete sequence; and 28S ribosomal RNA gene, partial sequence
cc_rrna_kmer_000840|28S	AY283865.1	241650	N/A	100.000	31	0	0	1	31	50	20	Atoxoplasma sp. MS-2003 large subunit ribosomal RNA gene, partial sequence
cc_rrna_kmer_000840|28S	KP666144.1	33632	N/A	100.000	31	0	0	1	31	915	885	Babesia gibsoni isolate WH58 18S ribosomal RNA gene, partial sequence; internal transcribed spacer 1, 5.8S ribosomal RNA gene, and internal transcribed spacer 2, complete sequence; and 28S ribosomal RNA gene, partial sequence
cc_rrna_kmer_000840|28S	MN928842.1	33632	N/A	100.000	31	0	0	1	31	915	885	Babesia gibsoni isolate HZBg21 18S ribosomal RNA gene, partial sequence; internal transcribed spacer 1, 5.8S ribosomal RNA gene, and internal transcribed spacer 2, complete sequence; and 28S ribosomal RNA gene, partial sequence
cc_rrna_kmer_000840|28S	MN928837.1	33632	N/A	100.000	31	0	0	1	31	915	885	Babesia gibsoni isolate XABg14 18S ribosomal RNA gene, partial sequence; internal transcribed spacer 1, 5.8S ribosomal RNA gene, and internal transcribed spacer 2, complete sequence; and 28S ribosomal RNA gene, partial sequence
cc_rrna_kmer_000840|28S	MN928846.1	33632	N/A	100.000	31	0	0	1	31	915	885	Babesia gibsoni isolate HZBg42 18S ribosomal RNA gene, partial sequence; internal transcribed spacer 1, 5.8S ribosomal RNA gene, and internal transcribed spacer 2, complete sequence; and 28S ribosomal RNA gene, partial sequence
cc_rrna_kmer_000840|28S	KP666142.1	33632	N/A	100.000	31	0	0	1	31	918	888	Babesia gibsoni isolate WH54 18S ribosomal RNA gene, partial sequence; internal transcribed spacer 1, 5.8S ribosomal RNA gene, and internal transcribed spacer 2, complete sequence; and 28S ribosomal RNA gene, partial sequence
cc_rrna_kmer_000840|28S	MN928841.1	33632	N/A	100.000	31	0	0	1	31	915	885	Babesia gibsoni isolate HZBg20 18S ribosomal RNA gene, partial sequence; internal transcribed spacer 1, 5.8S ribosomal RNA gene, and internal transcribed spacer 2, complete sequence; and 28S ribosomal RNA gene, partial sequence
cc_rrna_kmer_000840|28S	KP666153.1	33632	N/A	100.000	31	0	0	1	31	915	885	Babesia gibsoni isolate WH121 18S ribosomal RNA gene, partial sequence; internal transcribed spacer 1, 5.8S ribosomal RNA gene, and internal transcribed spacer 2, complete sequence; and 28S ribosomal RNA gene, partial sequence
cc_rrna_kmer_000840|28S	MN928840.1	33632	N/A	100.000	31	0	0	1	31	915	885	Babesia gibsoni isolate XABg57 18S ribosomal RNA gene, partial sequence; internal transcribed spacer 1, 5.8S ribosomal RNA gene, and internal transcribed spacer 2, complete sequence; and 28S ribosomal RNA gene, partial sequence
cc_rrna_kmer_000840|28S	KP666141.1	33632	N/A	100.000	31	0	0	1	31	915	885	Babesia gibsoni isolate WH35 18S ribosomal RNA gene, partial sequence; internal transcribed spacer 1, 5.8S ribosomal RNA gene, and internal transcribed spacer 2, complete sequence; and 28S ribosomal RNA gene, partial sequence
cc_rrna_kmer_000840|28S	OK091619.1	33632	N/A	100.000	31	0	0	1	31	911	881	Babesia gibsoni voucher AQBg03 small subunit ribosomal RNA gene, partial sequence; internal transcribed spacer 1, 5.8S ribosomal RNA gene, and internal transcribed spacer 2, complete sequence; and large subunit ribosomal RNA gene, partial sequence
cc_rrna_kmer_000840|28S	MN928849.1	33632	N/A	100.000	31	0	0	1	31	915	885	Babesia gibsoni isolate XABg43 18S ribosomal RNA gene, partial sequence; internal transcribed spacer 1, 5.8S ribosomal RNA gene, and internal transcribed spacer 2, complete sequence; and 28S ribosomal RNA gene, partial sequence
cc_rrna_kmer_000840|28S	EU252544.1	88456	N/A	100.000	31	0	0	1	31	130	100	Cyclospora cayetanensis 28S large subunit ribosomal RNA gene, partial sequence
cc_rrna_kmer_000840|28S	OK091617.1	33632	N/A	100.000	31	0	0	1	31	911	881	Babesia gibsoni voucher HFBg02 small subunit ribosomal RNA gene, partial sequence; internal transcribed spacer 1, 5.8S ribosomal RNA gene, and internal transcribed spacer 2, complete sequence; and large subunit ribosomal RNA gene, partial sequence
cc_rrna_kmer_000840|28S	MN928839.1	33632	N/A	100.000	31	0	0	1	31	915	885	Babesia gibsoni isolate HZBg27 18S ribosomal RNA gene, partial sequence; internal transcribed spacer 1, 5.8S ribosomal RNA gene, and internal transcribed spacer 2, complete sequence; and 28S ribosomal RNA gene, partial sequence
cc_rrna_kmer_000840|28S	MN928835.1	33632	N/A	100.000	31	0	0	1	31	915	885	Babesia gibsoni isolate HZBg11 18S ribosomal RNA gene, partial sequence; internal transcribed spacer 1, 5.8S ribosomal RNA gene, and internal transcribed spacer 2, complete sequence; and 28S ribosomal RNA gene, partial sequence
cc_rrna_kmer_000840|28S	AY331570.1	241650	N/A	100.000	31	0	0	1	31	582	552	Atoxoplasma sp. MS-2003 from Javan ruby-throated bulbul small subunit ribosomal RNA gene, partial sequence; internal transcribed spacer 1, 5.8S ribosomal RNA gene, and internal transcribed spacer 2, complete sequence; and large subunit ribosomal RNA gene, partial sequence
cc_rrna_kmer_000841|28S	EU252544.1	88456	N/A	100.000	31	0	0	1	31	522	492	Cyclospora cayetanensis 28S large subunit ribosomal RNA gene, partial sequence
cc_rrna_kmer_000842|28S	EU252544.1	88456	N/A	100.000	31	0	0	1	31	598	568	Cyclospora cayetanensis 28S large subunit ribosomal RNA gene, partial sequence
cc_rrna_kmer_000843|28S	XR_003297360.1	88456	N/A	100.000	31	0	0	1	31	1424	1454	PREDICTED: Cyclospora cayetanensis large subunit ribosomal RNA (LOC113146729), rRNA
cc_rrna_kmer_000844|28S	EU252544.1	88456	N/A	100.000	31	0	0	1	31	630	660	Cyclospora cayetanensis 28S large subunit ribosomal RNA gene, partial sequence
cc_rrna_kmer_000845|28S	XR_003297360.1	88456	N/A	100.000	31	0	0	1	31	1174	1144	PREDICTED: Cyclospora cayetanensis large subunit ribosomal RNA (LOC113146729), rRNA
cc_rrna_kmer_000845|28S	EU252544.1	88456	N/A	100.000	31	0	0	1	31	1919	1889	Cyclospora cayetanensis 28S large subunit ribosomal RNA gene, partial sequence
cc_rrna_kmer_000846|28S	EU252544.1	88456	N/A	100.000	31	0	0	1	31	730	700	Cyclospora cayetanensis 28S large subunit ribosomal RNA gene, partial sequence
cc_rrna_kmer_000847|28S	PQ742171.1	3384731	N/A	100.000	31	0	0	1	31	2907	2937	Goussia degiustii isolate EE9_EE10_II1 external transcribed spacer, partial sequence; small subunit ribosomal RNA gene, internal transcribed spacer 1, 5.8S ribosomal RNA gene, internal transcribed spacer 2, and large subunit ribosomal RNA gene, complete sequence; and external transcribed spacer, partial sequence
cc_rrna_kmer_000847|28S	AY283865.1	241650	N/A	100.000	31	0	0	1	31	1	31	Atoxoplasma sp. MS-2003 large subunit ribosomal RNA gene, partial sequence
cc_rrna_kmer_000847|28S	LR993821.1	175245	N/A	100.000	31	0	0	1	31	482	512	uncultured fungus genomic DNA sequence contains 18S rRNA gene, ITS1, 5.8S rRNA gene, ITS2, 28S rRNA gene, isolate ASV_504
cc_rrna_kmer_000847|28S	AY283852.1	241650	N/A	100.000	31	0	0	1	31	1	31	Atoxoplasma sp. MS-2003 large subunit ribosomal RNA gene, partial sequence
cc_rrna_kmer_000847|28S	EU252544.1	88456	N/A	100.000	31	0	0	1	31	81	111	Cyclospora cayetanensis 28S large subunit ribosomal RNA gene, partial sequence
cc_rrna_kmer_000847|28S	AY331570.1	241650	N/A	100.000	31	0	0	1	31	533	563	Atoxoplasma sp. MS-2003 from Javan ruby-throated bulbul small subunit ribosomal RNA gene, partial sequence; internal transcribed spacer 1, 5.8S ribosomal RNA gene, and internal transcribed spacer 2, complete sequence; and large subunit ribosomal RNA gene, partial sequence
cc_rrna_kmer_000848|5S	XR_003297353.1	88456	N/A	100.000	31	0	0	1	31	95	65	PREDICTED: Cyclospora cayetanensis 5S ribosomal RNA (LOC113146603), rRNA
cc_rrna_kmer_000849|28S	EU252544.1	88456	N/A	100.000	31	0	0	1	31	154	184	Cyclospora cayetanensis 28S large subunit ribosomal RNA gene, partial sequence
cc_rrna_kmer_000850|18S	XR_003297358.1	88456	N/A	100.000	31	0	0	1	31	261	291	PREDICTED: Cyclospora cayetanensis small subunit ribosomal RNA (LOC113146722), rRNA
cc_rrna_kmer_000851|18S	XR_003297358.1	88456	N/A	100.000	31	0	0	1	31	283	253	PREDICTED: Cyclospora cayetanensis small subunit ribosomal RNA (LOC113146722), rRNA
cc_rrna_kmer_000852|28S	EU252544.1	88456	N/A	100.000	31	0	0	1	31	676	646	Cyclospora cayetanensis 28S large subunit ribosomal RNA gene, partial sequence
cc_rrna_kmer_000853|28S	EU252544.1	88456	N/A	100.000	31	0	0	1	31	586	616	Cyclospora cayetanensis 28S large subunit ribosomal RNA gene, partial sequence
cc_rrna_kmer_000854|28S	XR_003297360.1	88456	N/A	100.000	31	0	0	1	31	1433	1403	PREDICTED: Cyclospora cayetanensis large subunit ribosomal RNA (LOC113146729), rRNA
cc_rrna_kmer_000855|28S	EU252544.1	88456	N/A	100.000	31	0	0	1	31	165	195	Cyclospora cayetanensis 28S large subunit ribosomal RNA gene, partial sequence
cc_rrna_kmer_000856|28S	XR_003297360.1	88456	N/A	100.000	31	0	0	1	31	1233	1203	PREDICTED: Cyclospora cayetanensis large subunit ribosomal RNA (LOC113146729), rRNA
cc_rrna_kmer_000857|28S	XR_003297360.1	88456	N/A	100.000	31	0	0	1	31	1413	1443	PREDICTED: Cyclospora cayetanensis large subunit ribosomal RNA (LOC113146729), rRNA
cc_rrna_kmer_000858|28S	EU252544.1	88456	N/A	100.000	31	0	0	1	31	699	729	Cyclospora cayetanensis 28S large subunit ribosomal RNA gene, partial sequence
cc_rrna_kmer_000859|28S	XR_003297360.1	88456	N/A	100.000	31	0	0	1	31	968	938	PREDICTED: Cyclospora cayetanensis large subunit ribosomal RNA (LOC113146729), rRNA
cc_rrna_kmer_000859|28S	EU252544.1	88456	N/A	100.000	31	0	0	1	31	1713	1683	Cyclospora cayetanensis 28S large subunit ribosomal RNA gene, partial sequence
cc_rrna_kmer_000860|28S	EU252544.1	88456	N/A	100.000	31	0	0	1	31	725	695	Cyclospora cayetanensis 28S large subunit ribosomal RNA gene, partial sequence
cc_rrna_kmer_000861|28S	XR_003297360.1	88456	N/A	100.000	31	0	0	1	31	955	985	PREDICTED: Cyclospora cayetanensis large subunit ribosomal RNA (LOC113146729), rRNA
cc_rrna_kmer_000862|28S	XR_003297360.1	88456	N/A	100.000	31	0	0	1	31	1064	1094	PREDICTED: Cyclospora cayetanensis large subunit ribosomal RNA (LOC113146729), rRNA
cc_rrna_kmer_000862|28S	EU252544.1	88456	N/A	100.000	31	0	0	1	31	1809	1839	Cyclospora cayetanensis 28S large subunit ribosomal RNA gene, partial sequence
cc_rrna_kmer_000864|28S	XR_003297360.1	88456	N/A	100.000	31	0	0	1	31	1394	1424	PREDICTED: Cyclospora cayetanensis large subunit ribosomal RNA (LOC113146729), rRNA
cc_rrna_kmer_000865|28S	EU252544.1	88456	N/A	100.000	31	0	0	1	31	648	678	Cyclospora cayetanensis 28S large subunit ribosomal RNA gene, partial sequence
cc_rrna_kmer_000866|28S	AP038851.1	142759	N/A	100.000	31	0	0	1	31	5077828	5077798	Solanum cheesmaniae LA0166 DNA, chromosome 2, nearly complete sequence
cc_rrna_kmer_000866|28S	OZ288544.1	669661	N/A	100.000	31	0	0	1	31	126302	126272	Cochlearia groenlandica genome assembly, chromosome: 7
cc_rrna_kmer_000866|28S	XR_011771226.1	125765	N/A	100.000	31	0	0	1	31	1030	1060	PREDICTED: Rutidosis leptorrhynchoides 28S ribosomal RNA (LOC139880400), rRNA
cc_rrna_kmer_000866|28S	XR_003297360.1	88456	N/A	100.000	31	0	0	1	31	399	429	PREDICTED: Cyclospora cayetanensis large subunit ribosomal RNA (LOC113146729), rRNA
cc_rrna_kmer_000866|28S	EU252544.1	88456	N/A	100.000	31	0	0	1	31	1144	1174	Cyclospora cayetanensis 28S large subunit ribosomal RNA gene, partial sequence
cc_rrna_kmer_000867|28S	LN609899.1	459470	N/A	100.000	31	0	0	1	31	999	969	Uncultured Eimeria genomic DNA containing 18S rRNA gene, ITS1, 5.8S rRNA gene, ITS2 and 28S rRNA gene, isolate Ug20
cc_rrna_kmer_000867|28S	LN609801.1	459470	N/A	100.000	31	0	0	1	31	1000	970	Uncultured Eimeria genomic DNA containing 18S rRNA gene, ITS1, 5.8S rRNA gene, ITS2 and 28S rRNA gene, isolate Gh09
cc_rrna_kmer_000867|28S	AF301387.1	88456	N/A	100.000	31	0	0	1	31	1505	1475	Cyclospora cayetanensis small subunit ribosomal RNA gene, partial sequence; internal transcribed spacer 1, 5.8S ribosomal RNA gene and internal transcribed spacer 2, complete sequence; and large subunit ribosomal RNA gene, partial sequence
cc_rrna_kmer_000867|28S	LN609970.1	459470	N/A	100.000	31	0	0	1	31	977	947	Uncultured Eimeria genomic DNA containing 18S rRNA gene, ITS1, 5.8S rRNA gene, ITS2 and 28S rRNA gene, isolate Eg09
cc_rrna_kmer_000867|28S	LN609825.1	459470	N/A	100.000	31	0	0	1	31	997	967	Uncultured Eimeria genomic DNA containing 18S rRNA gene, ITS1, 5.8S rRNA gene, ITS2 and 28S rRNA gene, isolate Ng16
cc_rrna_kmer_000867|28S	AY779462.1	5801	N/A	100.000	31	0	0	1	31	976	946	Eimeria acervulina clone EA-1133-20 18S ribosomal RNA gene, partial sequence; internal transcribed spacer 1, 5.8S ribosomal RNA gene, and internal transcribed spacer 2, complete sequence; and 28S ribosomal RNA gene, partial sequence
cc_rrna_kmer_000867|28S	LN609775.1	459470	N/A	100.000	31	0	0	1	31	998	968	Uncultured Eimeria genomic DNA containing 18S rRNA gene, ITS1, 5.8S rRNA gene, ITS2 and 28S rRNA gene, isolate Fr02
cc_rrna_kmer_000867|28S	LN609864.1	459470	N/A	100.000	31	0	0	1	31	1000	970	Uncultured Eimeria genomic DNA containing 18S rRNA gene, ITS1, 5.8S rRNA gene, ITS2 and 28S rRNA gene, isolate Tz24
cc_rrna_kmer_000867|28S	AF301386.1	88456	N/A	100.000	31	0	0	1	31	1518	1488	Cyclospora cayetanensis small subunit ribosomal RNA gene, partial sequence; internal transcribed spacer 1, 5.8S ribosomal RNA gene and internal transcribed spacer 2, complete sequence; and large subunit ribosomal RNA gene, partial sequence
cc_rrna_kmer_000867|28S	LN609794.1	459470	N/A	100.000	31	0	0	1	31	999	969	Uncultured Eimeria genomic DNA containing 18S rRNA gene, ITS1, 5.8S rRNA gene, ITS2 and 28S rRNA gene, isolate Gh02
cc_rrna_kmer_000867|28S	AY779481.1	5801	N/A	100.000	31	0	0	1	31	975	945	Eimeria acervulina clone EA-JJ-1 18S ribosomal RNA gene, partial sequence; internal transcribed spacer 1, 5.8S ribosomal RNA gene, and internal transcribed spacer 2, complete sequence; and 28S ribosomal RNA gene, partial sequence
cc_rrna_kmer_000867|28S	AY779471.1	5801	N/A	100.000	31	0	0	1	31	958	928	Eimeria acervulina clone EA-12-6 18S ribosomal RNA gene, partial sequence; internal transcribed spacer 1, 5.8S ribosomal RNA gene, and internal transcribed spacer 2, complete sequence; and 28S ribosomal RNA gene, partial sequence
cc_rrna_kmer_000867|28S	LN609869.1	459470	N/A	100.000	31	0	0	1	31	1144	1114	Uncultured Eimeria genomic DNA containing 18S rRNA gene, ITS1, 5.8S rRNA gene, ITS2 and 28S rRNA gene, isolate Tz29
cc_rrna_kmer_000867|28S	AY779475.1	5801	N/A	100.000	31	0	0	1	31	976	946	Eimeria acervulina clone EA-12-14 18S ribosomal RNA gene, partial sequence; internal transcribed spacer 1, 5.8S ribosomal RNA gene, and internal transcribed spacer 2, complete sequence; and 28S ribosomal RNA gene, partial sequence
cc_rrna_kmer_000867|28S	LN609931.1	459470	N/A	100.000	31	0	0	1	31	997	967	Uncultured Eimeria genomic DNA containing 18S rRNA gene, ITS1, 5.8S rRNA gene, ITS2 and 28S rRNA gene, isolate Zm01
cc_rrna_kmer_000867|28S	LN609796.1	459470	N/A	100.000	31	0	0	1	31	1000	970	Uncultured Eimeria genomic DNA containing 18S rRNA gene, ITS1, 5.8S rRNA gene, ITS2 and 28S rRNA gene, isolate Gh04
cc_rrna_kmer_000867|28S	LN609810.1	459470	N/A	100.000	31	0	0	1	31	1000	970	Uncultured Eimeria genomic DNA containing 18S rRNA gene, ITS1, 5.8S rRNA gene, ITS2 and 28S rRNA gene, isolate Ng01
cc_rrna_kmer_000867|28S	AY779477.1	5801	N/A	100.000	31	0	0	1	31	971	941	Eimeria acervulina clone EA-12-17 18S ribosomal RNA gene, partial sequence; internal transcribed spacer 1, 5.8S ribosomal RNA gene, and internal transcribed spacer 2, complete sequence; and 28S ribosomal RNA gene, partial sequence
cc_rrna_kmer_000867|28S	AY779483.1	5801	N/A	100.000	31	0	0	1	31	976	946	Eimeria acervulina clone EA-JJ-13 18S ribosomal RNA gene, partial sequence; internal transcribed spacer 1, 5.8S ribosomal RNA gene, and internal transcribed spacer 2, complete sequence; and 28S ribosomal RNA gene, partial sequence
cc_rrna_kmer_000867|28S	AY779485.1	5801	N/A	100.000	31	0	0	1	31	976	946	Eimeria acervulina clone EA-JJ-15 18S ribosomal RNA gene, partial sequence; internal transcribed spacer 1, 5.8S ribosomal RNA gene, and internal transcribed spacer 2, complete sequence; and 28S ribosomal RNA gene, partial sequence
cc_rrna_kmer_000867|28S	AF301382.1	88456	N/A	100.000	31	0	0	1	31	893	863	Cyclospora cayetanensis 5.8S ribosomal RNA gene, partial sequence; internal transcribed spacer 2, complete sequence; and large subunit ribosomal RNA gene, partial sequence
cc_rrna_kmer_000867|28S	AY779490.1	5801	N/A	100.000	31	0	0	1	31	977	947	Eimeria acervulina clone EA-JJ-25 18S ribosomal RNA gene, partial sequence; internal transcribed spacer 1, 5.8S ribosomal RNA gene, and internal transcribed spacer 2, complete sequence; and 28S ribosomal RNA gene, partial sequence
cc_rrna_kmer_000867|28S	LN609966.1	459470	N/A	100.000	31	0	0	1	31	976	946	Uncultured Eimeria genomic DNA containing 18S rRNA gene, ITS1, 5.8S rRNA gene, ITS2 and 28S rRNA gene, isolate Eg05
cc_rrna_kmer_000867|28S	LN609792.1	459470	N/A	100.000	31	0	0	1	31	998	968	Uncultured Eimeria genomic DNA containing 18S rRNA gene, ITS1, 5.8S rRNA gene, ITS2 and 28S rRNA gene, isolate UK13
cc_rrna_kmer_000867|28S	AF301390.1	88456	N/A	100.000	31	0	0	1	31	1500	1470	Cyclospora cayetanensis small subunit ribosomal RNA gene, partial sequence; internal transcribed spacer 1, 5.8S ribosomal RNA gene and internal transcribed spacer 2, complete sequence; and large subunit ribosomal RNA gene, partial sequence
cc_rrna_kmer_000867|28S	AY779467.1	5801	N/A	100.000	31	0	0	1	31	978	948	Eimeria acervulina clone EA-12-1 18S ribosomal RNA gene, partial sequence; internal transcribed spacer 1, 5.8S ribosomal RNA gene, and internal transcribed spacer 2, complete sequence; and 28S ribosomal RNA gene, partial sequence
cc_rrna_kmer_000867|28S	AY779472.1	5801	N/A	100.000	31	0	0	1	31	977	947	Eimeria acervulina clone EA-12-7 18S ribosomal RNA gene, partial sequence; internal transcribed spacer 1, 5.8S ribosomal RNA gene, and internal transcribed spacer 2, complete sequence; and 28S ribosomal RNA gene, partial sequence
cc_rrna_kmer_000867|28S	LN609770.1	459470	N/A	100.000	31	0	0	1	31	993	963	Uncultured Eimeria genomic DNA containing 18S rRNA gene, ITS1, 5.8S rRNA gene, ITS2 and 28S rRNA gene, isolate Pt01
cc_rrna_kmer_000867|28S	AY779488.1	5801	N/A	100.000	31	0	0	1	31	976	946	Eimeria acervulina clone EA-JJ-19 18S ribosomal RNA gene, partial sequence; internal transcribed spacer 1, 5.8S ribosomal RNA gene, and internal transcribed spacer 2, complete sequence; and 28S ribosomal RNA gene, partial sequence
cc_rrna_kmer_000867|28S	AF301388.1	88456	N/A	100.000	31	0	0	1	31	1507	1477	Cyclospora cayetanensis small subunit ribosomal RNA gene, partial sequence; internal transcribed spacer 1, 5.8S ribosomal RNA gene and internal transcribed spacer 2, complete sequence; and large subunit ribosomal RNA gene, partial sequence
cc_rrna_kmer_000867|28S	AY779460.1	5801	N/A	100.000	31	0	0	1	31	974	944	Eimeria acervulina clone EA-1133-15 18S ribosomal RNA gene, partial sequence; internal transcribed spacer 1, 5.8S ribosomal RNA gene, and internal transcribed spacer 2, complete sequence; and 28S ribosomal RNA gene, partial sequence
cc_rrna_kmer_000867|28S	LN609772.1	459470	N/A	100.000	31	0	0	1	31	1001	971	Uncultured Eimeria genomic DNA containing 18S rRNA gene, ITS1, 5.8S rRNA gene, ITS2 and 28S rRNA gene, isolate Pt03
cc_rrna_kmer_000867|28S	AF301383.1	88456	N/A	100.000	31	0	0	1	31	888	858	Cyclospora cayetanensis 5.8S ribosomal RNA gene, partial sequence; internal transcribed spacer 2, complete sequence; and large subunit ribosomal RNA gene, partial sequence
cc_rrna_kmer_000867|28S	LN609823.1	459470	N/A	100.000	31	0	0	1	31	998	968	Uncultured Eimeria genomic DNA containing 18S rRNA gene, ITS1, 5.8S rRNA gene, ITS2 and 28S rRNA gene, isolate Ng14
cc_rrna_kmer_000867|28S	LN609814.1	459470	N/A	100.000	31	0	0	1	31	999	969	Uncultured Eimeria genomic DNA containing 18S rRNA gene, ITS1, 5.8S rRNA gene, ITS2 and 28S rRNA gene, isolate Ng05
cc_rrna_kmer_000867|28S	LN609895.1	459470	N/A	100.000	31	0	0	1	31	998	968	Uncultured Eimeria genomic DNA containing 18S rRNA gene, ITS1, 5.8S rRNA gene, ITS2 and 28S rRNA gene, isolate Ug16
cc_rrna_kmer_000867|28S	LN609831.1	459470	N/A	100.000	31	0	0	1	31	1002	972	Uncultured Eimeria genomic DNA containing 18S rRNA gene, ITS1, 5.8S rRNA gene, ITS2 and 28S rRNA gene, isolate Ng22
cc_rrna_kmer_000867|28S	LN609897.1	459470	N/A	100.000	31	0	0	1	31	1000	970	Uncultured Eimeria genomic DNA containing 18S rRNA gene, ITS1, 5.8S rRNA gene, ITS2 and 28S rRNA gene, isolate Ug18
cc_rrna_kmer_000867|28S	AY779457.1	5801	N/A	100.000	31	0	0	1	31	976	946	Eimeria acervulina clone EA-1133-7 18S ribosomal RNA gene, partial sequence; internal transcribed spacer 1, 5.8S ribosomal RNA gene, and internal transcribed spacer 2, complete sequence; and 28S ribosomal RNA gene, partial sequence
cc_rrna_kmer_000867|28S	AY779465.1	5801	N/A	100.000	31	0	0	1	31	967	937	Eimeria acervulina clone EA-1133-24 18S ribosomal RNA gene, partial sequence; internal transcribed spacer 1, 5.8S ribosomal RNA gene, and internal transcribed spacer 2, complete sequence; and 28S ribosomal RNA gene, partial sequence
cc_rrna_kmer_000867|28S	LN609806.1	459470	N/A	100.000	31	0	0	1	31	998	968	Uncultured Eimeria genomic DNA containing 18S rRNA gene, ITS1, 5.8S rRNA gene, ITS2 and 28S rRNA gene, isolate Gh14
cc_rrna_kmer_000867|28S	LN609913.1	459470	N/A	100.000	31	0	0	1	31	1002	972	Uncultured Eimeria genomic DNA containing 18S rRNA gene, ITS1, 5.8S rRNA gene, ITS2 and 28S rRNA gene, isolate Ug34
cc_rrna_kmer_000867|28S	AY779456.1	5801	N/A	100.000	31	0	0	1	31	976	946	Eimeria acervulina clone EA-1133-5 18S ribosomal RNA gene, partial sequence; internal transcribed spacer 1, 5.8S ribosomal RNA gene, and internal transcribed spacer 2, complete sequence; and 28S ribosomal RNA gene, partial sequence
cc_rrna_kmer_000867|28S	AY779459.1	5801	N/A	100.000	31	0	0	1	31	976	946	Eimeria acervulina clone EA-1133-13 18S ribosomal RNA gene, partial sequence; internal transcribed spacer 1, 5.8S ribosomal RNA gene, and internal transcribed spacer 2, complete sequence; and 28S ribosomal RNA gene, partial sequence
cc_rrna_kmer_000867|28S	AY779478.1	5801	N/A	100.000	31	0	0	1	31	977	947	Eimeria acervulina clone EA-12-22 18S ribosomal RNA gene, partial sequence; internal transcribed spacer 1, 5.8S ribosomal RNA gene, and internal transcribed spacer 2, complete sequence; and 28S ribosomal RNA gene, partial sequence
cc_rrna_kmer_000867|28S	AY779474.1	5801	N/A	100.000	31	0	0	1	31	980	950	Eimeria acervulina clone EA-12-13 18S ribosomal RNA gene, partial sequence; internal transcribed spacer 1, 5.8S ribosomal RNA gene, and internal transcribed spacer 2, complete sequence; and 28S ribosomal RNA gene, partial sequence
cc_rrna_kmer_000867|28S	LN609969.1	459470	N/A	100.000	31	0	0	1	31	976	946	Uncultured Eimeria genomic DNA containing 18S rRNA gene, ITS1, 5.8S rRNA gene, ITS2 and 28S rRNA gene, isolate Eg08
cc_rrna_kmer_000867|28S	LN609907.1	459470	N/A	100.000	31	0	0	1	31	999	969	Uncultured Eimeria genomic DNA containing 18S rRNA gene, ITS1, 5.8S rRNA gene, ITS2 and 28S rRNA gene, isolate Ug28
cc_rrna_kmer_000867|28S	LN609829.1	459470	N/A	100.000	31	0	0	1	31	1000	970	Uncultured Eimeria genomic DNA containing 18S rRNA gene, ITS1, 5.8S rRNA gene, ITS2 and 28S rRNA gene, isolate Ng20
cc_rrna_kmer_000867|28S	LN609957.1	459470	N/A	100.000	31	0	0	1	31	975	945	Uncultured Eimeria genomic DNA containing 18S rRNA gene, ITS1, 5.8S rRNA gene, ITS2 and 28S rRNA gene, isolate Lb12
cc_rrna_kmer_000867|28S	LN609884.1	459470	N/A	100.000	31	0	0	1	31	1000	970	Uncultured Eimeria genomic DNA containing 18S rRNA gene, ITS1, 5.8S rRNA gene, ITS2 and 28S rRNA gene, isolate Ug05
cc_rrna_kmer_000867|28S	LN609890.1	459470	N/A	100.000	31	0	0	1	31	998	968	Uncultured Eimeria genomic DNA containing 18S rRNA gene, ITS1, 5.8S rRNA gene, ITS2 and 28S rRNA gene, isolate Ug11
cc_rrna_kmer_000867|28S	LN609956.1	459470	N/A	100.000	31	0	0	1	31	978	948	Uncultured Eimeria genomic DNA containing 18S rRNA gene, ITS1, 5.8S rRNA gene, ITS2 and 28S rRNA gene, isolate Lb11
cc_rrna_kmer_000867|28S	LN609912.1	459470	N/A	100.000	31	0	0	1	31	996	966	Uncultured Eimeria genomic DNA containing 18S rRNA gene, ITS1, 5.8S rRNA gene, ITS2 and 28S rRNA gene, isolate Ug33
cc_rrna_kmer_000867|28S	AY779470.1	5801	N/A	100.000	31	0	0	1	31	977	947	Eimeria acervulina clone EA-12-5 18S ribosomal RNA gene, partial sequence; internal transcribed spacer 1, 5.8S ribosomal RNA gene, and internal transcribed spacer 2, complete sequence; and 28S ribosomal RNA gene, partial sequence
cc_rrna_kmer_000867|28S	AY779468.1	5801	N/A	100.000	31	0	0	1	31	978	948	Eimeria acervulina clone EA-12-2 18S ribosomal RNA gene, partial sequence; internal transcribed spacer 1, 5.8S ribosomal RNA gene, and internal transcribed spacer 2, complete sequence; and 28S ribosomal RNA gene, partial sequence
cc_rrna_kmer_000867|28S	LN609885.1	459470	N/A	100.000	31	0	0	1	31	999	969	Uncultured Eimeria genomic DNA containing 18S rRNA gene, ITS1, 5.8S rRNA gene, ITS2 and 28S rRNA gene, isolate Ug06
cc_rrna_kmer_000867|28S	AY779479.1	5801	N/A	100.000	31	0	0	1	31	978	948	Eimeria acervulina clone EA-12-23 18S ribosomal RNA gene, partial sequence; internal transcribed spacer 1, 5.8S ribosomal RNA gene, and internal transcribed spacer 2, complete sequence; and 28S ribosomal RNA gene, partial sequence
cc_rrna_kmer_000867|28S	LN609958.1	459470	N/A	100.000	31	0	0	1	31	976	946	Uncultured Eimeria genomic DNA containing 18S rRNA gene, ITS1, 5.8S rRNA gene, ITS2 and 28S rRNA gene, isolate Lb13
cc_rrna_kmer_000867|28S	AY779473.1	5801	N/A	100.000	31	0	0	1	31	976	946	Eimeria acervulina clone EA-12-9 18S ribosomal RNA gene, partial sequence; internal transcribed spacer 1, 5.8S ribosomal RNA gene, and internal transcribed spacer 2, complete sequence; and 28S ribosomal RNA gene, partial sequence
cc_rrna_kmer_000867|28S	LN609840.1	459470	N/A	100.000	31	0	0	1	31	999	969	Uncultured Eimeria genomic DNA containing 18S rRNA gene, ITS1, 5.8S rRNA gene, ITS2 and 28S rRNA gene, isolate Ng31
cc_rrna_kmer_000867|28S	LN609771.1	459470	N/A	100.000	31	0	0	1	31	998	968	Uncultured Eimeria genomic DNA containing 18S rRNA gene, ITS1, 5.8S rRNA gene, ITS2 and 28S rRNA gene, isolate Pt02
cc_rrna_kmer_000867|28S	LN609891.1	459470	N/A	100.000	31	0	0	1	31	998	968	Uncultured Eimeria genomic DNA containing 18S rRNA gene, ITS1, 5.8S rRNA gene, ITS2 and 28S rRNA gene, isolate Ug12
cc_rrna_kmer_000867|28S	LN609817.1	459470	N/A	100.000	31	0	0	1	31	1000	970	Uncultured Eimeria genomic DNA containing 18S rRNA gene, ITS1, 5.8S rRNA gene, ITS2 and 28S rRNA gene, isolate Ng08
cc_rrna_kmer_000867|28S	LN609877.1	459470	N/A	100.000	31	0	0	1	31	994	964	Uncultured Eimeria genomic DNA containing 18S rRNA gene, ITS1, 5.8S rRNA gene, ITS2 and 28S rRNA gene, isolate Tz37
cc_rrna_kmer_000867|28S	AY779466.1	5801	N/A	100.000	31	0	0	1	31	976	946	Eimeria acervulina clone EA-1133-26 18S ribosomal RNA gene, partial sequence; internal transcribed spacer 1, 5.8S ribosomal RNA gene, and internal transcribed spacer 2, complete sequence; and 28S ribosomal RNA gene, partial sequence
cc_rrna_kmer_000867|28S	LN609769.1	459470	N/A	100.000	31	0	0	1	31	996	966	Uncultured Eimeria genomic DNA containing 18S rRNA gene, ITS1, 5.8S rRNA gene, ITS2 and 28S rRNA gene, isolate Gm03
cc_rrna_kmer_000867|28S	LN609802.1	459470	N/A	100.000	31	0	0	1	31	1000	970	Uncultured Eimeria genomic DNA containing 18S rRNA gene, ITS1, 5.8S rRNA gene, ITS2 and 28S rRNA gene, isolate Gh10
cc_rrna_kmer_000867|28S	LN609910.1	459470	N/A	100.000	31	0	0	1	31	1001	971	Uncultured Eimeria genomic DNA containing 18S rRNA gene, ITS1, 5.8S rRNA gene, ITS2 and 28S rRNA gene, isolate Ug31
cc_rrna_kmer_000867|28S	LN609968.1	459470	N/A	100.000	31	0	0	1	31	976	946	Uncultured Eimeria genomic DNA containing 18S rRNA gene, ITS1, 5.8S rRNA gene, ITS2 and 28S rRNA gene, isolate Eg07
cc_rrna_kmer_000867|28S	AY779458.1	5801	N/A	100.000	31	0	0	1	31	972	942	Eimeria acervulina clone EA-1133-9 18S ribosomal RNA gene, partial sequence; internal transcribed spacer 1, 5.8S ribosomal RNA gene, and internal transcribed spacer 2, complete sequence; and 28S ribosomal RNA gene, partial sequence
cc_rrna_kmer_000867|28S	LN609787.1	459470	N/A	100.000	31	0	0	1	31	999	969	Uncultured Eimeria genomic DNA containing 18S rRNA gene, ITS1, 5.8S rRNA gene, ITS2 and 28S rRNA gene, isolate UK08
cc_rrna_kmer_000867|28S	PQ738239.1	5801	N/A	100.000	31	0	0	1	31	2754	2724	Eimeria acervulina small subunit ribosomal RNA gene, partial sequence; internal transcribed spacer 1, 5.8S ribosomal RNA gene, and internal transcribed spacer 2, complete sequence; and large subunit ribosomal RNA gene, partial sequence
cc_rrna_kmer_000867|28S	LN609820.1	459470	N/A	100.000	31	0	0	1	31	999	969	Uncultured Eimeria genomic DNA containing 18S rRNA gene, ITS1, 5.8S rRNA gene, ITS2 and 28S rRNA gene, isolate Ng11
cc_rrna_kmer_000867|28S	LN609908.1	459470	N/A	100.000	31	0	0	1	31	1000	970	Uncultured Eimeria genomic DNA containing 18S rRNA gene, ITS1, 5.8S rRNA gene, ITS2 and 28S rRNA gene, isolate Ug29
cc_rrna_kmer_000867|28S	LN609839.1	459470	N/A	100.000	31	0	0	1	31	997	967	Uncultured Eimeria genomic DNA containing 18S rRNA gene, ITS1, 5.8S rRNA gene, ITS2 and 28S rRNA gene, isolate Ng30
cc_rrna_kmer_000867|28S	LN609821.1	459470	N/A	100.000	31	0	0	1	31	997	967	Uncultured Eimeria genomic DNA containing 18S rRNA gene, ITS1, 5.8S rRNA gene, ITS2 and 28S rRNA gene, isolate Ng12
cc_rrna_kmer_000867|28S	AY779482.1	5801	N/A	100.000	31	0	0	1	31	964	934	Eimeria acervulina clone EA-JJ-2 18S ribosomal RNA gene, partial sequence; internal transcribed spacer 1, 5.8S ribosomal RNA gene, and internal transcribed spacer 2, complete sequence; and 28S ribosomal RNA gene, partial sequence
cc_rrna_kmer_000867|28S	AY779464.1	5801	N/A	100.000	31	0	0	1	31	976	946	Eimeria acervulina clone EA-1133-23 18S ribosomal RNA gene, partial sequence; internal transcribed spacer 1, 5.8S ribosomal RNA gene, and internal transcribed spacer 2, complete sequence; and 28S ribosomal RNA gene, partial sequence
cc_rrna_kmer_000867|28S	LN609967.1	459470	N/A	100.000	31	0	0	1	31	975	945	Uncultured Eimeria genomic DNA containing 18S rRNA gene, ITS1, 5.8S rRNA gene, ITS2 and 28S rRNA gene, isolate Eg06
cc_rrna_kmer_000867|28S	LN609813.1	459470	N/A	100.000	31	0	0	1	31	998	968	Uncultured Eimeria genomic DNA containing 18S rRNA gene, ITS1, 5.8S rRNA gene, ITS2 and 28S rRNA gene, isolate Ng04
cc_rrna_kmer_000867|28S	LN609811.1	459470	N/A	100.000	31	0	0	1	31	998	968	Uncultured Eimeria genomic DNA containing 18S rRNA gene, ITS1, 5.8S rRNA gene, ITS2 and 28S rRNA gene, isolate Ng02
cc_rrna_kmer_000867|28S	LN609904.1	459470	N/A	100.000	31	0	0	1	31	1000	970	Uncultured Eimeria genomic DNA containing 18S rRNA gene, ITS1, 5.8S rRNA gene, ITS2 and 28S rRNA gene, isolate Ug25
cc_rrna_kmer_000867|28S	EU252544.1	88456	N/A	100.000	31	0	0	1	31	57	27	Cyclospora cayetanensis 28S large subunit ribosomal RNA gene, partial sequence
cc_rrna_kmer_000867|28S	LN609818.1	459470	N/A	100.000	31	0	0	1	31	998	968	Uncultured Eimeria genomic DNA containing 18S rRNA gene, ITS1, 5.8S rRNA gene, ITS2 and 28S rRNA gene, isolate Ng09
cc_rrna_kmer_000867|28S	LN609836.1	459470	N/A	100.000	31	0	0	1	31	1000	970	Uncultured Eimeria genomic DNA containing 18S rRNA gene, ITS1, 5.8S rRNA gene, ITS2 and 28S rRNA gene, isolate Ng27
cc_rrna_kmer_000867|28S	LN609883.1	459470	N/A	100.000	31	0	0	1	31	998	968	Uncultured Eimeria genomic DNA containing 18S rRNA gene, ITS1, 5.8S rRNA gene, ITS2 and 28S rRNA gene, isolate Ug04
cc_rrna_kmer_000867|28S	LN609830.1	459470	N/A	100.000	31	0	0	1	31	997	967	Uncultured Eimeria genomic DNA containing 18S rRNA gene, ITS1, 5.8S rRNA gene, ITS2 and 28S rRNA gene, isolate Ng21
cc_rrna_kmer_000867|28S	LN609803.1	459470	N/A	100.000	31	0	0	1	31	999	969	Uncultured Eimeria genomic DNA containing 18S rRNA gene, ITS1, 5.8S rRNA gene, ITS2 and 28S rRNA gene, isolate Gh11
cc_rrna_kmer_000867|28S	LN609892.1	459470	N/A	100.000	31	0	0	1	31	998	968	Uncultured Eimeria genomic DNA containing 18S rRNA gene, ITS1, 5.8S rRNA gene, ITS2 and 28S rRNA gene, isolate Ug13
cc_rrna_kmer_000867|28S	LN609812.1	459470	N/A	100.000	31	0	0	1	31	998	968	Uncultured Eimeria genomic DNA containing 18S rRNA gene, ITS1, 5.8S rRNA gene, ITS2 and 28S rRNA gene, isolate Ng03
cc_rrna_kmer_000867|28S	LN609960.1	459470	N/A	100.000	31	0	0	1	31	977	947	Uncultured Eimeria genomic DNA containing 18S rRNA gene, ITS1, 5.8S rRNA gene, ITS2 and 28S rRNA gene, isolate Lb15
cc_rrna_kmer_000867|28S	LN609905.1	459470	N/A	100.000	31	0	0	1	31	999	969	Uncultured Eimeria genomic DNA containing 18S rRNA gene, ITS1, 5.8S rRNA gene, ITS2 and 28S rRNA gene, isolate Ug26
cc_rrna_kmer_000867|28S	AF301391.1	88456	N/A	100.000	31	0	0	1	31	1520	1490	Cyclospora cayetanensis small subunit ribosomal RNA gene, partial sequence; internal transcribed spacer 1, 5.8S ribosomal RNA gene and internal transcribed spacer 2, complete sequence; and large subunit ribosomal RNA gene, partial sequence
cc_rrna_kmer_000867|28S	AY779484.1	5801	N/A	100.000	31	0	0	1	31	965	935	Eimeria acervulina clone EA-JJ-14 18S ribosomal RNA gene, partial sequence; internal transcribed spacer 1, 5.8S ribosomal RNA gene, and internal transcribed spacer 2, complete sequence; and 28S ribosomal RNA gene, partial sequence
cc_rrna_kmer_000867|28S	AY779476.1	5801	N/A	100.000	31	0	0	1	31	975	945	Eimeria acervulina clone EA-12-16 18S ribosomal RNA gene, partial sequence; internal transcribed spacer 1, 5.8S ribosomal RNA gene, and internal transcribed spacer 2, complete sequence; and 28S ribosomal RNA gene, partial sequence
cc_rrna_kmer_000867|28S	LN609886.1	459470	N/A	100.000	31	0	0	1	31	998	968	Uncultured Eimeria genomic DNA containing 18S rRNA gene, ITS1, 5.8S rRNA gene, ITS2 and 28S rRNA gene, isolate Ug07
cc_rrna_kmer_000868|28S	XR_003297360.1	88456	N/A	100.000	31	0	0	1	31	188	158	PREDICTED: Cyclospora cayetanensis large subunit ribosomal RNA (LOC113146729), rRNA
cc_rrna_kmer_000868|28S	EU252544.1	88456	N/A	100.000	31	0	0	1	31	933	903	Cyclospora cayetanensis 28S large subunit ribosomal RNA gene, partial sequence
cc_rrna_kmer_000869|28S	EU252544.1	88456	N/A	100.000	31	0	0	1	31	762	732	Cyclospora cayetanensis 28S large subunit ribosomal RNA gene, partial sequence
cc_rrna_kmer_000870|28S	XR_003297360.1	88456	N/A	100.000	31	0	0	1	31	1055	1085	PREDICTED: Cyclospora cayetanensis large subunit ribosomal RNA (LOC113146729), rRNA
cc_rrna_kmer_000870|28S	EU252544.1	88456	N/A	100.000	31	0	0	1	31	1800	1830	Cyclospora cayetanensis 28S large subunit ribosomal RNA gene, partial sequence
cc_rrna_kmer_000871|28S	XR_003297360.1	88456	N/A	100.000	31	0	0	1	31	1025	1055	PREDICTED: Cyclospora cayetanensis large subunit ribosomal RNA (LOC113146729), rRNA
cc_rrna_kmer_000871|28S	EU252544.1	88456	N/A	100.000	31	0	0	1	31	1770	1800	Cyclospora cayetanensis 28S large subunit ribosomal RNA gene, partial sequence
cc_rrna_kmer_000872|28S	AY283845.1	241650	N/A	100.000	31	0	0	1	31	1370	1340	Atoxoplasma sp. MS-2003 large subunit ribosomal RNA gene, partial sequence
cc_rrna_kmer_000872|28S	OR101126.1	3051684	N/A	100.000	31	0	0	1	31	1304	1274	Isospora elliotae isolate 20384 large subunit ribosomal RNA gene, partial sequence
cc_rrna_kmer_000872|28S	AY283863.1	241650	N/A	100.000	31	0	0	1	31	1365	1335	Atoxoplasma sp. MS-2003 large subunit ribosomal RNA gene, partial sequence
cc_rrna_kmer_000872|28S	KT224382.1	1678287	N/A	100.000	31	0	0	1	31	1314	1284	Isospora sp. RY-2015c isolate RBF large subunit ribosomal RNA gene, partial sequence
cc_rrna_kmer_000872|28S	AY283844.1	241650	N/A	100.000	31	0	0	1	31	1370	1340	Atoxoplasma sp. MS-2003 large subunit ribosomal RNA gene, partial sequence
cc_rrna_kmer_000872|28S	AY283862.1	241650	N/A	100.000	31	0	0	1	31	1369	1339	Atoxoplasma sp. MS-2003 large subunit ribosomal RNA gene, partial sequence
cc_rrna_kmer_000872|28S	OA985032.1	2823481	N/A	100.000	31	0	0	1	31	813	783	Isospora sp. Hs2 partial 28S rRNA gene
cc_rrna_kmer_000872|28S	AY283839.1	241650	N/A	100.000	31	0	0	1	31	1379	1349	Atoxoplasma sp. MS-2003 large subunit ribosomal RNA gene, partial sequence
cc_rrna_kmer_000872|28S	AY283858.1	241650	N/A	100.000	31	0	0	1	31	1368	1338	Atoxoplasma sp. MS-2003 large subunit ribosomal RNA gene, partial sequence
cc_rrna_kmer_000872|28S	AY283864.1	241650	N/A	100.000	31	0	0	1	31	1374	1344	Atoxoplasma sp. MS-2003 large subunit ribosomal RNA gene, partial sequence
cc_rrna_kmer_000872|28S	AY283869.1	241650	N/A	100.000	31	0	0	1	31	1376	1346	Atoxoplasma sp. MS-2003 large subunit ribosomal RNA gene, partial sequence
cc_rrna_kmer_000872|28S	AY283868.1	241650	N/A	100.000	31	0	0	1	31	1368	1338	Atoxoplasma sp. MS-2003 large subunit ribosomal RNA gene, partial sequence
cc_rrna_kmer_000872|28S	MW775029.1	2820069	N/A	100.000	31	0	0	1	31	1335	1305	Isospora mayuri isolate 7-Bule-peafowl large subunit ribosomal RNA gene, partial sequence
cc_rrna_kmer_000872|28S	AY283859.1	241650	N/A	100.000	31	0	0	1	31	1370	1340	Atoxoplasma sp. MS-2003 large subunit ribosomal RNA gene, partial sequence
cc_rrna_kmer_000872|28S	KJ634022.1	1565085	N/A	100.000	31	0	0	1	31	899	869	Isospora streperae 28S ribosomal RNA gene, partial sequence
cc_rrna_kmer_000872|28S	AY283847.1	241650	N/A	100.000	31	0	0	1	31	1370	1340	Atoxoplasma sp. MS-2003 large subunit ribosomal RNA gene, partial sequence
cc_rrna_kmer_000872|28S	OA985031.1	2823479	N/A	100.000	31	0	0	1	31	808	778	Isospora sp. Pr2 partial 28S rRNA gene
cc_rrna_kmer_000872|28S	AY283850.1	241650	N/A	100.000	31	0	0	1	31	1365	1335	Atoxoplasma sp. MS-2003 large subunit ribosomal RNA gene, partial sequence
cc_rrna_kmer_000872|28S	KY801686.1	2153390	N/A	100.000	31	0	0	1	31	1298	1268	Isospora butcherae 28S ribosomal RNA gene, partial sequence
cc_rrna_kmer_000872|28S	OQ459343.1	3028803	N/A	100.000	31	0	0	1	31	1294	1264	Eimeria briceae isolate 201909 large subunit ribosomal RNA gene, partial sequence
cc_rrna_kmer_000872|28S	AY283843.1	241650	N/A	100.000	31	0	0	1	31	1372	1342	Atoxoplasma sp. MS-2003 large subunit ribosomal RNA gene, partial sequence
cc_rrna_kmer_000872|28S	OA985026.1	2823474	N/A	100.000	31	0	0	1	31	813	783	Isospora sp. Bclt1 partial 28S rRNA gene
cc_rrna_kmer_000872|28S	AY283866.1	241650	N/A	100.000	31	0	0	1	31	1368	1338	Atoxoplasma sp. MS-2003 large subunit ribosomal RNA gene, partial sequence
cc_rrna_kmer_000872|28S	XR_003297360.1	88456	N/A	100.000	31	0	0	1	31	709	679	PREDICTED: Cyclospora cayetanensis large subunit ribosomal RNA (LOC113146729), rRNA
cc_rrna_kmer_000872|28S	AY283848.1	241650	N/A	100.000	31	0	0	1	31	1370	1340	Atoxoplasma sp. MS-2003 large subunit ribosomal RNA gene, partial sequence
cc_rrna_kmer_000872|28S	AY283849.1	241650	N/A	100.000	31	0	0	1	31	1371	1341	Atoxoplasma sp. MS-2003 large subunit ribosomal RNA gene, partial sequence
cc_rrna_kmer_000872|28S	AY283853.1	241650	N/A	100.000	31	0	0	1	31	1369	1339	Atoxoplasma sp. MS-2003 large subunit ribosomal RNA gene, partial sequence
cc_rrna_kmer_000872|28S	OA985028.1	2823475;2823476	N/A;N/A	100.000	31	0	0	1	31	813	783	Isospora sp. Pc1 partial 28S rRNA gene
cc_rrna_kmer_000872|28S	AY283865.1	241650	N/A	100.000	31	0	0	1	31	1361	1331	Atoxoplasma sp. MS-2003 large subunit ribosomal RNA gene, partial sequence
cc_rrna_kmer_000872|28S	AY283860.1	241650	N/A	100.000	31	0	0	1	31	1370	1340	Atoxoplasma sp. MS-2003 large subunit ribosomal RNA gene, partial sequence
cc_rrna_kmer_000872|28S	AY283857.1	241650	N/A	100.000	31	0	0	1	31	1369	1339	Atoxoplasma sp. MS-2003 large subunit ribosomal RNA gene, partial sequence
cc_rrna_kmer_000872|28S	AY283852.1	241650	N/A	100.000	31	0	0	1	31	1366	1336	Atoxoplasma sp. MS-2003 large subunit ribosomal RNA gene, partial sequence
cc_rrna_kmer_000872|28S	OA985030.1	2823478	N/A	100.000	31	0	0	1	31	810	780	Isospora sp. Pr1 partial 28S rRNA gene
cc_rrna_kmer_000872|28S	AY283854.1	241650	N/A	100.000	31	0	0	1	31	1369	1339	Atoxoplasma sp. MS-2003 large subunit ribosomal RNA gene, partial sequence
cc_rrna_kmer_000872|28S	AY283841.1	241650	N/A	100.000	31	0	0	1	31	1372	1342	Atoxoplasma sp. MS-2003 large subunit ribosomal RNA gene, partial sequence
cc_rrna_kmer_000872|28S	AY283855.1	241650	N/A	100.000	31	0	0	1	31	1368	1338	Atoxoplasma sp. MS-2003 large subunit ribosomal RNA gene, partial sequence
cc_rrna_kmer_000872|28S	MW775031.1	1469499	N/A	100.000	31	0	0	1	31	1343	1313	Eimeria hermani isolate 9-Whooper-swan large subunit ribosomal RNA gene, partial sequence
cc_rrna_kmer_000872|28S	AY283840.1	241650	N/A	100.000	31	0	0	1	31	1373	1343	Atoxoplasma sp. MS-2003 large subunit ribosomal RNA gene, partial sequence
cc_rrna_kmer_000872|28S	OA985027.1	2823473	N/A	100.000	31	0	0	1	31	813	783	Isospora sp. Sgs1 partial 28S rRNA gene
cc_rrna_kmer_000872|28S	AY283867.1	241650	N/A	100.000	31	0	0	1	31	1370	1340	Atoxoplasma sp. MS-2003 large subunit ribosomal RNA gene, partial sequence
cc_rrna_kmer_000872|28S	AY283870.1	241650	N/A	100.000	31	0	0	1	31	1372	1342	Atoxoplasma sp. MS-2003 large subunit ribosomal RNA gene, partial sequence
cc_rrna_kmer_000872|28S	OR266354.1	1743397	N/A	100.000	31	0	0	1	31	583	553	Isospora sp. isolate 28S_Seq18 large subunit ribosomal RNA gene, partial sequence
cc_rrna_kmer_000872|28S	KT726931.1	1743397	N/A	100.000	31	0	0	1	31	1371	1341	Isospora sp. 28S ribosomal RNA gene, partial sequence
cc_rrna_kmer_000872|28S	AY283846.1	241650	N/A	100.000	31	0	0	1	31	1373	1343	Atoxoplasma sp. MS-2003 large subunit ribosomal RNA gene, partial sequence
cc_rrna_kmer_000872|28S	OA985033.1	2823480	N/A	100.000	31	0	0	1	31	814	784	Isospora sp. Hs1 partial 28S rRNA gene
cc_rrna_kmer_000872|28S	AY283851.1	241650	N/A	100.000	31	0	0	1	31	1369	1339	Atoxoplasma sp. MS-2003 large subunit ribosomal RNA gene, partial sequence
cc_rrna_kmer_000872|28S	MW775028.1	2820073	N/A	100.000	31	0	0	1	31	1330	1300	Isospora lacazei isolate 6-Bule-peafowl large subunit ribosomal RNA gene, partial sequence
cc_rrna_kmer_000872|28S	AY283856.1	241650	N/A	100.000	31	0	0	1	31	1370	1340	Atoxoplasma sp. MS-2003 large subunit ribosomal RNA gene, partial sequence
cc_rrna_kmer_000873|28S	XR_003297360.1	88456	N/A	100.000	31	0	0	1	31	921	951	PREDICTED: Cyclospora cayetanensis large subunit ribosomal RNA (LOC113146729), rRNA
cc_rrna_kmer_000873|28S	EU252544.1	88456	N/A	100.000	31	0	0	1	31	1666	1696	Cyclospora cayetanensis 28S large subunit ribosomal RNA gene, partial sequence
cc_rrna_kmer_000874|28S	EU252544.1	88456	N/A	100.000	31	0	0	1	31	722	692	Cyclospora cayetanensis 28S large subunit ribosomal RNA gene, partial sequence
cc_rrna_kmer_000875|28S	XR_003297360.1	88456	N/A	100.000	31	0	0	1	31	139	109	PREDICTED: Cyclospora cayetanensis large subunit ribosomal RNA (LOC113146729), rRNA
cc_rrna_kmer_000875|28S	EU252544.1	88456	N/A	100.000	31	0	0	1	31	884	854	Cyclospora cayetanensis 28S large subunit ribosomal RNA gene, partial sequence
cc_rrna_kmer_000876|28S	XR_003297360.1	88456	N/A	100.000	31	0	0	1	31	726	696	PREDICTED: Cyclospora cayetanensis large subunit ribosomal RNA (LOC113146729), rRNA
cc_rrna_kmer_000876|28S	EU252544.1	88456	N/A	100.000	31	0	0	1	31	1471	1441	Cyclospora cayetanensis 28S large subunit ribosomal RNA gene, partial sequence
cc_rrna_kmer_000877|28S	EU252544.1	88456	N/A	100.000	31	0	0	1	31	757	727	Cyclospora cayetanensis 28S large subunit ribosomal RNA gene, partial sequence
cc_rrna_kmer_000878|28S	EU252544.1	88456	N/A	100.000	31	0	0	1	31	288	258	Cyclospora cayetanensis 28S large subunit ribosomal RNA gene, partial sequence
cc_rrna_kmer_000879|28S	XR_003297360.1	88456	N/A	100.000	31	0	0	1	31	135	105	PREDICTED: Cyclospora cayetanensis large subunit ribosomal RNA (LOC113146729), rRNA
cc_rrna_kmer_000879|28S	EU252544.1	88456	N/A	100.000	31	0	0	1	31	880	850	Cyclospora cayetanensis 28S large subunit ribosomal RNA gene, partial sequence
cc_rrna_kmer_000880|28S	EU252544.1	88456	N/A	100.000	31	0	0	1	31	256	286	Cyclospora cayetanensis 28S large subunit ribosomal RNA gene, partial sequence
cc_rrna_kmer_000881|28S	XR_003297360.1	88456	N/A	100.000	31	0	0	1	31	1370	1400	PREDICTED: Cyclospora cayetanensis large subunit ribosomal RNA (LOC113146729), rRNA
cc_rrna_kmer_000882|28S	XR_003297360.1	88456	N/A	100.000	31	0	0	1	31	1050	1020	PREDICTED: Cyclospora cayetanensis large subunit ribosomal RNA (LOC113146729), rRNA
cc_rrna_kmer_000882|28S	EU252544.1	88456	N/A	100.000	31	0	0	1	31	1795	1765	Cyclospora cayetanensis 28S large subunit ribosomal RNA gene, partial sequence
cc_rrna_kmer_000883|28S	XR_003297360.1	88456	N/A	100.000	31	0	0	1	31	1915	1885	PREDICTED: Cyclospora cayetanensis large subunit ribosomal RNA (LOC113146729), rRNA
cc_rrna_kmer_000884|28S	XR_003297360.1	88456	N/A	100.000	31	0	0	1	31	2668	2638	PREDICTED: Cyclospora cayetanensis large subunit ribosomal RNA (LOC113146729), rRNA
cc_rrna_kmer_000885|28S	XR_003297360.1	88456	N/A	100.000	31	0	0	1	31	1418	1448	PREDICTED: Cyclospora cayetanensis large subunit ribosomal RNA (LOC113146729), rRNA
cc_rrna_kmer_000886|28S	DQ444226.1	376364	N/A	100.000	31	0	0	1	31	777	807	Diplopsalis lenticula strain M2 large subunit ribosomal RNA gene, partial sequence
cc_rrna_kmer_000886|28S	EF152793.1	376364	N/A	100.000	31	0	0	1	31	733	763	Diplopsalis lenticula cell9_clone13 large subunit ribosomal RNA gene, partial sequence
cc_rrna_kmer_000886|28S	ON392314.1	2909494	N/A	100.000	31	0	0	1	31	782	812	Preperidinium sp. isolate YS1-SGW1 large subunit ribosomal RNA gene, partial sequence
cc_rrna_kmer_000886|28S	ON392263.1	376364	N/A	100.000	31	0	0	1	31	777	807	Diplopsalis lenticula isolate JZB-3 large subunit ribosomal RNA gene, partial sequence
cc_rrna_kmer_000886|28S	ON392266.1	376364	N/A	100.000	31	0	0	1	31	777	807	Diplopsalis lenticula isolate RZ-3 large subunit ribosomal RNA gene, partial sequence
cc_rrna_kmer_000886|28S	ON392312.1	2909494	N/A	100.000	31	0	0	1	31	722	752	Preperidinium sp. isolate YS1-YT2 large subunit ribosomal RNA gene, partial sequence
cc_rrna_kmer_000886|28S	EF152794.1	376364	N/A	100.000	31	0	0	1	31	777	807	Diplopsalis lenticula cell9_clone8 large subunit ribosomal RNA gene, partial sequence
cc_rrna_kmer_000886|28S	EF152781.1	376364	N/A	100.000	31	0	0	1	31	777	807	Diplopsalis lenticula cell12_clone8 large subunit ribosomal RNA gene, partial sequence
cc_rrna_kmer_000886|28S	ON392315.1	2909494	N/A	100.000	31	0	0	1	31	782	812	Preperidinium sp. isolate YS1-RZ1 large subunit ribosomal RNA gene, partial sequence
cc_rrna_kmer_000886|28S	XR_003297360.1	88456	N/A	100.000	31	0	0	1	31	173	203	PREDICTED: Cyclospora cayetanensis large subunit ribosomal RNA (LOC113146729), rRNA
cc_rrna_kmer_000886|28S	EF152785.1	376364	N/A	100.000	31	0	0	1	31	777	807	Diplopsalis lenticula cell2_clone2 large subunit ribosomal RNA gene, partial sequence
cc_rrna_kmer_000886|28S	EF152786.1	376364	N/A	100.000	31	0	0	1	31	777	807	Diplopsalis lenticula cell2_clone3 large subunit ribosomal RNA gene, partial sequence
cc_rrna_kmer_000886|28S	EF152780.1	376364	N/A	100.000	31	0	0	1	31	777	807	Diplopsalis lenticula cell12_clone3 large subunit ribosomal RNA gene, partial sequence
cc_rrna_kmer_000886|28S	EF152787.1	376364	N/A	100.000	31	0	0	1	31	777	807	Diplopsalis lenticula cell2_clone8 large subunit ribosomal RNA gene, partial sequence
cc_rrna_kmer_000886|28S	ON392262.1	376364	N/A	100.000	31	0	0	1	31	777	807	Diplopsalis lenticula isolate JZB-2 large subunit ribosomal RNA gene, partial sequence
cc_rrna_kmer_000886|28S	ON392311.1	2909494	N/A	100.000	31	0	0	1	31	717	747	Preperidinium sp. isolate YS1-YT1 large subunit ribosomal RNA gene, partial sequence
cc_rrna_kmer_000886|28S	ON392264.1	376364	N/A	100.000	31	0	0	1	31	777	807	Diplopsalis lenticula isolate RZ-1 large subunit ribosomal RNA gene, partial sequence
cc_rrna_kmer_000886|28S	PV170855.1	2909494	N/A	100.000	31	0	0	1	31	782	812	Preperidinium sp. isolate BSPRE1 large subunit ribosomal RNA gene, partial sequence
cc_rrna_kmer_000886|28S	EU252544.1	88456	N/A	100.000	31	0	0	1	31	918	948	Cyclospora cayetanensis 28S large subunit ribosomal RNA gene, partial sequence
cc_rrna_kmer_000886|28S	ON392261.1	376364	N/A	100.000	31	0	0	1	31	777	807	Diplopsalis lenticula isolate JZB-1 large subunit ribosomal RNA gene, partial sequence
cc_rrna_kmer_000886|28S	EF152778.1	376364	N/A	100.000	31	0	0	1	31	777	807	Diplopsalis lenticula cell12_clone2 large subunit ribosomal RNA gene, partial sequence
cc_rrna_kmer_000886|28S	ON392268.1	376364	N/A	100.000	31	0	0	1	31	777	807	Diplopsalis lenticula isolate RZ-5 large subunit ribosomal RNA gene, partial sequence
cc_rrna_kmer_000886|28S	EF152782.1	376364	N/A	100.000	31	0	0	1	31	777	807	Diplopsalis lenticula cell12_clone7 large subunit ribosomal RNA gene, partial sequence
cc_rrna_kmer_000886|28S	EF152784.1	376364	N/A	100.000	31	0	0	1	31	764	794	Diplopsalis lenticula cell13_clone3 large subunit ribosomal RNA gene, partial sequence
cc_rrna_kmer_000886|28S	ON392313.1	2909494	N/A	100.000	31	0	0	1	31	725	755	Preperidinium sp. isolate YS1-YT3 large subunit ribosomal RNA gene, partial sequence
cc_rrna_kmer_000887|28S	XR_003297360.1	88456	N/A	100.000	31	0	0	1	31	772	742	PREDICTED: Cyclospora cayetanensis large subunit ribosomal RNA (LOC113146729), rRNA
cc_rrna_kmer_000887|28S	EU252544.1	88456	N/A	100.000	31	0	0	1	31	1517	1487	Cyclospora cayetanensis 28S large subunit ribosomal RNA gene, partial sequence
cc_rrna_kmer_000888|28S	XR_003297360.1	88456	N/A	100.000	31	0	0	1	31	1031	1061	PREDICTED: Cyclospora cayetanensis large subunit ribosomal RNA (LOC113146729), rRNA
cc_rrna_kmer_000888|28S	EU252544.1	88456	N/A	100.000	31	0	0	1	31	1776	1806	Cyclospora cayetanensis 28S large subunit ribosomal RNA gene, partial sequence
cc_rrna_kmer_000889|28S	XR_003297360.1	88456	N/A	100.000	31	0	0	1	31	174	144	PREDICTED: Cyclospora cayetanensis large subunit ribosomal RNA (LOC113146729), rRNA
cc_rrna_kmer_000889|28S	EU252544.1	88456	N/A	100.000	31	0	0	1	31	919	889	Cyclospora cayetanensis 28S large subunit ribosomal RNA gene, partial sequence
cc_rrna_kmer_000890|28S	XR_003297360.1	88456	N/A	100.000	31	0	0	1	31	2613	2583	PREDICTED: Cyclospora cayetanensis large subunit ribosomal RNA (LOC113146729), rRNA
cc_rrna_kmer_000891|28S	EU252544.1	88456	N/A	100.000	31	0	0	1	31	160	190	Cyclospora cayetanensis 28S large subunit ribosomal RNA gene, partial sequence
cc_rrna_kmer_000892|28S	XR_003297360.1	88456	N/A	100.000	31	0	0	1	31	771	801	PREDICTED: Cyclospora cayetanensis large subunit ribosomal RNA (LOC113146729), rRNA
cc_rrna_kmer_000892|28S	EU252544.1	88456	N/A	100.000	31	0	0	1	31	1516	1546	Cyclospora cayetanensis 28S large subunit ribosomal RNA gene, partial sequence
cc_rrna_kmer_000893|28S	XR_003297360.1	88456	N/A	100.000	31	0	0	1	31	945	975	PREDICTED: Cyclospora cayetanensis large subunit ribosomal RNA (LOC113146729), rRNA
cc_rrna_kmer_000893|28S	EU252544.1	88456	N/A	100.000	31	0	0	1	31	1690	1720	Cyclospora cayetanensis 28S large subunit ribosomal RNA gene, partial sequence
cc_rrna_kmer_000894|28S	EU252544.1	88456	N/A	100.000	31	0	0	1	31	495	525	Cyclospora cayetanensis 28S large subunit ribosomal RNA gene, partial sequence
cc_rrna_kmer_000895|28S	XR_003297360.1	88456	N/A	100.000	31	0	0	1	31	1213	1243	PREDICTED: Cyclospora cayetanensis large subunit ribosomal RNA (LOC113146729), rRNA
cc_rrna_kmer_000896|28S	XR_003297360.1	88456	N/A	100.000	31	0	0	1	31	461	491	PREDICTED: Cyclospora cayetanensis large subunit ribosomal RNA (LOC113146729), rRNA
cc_rrna_kmer_000896|28S	EU252544.1	88456	N/A	100.000	31	0	0	1	31	1206	1236	Cyclospora cayetanensis 28S large subunit ribosomal RNA gene, partial sequence
cc_rrna_kmer_000896|28S	AY283851.1	241650	N/A	100.000	31	0	0	1	31	1121	1151	Atoxoplasma sp. MS-2003 large subunit ribosomal RNA gene, partial sequence
cc_rrna_kmer_000897|28S	XR_003297360.1	88456	N/A	100.000	31	0	0	1	31	2599	2569	PREDICTED: Cyclospora cayetanensis large subunit ribosomal RNA (LOC113146729), rRNA
cc_rrna_kmer_000899|28S	XR_003297360.1	88456	N/A	100.000	31	0	0	1	31	1887	1917	PREDICTED: Cyclospora cayetanensis large subunit ribosomal RNA (LOC113146729), rRNA
cc_rrna_kmer_000900|28S	EU252544.1	88456	N/A	100.000	31	0	0	1	31	1816	1846	Cyclospora cayetanensis 28S large subunit ribosomal RNA gene, partial sequence
cc_rrna_kmer_000901|28S	XR_003297360.1	88456	N/A	100.000	31	0	0	1	31	182	152	PREDICTED: Cyclospora cayetanensis large subunit ribosomal RNA (LOC113146729), rRNA
cc_rrna_kmer_000901|28S	EU252544.1	88456	N/A	100.000	31	0	0	1	31	927	897	Cyclospora cayetanensis 28S large subunit ribosomal RNA gene, partial sequence
cc_rrna_kmer_000902|28S	EU252544.1	88456	N/A	100.000	31	0	0	1	31	742	772	Cyclospora cayetanensis 28S large subunit ribosomal RNA gene, partial sequence
cc_rrna_kmer_000903|28S	XR_003297360.1	88456	N/A	100.000	31	0	0	1	31	41	71	PREDICTED: Cyclospora cayetanensis large subunit ribosomal RNA (LOC113146729), rRNA
cc_rrna_kmer_000903|28S	EU252544.1	88456	N/A	100.000	31	0	0	1	31	786	816	Cyclospora cayetanensis 28S large subunit ribosomal RNA gene, partial sequence
cc_rrna_kmer_000904|5S	XR_003297353.1	88456	N/A	100.000	31	0	0	1	31	75	45	PREDICTED: Cyclospora cayetanensis 5S ribosomal RNA (LOC113146603), rRNA
cc_rrna_kmer_000905|28S	XR_003297360.1	88456	N/A	100.000	31	0	0	1	31	2523	2553	PREDICTED: Cyclospora cayetanensis large subunit ribosomal RNA (LOC113146729), rRNA
cc_rrna_kmer_000906|18S	MK946294.1	342097	N/A	100.000	31	0	0	1	31	32	62	Uncultured soil eukaryote clone l330 small subunit ribosomal RNA gene, partial sequence
cc_rrna_kmer_000907|28S	XR_003297360.1	88456	N/A	100.000	31	0	0	1	31	2637	2667	PREDICTED: Cyclospora cayetanensis large subunit ribosomal RNA (LOC113146729), rRNA
cc_rrna_kmer_000908|28S	EU252544.1	88456	N/A	100.000	31	0	0	1	31	621	591	Cyclospora cayetanensis 28S large subunit ribosomal RNA gene, partial sequence
cc_rrna_kmer_000909|28S	XR_003297360.1	88456	N/A	100.000	31	0	0	1	31	157	127	PREDICTED: Cyclospora cayetanensis large subunit ribosomal RNA (LOC113146729), rRNA
cc_rrna_kmer_000909|28S	EU252544.1	88456	N/A	100.000	31	0	0	1	31	902	872	Cyclospora cayetanensis 28S large subunit ribosomal RNA gene, partial sequence
cc_rrna_kmer_000910|28S	AF301386.1	88456	N/A	100.000	31	0	0	1	31	1477	1507	Cyclospora cayetanensis small subunit ribosomal RNA gene, partial sequence; internal transcribed spacer 1, 5.8S ribosomal RNA gene and internal transcribed spacer 2, complete sequence; and large subunit ribosomal RNA gene, partial sequence
cc_rrna_kmer_000910|28S	EU252544.1	88456	N/A	100.000	31	0	0	1	31	16	46	Cyclospora cayetanensis 28S large subunit ribosomal RNA gene, partial sequence
cc_rrna_kmer_000910|28S	AF301391.1	88456	N/A	100.000	31	0	0	1	31	1479	1509	Cyclospora cayetanensis small subunit ribosomal RNA gene, partial sequence; internal transcribed spacer 1, 5.8S ribosomal RNA gene and internal transcribed spacer 2, complete sequence; and large subunit ribosomal RNA gene, partial sequence
cc_rrna_kmer_000911|28S	PQ742171.1	3384731	N/A	100.000	31	0	0	1	31	6328	6298	Goussia degiustii isolate EE9_EE10_II1 external transcribed spacer, partial sequence; small subunit ribosomal RNA gene, internal transcribed spacer 1, 5.8S ribosomal RNA gene, internal transcribed spacer 2, and large subunit ribosomal RNA gene, complete sequence; and external transcribed spacer, partial sequence
cc_rrna_kmer_000911|28S	XR_003297360.1	88456	N/A	100.000	31	0	0	1	31	2705	2675	PREDICTED: Cyclospora cayetanensis large subunit ribosomal RNA (LOC113146729), rRNA
cc_rrna_kmer_000912|28S	XR_003297360.1	88456	N/A	100.000	31	0	0	1	31	2562	2592	PREDICTED: Cyclospora cayetanensis large subunit ribosomal RNA (LOC113146729), rRNA
cc_rrna_kmer_000913|28S	EU252544.1	88456	N/A	100.000	31	0	0	1	31	186	216	Cyclospora cayetanensis 28S large subunit ribosomal RNA gene, partial sequence
cc_rrna_kmer_000914|28S	EU252544.1	88456	N/A	100.000	31	0	0	1	31	189	159	Cyclospora cayetanensis 28S large subunit ribosomal RNA gene, partial sequence
cc_rrna_kmer_000915|28S	XR_003297360.1	88456	N/A	100.000	31	0	0	1	31	2171	2141	PREDICTED: Cyclospora cayetanensis large subunit ribosomal RNA (LOC113146729), rRNA
cc_rrna_kmer_000915|28S	GU593716.1	947543	N/A	100.000	31	0	0	1	31	813	783	Goussia carpelli strain 23 28S ribosomal RNA gene, partial sequence
cc_rrna_kmer_000916|28S	XR_003297360.1	88456	N/A	100.000	31	0	0	1	31	2136	2166	PREDICTED: Cyclospora cayetanensis large subunit ribosomal RNA (LOC113146729), rRNA
cc_rrna_kmer_000916|28S	GU593716.1	947543	N/A	100.000	31	0	0	1	31	778	808	Goussia carpelli strain 23 28S ribosomal RNA gene, partial sequence
cc_rrna_kmer_000917|28S	MN928848.1	33632	N/A	100.000	31	0	0	1	31	884	914	Babesia gibsoni isolate XABg8 18S ribosomal RNA gene, partial sequence; internal transcribed spacer 1, 5.8S ribosomal RNA gene, and internal transcribed spacer 2, complete sequence; and 28S ribosomal RNA gene, partial sequence
cc_rrna_kmer_000917|28S	KP666154.1	33632	N/A	100.000	31	0	0	1	31	885	915	Babesia gibsoni isolate WH123 18S ribosomal RNA gene, partial sequence; internal transcribed spacer 1, 5.8S ribosomal RNA gene, and internal transcribed spacer 2, complete sequence; and 28S ribosomal RNA gene, partial sequence
cc_rrna_kmer_000917|28S	PQ742171.1	3384731	N/A	100.000	31	0	0	1	31	2925	2955	Goussia degiustii isolate EE9_EE10_II1 external transcribed spacer, partial sequence; small subunit ribosomal RNA gene, internal transcribed spacer 1, 5.8S ribosomal RNA gene, internal transcribed spacer 2, and large subunit ribosomal RNA gene, complete sequence; and external transcribed spacer, partial sequence
cc_rrna_kmer_000917|28S	AY331567.1	241650	N/A	100.000	31	0	0	1	31	917	947	Atoxoplasma sp. MS-2003 from Finchbill small subunit ribosomal RNA gene, partial sequence; internal transcribed spacer 1, 5.8S ribosomal RNA gene, and internal transcribed spacer 2, complete sequence; and large subunit ribosomal RNA gene, partial sequence
cc_rrna_kmer_000917|28S	KP666147.1	33632	N/A	100.000	31	0	0	1	31	884	914	Babesia gibsoni isolate WH82 18S ribosomal RNA gene, partial sequence; internal transcribed spacer 1, 5.8S ribosomal RNA gene, and internal transcribed spacer 2, complete sequence; and 28S ribosomal RNA gene, partial sequence
cc_rrna_kmer_000917|28S	KP666145.1	33632	N/A	100.000	31	0	0	1	31	884	914	Babesia gibsoni isolate WH61 18S ribosomal RNA gene, partial sequence; internal transcribed spacer 1, 5.8S ribosomal RNA gene, and internal transcribed spacer 2, complete sequence; and 28S ribosomal RNA gene, partial sequence
cc_rrna_kmer_000917|28S	MN928845.1	33632	N/A	100.000	31	0	0	1	31	884	914	Babesia gibsoni isolate HZBg40 18S ribosomal RNA gene, partial sequence; internal transcribed spacer 1, 5.8S ribosomal RNA gene, and internal transcribed spacer 2, complete sequence; and 28S ribosomal RNA gene, partial sequence
cc_rrna_kmer_000917|28S	MN928844.1	33632	N/A	100.000	31	0	0	1	31	884	914	Babesia gibsoni isolate XABg6 18S ribosomal RNA gene, partial sequence; internal transcribed spacer 1, 5.8S ribosomal RNA gene, and internal transcribed spacer 2, complete sequence; and 28S ribosomal RNA gene, partial sequence
cc_rrna_kmer_000917|28S	OK091618.1	33632	N/A	100.000	31	0	0	1	31	880	910	Babesia gibsoni voucher HFBg03 small subunit ribosomal RNA gene, partial sequence; internal transcribed spacer 1, 5.8S ribosomal RNA gene, and internal transcribed spacer 2, complete sequence; and large subunit ribosomal RNA gene, partial sequence
cc_rrna_kmer_000917|28S	MN928843.1	33632	N/A	100.000	31	0	0	1	31	884	914	Babesia gibsoni isolate XABg76 18S ribosomal RNA gene, partial sequence; internal transcribed spacer 1, 5.8S ribosomal RNA gene, and internal transcribed spacer 2, complete sequence; and 28S ribosomal RNA gene, partial sequence
cc_rrna_kmer_000917|28S	AY283850.1	241650	N/A	100.000	31	0	0	1	31	19	49	Atoxoplasma sp. MS-2003 large subunit ribosomal RNA gene, partial sequence
cc_rrna_kmer_000917|28S	OK091616.1	33632	N/A	100.000	31	0	0	1	31	880	910	Babesia gibsoni voucher HFBg01 small subunit ribosomal RNA gene, partial sequence; internal transcribed spacer 1, 5.8S ribosomal RNA gene, and internal transcribed spacer 2, complete sequence; and large subunit ribosomal RNA gene, partial sequence
cc_rrna_kmer_000917|28S	MN928836.1	33632	N/A	100.000	31	0	0	1	31	884	914	Babesia gibsoni isolate XABg5 18S ribosomal RNA gene, partial sequence; internal transcribed spacer 1, 5.8S ribosomal RNA gene, and internal transcribed spacer 2, complete sequence; and 28S ribosomal RNA gene, partial sequence
cc_rrna_kmer_000917|28S	KP666150.1	33632	N/A	100.000	31	0	0	1	31	884	914	Babesia gibsoni isolate WH114 18S ribosomal RNA gene, partial sequence; internal transcribed spacer 1, 5.8S ribosomal RNA gene, and internal transcribed spacer 2, complete sequence; and 28S ribosomal RNA gene, partial sequence
cc_rrna_kmer_000917|28S	MN928834.1	33632	N/A	100.000	31	0	0	1	31	884	914	Babesia gibsoni isolate XABg68 18S ribosomal RNA gene, partial sequence; internal transcribed spacer 1, 5.8S ribosomal RNA gene, and internal transcribed spacer 2, complete sequence; and 28S ribosomal RNA gene, partial sequence
cc_rrna_kmer_000917|28S	KP666146.1	33632	N/A	100.000	31	0	0	1	31	884	914	Babesia gibsoni isolate WH71 18S ribosomal RNA gene, partial sequence; internal transcribed spacer 1, 5.8S ribosomal RNA gene, and internal transcribed spacer 2, complete sequence; and 28S ribosomal RNA gene, partial sequence
cc_rrna_kmer_000917|28S	KP666152.1	33632	N/A	100.000	31	0	0	1	31	884	914	Babesia gibsoni isolate WH120 18S ribosomal RNA gene, partial sequence; internal transcribed spacer 1, 5.8S ribosomal RNA gene, and internal transcribed spacer 2, complete sequence; and 28S ribosomal RNA gene, partial sequence
cc_rrna_kmer_000917|28S	KP666149.1	33632	N/A	100.000	31	0	0	1	31	884	914	Babesia gibsoni isolate WH91 18S ribosomal RNA gene, partial sequence; internal transcribed spacer 1, 5.8S ribosomal RNA gene, and internal transcribed spacer 2, complete sequence; and 28S ribosomal RNA gene, partial sequence
cc_rrna_kmer_000917|28S	MN928851.1	33632	N/A	100.000	31	0	0	1	31	884	914	Babesia gibsoni isolate HZBg9 18S ribosomal RNA gene, partial sequence; internal transcribed spacer 1, 5.8S ribosomal RNA gene, and internal transcribed spacer 2, complete sequence; and 28S ribosomal RNA gene, partial sequence
cc_rrna_kmer_000917|28S	MN928847.1	33632	N/A	100.000	31	0	0	1	31	884	914	Babesia gibsoni isolate HZBg4 18S ribosomal RNA gene, partial sequence; internal transcribed spacer 1, 5.8S ribosomal RNA gene, and internal transcribed spacer 2, complete sequence; and 28S ribosomal RNA gene, partial sequence
cc_rrna_kmer_000917|28S	KP666151.1	33632	N/A	100.000	31	0	0	1	31	884	914	Babesia gibsoni isolate WH110 18S ribosomal RNA gene, partial sequence; internal transcribed spacer 1, 5.8S ribosomal RNA gene, and internal transcribed spacer 2, complete sequence; and 28S ribosomal RNA gene, partial sequence
cc_rrna_kmer_000917|28S	KP666143.1	33632	N/A	100.000	31	0	0	1	31	884	914	Babesia gibsoni isolate WH56 18S ribosomal RNA gene, partial sequence; internal transcribed spacer 1, 5.8S ribosomal RNA gene, and internal transcribed spacer 2, complete sequence; and 28S ribosomal RNA gene, partial sequence
cc_rrna_kmer_000917|28S	MN928850.1	33632	N/A	100.000	31	0	0	1	31	884	914	Babesia gibsoni isolate XABg35 18S ribosomal RNA gene, partial sequence; internal transcribed spacer 1, 5.8S ribosomal RNA gene, and internal transcribed spacer 2, complete sequence; and 28S ribosomal RNA gene, partial sequence
cc_rrna_kmer_000917|28S	AY283865.1	241650	N/A	100.000	31	0	0	1	31	19	49	Atoxoplasma sp. MS-2003 large subunit ribosomal RNA gene, partial sequence
cc_rrna_kmer_000917|28S	KP666144.1	33632	N/A	100.000	31	0	0	1	31	884	914	Babesia gibsoni isolate WH58 18S ribosomal RNA gene, partial sequence; internal transcribed spacer 1, 5.8S ribosomal RNA gene, and internal transcribed spacer 2, complete sequence; and 28S ribosomal RNA gene, partial sequence
cc_rrna_kmer_000917|28S	MN928842.1	33632	N/A	100.000	31	0	0	1	31	884	914	Babesia gibsoni isolate HZBg21 18S ribosomal RNA gene, partial sequence; internal transcribed spacer 1, 5.8S ribosomal RNA gene, and internal transcribed spacer 2, complete sequence; and 28S ribosomal RNA gene, partial sequence
cc_rrna_kmer_000917|28S	MN928837.1	33632	N/A	100.000	31	0	0	1	31	884	914	Babesia gibsoni isolate XABg14 18S ribosomal RNA gene, partial sequence; internal transcribed spacer 1, 5.8S ribosomal RNA gene, and internal transcribed spacer 2, complete sequence; and 28S ribosomal RNA gene, partial sequence
cc_rrna_kmer_000917|28S	MN928846.1	33632	N/A	100.000	31	0	0	1	31	884	914	Babesia gibsoni isolate HZBg42 18S ribosomal RNA gene, partial sequence; internal transcribed spacer 1, 5.8S ribosomal RNA gene, and internal transcribed spacer 2, complete sequence; and 28S ribosomal RNA gene, partial sequence
cc_rrna_kmer_000917|28S	KP666142.1	33632	N/A	100.000	31	0	0	1	31	887	917	Babesia gibsoni isolate WH54 18S ribosomal RNA gene, partial sequence; internal transcribed spacer 1, 5.8S ribosomal RNA gene, and internal transcribed spacer 2, complete sequence; and 28S ribosomal RNA gene, partial sequence
cc_rrna_kmer_000917|28S	MN928841.1	33632	N/A	100.000	31	0	0	1	31	884	914	Babesia gibsoni isolate HZBg20 18S ribosomal RNA gene, partial sequence; internal transcribed spacer 1, 5.8S ribosomal RNA gene, and internal transcribed spacer 2, complete sequence; and 28S ribosomal RNA gene, partial sequence
cc_rrna_kmer_000917|28S	KP666153.1	33632	N/A	100.000	31	0	0	1	31	884	914	Babesia gibsoni isolate WH121 18S ribosomal RNA gene, partial sequence; internal transcribed spacer 1, 5.8S ribosomal RNA gene, and internal transcribed spacer 2, complete sequence; and 28S ribosomal RNA gene, partial sequence
cc_rrna_kmer_000917|28S	MN928840.1	33632	N/A	100.000	31	0	0	1	31	884	914	Babesia gibsoni isolate XABg57 18S ribosomal RNA gene, partial sequence; internal transcribed spacer 1, 5.8S ribosomal RNA gene, and internal transcribed spacer 2, complete sequence; and 28S ribosomal RNA gene, partial sequence
cc_rrna_kmer_000917|28S	KP666141.1	33632	N/A	100.000	31	0	0	1	31	884	914	Babesia gibsoni isolate WH35 18S ribosomal RNA gene, partial sequence; internal transcribed spacer 1, 5.8S ribosomal RNA gene, and internal transcribed spacer 2, complete sequence; and 28S ribosomal RNA gene, partial sequence
cc_rrna_kmer_000917|28S	OK091619.1	33632	N/A	100.000	31	0	0	1	31	880	910	Babesia gibsoni voucher AQBg03 small subunit ribosomal RNA gene, partial sequence; internal transcribed spacer 1, 5.8S ribosomal RNA gene, and internal transcribed spacer 2, complete sequence; and large subunit ribosomal RNA gene, partial sequence
cc_rrna_kmer_000917|28S	MN928849.1	33632	N/A	100.000	31	0	0	1	31	884	914	Babesia gibsoni isolate XABg43 18S ribosomal RNA gene, partial sequence; internal transcribed spacer 1, 5.8S ribosomal RNA gene, and internal transcribed spacer 2, complete sequence; and 28S ribosomal RNA gene, partial sequence
cc_rrna_kmer_000917|28S	EU252544.1	88456	N/A	100.000	31	0	0	1	31	99	129	Cyclospora cayetanensis 28S large subunit ribosomal RNA gene, partial sequence
cc_rrna_kmer_000917|28S	OK091617.1	33632	N/A	100.000	31	0	0	1	31	880	910	Babesia gibsoni voucher HFBg02 small subunit ribosomal RNA gene, partial sequence; internal transcribed spacer 1, 5.8S ribosomal RNA gene, and internal transcribed spacer 2, complete sequence; and large subunit ribosomal RNA gene, partial sequence
cc_rrna_kmer_000917|28S	MN928839.1	33632	N/A	100.000	31	0	0	1	31	884	914	Babesia gibsoni isolate HZBg27 18S ribosomal RNA gene, partial sequence; internal transcribed spacer 1, 5.8S ribosomal RNA gene, and internal transcribed spacer 2, complete sequence; and 28S ribosomal RNA gene, partial sequence
cc_rrna_kmer_000917|28S	MN928835.1	33632	N/A	100.000	31	0	0	1	31	884	914	Babesia gibsoni isolate HZBg11 18S ribosomal RNA gene, partial sequence; internal transcribed spacer 1, 5.8S ribosomal RNA gene, and internal transcribed spacer 2, complete sequence; and 28S ribosomal RNA gene, partial sequence
cc_rrna_kmer_000917|28S	AY331570.1	241650	N/A	100.000	31	0	0	1	31	551	581	Atoxoplasma sp. MS-2003 from Javan ruby-throated bulbul small subunit ribosomal RNA gene, partial sequence; internal transcribed spacer 1, 5.8S ribosomal RNA gene, and internal transcribed spacer 2, complete sequence; and large subunit ribosomal RNA gene, partial sequence
cc_rrna_kmer_000918|28S	XR_003297360.1	88456	N/A	100.000	31	0	0	1	31	1844	1814	PREDICTED: Cyclospora cayetanensis large subunit ribosomal RNA (LOC113146729), rRNA
cc_rrna_kmer_000920|28S	EU252544.1	88456	N/A	100.000	31	0	0	1	31	138	168	Cyclospora cayetanensis 28S large subunit ribosomal RNA gene, partial sequence
cc_rrna_kmer_000921|28S	MW422270.1	2800198	N/A	100.000	31	0	0	1	31	156	126	Isospora phylidonyrisae isolate 20381 large subunit ribosomal RNA gene, partial sequence
cc_rrna_kmer_000921|28S	MW776413.1	3054442	N/A	100.000	31	0	0	1	31	168	138	Isospora lunulatae isolate 20742 large subunit ribosomal RNA gene, partial sequence
cc_rrna_kmer_000921|28S	KT224381.1	1678286	N/A	100.000	31	0	0	1	31	156	126	Isospora manorinae isolate 22795 large subunit ribosomal RNA gene, partial sequence
cc_rrna_kmer_000921|28S	EU252544.1	88456	N/A	100.000	31	0	0	1	31	304	274	Cyclospora cayetanensis 28S large subunit ribosomal RNA gene, partial sequence
cc_rrna_kmer_000921|28S	KF766053.1	1487184	N/A	100.000	31	0	0	1	31	168	138	Isospora anthochaerae large subunit ribosomal RNA gene, partial sequence
cc_rrna_kmer_000923|28S	PQ742171.1	3384731	N/A	100.000	31	0	0	1	31	6323	6293	Goussia degiustii isolate EE9_EE10_II1 external transcribed spacer, partial sequence; small subunit ribosomal RNA gene, internal transcribed spacer 1, 5.8S ribosomal RNA gene, internal transcribed spacer 2, and large subunit ribosomal RNA gene, complete sequence; and external transcribed spacer, partial sequence
cc_rrna_kmer_000923|28S	XR_003297360.1	88456	N/A	100.000	31	0	0	1	31	2700	2670	PREDICTED: Cyclospora cayetanensis large subunit ribosomal RNA (LOC113146729), rRNA
cc_rrna_kmer_000924|28S	XR_003297360.1	88456	N/A	100.000	31	0	0	1	31	94	64	PREDICTED: Cyclospora cayetanensis large subunit ribosomal RNA (LOC113146729), rRNA
cc_rrna_kmer_000924|28S	EU252544.1	88456	N/A	100.000	31	0	0	1	31	839	809	Cyclospora cayetanensis 28S large subunit ribosomal RNA gene, partial sequence
cc_rrna_kmer_000926|28S	XR_003297360.1	88456	N/A	100.000	31	0	0	1	31	762	732	PREDICTED: Cyclospora cayetanensis large subunit ribosomal RNA (LOC113146729), rRNA
cc_rrna_kmer_000926|28S	EU252544.1	88456	N/A	100.000	31	0	0	1	31	1507	1477	Cyclospora cayetanensis 28S large subunit ribosomal RNA gene, partial sequence
cc_rrna_kmer_000927|28S	XR_003297360.1	88456	N/A	100.000	31	0	0	1	31	567	597	PREDICTED: Cyclospora cayetanensis large subunit ribosomal RNA (LOC113146729), rRNA
cc_rrna_kmer_000927|28S	EU252544.1	88456	N/A	100.000	31	0	0	1	31	1312	1342	Cyclospora cayetanensis 28S large subunit ribosomal RNA gene, partial sequence
cc_rrna_kmer_000928|18S	AF111183.1	88456	N/A	100.000	31	0	0	1	31	1675	1705	Cyclospora cayetanensis 18S ribosomal RNA gene, complete sequence
cc_rrna_kmer_000928|18S	XR_003297358.1	88456	N/A	100.000	31	0	0	1	31	1675	1705	PREDICTED: Cyclospora cayetanensis small subunit ribosomal RNA (LOC113146722), rRNA
cc_rrna_kmer_000928|18S	KX618190.1	88456	N/A	100.000	31	0	0	1	31	1675	1705	Cyclospora cayetanensis 18S small subunit ribosomal RNA gene, partial sequence
cc_rrna_kmer_000930|28S	XR_003297360.1	88456	N/A	100.000	31	0	0	1	31	1496	1466	PREDICTED: Cyclospora cayetanensis large subunit ribosomal RNA (LOC113146729), rRNA
cc_rrna_kmer_000932|28S	XR_003297360.1	88456	N/A	100.000	31	0	0	1	31	1180	1210	PREDICTED: Cyclospora cayetanensis large subunit ribosomal RNA (LOC113146729), rRNA
cc_rrna_kmer_000933|28S	XR_003297360.1	88456	N/A	100.000	31	0	0	1	31	103	73	PREDICTED: Cyclospora cayetanensis large subunit ribosomal RNA (LOC113146729), rRNA
cc_rrna_kmer_000933|28S	EU252544.1	88456	N/A	100.000	31	0	0	1	31	848	818	Cyclospora cayetanensis 28S large subunit ribosomal RNA gene, partial sequence
cc_rrna_kmer_000934|5S	XR_003297353.1	88456	N/A	100.000	31	0	0	1	31	44	74	PREDICTED: Cyclospora cayetanensis 5S ribosomal RNA (LOC113146603), rRNA
cc_rrna_kmer_000935|18S	AF111183.1	88456	N/A	100.000	31	0	0	1	31	1706	1676	Cyclospora cayetanensis 18S ribosomal RNA gene, complete sequence
cc_rrna_kmer_000935|18S	XR_003297358.1	88456	N/A	100.000	31	0	0	1	31	1706	1676	PREDICTED: Cyclospora cayetanensis small subunit ribosomal RNA (LOC113146722), rRNA
cc_rrna_kmer_000935|18S	KX618190.1	88456	N/A	100.000	31	0	0	1	31	1706	1676	Cyclospora cayetanensis 18S small subunit ribosomal RNA gene, partial sequence
cc_rrna_kmer_000936|28S	EU252544.1	88456	N/A	100.000	31	0	0	1	31	726	756	Cyclospora cayetanensis 28S large subunit ribosomal RNA gene, partial sequence
cc_rrna_kmer_000937|28S	EU252544.1	88456	N/A	100.000	31	0	0	1	31	158	128	Cyclospora cayetanensis 28S large subunit ribosomal RNA gene, partial sequence
cc_rrna_kmer_000938|28S	EU252544.1	88456	N/A	100.000	31	0	0	1	31	681	651	Cyclospora cayetanensis 28S large subunit ribosomal RNA gene, partial sequence
cc_rrna_kmer_000939|28S	XR_003297360.1	88456	N/A	100.000	31	0	0	1	31	1205	1175	PREDICTED: Cyclospora cayetanensis large subunit ribosomal RNA (LOC113146729), rRNA
cc_rrna_kmer_000940|28S	EU252544.1	88456	N/A	100.000	31	0	0	1	31	717	687	Cyclospora cayetanensis 28S large subunit ribosomal RNA gene, partial sequence
cc_rrna_kmer_000941|28S	XR_003297360.1	88456	N/A	100.000	31	0	0	1	31	2624	2594	PREDICTED: Cyclospora cayetanensis large subunit ribosomal RNA (LOC113146729), rRNA
cc_rrna_kmer_000942|28S	EU252544.1	88456	N/A	100.000	31	0	0	1	31	176	146	Cyclospora cayetanensis 28S large subunit ribosomal RNA gene, partial sequence
cc_rrna_kmer_000943|28S	AP038851.1	142759	N/A	100.000	31	0	0	1	31	5077830	5077800	Solanum cheesmaniae LA0166 DNA, chromosome 2, nearly complete sequence
cc_rrna_kmer_000943|28S	XR_003297360.1	88456	N/A	100.000	31	0	0	1	31	397	427	PREDICTED: Cyclospora cayetanensis large subunit ribosomal RNA (LOC113146729), rRNA
cc_rrna_kmer_000943|28S	EU252544.1	88456	N/A	100.000	31	0	0	1	31	1142	1172	Cyclospora cayetanensis 28S large subunit ribosomal RNA gene, partial sequence
cc_rrna_kmer_000944|28S	EU252544.1	88456	N/A	100.000	31	0	0	1	31	740	770	Cyclospora cayetanensis 28S large subunit ribosomal RNA gene, partial sequence
cc_rrna_kmer_000945|28S	EU252544.1	88456	N/A	100.000	31	0	0	1	31	191	161	Cyclospora cayetanensis 28S large subunit ribosomal RNA gene, partial sequence
cc_rrna_kmer_000946|28S	XR_003297360.1	88456	N/A	100.000	31	0	0	1	31	2173	2143	PREDICTED: Cyclospora cayetanensis large subunit ribosomal RNA (LOC113146729), rRNA
cc_rrna_kmer_000946|28S	GU593716.1	947543	N/A	100.000	31	0	0	1	31	815	785	Goussia carpelli strain 23 28S ribosomal RNA gene, partial sequence
cc_rrna_kmer_000947|28S	PQ742171.1	3384731	N/A	100.000	31	0	0	1	31	6325	6295	Goussia degiustii isolate EE9_EE10_II1 external transcribed spacer, partial sequence; small subunit ribosomal RNA gene, internal transcribed spacer 1, 5.8S ribosomal RNA gene, internal transcribed spacer 2, and large subunit ribosomal RNA gene, complete sequence; and external transcribed spacer, partial sequence
cc_rrna_kmer_000947|28S	XR_003297360.1	88456	N/A	100.000	31	0	0	1	31	2702	2672	PREDICTED: Cyclospora cayetanensis large subunit ribosomal RNA (LOC113146729), rRNA
cc_rrna_kmer_000948|28S	XR_003297360.1	88456	N/A	100.000	31	0	0	1	31	96	66	PREDICTED: Cyclospora cayetanensis large subunit ribosomal RNA (LOC113146729), rRNA
cc_rrna_kmer_000948|28S	EU252544.1	88456	N/A	100.000	31	0	0	1	31	841	811	Cyclospora cayetanensis 28S large subunit ribosomal RNA gene, partial sequence
cc_rrna_kmer_000949|28S	XR_003297360.1	88456	N/A	100.000	31	0	0	1	31	90	60	PREDICTED: Cyclospora cayetanensis large subunit ribosomal RNA (LOC113146729), rRNA
cc_rrna_kmer_000949|28S	EU252544.1	88456	N/A	100.000	31	0	0	1	31	835	805	Cyclospora cayetanensis 28S large subunit ribosomal RNA gene, partial sequence
cc_rrna_kmer_000950|28S	XR_003297360.1	88456	N/A	100.000	31	0	0	1	31	105	75	PREDICTED: Cyclospora cayetanensis large subunit ribosomal RNA (LOC113146729), rRNA
cc_rrna_kmer_000950|28S	EU252544.1	88456	N/A	100.000	31	0	0	1	31	850	820	Cyclospora cayetanensis 28S large subunit ribosomal RNA gene, partial sequence
cc_rrna_kmer_000952|28S	XR_003297360.1	88456	N/A	100.000	31	0	0	1	31	970	1000	PREDICTED: Cyclospora cayetanensis large subunit ribosomal RNA (LOC113146729), rRNA
cc_rrna_kmer_000953|28S	XR_003297360.1	88456	N/A	100.000	31	0	0	1	31	1374	1404	PREDICTED: Cyclospora cayetanensis large subunit ribosomal RNA (LOC113146729), rRNA
cc_rrna_kmer_000954|28S	XR_003297360.1	88456	N/A	100.000	31	0	0	1	31	1193	1223	PREDICTED: Cyclospora cayetanensis large subunit ribosomal RNA (LOC113146729), rRNA
cc_rrna_kmer_000955|28S	AY283845.1	241650	N/A	100.000	31	0	0	1	31	1339	1369	Atoxoplasma sp. MS-2003 large subunit ribosomal RNA gene, partial sequence
cc_rrna_kmer_000955|28S	OR101126.1	3051684	N/A	100.000	31	0	0	1	31	1273	1303	Isospora elliotae isolate 20384 large subunit ribosomal RNA gene, partial sequence
cc_rrna_kmer_000955|28S	AY283863.1	241650	N/A	100.000	31	0	0	1	31	1334	1364	Atoxoplasma sp. MS-2003 large subunit ribosomal RNA gene, partial sequence
cc_rrna_kmer_000955|28S	KT224382.1	1678287	N/A	100.000	31	0	0	1	31	1283	1313	Isospora sp. RY-2015c isolate RBF large subunit ribosomal RNA gene, partial sequence
cc_rrna_kmer_000955|28S	AY283844.1	241650	N/A	100.000	31	0	0	1	31	1339	1369	Atoxoplasma sp. MS-2003 large subunit ribosomal RNA gene, partial sequence
cc_rrna_kmer_000955|28S	AY283862.1	241650	N/A	100.000	31	0	0	1	31	1338	1368	Atoxoplasma sp. MS-2003 large subunit ribosomal RNA gene, partial sequence
cc_rrna_kmer_000955|28S	OA985032.1	2823481	N/A	100.000	31	0	0	1	31	782	812	Isospora sp. Hs2 partial 28S rRNA gene
cc_rrna_kmer_000955|28S	AY283839.1	241650	N/A	100.000	31	0	0	1	31	1348	1378	Atoxoplasma sp. MS-2003 large subunit ribosomal RNA gene, partial sequence
cc_rrna_kmer_000955|28S	AY283858.1	241650	N/A	100.000	31	0	0	1	31	1337	1367	Atoxoplasma sp. MS-2003 large subunit ribosomal RNA gene, partial sequence
cc_rrna_kmer_000955|28S	AY283864.1	241650	N/A	100.000	31	0	0	1	31	1343	1373	Atoxoplasma sp. MS-2003 large subunit ribosomal RNA gene, partial sequence
cc_rrna_kmer_000955|28S	AY283869.1	241650	N/A	100.000	31	0	0	1	31	1345	1375	Atoxoplasma sp. MS-2003 large subunit ribosomal RNA gene, partial sequence
cc_rrna_kmer_000955|28S	AY283868.1	241650	N/A	100.000	31	0	0	1	31	1337	1367	Atoxoplasma sp. MS-2003 large subunit ribosomal RNA gene, partial sequence
cc_rrna_kmer_000955|28S	MW775029.1	2820069	N/A	100.000	31	0	0	1	31	1304	1334	Isospora mayuri isolate 7-Bule-peafowl large subunit ribosomal RNA gene, partial sequence
cc_rrna_kmer_000955|28S	AY283859.1	241650	N/A	100.000	31	0	0	1	31	1339	1369	Atoxoplasma sp. MS-2003 large subunit ribosomal RNA gene, partial sequence
cc_rrna_kmer_000955|28S	KJ634022.1	1565085	N/A	100.000	31	0	0	1	31	868	898	Isospora streperae 28S ribosomal RNA gene, partial sequence
cc_rrna_kmer_000955|28S	AY283847.1	241650	N/A	100.000	31	0	0	1	31	1339	1369	Atoxoplasma sp. MS-2003 large subunit ribosomal RNA gene, partial sequence
cc_rrna_kmer_000955|28S	OA985031.1	2823479	N/A	100.000	31	0	0	1	31	777	807	Isospora sp. Pr2 partial 28S rRNA gene
cc_rrna_kmer_000955|28S	AY283850.1	241650	N/A	100.000	31	0	0	1	31	1334	1364	Atoxoplasma sp. MS-2003 large subunit ribosomal RNA gene, partial sequence
cc_rrna_kmer_000955|28S	KY801686.1	2153390	N/A	100.000	31	0	0	1	31	1267	1297	Isospora butcherae 28S ribosomal RNA gene, partial sequence
cc_rrna_kmer_000955|28S	OQ459343.1	3028803	N/A	100.000	31	0	0	1	31	1263	1293	Eimeria briceae isolate 201909 large subunit ribosomal RNA gene, partial sequence
cc_rrna_kmer_000955|28S	AY283843.1	241650	N/A	100.000	31	0	0	1	31	1341	1371	Atoxoplasma sp. MS-2003 large subunit ribosomal RNA gene, partial sequence
cc_rrna_kmer_000955|28S	OA985026.1	2823474	N/A	100.000	31	0	0	1	31	782	812	Isospora sp. Bclt1 partial 28S rRNA gene
cc_rrna_kmer_000955|28S	AY283866.1	241650	N/A	100.000	31	0	0	1	31	1337	1367	Atoxoplasma sp. MS-2003 large subunit ribosomal RNA gene, partial sequence
cc_rrna_kmer_000955|28S	XR_003297360.1	88456	N/A	100.000	31	0	0	1	31	678	708	PREDICTED: Cyclospora cayetanensis large subunit ribosomal RNA (LOC113146729), rRNA
cc_rrna_kmer_000955|28S	AY283848.1	241650	N/A	100.000	31	0	0	1	31	1339	1369	Atoxoplasma sp. MS-2003 large subunit ribosomal RNA gene, partial sequence
cc_rrna_kmer_000955|28S	AY283849.1	241650	N/A	100.000	31	0	0	1	31	1340	1370	Atoxoplasma sp. MS-2003 large subunit ribosomal RNA gene, partial sequence
cc_rrna_kmer_000955|28S	AY283853.1	241650	N/A	100.000	31	0	0	1	31	1338	1368	Atoxoplasma sp. MS-2003 large subunit ribosomal RNA gene, partial sequence
cc_rrna_kmer_000955|28S	OA985028.1	2823475;2823476	N/A;N/A	100.000	31	0	0	1	31	782	812	Isospora sp. Pc1 partial 28S rRNA gene
cc_rrna_kmer_000955|28S	AY283865.1	241650	N/A	100.000	31	0	0	1	31	1330	1360	Atoxoplasma sp. MS-2003 large subunit ribosomal RNA gene, partial sequence
cc_rrna_kmer_000955|28S	AY283860.1	241650	N/A	100.000	31	0	0	1	31	1339	1369	Atoxoplasma sp. MS-2003 large subunit ribosomal RNA gene, partial sequence
cc_rrna_kmer_000955|28S	AY283857.1	241650	N/A	100.000	31	0	0	1	31	1338	1368	Atoxoplasma sp. MS-2003 large subunit ribosomal RNA gene, partial sequence
cc_rrna_kmer_000955|28S	AY283852.1	241650	N/A	100.000	31	0	0	1	31	1335	1365	Atoxoplasma sp. MS-2003 large subunit ribosomal RNA gene, partial sequence
cc_rrna_kmer_000955|28S	OA985030.1	2823478	N/A	100.000	31	0	0	1	31	779	809	Isospora sp. Pr1 partial 28S rRNA gene
cc_rrna_kmer_000955|28S	AY283854.1	241650	N/A	100.000	31	0	0	1	31	1338	1368	Atoxoplasma sp. MS-2003 large subunit ribosomal RNA gene, partial sequence
cc_rrna_kmer_000955|28S	AY283841.1	241650	N/A	100.000	31	0	0	1	31	1341	1371	Atoxoplasma sp. MS-2003 large subunit ribosomal RNA gene, partial sequence
cc_rrna_kmer_000955|28S	AY283855.1	241650	N/A	100.000	31	0	0	1	31	1337	1367	Atoxoplasma sp. MS-2003 large subunit ribosomal RNA gene, partial sequence
cc_rrna_kmer_000955|28S	MW775031.1	1469499	N/A	100.000	31	0	0	1	31	1312	1342	Eimeria hermani isolate 9-Whooper-swan large subunit ribosomal RNA gene, partial sequence
cc_rrna_kmer_000955|28S	AY283840.1	241650	N/A	100.000	31	0	0	1	31	1342	1372	Atoxoplasma sp. MS-2003 large subunit ribosomal RNA gene, partial sequence
cc_rrna_kmer_000955|28S	OA985027.1	2823473	N/A	100.000	31	0	0	1	31	782	812	Isospora sp. Sgs1 partial 28S rRNA gene
cc_rrna_kmer_000955|28S	AY283867.1	241650	N/A	100.000	31	0	0	1	31	1339	1369	Atoxoplasma sp. MS-2003 large subunit ribosomal RNA gene, partial sequence
cc_rrna_kmer_000955|28S	AY283870.1	241650	N/A	100.000	31	0	0	1	31	1341	1371	Atoxoplasma sp. MS-2003 large subunit ribosomal RNA gene, partial sequence
cc_rrna_kmer_000955|28S	OR266354.1	1743397	N/A	100.000	31	0	0	1	31	552	582	Isospora sp. isolate 28S_Seq18 large subunit ribosomal RNA gene, partial sequence
cc_rrna_kmer_000955|28S	KT726931.1	1743397	N/A	100.000	31	0	0	1	31	1340	1370	Isospora sp. 28S ribosomal RNA gene, partial sequence
cc_rrna_kmer_000955|28S	AY283846.1	241650	N/A	100.000	31	0	0	1	31	1342	1372	Atoxoplasma sp. MS-2003 large subunit ribosomal RNA gene, partial sequence
cc_rrna_kmer_000955|28S	OA985033.1	2823480	N/A	100.000	31	0	0	1	31	783	813	Isospora sp. Hs1 partial 28S rRNA gene
cc_rrna_kmer_000955|28S	AY283851.1	241650	N/A	100.000	31	0	0	1	31	1338	1368	Atoxoplasma sp. MS-2003 large subunit ribosomal RNA gene, partial sequence
cc_rrna_kmer_000955|28S	MW775028.1	2820073	N/A	100.000	31	0	0	1	31	1299	1329	Isospora lacazei isolate 6-Bule-peafowl large subunit ribosomal RNA gene, partial sequence
cc_rrna_kmer_000955|28S	AY283856.1	241650	N/A	100.000	31	0	0	1	31	1339	1369	Atoxoplasma sp. MS-2003 large subunit ribosomal RNA gene, partial sequence
cc_rrna_kmer_000956|28S	XR_003297360.1	88456	N/A	100.000	31	0	0	1	31	1166	1136	PREDICTED: Cyclospora cayetanensis large subunit ribosomal RNA (LOC113146729), rRNA
cc_rrna_kmer_000956|28S	EU252544.1	88456	N/A	100.000	31	0	0	1	31	1911	1881	Cyclospora cayetanensis 28S large subunit ribosomal RNA gene, partial sequence
cc_rrna_kmer_000957|28S	XR_003297360.1	88456	N/A	100.000	31	0	0	1	31	2167	2137	PREDICTED: Cyclospora cayetanensis large subunit ribosomal RNA (LOC113146729), rRNA
cc_rrna_kmer_000957|28S	GU593716.1	947543	N/A	100.000	31	0	0	1	31	809	779	Goussia carpelli strain 23 28S ribosomal RNA gene, partial sequence
cc_rrna_kmer_000958|28S	XR_003297360.1	88456	N/A	100.000	31	0	0	1	31	2733	2703	PREDICTED: Cyclospora cayetanensis large subunit ribosomal RNA (LOC113146729), rRNA
cc_rrna_kmer_000958|28S	PQ738239.1	5801	N/A	100.000	31	0	0	1	31	6180	6150	Eimeria acervulina small subunit ribosomal RNA gene, partial sequence; internal transcribed spacer 1, 5.8S ribosomal RNA gene, and internal transcribed spacer 2, complete sequence; and large subunit ribosomal RNA gene, partial sequence
cc_rrna_kmer_000959|28S	XR_003297360.1	88456	N/A	100.000	31	0	0	1	31	2180	2150	PREDICTED: Cyclospora cayetanensis large subunit ribosomal RNA (LOC113146729), rRNA
cc_rrna_kmer_000959|28S	GU593716.1	947543	N/A	100.000	31	0	0	1	31	822	792	Goussia carpelli strain 23 28S ribosomal RNA gene, partial sequence
cc_rrna_kmer_000961|28S	XR_003297360.1	88456	N/A	100.000	31	0	0	1	31	1343	1373	PREDICTED: Cyclospora cayetanensis large subunit ribosomal RNA (LOC113146729), rRNA
cc_rrna_kmer_000962|28S	XR_003297360.1	88456	N/A	100.000	31	0	0	1	31	1883	1853	PREDICTED: Cyclospora cayetanensis large subunit ribosomal RNA (LOC113146729), rRNA
cc_rrna_kmer_000963|28S	XR_003297360.1	88456	N/A	100.000	31	0	0	1	31	1488	1458	PREDICTED: Cyclospora cayetanensis large subunit ribosomal RNA (LOC113146729), rRNA
cc_rrna_kmer_000964|28S	EU252544.1	88456	N/A	100.000	31	0	0	1	31	1862	1832	Cyclospora cayetanensis 28S large subunit ribosomal RNA gene, partial sequence
cc_rrna_kmer_000965|28S	XR_003297360.1	88456	N/A	100.000	31	0	0	1	31	990	960	PREDICTED: Cyclospora cayetanensis large subunit ribosomal RNA (LOC113146729), rRNA
cc_rrna_kmer_000966|28S	XR_003297360.1	88456	N/A	100.000	31	0	0	1	31	2665	2635	PREDICTED: Cyclospora cayetanensis large subunit ribosomal RNA (LOC113146729), rRNA
cc_rrna_kmer_000967|28S	EU252544.1	88456	N/A	100.000	31	0	0	1	31	503	473	Cyclospora cayetanensis 28S large subunit ribosomal RNA gene, partial sequence
cc_rrna_kmer_000968|28S	XR_003297360.1	88456	N/A	100.000	31	0	0	1	31	694	724	PREDICTED: Cyclospora cayetanensis large subunit ribosomal RNA (LOC113146729), rRNA
cc_rrna_kmer_000968|28S	EU252544.1	88456	N/A	100.000	31	0	0	1	31	1439	1469	Cyclospora cayetanensis 28S large subunit ribosomal RNA gene, partial sequence
cc_rrna_kmer_000969|28S	XR_003297360.1	88456	N/A	100.000	31	0	0	1	31	1187	1217	PREDICTED: Cyclospora cayetanensis large subunit ribosomal RNA (LOC113146729), rRNA
cc_rrna_kmer_000970|28S	EU252544.1	88456	N/A	100.000	31	0	0	1	31	212	182	Cyclospora cayetanensis 28S large subunit ribosomal RNA gene, partial sequence
cc_rrna_kmer_000971|28S	EU252544.1	88456	N/A	100.000	31	0	0	1	31	591	561	Cyclospora cayetanensis 28S large subunit ribosomal RNA gene, partial sequence
cc_rrna_kmer_000972|28S	XR_003297360.1	88456	N/A	100.000	31	0	0	1	31	1421	1451	PREDICTED: Cyclospora cayetanensis large subunit ribosomal RNA (LOC113146729), rRNA
cc_rrna_kmer_000973|28S	XR_003297360.1	88456	N/A	100.000	31	0	0	1	31	1053	1023	PREDICTED: Cyclospora cayetanensis large subunit ribosomal RNA (LOC113146729), rRNA
cc_rrna_kmer_000973|28S	EU252544.1	88456	N/A	100.000	31	0	0	1	31	1798	1768	Cyclospora cayetanensis 28S large subunit ribosomal RNA gene, partial sequence
cc_rrna_kmer_000974|28S	XR_003297360.1	88456	N/A	100.000	31	0	0	1	31	942	972	PREDICTED: Cyclospora cayetanensis large subunit ribosomal RNA (LOC113146729), rRNA
cc_rrna_kmer_000974|28S	EU252544.1	88456	N/A	100.000	31	0	0	1	31	1687	1717	Cyclospora cayetanensis 28S large subunit ribosomal RNA gene, partial sequence
cc_rrna_kmer_000975|28S	EU252544.1	88456	N/A	100.000	31	0	0	1	31	447	477	Cyclospora cayetanensis 28S large subunit ribosomal RNA gene, partial sequence
cc_rrna_kmer_000976|28S	XR_003297360.1	88456	N/A	100.000	31	0	0	1	31	741	771	PREDICTED: Cyclospora cayetanensis large subunit ribosomal RNA (LOC113146729), rRNA
cc_rrna_kmer_000976|28S	EU252544.1	88456	N/A	100.000	31	0	0	1	31	1486	1516	Cyclospora cayetanensis 28S large subunit ribosomal RNA gene, partial sequence
cc_rrna_kmer_000977|28S	XR_003297360.1	88456	N/A	100.000	31	0	0	1	31	2548	2518	PREDICTED: Cyclospora cayetanensis large subunit ribosomal RNA (LOC113146729), rRNA
cc_rrna_kmer_000978|28S	XR_003297360.1	88456	N/A	100.000	31	0	0	1	31	1139	1169	PREDICTED: Cyclospora cayetanensis large subunit ribosomal RNA (LOC113146729), rRNA
cc_rrna_kmer_000978|28S	EU252544.1	88456	N/A	100.000	31	0	0	1	31	1884	1914	Cyclospora cayetanensis 28S large subunit ribosomal RNA gene, partial sequence
cc_rrna_kmer_000979|28S	XR_003297360.1	88456	N/A	100.000	31	0	0	1	31	1156	1186	PREDICTED: Cyclospora cayetanensis large subunit ribosomal RNA (LOC113146729), rRNA
cc_rrna_kmer_000979|28S	EU252544.1	88456	N/A	100.000	31	0	0	1	31	1901	1931	Cyclospora cayetanensis 28S large subunit ribosomal RNA gene, partial sequence
cc_rrna_kmer_000980|5S	XR_003297353.1	88456	N/A	100.000	31	0	0	1	31	71	41	PREDICTED: Cyclospora cayetanensis 5S ribosomal RNA (LOC113146603), rRNA
cc_rrna_kmer_000981|28S	PQ742171.1	3384731	N/A	100.000	31	0	0	1	31	2939	2909	Goussia degiustii isolate EE9_EE10_II1 external transcribed spacer, partial sequence; small subunit ribosomal RNA gene, internal transcribed spacer 1, 5.8S ribosomal RNA gene, internal transcribed spacer 2, and large subunit ribosomal RNA gene, complete sequence; and external transcribed spacer, partial sequence
cc_rrna_kmer_000981|28S	AY283865.1	241650	N/A	100.000	31	0	0	1	31	33	3	Atoxoplasma sp. MS-2003 large subunit ribosomal RNA gene, partial sequence
cc_rrna_kmer_000981|28S	LR993821.1	175245	N/A	100.000	31	0	0	1	31	514	484	uncultured fungus genomic DNA sequence contains 18S rRNA gene, ITS1, 5.8S rRNA gene, ITS2, 28S rRNA gene, isolate ASV_504
cc_rrna_kmer_000981|28S	EU252544.1	88456	N/A	100.000	31	0	0	1	31	113	83	Cyclospora cayetanensis 28S large subunit ribosomal RNA gene, partial sequence
cc_rrna_kmer_000981|28S	AY331570.1	241650	N/A	100.000	31	0	0	1	31	565	535	Atoxoplasma sp. MS-2003 from Javan ruby-throated bulbul small subunit ribosomal RNA gene, partial sequence; internal transcribed spacer 1, 5.8S ribosomal RNA gene, and internal transcribed spacer 2, complete sequence; and large subunit ribosomal RNA gene, partial sequence
cc_rrna_kmer_000982|28S	XR_003297360.1	88456	N/A	100.000	31	0	0	1	31	1143	1173	PREDICTED: Cyclospora cayetanensis large subunit ribosomal RNA (LOC113146729), rRNA
cc_rrna_kmer_000982|28S	EU252544.1	88456	N/A	100.000	31	0	0	1	31	1888	1918	Cyclospora cayetanensis 28S large subunit ribosomal RNA gene, partial sequence
cc_rrna_kmer_000983|28S	AY283845.1	241650	N/A	100.000	31	0	0	1	31	1377	1347	Atoxoplasma sp. MS-2003 large subunit ribosomal RNA gene, partial sequence
cc_rrna_kmer_000983|28S	OR101126.1	3051684	N/A	100.000	31	0	0	1	31	1311	1281	Isospora elliotae isolate 20384 large subunit ribosomal RNA gene, partial sequence
cc_rrna_kmer_000983|28S	AY283863.1	241650	N/A	100.000	31	0	0	1	31	1372	1342	Atoxoplasma sp. MS-2003 large subunit ribosomal RNA gene, partial sequence
cc_rrna_kmer_000983|28S	KT224382.1	1678287	N/A	100.000	31	0	0	1	31	1321	1291	Isospora sp. RY-2015c isolate RBF large subunit ribosomal RNA gene, partial sequence
cc_rrna_kmer_000983|28S	AY283844.1	241650	N/A	100.000	31	0	0	1	31	1377	1347	Atoxoplasma sp. MS-2003 large subunit ribosomal RNA gene, partial sequence
cc_rrna_kmer_000983|28S	AY283862.1	241650	N/A	100.000	31	0	0	1	31	1376	1346	Atoxoplasma sp. MS-2003 large subunit ribosomal RNA gene, partial sequence
cc_rrna_kmer_000983|28S	OA985032.1	2823481	N/A	100.000	31	0	0	1	31	820	790	Isospora sp. Hs2 partial 28S rRNA gene
cc_rrna_kmer_000983|28S	AY283839.1	241650	N/A	100.000	31	0	0	1	31	1386	1356	Atoxoplasma sp. MS-2003 large subunit ribosomal RNA gene, partial sequence
cc_rrna_kmer_000983|28S	AY283858.1	241650	N/A	100.000	31	0	0	1	31	1375	1345	Atoxoplasma sp. MS-2003 large subunit ribosomal RNA gene, partial sequence
cc_rrna_kmer_000983|28S	AY283864.1	241650	N/A	100.000	31	0	0	1	31	1381	1351	Atoxoplasma sp. MS-2003 large subunit ribosomal RNA gene, partial sequence
cc_rrna_kmer_000983|28S	AY283869.1	241650	N/A	100.000	31	0	0	1	31	1383	1353	Atoxoplasma sp. MS-2003 large subunit ribosomal RNA gene, partial sequence
cc_rrna_kmer_000983|28S	AY283868.1	241650	N/A	100.000	31	0	0	1	31	1375	1345	Atoxoplasma sp. MS-2003 large subunit ribosomal RNA gene, partial sequence
cc_rrna_kmer_000983|28S	MW775029.1	2820069	N/A	100.000	31	0	0	1	31	1342	1312	Isospora mayuri isolate 7-Bule-peafowl large subunit ribosomal RNA gene, partial sequence
cc_rrna_kmer_000983|28S	AY283859.1	241650	N/A	100.000	31	0	0	1	31	1377	1347	Atoxoplasma sp. MS-2003 large subunit ribosomal RNA gene, partial sequence
cc_rrna_kmer_000983|28S	KJ634022.1	1565085	N/A	100.000	31	0	0	1	31	906	876	Isospora streperae 28S ribosomal RNA gene, partial sequence
cc_rrna_kmer_000983|28S	AY283847.1	241650	N/A	100.000	31	0	0	1	31	1377	1347	Atoxoplasma sp. MS-2003 large subunit ribosomal RNA gene, partial sequence
cc_rrna_kmer_000983|28S	OA985031.1	2823479	N/A	100.000	31	0	0	1	31	815	785	Isospora sp. Pr2 partial 28S rRNA gene
cc_rrna_kmer_000983|28S	AY283850.1	241650	N/A	100.000	31	0	0	1	31	1372	1342	Atoxoplasma sp. MS-2003 large subunit ribosomal RNA gene, partial sequence
cc_rrna_kmer_000983|28S	KY801686.1	2153390	N/A	100.000	31	0	0	1	31	1305	1275	Isospora butcherae 28S ribosomal RNA gene, partial sequence
cc_rrna_kmer_000983|28S	OQ459343.1	3028803	N/A	100.000	31	0	0	1	31	1301	1271	Eimeria briceae isolate 201909 large subunit ribosomal RNA gene, partial sequence
cc_rrna_kmer_000983|28S	AY283861.1	241650	N/A	100.000	31	0	0	1	31	1374	1344	Atoxoplasma sp. MS-2003 large subunit ribosomal RNA gene, partial sequence
cc_rrna_kmer_000983|28S	AY283843.1	241650	N/A	100.000	31	0	0	1	31	1379	1349	Atoxoplasma sp. MS-2003 large subunit ribosomal RNA gene, partial sequence
cc_rrna_kmer_000983|28S	OA985026.1	2823474	N/A	100.000	31	0	0	1	31	820	790	Isospora sp. Bclt1 partial 28S rRNA gene
cc_rrna_kmer_000983|28S	AY283866.1	241650	N/A	100.000	31	0	0	1	31	1375	1345	Atoxoplasma sp. MS-2003 large subunit ribosomal RNA gene, partial sequence
cc_rrna_kmer_000983|28S	XR_003297360.1	88456	N/A	100.000	31	0	0	1	31	716	686	PREDICTED: Cyclospora cayetanensis large subunit ribosomal RNA (LOC113146729), rRNA
cc_rrna_kmer_000983|28S	AY283848.1	241650	N/A	100.000	31	0	0	1	31	1377	1347	Atoxoplasma sp. MS-2003 large subunit ribosomal RNA gene, partial sequence
cc_rrna_kmer_000983|28S	AY283849.1	241650	N/A	100.000	31	0	0	1	31	1378	1348	Atoxoplasma sp. MS-2003 large subunit ribosomal RNA gene, partial sequence
cc_rrna_kmer_000983|28S	AY283853.1	241650	N/A	100.000	31	0	0	1	31	1376	1346	Atoxoplasma sp. MS-2003 large subunit ribosomal RNA gene, partial sequence
cc_rrna_kmer_000983|28S	OA985028.1	2823475;2823476	N/A;N/A	100.000	31	0	0	1	31	820	790	Isospora sp. Pc1 partial 28S rRNA gene
cc_rrna_kmer_000983|28S	AY283865.1	241650	N/A	100.000	31	0	0	1	31	1368	1338	Atoxoplasma sp. MS-2003 large subunit ribosomal RNA gene, partial sequence
cc_rrna_kmer_000983|28S	AY283860.1	241650	N/A	100.000	31	0	0	1	31	1377	1347	Atoxoplasma sp. MS-2003 large subunit ribosomal RNA gene, partial sequence
cc_rrna_kmer_000983|28S	AY283857.1	241650	N/A	100.000	31	0	0	1	31	1376	1346	Atoxoplasma sp. MS-2003 large subunit ribosomal RNA gene, partial sequence
cc_rrna_kmer_000983|28S	AY283852.1	241650	N/A	100.000	31	0	0	1	31	1373	1343	Atoxoplasma sp. MS-2003 large subunit ribosomal RNA gene, partial sequence
cc_rrna_kmer_000983|28S	OA985030.1	2823478	N/A	100.000	31	0	0	1	31	817	787	Isospora sp. Pr1 partial 28S rRNA gene
cc_rrna_kmer_000983|28S	AY283854.1	241650	N/A	100.000	31	0	0	1	31	1376	1346	Atoxoplasma sp. MS-2003 large subunit ribosomal RNA gene, partial sequence
cc_rrna_kmer_000983|28S	AY283841.1	241650	N/A	100.000	31	0	0	1	31	1379	1349	Atoxoplasma sp. MS-2003 large subunit ribosomal RNA gene, partial sequence
cc_rrna_kmer_000983|28S	AY283855.1	241650	N/A	100.000	31	0	0	1	31	1375	1345	Atoxoplasma sp. MS-2003 large subunit ribosomal RNA gene, partial sequence
cc_rrna_kmer_000983|28S	MW775031.1	1469499	N/A	100.000	31	0	0	1	31	1350	1320	Eimeria hermani isolate 9-Whooper-swan large subunit ribosomal RNA gene, partial sequence
cc_rrna_kmer_000983|28S	AY283840.1	241650	N/A	100.000	31	0	0	1	31	1380	1350	Atoxoplasma sp. MS-2003 large subunit ribosomal RNA gene, partial sequence
cc_rrna_kmer_000983|28S	OA985027.1	2823473	N/A	100.000	31	0	0	1	31	820	790	Isospora sp. Sgs1 partial 28S rRNA gene
cc_rrna_kmer_000983|28S	AY283867.1	241650	N/A	100.000	31	0	0	1	31	1377	1347	Atoxoplasma sp. MS-2003 large subunit ribosomal RNA gene, partial sequence
cc_rrna_kmer_000983|28S	AY283870.1	241650	N/A	100.000	31	0	0	1	31	1379	1349	Atoxoplasma sp. MS-2003 large subunit ribosomal RNA gene, partial sequence
cc_rrna_kmer_000983|28S	OR266354.1	1743397	N/A	100.000	31	0	0	1	31	590	560	Isospora sp. isolate 28S_Seq18 large subunit ribosomal RNA gene, partial sequence
cc_rrna_kmer_000983|28S	KT726931.1	1743397	N/A	100.000	31	0	0	1	31	1378	1348	Isospora sp. 28S ribosomal RNA gene, partial sequence
cc_rrna_kmer_000983|28S	AY283846.1	241650	N/A	100.000	31	0	0	1	31	1380	1350	Atoxoplasma sp. MS-2003 large subunit ribosomal RNA gene, partial sequence
cc_rrna_kmer_000983|28S	OA985033.1	2823480	N/A	100.000	31	0	0	1	31	821	791	Isospora sp. Hs1 partial 28S rRNA gene
cc_rrna_kmer_000983|28S	AY283851.1	241650	N/A	100.000	31	0	0	1	31	1376	1346	Atoxoplasma sp. MS-2003 large subunit ribosomal RNA gene, partial sequence
cc_rrna_kmer_000983|28S	MW775028.1	2820073	N/A	100.000	31	0	0	1	31	1337	1307	Isospora lacazei isolate 6-Bule-peafowl large subunit ribosomal RNA gene, partial sequence
cc_rrna_kmer_000983|28S	AY283856.1	241650	N/A	100.000	31	0	0	1	31	1377	1347	Atoxoplasma sp. MS-2003 large subunit ribosomal RNA gene, partial sequence
cc_rrna_kmer_000984|28S	EU252544.1	88456	N/A	100.000	31	0	0	1	31	528	498	Cyclospora cayetanensis 28S large subunit ribosomal RNA gene, partial sequence
cc_rrna_kmer_000985|28S	LC856927.1	1962270	N/A	100.000	31	0	0	1	31	1374	1344	Sarcocystis bertrami CA20-2_2 gene for 28S ribosomal RNA, partial sequence, clone: b26-6
cc_rrna_kmer_000985|28S	XR_003297360.1	88456	N/A	100.000	31	0	0	1	31	606	576	PREDICTED: Cyclospora cayetanensis large subunit ribosomal RNA (LOC113146729), rRNA
cc_rrna_kmer_000985|28S	EU252544.1	88456	N/A	100.000	31	0	0	1	31	1351	1321	Cyclospora cayetanensis 28S large subunit ribosomal RNA gene, partial sequence
cc_rrna_kmer_000985|28S	LC857022.1	1962270	N/A	100.000	31	0	0	1	31	1377	1347	Sarcocystis bertrami CA20-53_1 gene for 28S ribosomal RNA, partial sequence, clone: b14-6
cc_rrna_kmer_000986|28S	EU252544.1	88456	N/A	100.000	31	0	0	1	31	490	520	Cyclospora cayetanensis 28S large subunit ribosomal RNA gene, partial sequence
cc_rrna_kmer_000987|18S	AF111183.1	88456	N/A	100.000	31	0	0	1	31	1692	1722	Cyclospora cayetanensis 18S ribosomal RNA gene, complete sequence
cc_rrna_kmer_000987|18S	XR_003297358.1	88456	N/A	100.000	31	0	0	1	31	1692	1722	PREDICTED: Cyclospora cayetanensis small subunit ribosomal RNA (LOC113146722), rRNA
cc_rrna_kmer_000987|18S	KX618190.1	88456	N/A	100.000	31	0	0	1	31	1692	1722	Cyclospora cayetanensis 18S small subunit ribosomal RNA gene, partial sequence
cc_rrna_kmer_000988|28S	EU252544.1	88456	N/A	100.000	31	0	0	1	31	748	718	Cyclospora cayetanensis 28S large subunit ribosomal RNA gene, partial sequence
cc_rrna_kmer_000989|28S	EU252544.1	88456	N/A	100.000	31	0	0	1	31	634	664	Cyclospora cayetanensis 28S large subunit ribosomal RNA gene, partial sequence
cc_rrna_kmer_000990|28S	MK530654.1	2591227	N/A	100.000	31	0	0	1	31	99	69	Isospora coronoideae large subunit ribosomal RNA gene, partial sequence
cc_rrna_kmer_000990|28S	MW422270.1	2800198	N/A	100.000	31	0	0	1	31	84	54	Isospora phylidonyrisae isolate 20381 large subunit ribosomal RNA gene, partial sequence
cc_rrna_kmer_000990|28S	PQ108888.1	3239063	N/A	100.000	31	0	0	1	31	98	68	Isospora virescensae isolate SHE01 large subunit ribosomal RNA gene, partial sequence
cc_rrna_kmer_000990|28S	MW776413.1	3054442	N/A	100.000	31	0	0	1	31	96	66	Isospora lunulatae isolate 20742 large subunit ribosomal RNA gene, partial sequence
cc_rrna_kmer_000990|28S	KT224381.1	1678286	N/A	100.000	31	0	0	1	31	84	54	Isospora manorinae isolate 22795 large subunit ribosomal RNA gene, partial sequence
cc_rrna_kmer_000990|28S	EU252544.1	88456	N/A	100.000	31	0	0	1	31	232	202	Cyclospora cayetanensis 28S large subunit ribosomal RNA gene, partial sequence
cc_rrna_kmer_000990|28S	KF766053.1	1487184	N/A	100.000	31	0	0	1	31	96	66	Isospora anthochaerae large subunit ribosomal RNA gene, partial sequence
cc_rrna_kmer_000991|28S	EU252544.1	88456	N/A	100.000	31	0	0	1	31	1830	1860	Cyclospora cayetanensis 28S large subunit ribosomal RNA gene, partial sequence
cc_rrna_kmer_000992|28S	XR_003297360.1	88456	N/A	100.000	31	0	0	1	31	937	967	PREDICTED: Cyclospora cayetanensis large subunit ribosomal RNA (LOC113146729), rRNA
cc_rrna_kmer_000992|28S	EU252544.1	88456	N/A	100.000	31	0	0	1	31	1682	1712	Cyclospora cayetanensis 28S large subunit ribosomal RNA gene, partial sequence
cc_rrna_kmer_000993|28S	XR_003297360.1	88456	N/A	100.000	31	0	0	1	31	1942	1912	PREDICTED: Cyclospora cayetanensis large subunit ribosomal RNA (LOC113146729), rRNA
cc_rrna_kmer_000994|28S	XR_003297360.1	88456	N/A	100.000	31	0	0	1	31	952	922	PREDICTED: Cyclospora cayetanensis large subunit ribosomal RNA (LOC113146729), rRNA
cc_rrna_kmer_000994|28S	EU252544.1	88456	N/A	100.000	31	0	0	1	31	1697	1667	Cyclospora cayetanensis 28S large subunit ribosomal RNA gene, partial sequence
cc_rrna_kmer_000995|28S	XR_003297360.1	88456	N/A	100.000	31	0	0	1	31	802	772	PREDICTED: Cyclospora cayetanensis large subunit ribosomal RNA (LOC113146729), rRNA
cc_rrna_kmer_000995|28S	EU252544.1	88456	N/A	100.000	31	0	0	1	31	1547	1517	Cyclospora cayetanensis 28S large subunit ribosomal RNA gene, partial sequence
cc_rrna_kmer_000996|28S	PQ742171.1	3384731	N/A	100.000	31	0	0	1	31	6350	6320	Goussia degiustii isolate EE9_EE10_II1 external transcribed spacer, partial sequence; small subunit ribosomal RNA gene, internal transcribed spacer 1, 5.8S ribosomal RNA gene, internal transcribed spacer 2, and large subunit ribosomal RNA gene, complete sequence; and external transcribed spacer, partial sequence
cc_rrna_kmer_000996|28S	XR_003297360.1	88456	N/A	100.000	31	0	0	1	31	2727	2697	PREDICTED: Cyclospora cayetanensis large subunit ribosomal RNA (LOC113146729), rRNA
cc_rrna_kmer_000997|28S	XR_003297360.1	88456	N/A	100.000	31	0	0	1	31	1894	1924	PREDICTED: Cyclospora cayetanensis large subunit ribosomal RNA (LOC113146729), rRNA
cc_rrna_kmer_000998|28S	XR_003297360.1	88456	N/A	100.000	31	0	0	1	31	786	756	PREDICTED: Cyclospora cayetanensis large subunit ribosomal RNA (LOC113146729), rRNA
cc_rrna_kmer_000998|28S	EU252544.1	88456	N/A	100.000	31	0	0	1	31	1531	1501	Cyclospora cayetanensis 28S large subunit ribosomal RNA gene, partial sequence
cc_rrna_kmer_000999|28S	XR_003297360.1	88456	N/A	100.000	31	0	0	1	31	70	40	PREDICTED: Cyclospora cayetanensis large subunit ribosomal RNA (LOC113146729), rRNA
cc_rrna_kmer_000999|28S	EU252544.1	88456	N/A	100.000	31	0	0	1	31	815	785	Cyclospora cayetanensis 28S large subunit ribosomal RNA gene, partial sequence
cc_rrna_kmer_001000|28S	EU252544.1	88456	N/A	100.000	31	0	0	1	31	207	177	Cyclospora cayetanensis 28S large subunit ribosomal RNA gene, partial sequence
cc_rrna_kmer_001001|28S	EU252544.1	88456	N/A	100.000	31	0	0	1	31	453	423	Cyclospora cayetanensis 28S large subunit ribosomal RNA gene, partial sequence
cc_rrna_kmer_001002|28S	EU252544.1	88456	N/A	100.000	31	0	0	1	31	458	428	Cyclospora cayetanensis 28S large subunit ribosomal RNA gene, partial sequence
cc_rrna_kmer_001003|28S	EU252544.1	88456	N/A	100.000	31	0	0	1	31	617	587	Cyclospora cayetanensis 28S large subunit ribosomal RNA gene, partial sequence
cc_rrna_kmer_001004|28S	XR_003297360.1	88456	N/A	100.000	31	0	0	1	31	1170	1140	PREDICTED: Cyclospora cayetanensis large subunit ribosomal RNA (LOC113146729), rRNA
cc_rrna_kmer_001004|28S	EU252544.1	88456	N/A	100.000	31	0	0	1	31	1915	1885	Cyclospora cayetanensis 28S large subunit ribosomal RNA gene, partial sequence
cc_rrna_kmer_001005|28S	XR_003297360.1	88456	N/A	100.000	31	0	0	1	31	1152	1182	PREDICTED: Cyclospora cayetanensis large subunit ribosomal RNA (LOC113146729), rRNA
cc_rrna_kmer_001005|28S	EU252544.1	88456	N/A	100.000	31	0	0	1	31	1897	1927	Cyclospora cayetanensis 28S large subunit ribosomal RNA gene, partial sequence
cc_rrna_kmer_001006|28S	XR_003297360.1	88456	N/A	100.000	31	0	0	1	31	1852	1882	PREDICTED: Cyclospora cayetanensis large subunit ribosomal RNA (LOC113146729), rRNA
cc_rrna_kmer_001007|28S	EU252544.1	88456	N/A	100.000	31	0	0	1	31	1827	1857	Cyclospora cayetanensis 28S large subunit ribosomal RNA gene, partial sequence
cc_rrna_kmer_001008|28S	XR_003297360.1	88456	N/A	100.000	31	0	0	1	31	789	759	PREDICTED: Cyclospora cayetanensis large subunit ribosomal RNA (LOC113146729), rRNA
cc_rrna_kmer_001008|28S	EU252544.1	88456	N/A	100.000	31	0	0	1	31	1534	1504	Cyclospora cayetanensis 28S large subunit ribosomal RNA gene, partial sequence
cc_rrna_kmer_001009|18S	XR_003297358.1	88456	N/A	100.000	31	0	0	1	31	300	270	PREDICTED: Cyclospora cayetanensis small subunit ribosomal RNA (LOC113146722), rRNA
cc_rrna_kmer_001011|28S	XR_003297360.1	88456	N/A	100.000	31	0	0	1	31	1460	1490	PREDICTED: Cyclospora cayetanensis large subunit ribosomal RNA (LOC113146729), rRNA
cc_rrna_kmer_001012|28S	EU252544.1	88456	N/A	100.000	31	0	0	1	31	219	189	Cyclospora cayetanensis 28S large subunit ribosomal RNA gene, partial sequence
cc_rrna_kmer_001013|28S	XR_003297360.1	88456	N/A	100.000	31	0	0	1	31	2565	2595	PREDICTED: Cyclospora cayetanensis large subunit ribosomal RNA (LOC113146729), rRNA
cc_rrna_kmer_001014|28S	EU252544.1	88456	N/A	100.000	31	0	0	1	31	1842	1872	Cyclospora cayetanensis 28S large subunit ribosomal RNA gene, partial sequence
cc_rrna_kmer_001015|28S	XR_003297360.1	88456	N/A	100.000	31	0	0	1	31	958	988	PREDICTED: Cyclospora cayetanensis large subunit ribosomal RNA (LOC113146729), rRNA
cc_rrna_kmer_001016|28S	XR_003297360.1	88456	N/A	100.000	31	0	0	1	31	1160	1190	PREDICTED: Cyclospora cayetanensis large subunit ribosomal RNA (LOC113146729), rRNA
cc_rrna_kmer_001016|28S	EU252544.1	88456	N/A	100.000	31	0	0	1	31	1905	1935	Cyclospora cayetanensis 28S large subunit ribosomal RNA gene, partial sequence
cc_rrna_kmer_001017|28S	XR_003297360.1	88456	N/A	100.000	31	0	0	1	31	1211	1181	PREDICTED: Cyclospora cayetanensis large subunit ribosomal RNA (LOC113146729), rRNA
cc_rrna_kmer_001018|28S	EU252544.1	88456	N/A	100.000	31	0	0	1	31	710	740	Cyclospora cayetanensis 28S large subunit ribosomal RNA gene, partial sequence
cc_rrna_kmer_001019|28S	XR_003297360.1	88456	N/A	100.000	31	0	0	1	31	982	952	PREDICTED: Cyclospora cayetanensis large subunit ribosomal RNA (LOC113146729), rRNA
cc_rrna_kmer_001019|28S	EU252544.1	88456	N/A	100.000	31	0	0	1	31	1727	1697	Cyclospora cayetanensis 28S large subunit ribosomal RNA gene, partial sequence
cc_rrna_kmer_001020|28S	XR_003297360.1	88456	N/A	100.000	31	0	0	1	31	192	162	PREDICTED: Cyclospora cayetanensis large subunit ribosomal RNA (LOC113146729), rRNA
cc_rrna_kmer_001020|28S	EU252544.1	88456	N/A	100.000	31	0	0	1	31	937	907	Cyclospora cayetanensis 28S large subunit ribosomal RNA gene, partial sequence
cc_rrna_kmer_001021|28S	EU252544.1	88456	N/A	100.000	31	0	0	1	31	1822	1852	Cyclospora cayetanensis 28S large subunit ribosomal RNA gene, partial sequence
cc_rrna_kmer_001022|28S	XR_003297360.1	88456	N/A	100.000	31	0	0	1	31	1813	1843	PREDICTED: Cyclospora cayetanensis large subunit ribosomal RNA (LOC113146729), rRNA
cc_rrna_kmer_001023|28S	XR_003297360.1	88456	N/A	100.000	31	0	0	1	31	1200	1170	PREDICTED: Cyclospora cayetanensis large subunit ribosomal RNA (LOC113146729), rRNA
cc_rrna_kmer_001023|28S	EU252544.1	88456	N/A	100.000	31	0	0	1	31	1945	1915	Cyclospora cayetanensis 28S large subunit ribosomal RNA gene, partial sequence
cc_rrna_kmer_001024|28S	EU252544.1	88456	N/A	100.000	31	0	0	1	31	686	716	Cyclospora cayetanensis 28S large subunit ribosomal RNA gene, partial sequence
cc_rrna_kmer_001025|28S	MN928848.1	33632	N/A	100.000	31	0	0	1	31	871	901	Babesia gibsoni isolate XABg8 18S ribosomal RNA gene, partial sequence; internal transcribed spacer 1, 5.8S ribosomal RNA gene, and internal transcribed spacer 2, complete sequence; and 28S ribosomal RNA gene, partial sequence
cc_rrna_kmer_001025|28S	KP666154.1	33632	N/A	100.000	31	0	0	1	31	872	902	Babesia gibsoni isolate WH123 18S ribosomal RNA gene, partial sequence; internal transcribed spacer 1, 5.8S ribosomal RNA gene, and internal transcribed spacer 2, complete sequence; and 28S ribosomal RNA gene, partial sequence
cc_rrna_kmer_001025|28S	PQ742171.1	3384731	N/A	100.000	31	0	0	1	31	2912	2942	Goussia degiustii isolate EE9_EE10_II1 external transcribed spacer, partial sequence; small subunit ribosomal RNA gene, internal transcribed spacer 1, 5.8S ribosomal RNA gene, internal transcribed spacer 2, and large subunit ribosomal RNA gene, complete sequence; and external transcribed spacer, partial sequence
cc_rrna_kmer_001025|28S	KP666147.1	33632	N/A	100.000	31	0	0	1	31	871	901	Babesia gibsoni isolate WH82 18S ribosomal RNA gene, partial sequence; internal transcribed spacer 1, 5.8S ribosomal RNA gene, and internal transcribed spacer 2, complete sequence; and 28S ribosomal RNA gene, partial sequence
cc_rrna_kmer_001025|28S	KP666145.1	33632	N/A	100.000	31	0	0	1	31	871	901	Babesia gibsoni isolate WH61 18S ribosomal RNA gene, partial sequence; internal transcribed spacer 1, 5.8S ribosomal RNA gene, and internal transcribed spacer 2, complete sequence; and 28S ribosomal RNA gene, partial sequence
cc_rrna_kmer_001025|28S	MN928845.1	33632	N/A	100.000	31	0	0	1	31	871	901	Babesia gibsoni isolate HZBg40 18S ribosomal RNA gene, partial sequence; internal transcribed spacer 1, 5.8S ribosomal RNA gene, and internal transcribed spacer 2, complete sequence; and 28S ribosomal RNA gene, partial sequence
cc_rrna_kmer_001025|28S	MN928844.1	33632	N/A	100.000	31	0	0	1	31	871	901	Babesia gibsoni isolate XABg6 18S ribosomal RNA gene, partial sequence; internal transcribed spacer 1, 5.8S ribosomal RNA gene, and internal transcribed spacer 2, complete sequence; and 28S ribosomal RNA gene, partial sequence
cc_rrna_kmer_001025|28S	OK091618.1	33632	N/A	100.000	31	0	0	1	31	867	897	Babesia gibsoni voucher HFBg03 small subunit ribosomal RNA gene, partial sequence; internal transcribed spacer 1, 5.8S ribosomal RNA gene, and internal transcribed spacer 2, complete sequence; and large subunit ribosomal RNA gene, partial sequence
cc_rrna_kmer_001025|28S	MN928843.1	33632	N/A	100.000	31	0	0	1	31	871	901	Babesia gibsoni isolate XABg76 18S ribosomal RNA gene, partial sequence; internal transcribed spacer 1, 5.8S ribosomal RNA gene, and internal transcribed spacer 2, complete sequence; and 28S ribosomal RNA gene, partial sequence
cc_rrna_kmer_001025|28S	OK091616.1	33632	N/A	100.000	31	0	0	1	31	867	897	Babesia gibsoni voucher HFBg01 small subunit ribosomal RNA gene, partial sequence; internal transcribed spacer 1, 5.8S ribosomal RNA gene, and internal transcribed spacer 2, complete sequence; and large subunit ribosomal RNA gene, partial sequence
cc_rrna_kmer_001025|28S	MN928836.1	33632	N/A	100.000	31	0	0	1	31	871	901	Babesia gibsoni isolate XABg5 18S ribosomal RNA gene, partial sequence; internal transcribed spacer 1, 5.8S ribosomal RNA gene, and internal transcribed spacer 2, complete sequence; and 28S ribosomal RNA gene, partial sequence
cc_rrna_kmer_001025|28S	KP666150.1	33632	N/A	100.000	31	0	0	1	31	871	901	Babesia gibsoni isolate WH114 18S ribosomal RNA gene, partial sequence; internal transcribed spacer 1, 5.8S ribosomal RNA gene, and internal transcribed spacer 2, complete sequence; and 28S ribosomal RNA gene, partial sequence
cc_rrna_kmer_001025|28S	MN928834.1	33632	N/A	100.000	31	0	0	1	31	871	901	Babesia gibsoni isolate XABg68 18S ribosomal RNA gene, partial sequence; internal transcribed spacer 1, 5.8S ribosomal RNA gene, and internal transcribed spacer 2, complete sequence; and 28S ribosomal RNA gene, partial sequence
cc_rrna_kmer_001025|28S	KP666146.1	33632	N/A	100.000	31	0	0	1	31	871	901	Babesia gibsoni isolate WH71 18S ribosomal RNA gene, partial sequence; internal transcribed spacer 1, 5.8S ribosomal RNA gene, and internal transcribed spacer 2, complete sequence; and 28S ribosomal RNA gene, partial sequence
cc_rrna_kmer_001025|28S	KP666152.1	33632	N/A	100.000	31	0	0	1	31	871	901	Babesia gibsoni isolate WH120 18S ribosomal RNA gene, partial sequence; internal transcribed spacer 1, 5.8S ribosomal RNA gene, and internal transcribed spacer 2, complete sequence; and 28S ribosomal RNA gene, partial sequence
cc_rrna_kmer_001025|28S	KP666149.1	33632	N/A	100.000	31	0	0	1	31	871	901	Babesia gibsoni isolate WH91 18S ribosomal RNA gene, partial sequence; internal transcribed spacer 1, 5.8S ribosomal RNA gene, and internal transcribed spacer 2, complete sequence; and 28S ribosomal RNA gene, partial sequence
cc_rrna_kmer_001025|28S	MN928851.1	33632	N/A	100.000	31	0	0	1	31	871	901	Babesia gibsoni isolate HZBg9 18S ribosomal RNA gene, partial sequence; internal transcribed spacer 1, 5.8S ribosomal RNA gene, and internal transcribed spacer 2, complete sequence; and 28S ribosomal RNA gene, partial sequence
cc_rrna_kmer_001025|28S	MN928847.1	33632	N/A	100.000	31	0	0	1	31	871	901	Babesia gibsoni isolate HZBg4 18S ribosomal RNA gene, partial sequence; internal transcribed spacer 1, 5.8S ribosomal RNA gene, and internal transcribed spacer 2, complete sequence; and 28S ribosomal RNA gene, partial sequence
cc_rrna_kmer_001025|28S	KP666151.1	33632	N/A	100.000	31	0	0	1	31	871	901	Babesia gibsoni isolate WH110 18S ribosomal RNA gene, partial sequence; internal transcribed spacer 1, 5.8S ribosomal RNA gene, and internal transcribed spacer 2, complete sequence; and 28S ribosomal RNA gene, partial sequence
cc_rrna_kmer_001025|28S	KP666143.1	33632	N/A	100.000	31	0	0	1	31	871	901	Babesia gibsoni isolate WH56 18S ribosomal RNA gene, partial sequence; internal transcribed spacer 1, 5.8S ribosomal RNA gene, and internal transcribed spacer 2, complete sequence; and 28S ribosomal RNA gene, partial sequence
cc_rrna_kmer_001025|28S	MN928850.1	33632	N/A	100.000	31	0	0	1	31	871	901	Babesia gibsoni isolate XABg35 18S ribosomal RNA gene, partial sequence; internal transcribed spacer 1, 5.8S ribosomal RNA gene, and internal transcribed spacer 2, complete sequence; and 28S ribosomal RNA gene, partial sequence
cc_rrna_kmer_001025|28S	AY283865.1	241650	N/A	100.000	31	0	0	1	31	6	36	Atoxoplasma sp. MS-2003 large subunit ribosomal RNA gene, partial sequence
cc_rrna_kmer_001025|28S	KP666144.1	33632	N/A	100.000	31	0	0	1	31	871	901	Babesia gibsoni isolate WH58 18S ribosomal RNA gene, partial sequence; internal transcribed spacer 1, 5.8S ribosomal RNA gene, and internal transcribed spacer 2, complete sequence; and 28S ribosomal RNA gene, partial sequence
cc_rrna_kmer_001025|28S	MN928842.1	33632	N/A	100.000	31	0	0	1	31	871	901	Babesia gibsoni isolate HZBg21 18S ribosomal RNA gene, partial sequence; internal transcribed spacer 1, 5.8S ribosomal RNA gene, and internal transcribed spacer 2, complete sequence; and 28S ribosomal RNA gene, partial sequence
cc_rrna_kmer_001025|28S	MN928837.1	33632	N/A	100.000	31	0	0	1	31	871	901	Babesia gibsoni isolate XABg14 18S ribosomal RNA gene, partial sequence; internal transcribed spacer 1, 5.8S ribosomal RNA gene, and internal transcribed spacer 2, complete sequence; and 28S ribosomal RNA gene, partial sequence
cc_rrna_kmer_001025|28S	MN928846.1	33632	N/A	100.000	31	0	0	1	31	871	901	Babesia gibsoni isolate HZBg42 18S ribosomal RNA gene, partial sequence; internal transcribed spacer 1, 5.8S ribosomal RNA gene, and internal transcribed spacer 2, complete sequence; and 28S ribosomal RNA gene, partial sequence
cc_rrna_kmer_001025|28S	KP666142.1	33632	N/A	100.000	31	0	0	1	31	874	904	Babesia gibsoni isolate WH54 18S ribosomal RNA gene, partial sequence; internal transcribed spacer 1, 5.8S ribosomal RNA gene, and internal transcribed spacer 2, complete sequence; and 28S ribosomal RNA gene, partial sequence
cc_rrna_kmer_001025|28S	MN928841.1	33632	N/A	100.000	31	0	0	1	31	871	901	Babesia gibsoni isolate HZBg20 18S ribosomal RNA gene, partial sequence; internal transcribed spacer 1, 5.8S ribosomal RNA gene, and internal transcribed spacer 2, complete sequence; and 28S ribosomal RNA gene, partial sequence
cc_rrna_kmer_001025|28S	KP666153.1	33632	N/A	100.000	31	0	0	1	31	871	901	Babesia gibsoni isolate WH121 18S ribosomal RNA gene, partial sequence; internal transcribed spacer 1, 5.8S ribosomal RNA gene, and internal transcribed spacer 2, complete sequence; and 28S ribosomal RNA gene, partial sequence
cc_rrna_kmer_001025|28S	MN928840.1	33632	N/A	100.000	31	0	0	1	31	871	901	Babesia gibsoni isolate XABg57 18S ribosomal RNA gene, partial sequence; internal transcribed spacer 1, 5.8S ribosomal RNA gene, and internal transcribed spacer 2, complete sequence; and 28S ribosomal RNA gene, partial sequence
cc_rrna_kmer_001025|28S	KP666141.1	33632	N/A	100.000	31	0	0	1	31	871	901	Babesia gibsoni isolate WH35 18S ribosomal RNA gene, partial sequence; internal transcribed spacer 1, 5.8S ribosomal RNA gene, and internal transcribed spacer 2, complete sequence; and 28S ribosomal RNA gene, partial sequence
cc_rrna_kmer_001025|28S	OK091619.1	33632	N/A	100.000	31	0	0	1	31	867	897	Babesia gibsoni voucher AQBg03 small subunit ribosomal RNA gene, partial sequence; internal transcribed spacer 1, 5.8S ribosomal RNA gene, and internal transcribed spacer 2, complete sequence; and large subunit ribosomal RNA gene, partial sequence
cc_rrna_kmer_001025|28S	MN928849.1	33632	N/A	100.000	31	0	0	1	31	871	901	Babesia gibsoni isolate XABg43 18S ribosomal RNA gene, partial sequence; internal transcribed spacer 1, 5.8S ribosomal RNA gene, and internal transcribed spacer 2, complete sequence; and 28S ribosomal RNA gene, partial sequence
cc_rrna_kmer_001025|28S	EU252544.1	88456	N/A	100.000	31	0	0	1	31	86	116	Cyclospora cayetanensis 28S large subunit ribosomal RNA gene, partial sequence
cc_rrna_kmer_001025|28S	OK091617.1	33632	N/A	100.000	31	0	0	1	31	867	897	Babesia gibsoni voucher HFBg02 small subunit ribosomal RNA gene, partial sequence; internal transcribed spacer 1, 5.8S ribosomal RNA gene, and internal transcribed spacer 2, complete sequence; and large subunit ribosomal RNA gene, partial sequence
cc_rrna_kmer_001025|28S	MN928839.1	33632	N/A	100.000	31	0	0	1	31	871	901	Babesia gibsoni isolate HZBg27 18S ribosomal RNA gene, partial sequence; internal transcribed spacer 1, 5.8S ribosomal RNA gene, and internal transcribed spacer 2, complete sequence; and 28S ribosomal RNA gene, partial sequence
cc_rrna_kmer_001025|28S	MN928835.1	33632	N/A	100.000	31	0	0	1	31	871	901	Babesia gibsoni isolate HZBg11 18S ribosomal RNA gene, partial sequence; internal transcribed spacer 1, 5.8S ribosomal RNA gene, and internal transcribed spacer 2, complete sequence; and 28S ribosomal RNA gene, partial sequence
cc_rrna_kmer_001025|28S	AY331570.1	241650	N/A	100.000	31	0	0	1	31	538	568	Atoxoplasma sp. MS-2003 from Javan ruby-throated bulbul small subunit ribosomal RNA gene, partial sequence; internal transcribed spacer 1, 5.8S ribosomal RNA gene, and internal transcribed spacer 2, complete sequence; and large subunit ribosomal RNA gene, partial sequence
cc_rrna_kmer_001026|28S	XR_003297360.1	88456	N/A	100.000	31	0	0	1	31	1195	1225	PREDICTED: Cyclospora cayetanensis large subunit ribosomal RNA (LOC113146729), rRNA
cc_rrna_kmer_001027|28S	AY283845.1	241650	N/A	100.000	31	0	0	1	31	1341	1371	Atoxoplasma sp. MS-2003 large subunit ribosomal RNA gene, partial sequence
cc_rrna_kmer_001027|28S	OR101126.1	3051684	N/A	100.000	31	0	0	1	31	1275	1305	Isospora elliotae isolate 20384 large subunit ribosomal RNA gene, partial sequence
cc_rrna_kmer_001027|28S	AY283863.1	241650	N/A	100.000	31	0	0	1	31	1336	1366	Atoxoplasma sp. MS-2003 large subunit ribosomal RNA gene, partial sequence
cc_rrna_kmer_001027|28S	KT224382.1	1678287	N/A	100.000	31	0	0	1	31	1285	1315	Isospora sp. RY-2015c isolate RBF large subunit ribosomal RNA gene, partial sequence
cc_rrna_kmer_001027|28S	AY283844.1	241650	N/A	100.000	31	0	0	1	31	1341	1371	Atoxoplasma sp. MS-2003 large subunit ribosomal RNA gene, partial sequence
cc_rrna_kmer_001027|28S	AY283862.1	241650	N/A	100.000	31	0	0	1	31	1340	1370	Atoxoplasma sp. MS-2003 large subunit ribosomal RNA gene, partial sequence
cc_rrna_kmer_001027|28S	OA985032.1	2823481	N/A	100.000	31	0	0	1	31	784	814	Isospora sp. Hs2 partial 28S rRNA gene
cc_rrna_kmer_001027|28S	AY283839.1	241650	N/A	100.000	31	0	0	1	31	1350	1380	Atoxoplasma sp. MS-2003 large subunit ribosomal RNA gene, partial sequence
cc_rrna_kmer_001027|28S	AY283858.1	241650	N/A	100.000	31	0	0	1	31	1339	1369	Atoxoplasma sp. MS-2003 large subunit ribosomal RNA gene, partial sequence
cc_rrna_kmer_001027|28S	AY283864.1	241650	N/A	100.000	31	0	0	1	31	1345	1375	Atoxoplasma sp. MS-2003 large subunit ribosomal RNA gene, partial sequence
cc_rrna_kmer_001027|28S	AY283869.1	241650	N/A	100.000	31	0	0	1	31	1347	1377	Atoxoplasma sp. MS-2003 large subunit ribosomal RNA gene, partial sequence
cc_rrna_kmer_001027|28S	AY283868.1	241650	N/A	100.000	31	0	0	1	31	1339	1369	Atoxoplasma sp. MS-2003 large subunit ribosomal RNA gene, partial sequence
cc_rrna_kmer_001027|28S	MW775029.1	2820069	N/A	100.000	31	0	0	1	31	1306	1336	Isospora mayuri isolate 7-Bule-peafowl large subunit ribosomal RNA gene, partial sequence
cc_rrna_kmer_001027|28S	AY283859.1	241650	N/A	100.000	31	0	0	1	31	1341	1371	Atoxoplasma sp. MS-2003 large subunit ribosomal RNA gene, partial sequence
cc_rrna_kmer_001027|28S	KJ634022.1	1565085	N/A	100.000	31	0	0	1	31	870	900	Isospora streperae 28S ribosomal RNA gene, partial sequence
cc_rrna_kmer_001027|28S	AY283847.1	241650	N/A	100.000	31	0	0	1	31	1341	1371	Atoxoplasma sp. MS-2003 large subunit ribosomal RNA gene, partial sequence
cc_rrna_kmer_001027|28S	OA985031.1	2823479	N/A	100.000	31	0	0	1	31	779	809	Isospora sp. Pr2 partial 28S rRNA gene
cc_rrna_kmer_001027|28S	AY283850.1	241650	N/A	100.000	31	0	0	1	31	1336	1366	Atoxoplasma sp. MS-2003 large subunit ribosomal RNA gene, partial sequence
cc_rrna_kmer_001027|28S	KY801686.1	2153390	N/A	100.000	31	0	0	1	31	1269	1299	Isospora butcherae 28S ribosomal RNA gene, partial sequence
cc_rrna_kmer_001027|28S	OQ459343.1	3028803	N/A	100.000	31	0	0	1	31	1265	1295	Eimeria briceae isolate 201909 large subunit ribosomal RNA gene, partial sequence
cc_rrna_kmer_001027|28S	AY283843.1	241650	N/A	100.000	31	0	0	1	31	1343	1373	Atoxoplasma sp. MS-2003 large subunit ribosomal RNA gene, partial sequence
cc_rrna_kmer_001027|28S	OA985026.1	2823474	N/A	100.000	31	0	0	1	31	784	814	Isospora sp. Bclt1 partial 28S rRNA gene
cc_rrna_kmer_001027|28S	AY283866.1	241650	N/A	100.000	31	0	0	1	31	1339	1369	Atoxoplasma sp. MS-2003 large subunit ribosomal RNA gene, partial sequence
cc_rrna_kmer_001027|28S	XR_003297360.1	88456	N/A	100.000	31	0	0	1	31	680	710	PREDICTED: Cyclospora cayetanensis large subunit ribosomal RNA (LOC113146729), rRNA
cc_rrna_kmer_001027|28S	AY283848.1	241650	N/A	100.000	31	0	0	1	31	1341	1371	Atoxoplasma sp. MS-2003 large subunit ribosomal RNA gene, partial sequence
cc_rrna_kmer_001027|28S	AY283849.1	241650	N/A	100.000	31	0	0	1	31	1342	1372	Atoxoplasma sp. MS-2003 large subunit ribosomal RNA gene, partial sequence
cc_rrna_kmer_001027|28S	AY283853.1	241650	N/A	100.000	31	0	0	1	31	1340	1370	Atoxoplasma sp. MS-2003 large subunit ribosomal RNA gene, partial sequence
cc_rrna_kmer_001027|28S	OA985028.1	2823475;2823476	N/A;N/A	100.000	31	0	0	1	31	784	814	Isospora sp. Pc1 partial 28S rRNA gene
cc_rrna_kmer_001027|28S	AY283865.1	241650	N/A	100.000	31	0	0	1	31	1332	1362	Atoxoplasma sp. MS-2003 large subunit ribosomal RNA gene, partial sequence
cc_rrna_kmer_001027|28S	AY283860.1	241650	N/A	100.000	31	0	0	1	31	1341	1371	Atoxoplasma sp. MS-2003 large subunit ribosomal RNA gene, partial sequence
cc_rrna_kmer_001027|28S	AY283857.1	241650	N/A	100.000	31	0	0	1	31	1340	1370	Atoxoplasma sp. MS-2003 large subunit ribosomal RNA gene, partial sequence
cc_rrna_kmer_001027|28S	AY283852.1	241650	N/A	100.000	31	0	0	1	31	1337	1367	Atoxoplasma sp. MS-2003 large subunit ribosomal RNA gene, partial sequence
cc_rrna_kmer_001027|28S	OA985030.1	2823478	N/A	100.000	31	0	0	1	31	781	811	Isospora sp. Pr1 partial 28S rRNA gene
cc_rrna_kmer_001027|28S	AY283854.1	241650	N/A	100.000	31	0	0	1	31	1340	1370	Atoxoplasma sp. MS-2003 large subunit ribosomal RNA gene, partial sequence
cc_rrna_kmer_001027|28S	AY283841.1	241650	N/A	100.000	31	0	0	1	31	1343	1373	Atoxoplasma sp. MS-2003 large subunit ribosomal RNA gene, partial sequence
cc_rrna_kmer_001027|28S	AY283855.1	241650	N/A	100.000	31	0	0	1	31	1339	1369	Atoxoplasma sp. MS-2003 large subunit ribosomal RNA gene, partial sequence
cc_rrna_kmer_001027|28S	MW775031.1	1469499	N/A	100.000	31	0	0	1	31	1314	1344	Eimeria hermani isolate 9-Whooper-swan large subunit ribosomal RNA gene, partial sequence
cc_rrna_kmer_001027|28S	AY283840.1	241650	N/A	100.000	31	0	0	1	31	1344	1374	Atoxoplasma sp. MS-2003 large subunit ribosomal RNA gene, partial sequence
cc_rrna_kmer_001027|28S	OA985027.1	2823473	N/A	100.000	31	0	0	1	31	784	814	Isospora sp. Sgs1 partial 28S rRNA gene
cc_rrna_kmer_001027|28S	AY283867.1	241650	N/A	100.000	31	0	0	1	31	1341	1371	Atoxoplasma sp. MS-2003 large subunit ribosomal RNA gene, partial sequence
cc_rrna_kmer_001027|28S	AY283870.1	241650	N/A	100.000	31	0	0	1	31	1343	1373	Atoxoplasma sp. MS-2003 large subunit ribosomal RNA gene, partial sequence
cc_rrna_kmer_001027|28S	OR266354.1	1743397	N/A	100.000	31	0	0	1	31	554	584	Isospora sp. isolate 28S_Seq18 large subunit ribosomal RNA gene, partial sequence
cc_rrna_kmer_001027|28S	KT726931.1	1743397	N/A	100.000	31	0	0	1	31	1342	1372	Isospora sp. 28S ribosomal RNA gene, partial sequence
cc_rrna_kmer_001027|28S	AY283846.1	241650	N/A	100.000	31	0	0	1	31	1344	1374	Atoxoplasma sp. MS-2003 large subunit ribosomal RNA gene, partial sequence
cc_rrna_kmer_001027|28S	OA985033.1	2823480	N/A	100.000	31	0	0	1	31	785	815	Isospora sp. Hs1 partial 28S rRNA gene
cc_rrna_kmer_001027|28S	AY283851.1	241650	N/A	100.000	31	0	0	1	31	1340	1370	Atoxoplasma sp. MS-2003 large subunit ribosomal RNA gene, partial sequence
cc_rrna_kmer_001027|28S	MW775028.1	2820073	N/A	100.000	31	0	0	1	31	1301	1331	Isospora lacazei isolate 6-Bule-peafowl large subunit ribosomal RNA gene, partial sequence
cc_rrna_kmer_001027|28S	AY283856.1	241650	N/A	100.000	31	0	0	1	31	1341	1371	Atoxoplasma sp. MS-2003 large subunit ribosomal RNA gene, partial sequence
cc_rrna_kmer_001029|28S	EU252544.1	88456	N/A	100.000	31	0	0	1	31	274	244	Cyclospora cayetanensis 28S large subunit ribosomal RNA gene, partial sequence
cc_rrna_kmer_001030|28S	XR_003297360.1	88456	N/A	100.000	31	0	0	1	31	1164	1134	PREDICTED: Cyclospora cayetanensis large subunit ribosomal RNA (LOC113146729), rRNA
cc_rrna_kmer_001030|28S	EU252544.1	88456	N/A	100.000	31	0	0	1	31	1909	1879	Cyclospora cayetanensis 28S large subunit ribosomal RNA gene, partial sequence
cc_rrna_kmer_001031|28S	EU252544.1	88456	N/A	100.000	31	0	0	1	31	513	483	Cyclospora cayetanensis 28S large subunit ribosomal RNA gene, partial sequence
cc_rrna_kmer_001032|28S	LC856927.1	1962270	N/A	100.000	31	0	0	1	31	1350	1380	Sarcocystis bertrami CA20-2_2 gene for 28S ribosomal RNA, partial sequence, clone: b26-6
cc_rrna_kmer_001032|28S	XR_003297360.1	88456	N/A	100.000	31	0	0	1	31	582	612	PREDICTED: Cyclospora cayetanensis large subunit ribosomal RNA (LOC113146729), rRNA
cc_rrna_kmer_001032|28S	LC857022.1	1962270	N/A	100.000	31	0	0	1	31	1353	1383	Sarcocystis bertrami CA20-53_1 gene for 28S ribosomal RNA, partial sequence, clone: b14-6
cc_rrna_kmer_001033|28S	XR_003297360.1	88456	N/A	100.000	31	0	0	1	31	1207	1237	PREDICTED: Cyclospora cayetanensis large subunit ribosomal RNA (LOC113146729), rRNA
cc_rrna_kmer_001034|28S	EU252544.1	88456	N/A	100.000	31	0	0	1	31	714	684	Cyclospora cayetanensis 28S large subunit ribosomal RNA gene, partial sequence
cc_rrna_kmer_001035|28S	EU252544.1	88456	N/A	100.000	31	0	0	1	31	552	522	Cyclospora cayetanensis 28S large subunit ribosomal RNA gene, partial sequence
cc_rrna_kmer_001036|28S	XR_003297360.1	88456	N/A	100.000	31	0	0	1	31	1820	1850	PREDICTED: Cyclospora cayetanensis large subunit ribosomal RNA (LOC113146729), rRNA
cc_rrna_kmer_001037|28S	LC856987.1	1962270	N/A	100.000	31	0	0	1	31	1544	1574	Sarcocystis bertrami CA20-44_fa13 gene for 28S ribosomal RNA, partial sequence, clone: b49-3
cc_rrna_kmer_001037|28S	LC856975.1	1962270	N/A	100.000	31	0	0	1	31	1553	1583	Sarcocystis bertrami CA20-44_9 gene for 28S ribosomal RNA, partial sequence, clone: b10-1
cc_rrna_kmer_001037|28S	LC856939.1	1962270	N/A	100.000	31	0	0	1	31	1543	1573	Sarcocystis bertrami CA20-2_5 gene for 28S ribosomal RNA, partial sequence, clone: b3-5
cc_rrna_kmer_001037|28S	LC856965.1	1962270	N/A	100.000	31	0	0	1	31	1542	1572	Sarcocystis bertrami CA20-44_6 gene for 28S ribosomal RNA, partial sequence, clone: b32-4
cc_rrna_kmer_001037|28S	LC857055.1	1962270	N/A	100.000	31	0	0	1	31	1549	1579	Sarcocystis bertrami CA20-54_8 gene for 28S ribosomal RNA, partial sequence, clone: b46-3
cc_rrna_kmer_001037|28S	KT901242.1	103879	N/A	100.000	31	0	0	1	31	1552	1582	Sarcocystis sinensis isolate Bb21.27 clone 1 28S ribosomal RNA gene, partial sequence
cc_rrna_kmer_001037|28S	LC856956.1	1962270	N/A	100.000	31	0	0	1	31	1543	1573	Sarcocystis bertrami CA20-44_4 gene for 28S ribosomal RNA, partial sequence, clone: b31-3
cc_rrna_kmer_001037|28S	LC857041.1	1962270	N/A	100.000	31	0	0	1	31	1568	1598	Sarcocystis bertrami CA20-53_10 gene for 28S ribosomal RNA, partial sequence, clone: b42-6
cc_rrna_kmer_001037|28S	KT901260.1	1749070	N/A	100.000	31	0	0	1	31	1541	1571	Sarcocystis bovini isolate B4.7 clone 5 28S ribosomal RNA gene, partial sequence
cc_rrna_kmer_001037|28S	LC856936.1	1962270	N/A	100.000	31	0	0	1	31	1550	1580	Sarcocystis bertrami CA20-2_4 gene for 28S ribosomal RNA, partial sequence, clone: b27-6
cc_rrna_kmer_001037|28S	LC856979.1	1962270	N/A	100.000	31	0	0	1	31	1546	1576	Sarcocystis bertrami CA20-44_10 gene for 28S ribosomal RNA, partial sequence, clone: b34-3
cc_rrna_kmer_001037|28S	LC856980.1	1962270	N/A	100.000	31	0	0	1	31	1543	1573	Sarcocystis bertrami CA20-44_10 gene for 28S ribosomal RNA, partial sequence, clone: b34-4
cc_rrna_kmer_001037|28S	LC856967.1	1962270	N/A	100.000	31	0	0	1	31	1549	1579	Sarcocystis bertrami CA20-44_6 gene for 28S ribosomal RNA, partial sequence, clone: b32-6
cc_rrna_kmer_001037|28S	LC856943.1	1962270	N/A	100.000	31	0	0	1	31	1552	1582	Sarcocystis bertrami CA20-17_3 gene for 28S ribosomal RNA, partial sequence, clone: b4-3
cc_rrna_kmer_001037|28S	LC856921.1	1962270	N/A	100.000	31	0	0	1	31	1541	1571	Sarcocystis bertrami CA20-2_1 gene for 28S ribosomal RNA, partial sequence, clone: b1-2
cc_rrna_kmer_001037|28S	LC857061.1	1962270	N/A	100.000	31	0	0	1	31	1541	1571	Sarcocystis bertrami FR21-3_1 gene for 28S ribosomal RNA, partial sequence, clone: b24-3
cc_rrna_kmer_001037|28S	LC856992.1	1962270	N/A	100.000	31	0	0	1	31	1568	1598	Sarcocystis bertrami CA20-44_fa17 gene for 28S ribosomal RNA, partial sequence, clone: b51-4
cc_rrna_kmer_001037|28S	KT901243.1	103879	N/A	100.000	31	0	0	1	31	1547	1577	Sarcocystis sinensis isolate Bb21.27 clone 2 28S ribosomal RNA gene, partial sequence
cc_rrna_kmer_001037|28S	LC857034.1	1962270	N/A	100.000	31	0	0	1	31	1548	1578	Sarcocystis bertrami CA20-53_6 gene for 28S ribosomal RNA, partial sequence, clone: b40-5
cc_rrna_kmer_001037|28S	KT901245.1	1749069	N/A	100.000	31	0	0	1	31	1543	1573	Sarcocystis bovifelis isolate B1.13 clone 1 28S ribosomal RNA gene, partial sequence
cc_rrna_kmer_001037|28S	KT901246.1	1749069	N/A	100.000	31	0	0	1	31	1541	1571	Sarcocystis bovifelis isolate B1.13 clone 2 28S ribosomal RNA gene, partial sequence
cc_rrna_kmer_001037|28S	LC857043.1	1962270	N/A	100.000	31	0	0	1	31	1539	1569	Sarcocystis bertrami CA20-54_1 gene for 28S ribosomal RNA, partial sequence, clone: b19-5
cc_rrna_kmer_001037|28S	LC856982.1	1962270	N/A	100.000	31	0	0	1	31	1536	1566	Sarcocystis bertrami CA20-44_10 gene for 28S ribosomal RNA, partial sequence, clone: b34-6
cc_rrna_kmer_001037|28S	KT901254.1	1749069	N/A	100.000	31	0	0	1	31	1540	1570	Sarcocystis bovifelis isolate B4.5 clone 4 28S ribosomal RNA gene, partial sequence
cc_rrna_kmer_001037|28S	KU247936.1	65408	N/A	100.000	31	0	0	1	31	1549	1579	Sarcocystis buffalonis isolate Bb18.1 clone 3 28S ribosomal RNA gene, partial sequence
cc_rrna_kmer_001037|28S	KT901264.1	61649	N/A	100.000	31	0	0	1	31	1556	1586	Sarcocystis hirsuta isolate B6.3 clone 1 28S ribosomal RNA gene, partial sequence
cc_rrna_kmer_001037|28S	LC857028.1	1962270	N/A	100.000	31	0	0	1	31	1544	1574	Sarcocystis bertrami CA20-53_3 gene for 28S ribosomal RNA, partial sequence, clone: b15-4
cc_rrna_kmer_001037|28S	LC857008.1	1962270	N/A	100.000	31	0	0	1	31	1552	1582	Sarcocystis bertrami CA20-51_1 gene for 28S ribosomal RNA, partial sequence, clone: b11-5
cc_rrna_kmer_001037|28S	LC857054.1	1962270	N/A	100.000	31	0	0	1	31	1548	1578	Sarcocystis bertrami CA20-54_8 gene for 28S ribosomal RNA, partial sequence, clone: b46-1
cc_rrna_kmer_001037|28S	LC856976.1	1962270	N/A	100.000	31	0	0	1	31	1552	1582	Sarcocystis bertrami CA20-44_9 gene for 28S ribosomal RNA, partial sequence, clone: b10-4
cc_rrna_kmer_001037|28S	KT901235.1	103879	N/A	100.000	31	0	0	1	31	1546	1576	Sarcocystis sinensis isolate Bb21.26 clone 3 28S ribosomal RNA gene, partial sequence
cc_rrna_kmer_001037|28S	LC857016.1	1962270	N/A	100.000	31	0	0	1	31	1543	1573	Sarcocystis bertrami CA20-52_2 gene for 28S ribosomal RNA, partial sequence, clone: b36-6
cc_rrna_kmer_001037|28S	LC857015.1	1962270	N/A	100.000	31	0	0	1	31	1546	1576	Sarcocystis bertrami CA20-52_2 gene for 28S ribosomal RNA, partial sequence, clone: b36-2
cc_rrna_kmer_001037|28S	LC856928.1	1962270	N/A	100.000	31	0	0	1	31	1543	1573	Sarcocystis bertrami CA20-2_3 gene for 28S ribosomal RNA, partial sequence, clone: b2-1
cc_rrna_kmer_001037|28S	LC857010.1	1962270	N/A	100.000	31	0	0	1	31	1544	1574	Sarcocystis bertrami CA20-51_2 gene for 28S ribosomal RNA, partial sequence, clone: b35-2
cc_rrna_kmer_001037|28S	KT901265.1	61649	N/A	100.000	31	0	0	1	31	1562	1592	Sarcocystis hirsuta isolate B6.3 clone 2 28S ribosomal RNA gene, partial sequence
cc_rrna_kmer_001037|28S	LC856984.1	1962270	N/A	100.000	31	0	0	1	31	1543	1573	Sarcocystis bertrami CA20-44_fa7 gene for 28S ribosomal RNA, partial sequence, clone: b48-4
cc_rrna_kmer_001037|28S	KT901244.1	103879	N/A	100.000	31	0	0	1	31	1552	1582	Sarcocystis sinensis isolate Bb21.27 clone 3 28S ribosomal RNA gene, partial sequence
cc_rrna_kmer_001037|28S	LC856999.1	1962270	N/A	100.000	31	0	0	1	31	1534	1564	Sarcocystis bertrami CA20-44_be23 gene for 28S ribosomal RNA, partial sequence, clone: b55-2
cc_rrna_kmer_001037|28S	OM971687.1	2925352	N/A	100.000	31	0	0	1	31	1579	1609	Sarcocystis asinus isolate YDDSa5 large subunit ribosomal RNA gene, partial sequence
cc_rrna_kmer_001037|28S	KT901236.1	103879	N/A	100.000	31	0	0	1	31	1546	1576	Sarcocystis sinensis isolate Bb21.26 clone 4 28S ribosomal RNA gene, partial sequence
cc_rrna_kmer_001037|28S	LC857040.1	1962270	N/A	100.000	31	0	0	1	31	1552	1582	Sarcocystis bertrami CA20-53_10 gene for 28S ribosomal RNA, partial sequence, clone: b42-4
cc_rrna_kmer_001037|28S	LC856977.1	1962270	N/A	100.000	31	0	0	1	31	1541	1571	Sarcocystis bertrami CA20-44_10 gene for 28S ribosomal RNA, partial sequence, clone: b34-1
cc_rrna_kmer_001037|28S	KT901233.1	103879	N/A	100.000	31	0	0	1	31	1546	1576	Sarcocystis sinensis isolate Bb21.26 clone 1 28S ribosomal RNA gene, partial sequence
cc_rrna_kmer_001037|28S	LC856971.1	1962270	N/A	100.000	31	0	0	1	31	1547	1577	Sarcocystis bertrami CA20-44_7 gene for 28S ribosomal RNA, partial sequence, clone: b9-4
cc_rrna_kmer_001037|28S	LC857057.1	1962270	N/A	100.000	31	0	0	1	31	1546	1576	Sarcocystis bertrami CA20-54_10 gene for 28S ribosomal RNA, partial sequence, clone: b47-7
cc_rrna_kmer_001037|28S	KU247935.1	65408	N/A	100.000	31	0	0	1	31	1555	1585	Sarcocystis buffalonis isolate Bb18.1 clone 2 28S ribosomal RNA gene, partial sequence
cc_rrna_kmer_001037|28S	KT901247.1	1749069	N/A	100.000	31	0	0	1	31	1546	1576	Sarcocystis bovifelis isolate B1.13 clone 3 28S ribosomal RNA gene, partial sequence
cc_rrna_kmer_001037|28S	LC856950.1	1962270	N/A	100.000	31	0	0	1	31	1556	1586	Sarcocystis bertrami CA20-17_5 gene for 28S ribosomal RNA, partial sequence, clone: b5-6
cc_rrna_kmer_001037|28S	LC856931.1	1962270	N/A	100.000	31	0	0	1	31	1543	1573	Sarcocystis bertrami CA20-2_3 gene for 28S ribosomal RNA, partial sequence, clone: b2-6
cc_rrna_kmer_001037|28S	LC857060.1	1962270	N/A	100.000	31	0	0	1	31	1551	1581	Sarcocystis bertrami FR21-3_1 gene for 28S ribosomal RNA, partial sequence, clone: b24-2
cc_rrna_kmer_001037|28S	XR_003297360.1	88456	N/A	100.000	31	0	0	1	31	783	813	PREDICTED: Cyclospora cayetanensis large subunit ribosomal RNA (LOC113146729), rRNA
cc_rrna_kmer_001037|28S	KT901255.1	1749069	N/A	100.000	31	0	0	1	31	1540	1570	Sarcocystis bovifelis isolate B4.5 clone 5 28S ribosomal RNA gene, partial sequence
cc_rrna_kmer_001037|28S	LC856933.1	1962270	N/A	100.000	31	0	0	1	31	1546	1576	Sarcocystis bertrami CA20-2_4 gene for 28S ribosomal RNA, partial sequence, clone: b27-3
cc_rrna_kmer_001037|28S	LC857031.1	1962270	N/A	100.000	31	0	0	1	31	1541	1571	Sarcocystis bertrami CA20-53_5 gene for 28S ribosomal RNA, partial sequence, clone: b16-1
cc_rrna_kmer_001037|28S	LC856949.1	1962270	N/A	100.000	31	0	0	1	31	1543	1573	Sarcocystis bertrami CA20-17_5 gene for 28S ribosomal RNA, partial sequence, clone: b5-5
cc_rrna_kmer_001037|28S	LC857026.1	1962270	N/A	100.000	31	0	0	1	31	1549	1579	Sarcocystis bertrami CA20-53_2 gene for 28S ribosomal RNA, partial sequence, clone: b38-5
cc_rrna_kmer_001037|28S	LC857005.1	1962270	N/A	100.000	31	0	0	1	31	1548	1578	Sarcocystis bertrami CA20-44_be29 gene for 28S ribosomal RNA, partial sequence, clone: b58-2
cc_rrna_kmer_001037|28S	LC856966.1	1962270	N/A	100.000	31	0	0	1	31	1551	1581	Sarcocystis bertrami CA20-44_6 gene for 28S ribosomal RNA, partial sequence, clone: b32-5
cc_rrna_kmer_001037|28S	LC857039.1	1962270	N/A	100.000	31	0	0	1	31	1552	1582	Sarcocystis bertrami CA20-53_10 gene for 28S ribosomal RNA, partial sequence, clone: b42-1
cc_rrna_kmer_001037|28S	OM971684.1	2925352	N/A	100.000	31	0	0	1	31	1580	1610	Sarcocystis asinus isolate YDDSa2 large subunit ribosomal RNA gene, partial sequence
cc_rrna_kmer_001037|28S	LC856925.1	1962270	N/A	100.000	31	0	0	1	31	1548	1578	Sarcocystis bertrami CA20-2_2 gene for 28S ribosomal RNA, partial sequence, clone: b26-3
cc_rrna_kmer_001037|28S	LC857045.1	1962270	N/A	100.000	31	0	0	1	31	1561	1591	Sarcocystis bertrami CA20-54_2 gene for 28S ribosomal RNA, partial sequence, clone: b43-3
cc_rrna_kmer_001037|28S	LC856953.1	1962270	N/A	100.000	31	0	0	1	31	1546	1576	Sarcocystis bertrami CA20-44_2 gene for 28S ribosomal RNA, partial sequence, clone: b30-4
cc_rrna_kmer_001037|28S	MH793420.1	65408	N/A	100.000	31	0	0	1	31	1555	1585	Sarcocystis buffalonis clone SB28S3 large subunit ribosomal RNA gene, partial sequence
cc_rrna_kmer_001037|28S	KT901263.1	1749070	N/A	100.000	31	0	0	1	31	1537	1567	Sarcocystis bovini isolate B7.2 clone 2 28S ribosomal RNA gene, partial sequence
cc_rrna_kmer_001037|28S	LC856929.1	1962270	N/A	100.000	31	0	0	1	31	1549	1579	Sarcocystis bertrami CA20-2_3 gene for 28S ribosomal RNA, partial sequence, clone: b2-3
cc_rrna_kmer_001037|28S	LC857000.1	1962270	N/A	100.000	31	0	0	1	31	1554	1584	Sarcocystis bertrami CA20-44_be23 gene for 28S ribosomal RNA, partial sequence, clone: b55-3
cc_rrna_kmer_001037|28S	KT901257.1	1749070	N/A	100.000	31	0	0	1	31	1542	1572	Sarcocystis bovini isolate B4.7 clone 2 28S ribosomal RNA gene, partial sequence
cc_rrna_kmer_001037|28S	MH793419.1	65408	N/A	100.000	31	0	0	1	31	1555	1585	Sarcocystis buffalonis clone SB28S2 large subunit ribosomal RNA gene, partial sequence
cc_rrna_kmer_001037|28S	LC856935.1	1962270	N/A	100.000	31	0	0	1	31	1549	1579	Sarcocystis bertrami CA20-2_4 gene for 28S ribosomal RNA, partial sequence, clone: b27-5
cc_rrna_kmer_001037|28S	KT901256.1	1749070	N/A	100.000	31	0	0	1	31	1541	1571	Sarcocystis bovini isolate B4.7 clone 1 28S ribosomal RNA gene, partial sequence
cc_rrna_kmer_001037|28S	LC856941.1	1962270	N/A	100.000	31	0	0	1	31	1548	1578	Sarcocystis bertrami CA20-17_2 gene for 28S ribosomal RNA, partial sequence, clone: b28-2
cc_rrna_kmer_001037|28S	LC856974.1	1962270	N/A	100.000	31	0	0	1	31	1544	1574	Sarcocystis bertrami CA20-44_8 gene for 28S ribosomal RNA, partial sequence, clone: b33-3
cc_rrna_kmer_001037|28S	MT707286.1	61649	N/A	100.000	31	0	0	1	31	1557	1587	Sarcocystis hirsuta isolate AR24 large subunit ribosomal RNA gene, partial sequence
cc_rrna_kmer_001037|28S	MH793418.1	65408	N/A	100.000	31	0	0	1	31	1555	1585	Sarcocystis buffalonis clone SB28S1 large subunit ribosomal RNA gene, partial sequence
cc_rrna_kmer_001037|28S	KT901237.1	103879	N/A	100.000	31	0	0	1	31	1544	1574	Sarcocystis sinensis isolate Bb21.26 clone 5 28S ribosomal RNA gene, partial sequence
cc_rrna_kmer_001037|28S	LC856988.1	1962270	N/A	100.000	31	0	0	1	31	1552	1582	Sarcocystis bertrami CA20-44_fa14 gene for 28S ribosomal RNA, partial sequence, clone: b50-1
cc_rrna_kmer_001037|28S	LC856924.1	1962270	N/A	100.000	31	0	0	1	31	1541	1571	Sarcocystis bertrami CA20-2_2 gene for 28S ribosomal RNA, partial sequence, clone: b26-2
cc_rrna_kmer_001037|28S	KU247934.1	65408	N/A	100.000	31	0	0	1	31	1555	1585	Sarcocystis buffalonis isolate Bb18.1 clone 1 28S ribosomal RNA gene, partial sequence
cc_rrna_kmer_001037|28S	LC857059.1	1962270	N/A	100.000	31	0	0	1	31	1540	1570	Sarcocystis bertrami FR21-3_1 gene for 28S ribosomal RNA, partial sequence, clone: b24-1
cc_rrna_kmer_001037|28S	LC856940.1	1962270	N/A	100.000	31	0	0	1	31	1543	1573	Sarcocystis bertrami CA20-2_5 gene for 28S ribosomal RNA, partial sequence, clone: b3-6
cc_rrna_kmer_001037|28S	KT901238.1	103879	N/A	100.000	31	0	0	1	31	1556	1586	Sarcocystis sinensis isolate Bb21.26 clone 6 28S ribosomal RNA gene, partial sequence
cc_rrna_kmer_001037|28S	MT707476.1	61649	N/A	100.000	31	0	0	1	31	1557	1587	Sarcocystis hirsuta isolate AR26 large subunit ribosomal RNA gene, partial sequence
cc_rrna_kmer_001037|28S	LC856968.1	1962270	N/A	100.000	31	0	0	1	31	1541	1571	Sarcocystis bertrami CA20-44_7 gene for 28S ribosomal RNA, partial sequence, clone: b9-1
cc_rrna_kmer_001037|28S	EU252544.1	88456	N/A	100.000	31	0	0	1	31	1528	1558	Cyclospora cayetanensis 28S large subunit ribosomal RNA gene, partial sequence
cc_rrna_kmer_001037|28S	LC856998.1	1962270	N/A	100.000	31	0	0	1	31	1544	1574	Sarcocystis bertrami CA20-44_be23 gene for 28S ribosomal RNA, partial sequence, clone: b55-1
cc_rrna_kmer_001037|28S	LC856922.1	1962270	N/A	100.000	31	0	0	1	31	1541	1571	Sarcocystis bertrami CA20-2_1 gene for 28S ribosomal RNA, partial sequence, clone: b1-4
cc_rrna_kmer_001037|28S	KT901234.1	103879	N/A	100.000	31	0	0	1	31	1547	1577	Sarcocystis sinensis isolate Bb21.26 clone 2 28S ribosomal RNA gene, partial sequence
cc_rrna_kmer_001037|28S	KT901258.1	1749070	N/A	100.000	31	0	0	1	31	1544	1574	Sarcocystis bovini isolate B4.7 clone 3 28S ribosomal RNA gene, partial sequence
cc_rrna_kmer_001037|28S	LC856996.1	1962270	N/A	100.000	31	0	0	1	31	1546	1576	Sarcocystis bertrami CA20-44_be15 gene for 28S ribosomal RNA, partial sequence, clone: b53-3
cc_rrna_kmer_001037|28S	KT901252.1	1749069	N/A	100.000	31	0	0	1	31	1539	1569	Sarcocystis bovifelis isolate B4.5 clone 2 28S ribosomal RNA gene, partial sequence
cc_rrna_kmer_001037|28S	KT901251.1	1749069	N/A	100.000	31	0	0	1	31	1543	1573	Sarcocystis bovifelis isolate B4.5 clone 1 28S ribosomal RNA gene, partial sequence
cc_rrna_kmer_001037|28S	KT901240.1	103879	N/A	100.000	31	0	0	1	31	1546	1576	Sarcocystis sinensis isolate Bb21.26 clone 8 28S ribosomal RNA gene, partial sequence
cc_rrna_kmer_001037|28S	LC856932.1	1962270	N/A	100.000	31	0	0	1	31	1544	1574	Sarcocystis bertrami CA20-2_4 gene for 28S ribosomal RNA, partial sequence, clone: b27-2
cc_rrna_kmer_001037|28S	KT901261.1	1749070	N/A	100.000	31	0	0	1	31	1534	1564	Sarcocystis bovini isolate B4.7 clone 6 28S ribosomal RNA gene, partial sequence
cc_rrna_kmer_001037|28S	KT901262.1	1749070	N/A	100.000	31	0	0	1	31	1537	1567	Sarcocystis bovini isolate B7.2 clone 1 28S ribosomal RNA gene, partial sequence
cc_rrna_kmer_001037|28S	LC856981.1	1962270	N/A	100.000	31	0	0	1	31	1546	1576	Sarcocystis bertrami CA20-44_10 gene for 28S ribosomal RNA, partial sequence, clone: b34-5
cc_rrna_kmer_001037|28S	LC857052.1	1962270	N/A	100.000	31	0	0	1	31	1549	1579	Sarcocystis bertrami CA20-54_7 gene for 28S ribosomal RNA, partial sequence, clone: b22-4
cc_rrna_kmer_001037|28S	LC857009.1	1962270	N/A	100.000	31	0	0	1	31	1550	1580	Sarcocystis bertrami CA20-51_2 gene for 28S ribosomal RNA, partial sequence, clone: b35-1
cc_rrna_kmer_001037|28S	OM971683.1	2925352	N/A	100.000	31	0	0	1	31	1576	1606	Sarcocystis asinus isolate YDDSa1 large subunit ribosomal RNA gene, partial sequence
cc_rrna_kmer_001037|28S	LC856952.1	1962270	N/A	100.000	31	0	0	1	31	1546	1576	Sarcocystis bertrami CA20-44_2 gene for 28S ribosomal RNA, partial sequence, clone: b30-3
cc_rrna_kmer_001038|18S	AF111183.1	88456	N/A	100.000	31	0	0	1	31	1700	1670	Cyclospora cayetanensis 18S ribosomal RNA gene, complete sequence
cc_rrna_kmer_001038|18S	XR_003297358.1	88456	N/A	100.000	31	0	0	1	31	1700	1670	PREDICTED: Cyclospora cayetanensis small subunit ribosomal RNA (LOC113146722), rRNA
cc_rrna_kmer_001038|18S	KX618190.1	88456	N/A	100.000	31	0	0	1	31	1700	1670	Cyclospora cayetanensis 18S small subunit ribosomal RNA gene, partial sequence
cc_rrna_kmer_001040|28S	XR_003297360.1	88456	N/A	100.000	31	0	0	1	31	1067	1097	PREDICTED: Cyclospora cayetanensis large subunit ribosomal RNA (LOC113146729), rRNA
cc_rrna_kmer_001040|28S	EU252544.1	88456	N/A	100.000	31	0	0	1	31	1812	1842	Cyclospora cayetanensis 28S large subunit ribosomal RNA gene, partial sequence
cc_rrna_kmer_001041|28S	XR_003297360.1	88456	N/A	100.000	31	0	0	1	31	2578	2548	PREDICTED: Cyclospora cayetanensis large subunit ribosomal RNA (LOC113146729), rRNA
cc_rrna_kmer_001042|28S	EU252544.1	88456	N/A	100.000	31	0	0	1	31	450	480	Cyclospora cayetanensis 28S large subunit ribosomal RNA gene, partial sequence
cc_rrna_kmer_001043|28S	MK530654.1	2591227	N/A	100.000	31	0	0	1	31	71	101	Isospora coronoideae large subunit ribosomal RNA gene, partial sequence
cc_rrna_kmer_001043|28S	MW422270.1	2800198	N/A	100.000	31	0	0	1	31	56	86	Isospora phylidonyrisae isolate 20381 large subunit ribosomal RNA gene, partial sequence
cc_rrna_kmer_001043|28S	PQ108888.1	3239063	N/A	100.000	31	0	0	1	31	70	100	Isospora virescensae isolate SHE01 large subunit ribosomal RNA gene, partial sequence
cc_rrna_kmer_001043|28S	MW776413.1	3054442	N/A	100.000	31	0	0	1	31	68	98	Isospora lunulatae isolate 20742 large subunit ribosomal RNA gene, partial sequence
cc_rrna_kmer_001043|28S	KT224381.1	1678286	N/A	100.000	31	0	0	1	31	56	86	Isospora manorinae isolate 22795 large subunit ribosomal RNA gene, partial sequence
cc_rrna_kmer_001043|28S	EU252544.1	88456	N/A	100.000	31	0	0	1	31	204	234	Cyclospora cayetanensis 28S large subunit ribosomal RNA gene, partial sequence
cc_rrna_kmer_001043|28S	KF766053.1	1487184	N/A	100.000	31	0	0	1	31	68	98	Isospora anthochaerae large subunit ribosomal RNA gene, partial sequence
cc_rrna_kmer_001044|28S	XR_003297360.1	88456	N/A	100.000	31	0	0	1	31	1167	1197	PREDICTED: Cyclospora cayetanensis large subunit ribosomal RNA (LOC113146729), rRNA
cc_rrna_kmer_001044|28S	EU252544.1	88456	N/A	100.000	31	0	0	1	31	1912	1942	Cyclospora cayetanensis 28S large subunit ribosomal RNA gene, partial sequence
cc_rrna_kmer_001045|5S	XR_003297353.1	88456	N/A	100.000	31	0	0	1	31	48	78	PREDICTED: Cyclospora cayetanensis 5S ribosomal RNA (LOC113146603), rRNA
cc_rrna_kmer_001046|28S	AY283845.1	241650	N/A	100.000	31	0	0	1	31	158	128	Atoxoplasma sp. MS-2003 large subunit ribosomal RNA gene, partial sequence
cc_rrna_kmer_001046|28S	OR101126.1	3051684	N/A	100.000	31	0	0	1	31	98	68	Isospora elliotae isolate 20384 large subunit ribosomal RNA gene, partial sequence
cc_rrna_kmer_001046|28S	AY283863.1	241650	N/A	100.000	31	0	0	1	31	158	128	Atoxoplasma sp. MS-2003 large subunit ribosomal RNA gene, partial sequence
cc_rrna_kmer_001046|28S	MK530654.1	2591227	N/A	100.000	31	0	0	1	31	105	75	Isospora coronoideae large subunit ribosomal RNA gene, partial sequence
cc_rrna_kmer_001046|28S	KT224382.1	1678287	N/A	100.000	31	0	0	1	31	101	71	Isospora sp. RY-2015c isolate RBF large subunit ribosomal RNA gene, partial sequence
cc_rrna_kmer_001046|28S	MW422270.1	2800198	N/A	100.000	31	0	0	1	31	90	60	Isospora phylidonyrisae isolate 20381 large subunit ribosomal RNA gene, partial sequence
cc_rrna_kmer_001046|28S	AY283844.1	241650	N/A	100.000	31	0	0	1	31	158	128	Atoxoplasma sp. MS-2003 large subunit ribosomal RNA gene, partial sequence
cc_rrna_kmer_001046|28S	AY283862.1	241650	N/A	100.000	31	0	0	1	31	158	128	Atoxoplasma sp. MS-2003 large subunit ribosomal RNA gene, partial sequence
cc_rrna_kmer_001046|28S	PQ898846.1	3393990	N/A	100.000	31	0	0	1	31	91	61	Isospora coracinae isolate 20451 large subunit ribosomal RNA gene, partial sequence
cc_rrna_kmer_001046|28S	AY331567.1	241650	N/A	100.000	31	0	0	1	31	1057	1027	Atoxoplasma sp. MS-2003 from Finchbill small subunit ribosomal RNA gene, partial sequence; internal transcribed spacer 1, 5.8S ribosomal RNA gene, and internal transcribed spacer 2, complete sequence; and large subunit ribosomal RNA gene, partial sequence
cc_rrna_kmer_001046|28S	MW775023.1	2820070	N/A	100.000	31	0	0	1	31	139	109	Eimeria arabica isolate 1-Bule-peafowl large subunit ribosomal RNA gene, partial sequence
cc_rrna_kmer_001046|28S	AY283839.1	241650	N/A	100.000	31	0	0	1	31	161	131	Atoxoplasma sp. MS-2003 large subunit ribosomal RNA gene, partial sequence
cc_rrna_kmer_001046|28S	AY283858.1	241650	N/A	100.000	31	0	0	1	31	158	128	Atoxoplasma sp. MS-2003 large subunit ribosomal RNA gene, partial sequence
cc_rrna_kmer_001046|28S	AY283869.1	241650	N/A	100.000	31	0	0	1	31	161	131	Atoxoplasma sp. MS-2003 large subunit ribosomal RNA gene, partial sequence
cc_rrna_kmer_001046|28S	MW775026.1	2820067	N/A	100.000	31	0	0	1	31	139	109	Eimeria pavonis isolate 4-Bule-peafowl large subunit ribosomal RNA gene, partial sequence
cc_rrna_kmer_001046|28S	AY283868.1	241650	N/A	100.000	31	0	0	1	31	158	128	Atoxoplasma sp. MS-2003 large subunit ribosomal RNA gene, partial sequence
cc_rrna_kmer_001046|28S	PQ108888.1	3239063	N/A	100.000	31	0	0	1	31	104	74	Isospora virescensae isolate SHE01 large subunit ribosomal RNA gene, partial sequence
cc_rrna_kmer_001046|28S	AY283859.1	241650	N/A	100.000	31	0	0	1	31	158	128	Atoxoplasma sp. MS-2003 large subunit ribosomal RNA gene, partial sequence
cc_rrna_kmer_001046|28S	MW776413.1	3054442	N/A	100.000	31	0	0	1	31	102	72	Isospora lunulatae isolate 20742 large subunit ribosomal RNA gene, partial sequence
cc_rrna_kmer_001046|28S	KT224381.1	1678286	N/A	100.000	31	0	0	1	31	90	60	Isospora manorinae isolate 22795 large subunit ribosomal RNA gene, partial sequence
cc_rrna_kmer_001046|28S	MW775024.1	2820065	N/A	100.000	31	0	0	1	31	139	109	Eimeria mandali isolate 2-Bule-peafowl large subunit ribosomal RNA gene, partial sequence
cc_rrna_kmer_001046|28S	AY283847.1	241650	N/A	100.000	31	0	0	1	31	158	128	Atoxoplasma sp. MS-2003 large subunit ribosomal RNA gene, partial sequence
cc_rrna_kmer_001046|28S	AY331573.1	241650	N/A	100.000	31	0	0	1	31	1730	1700	Atoxoplasma sp. MS-2003 isolate 2 from Northern house sparrow small subunit ribosomal RNA gene, partial sequence; internal transcribed spacer 1, 5.8S ribosomal RNA gene, and internal transcribed spacer 2, complete sequence; and large subunit ribosomal RNA gene, partial sequence
cc_rrna_kmer_001046|28S	AY283850.1	241650	N/A	100.000	31	0	0	1	31	158	128	Atoxoplasma sp. MS-2003 large subunit ribosomal RNA gene, partial sequence
cc_rrna_kmer_001046|28S	KY801686.1	2153390	N/A	100.000	31	0	0	1	31	91	61	Isospora butcherae 28S ribosomal RNA gene, partial sequence
cc_rrna_kmer_001046|28S	AB757865.1	1245722	N/A	100.000	31	0	0	1	31	147	117	Isospora sp. Tokyo gene for large subunit ribosomal RNA, partial sequence
cc_rrna_kmer_001046|28S	OQ459343.1	3028803	N/A	100.000	31	0	0	1	31	75	45	Eimeria briceae isolate 201909 large subunit ribosomal RNA gene, partial sequence
cc_rrna_kmer_001046|28S	AY283861.1	241650	N/A	100.000	31	0	0	1	31	158	128	Atoxoplasma sp. MS-2003 large subunit ribosomal RNA gene, partial sequence
cc_rrna_kmer_001046|28S	AY283843.1	241650	N/A	100.000	31	0	0	1	31	158	128	Atoxoplasma sp. MS-2003 large subunit ribosomal RNA gene, partial sequence
cc_rrna_kmer_001046|28S	AB619593.1	300410	N/A	100.000	31	0	0	1	31	1697	1667	Eimeria reichenowi genes for 18S rRNA, ITS1, 5.8S rRNA, ITS2, 28S rRNA, partial and complete sequence
cc_rrna_kmer_001046|28S	AY283866.1	241650	N/A	100.000	31	0	0	1	31	159	129	Atoxoplasma sp. MS-2003 large subunit ribosomal RNA gene, partial sequence
cc_rrna_kmer_001046|28S	AY283848.1	241650	N/A	100.000	31	0	0	1	31	158	128	Atoxoplasma sp. MS-2003 large subunit ribosomal RNA gene, partial sequence
cc_rrna_kmer_001046|28S	AY283849.1	241650	N/A	100.000	31	0	0	1	31	158	128	Atoxoplasma sp. MS-2003 large subunit ribosomal RNA gene, partial sequence
cc_rrna_kmer_001046|28S	AY283865.1	241650	N/A	100.000	31	0	0	1	31	158	128	Atoxoplasma sp. MS-2003 large subunit ribosomal RNA gene, partial sequence
cc_rrna_kmer_001046|28S	AY283860.1	241650	N/A	100.000	31	0	0	1	31	158	128	Atoxoplasma sp. MS-2003 large subunit ribosomal RNA gene, partial sequence
cc_rrna_kmer_001046|28S	AY283857.1	241650	N/A	100.000	31	0	0	1	31	158	128	Atoxoplasma sp. MS-2003 large subunit ribosomal RNA gene, partial sequence
cc_rrna_kmer_001046|28S	MW775025.1	2820066	N/A	100.000	31	0	0	1	31	139	109	Eimeria mayurai isolate 3-Bule-peafowl large subunit ribosomal RNA gene, partial sequence
cc_rrna_kmer_001046|28S	AY331568.1	241650	N/A	100.000	31	0	0	1	31	364	334	Atoxoplasma sp. MS-2003 from Emerald starling small subunit ribosomal RNA gene, partial sequence; internal transcribed spacer 1, 5.8S ribosomal RNA gene, and internal transcribed spacer 2, complete sequence; and large subunit ribosomal RNA gene, partial sequence
cc_rrna_kmer_001046|28S	AY283852.1	241650	N/A	100.000	31	0	0	1	31	159	129	Atoxoplasma sp. MS-2003 large subunit ribosomal RNA gene, partial sequence
cc_rrna_kmer_001046|28S	AY283854.1	241650	N/A	100.000	31	0	0	1	31	158	128	Atoxoplasma sp. MS-2003 large subunit ribosomal RNA gene, partial sequence
cc_rrna_kmer_001046|28S	AY283841.1	241650	N/A	100.000	31	0	0	1	31	160	130	Atoxoplasma sp. MS-2003 large subunit ribosomal RNA gene, partial sequence
cc_rrna_kmer_001046|28S	AY283855.1	241650	N/A	100.000	31	0	0	1	31	158	128	Atoxoplasma sp. MS-2003 large subunit ribosomal RNA gene, partial sequence
cc_rrna_kmer_001046|28S	AY331566.2	241650	N/A	100.000	31	0	0	1	31	964	934	Atoxoplasma sp. MS-2003 from Wattled starling small subunit ribosomal RNA and large subunit ribosomal RNA genes, partial sequence
cc_rrna_kmer_001046|28S	KR477878.1	1678285	N/A	100.000	31	0	0	1	31	103	73	Isospora sp. RY-2015a 28S ribosomal RNA gene, partial sequence
cc_rrna_kmer_001046|28S	AY283867.1	241650	N/A	100.000	31	0	0	1	31	158	128	Atoxoplasma sp. MS-2003 large subunit ribosomal RNA gene, partial sequence
cc_rrna_kmer_001046|28S	AY283870.1	241650	N/A	100.000	31	0	0	1	31	158	128	Atoxoplasma sp. MS-2003 large subunit ribosomal RNA gene, partial sequence
cc_rrna_kmer_001046|28S	KT726931.1	1743397	N/A	100.000	31	0	0	1	31	158	128	Isospora sp. 28S ribosomal RNA gene, partial sequence
cc_rrna_kmer_001046|28S	EU252544.1	88456	N/A	100.000	31	0	0	1	31	238	208	Cyclospora cayetanensis 28S large subunit ribosomal RNA gene, partial sequence
cc_rrna_kmer_001046|28S	AY283846.1	241650	N/A	100.000	31	0	0	1	31	158	128	Atoxoplasma sp. MS-2003 large subunit ribosomal RNA gene, partial sequence
cc_rrna_kmer_001046|28S	AB769741.1	1267178	N/A	100.000	31	0	0	1	31	1442	1412	Eimeria canadensis genes for 18S rRNA, internal transcribed spacer 1, 5.8S rRNA, internal transcribed spacer 2 and 28S rRNA, partial and complete sequence, isolate: 1-1, clone: 4
cc_rrna_kmer_001046|28S	AB619592.1	300409	N/A	100.000	31	0	0	1	31	1564	1534	Eimeria gruis genes for 18S rRNA, ITS1, 5.8S rRNA, ITS2, 28S rRNA, partial and complete sequence
cc_rrna_kmer_001046|28S	AY283851.1	241650	N/A	100.000	31	0	0	1	31	158	128	Atoxoplasma sp. MS-2003 large subunit ribosomal RNA gene, partial sequence
cc_rrna_kmer_001046|28S	AY283856.1	241650	N/A	100.000	31	0	0	1	31	158	128	Atoxoplasma sp. MS-2003 large subunit ribosomal RNA gene, partial sequence
cc_rrna_kmer_001046|28S	AY331570.1	241650	N/A	100.000	31	0	0	1	31	690	660	Atoxoplasma sp. MS-2003 from Javan ruby-throated bulbul small subunit ribosomal RNA gene, partial sequence; internal transcribed spacer 1, 5.8S ribosomal RNA gene, and internal transcribed spacer 2, complete sequence; and large subunit ribosomal RNA gene, partial sequence
cc_rrna_kmer_001046|28S	KF766053.1	1487184	N/A	100.000	31	0	0	1	31	102	72	Isospora anthochaerae large subunit ribosomal RNA gene, partial sequence
cc_rrna_kmer_001047|28S	XR_003297360.1	88456	N/A	100.000	31	0	0	1	31	2510	2540	PREDICTED: Cyclospora cayetanensis large subunit ribosomal RNA (LOC113146729), rRNA
cc_rrna_kmer_001048|28S	XR_003297360.1	88456	N/A	100.000	31	0	0	1	31	383	413	PREDICTED: Cyclospora cayetanensis large subunit ribosomal RNA (LOC113146729), rRNA
cc_rrna_kmer_001048|28S	EU252544.1	88456	N/A	100.000	31	0	0	1	31	1128	1158	Cyclospora cayetanensis 28S large subunit ribosomal RNA gene, partial sequence
cc_rrna_kmer_001050|28S	XR_003297360.1	88456	N/A	100.000	31	0	0	1	31	2744	2714	PREDICTED: Cyclospora cayetanensis large subunit ribosomal RNA (LOC113146729), rRNA
cc_rrna_kmer_001051|28S	EU252544.1	88456	N/A	100.000	31	0	0	1	31	266	236	Cyclospora cayetanensis 28S large subunit ribosomal RNA gene, partial sequence
cc_rrna_kmer_001052|28S	XR_003297360.1	88456	N/A	100.000	31	0	0	1	31	1384	1354	PREDICTED: Cyclospora cayetanensis large subunit ribosomal RNA (LOC113146729), rRNA
cc_rrna_kmer_001053|28S	XR_003297360.1	88456	N/A	100.000	31	0	0	1	31	2178	2148	PREDICTED: Cyclospora cayetanensis large subunit ribosomal RNA (LOC113146729), rRNA
cc_rrna_kmer_001053|28S	GU593716.1	947543	N/A	100.000	31	0	0	1	31	820	790	Goussia carpelli strain 23 28S ribosomal RNA gene, partial sequence
cc_rrna_kmer_001054|28S	XR_003297360.1	88456	N/A	100.000	31	0	0	1	31	932	962	PREDICTED: Cyclospora cayetanensis large subunit ribosomal RNA (LOC113146729), rRNA
cc_rrna_kmer_001054|28S	EU252544.1	88456	N/A	100.000	31	0	0	1	31	1677	1707	Cyclospora cayetanensis 28S large subunit ribosomal RNA gene, partial sequence
cc_rrna_kmer_001055|28S	XR_003297360.1	88456	N/A	100.000	31	0	0	1	31	139	169	PREDICTED: Cyclospora cayetanensis large subunit ribosomal RNA (LOC113146729), rRNA
cc_rrna_kmer_001055|28S	EU252544.1	88456	N/A	100.000	31	0	0	1	31	884	914	Cyclospora cayetanensis 28S large subunit ribosomal RNA gene, partial sequence
cc_rrna_kmer_001056|18S	AF111183.1	88456	N/A	100.000	31	0	0	1	31	1712	1682	Cyclospora cayetanensis 18S ribosomal RNA gene, complete sequence
cc_rrna_kmer_001056|18S	XR_003297358.1	88456	N/A	100.000	31	0	0	1	31	1712	1682	PREDICTED: Cyclospora cayetanensis small subunit ribosomal RNA (LOC113146722), rRNA
cc_rrna_kmer_001056|18S	KX618190.1	88456	N/A	100.000	31	0	0	1	31	1712	1682	Cyclospora cayetanensis 18S small subunit ribosomal RNA gene, partial sequence
cc_rrna_kmer_001057|18S	AF111183.1	88456	N/A	100.000	31	0	0	1	31	1686	1716	Cyclospora cayetanensis 18S ribosomal RNA gene, complete sequence
cc_rrna_kmer_001057|18S	XR_003297358.1	88456	N/A	100.000	31	0	0	1	31	1686	1716	PREDICTED: Cyclospora cayetanensis small subunit ribosomal RNA (LOC113146722), rRNA
cc_rrna_kmer_001057|18S	KX618190.1	88456	N/A	100.000	31	0	0	1	31	1686	1716	Cyclospora cayetanensis 18S small subunit ribosomal RNA gene, partial sequence
cc_rrna_kmer_001058|28S	XR_003297360.1	88456	N/A	100.000	31	0	0	1	31	1439	1469	PREDICTED: Cyclospora cayetanensis large subunit ribosomal RNA (LOC113146729), rRNA
cc_rrna_kmer_001059|28S	EU252544.1	88456	N/A	100.000	31	0	0	1	31	624	594	Cyclospora cayetanensis 28S large subunit ribosomal RNA gene, partial sequence
cc_rrna_kmer_001060|28S	EU252544.1	88456	N/A	100.000	31	0	0	1	31	215	185	Cyclospora cayetanensis 28S large subunit ribosomal RNA gene, partial sequence
cc_rrna_kmer_001061|28S	EU252544.1	88456	N/A	100.000	31	0	0	1	31	764	734	Cyclospora cayetanensis 28S large subunit ribosomal RNA gene, partial sequence
cc_rrna_kmer_001062|28S	XR_003297360.1	88456	N/A	100.000	31	0	0	1	31	176	146	PREDICTED: Cyclospora cayetanensis large subunit ribosomal RNA (LOC113146729), rRNA
cc_rrna_kmer_001062|28S	EU252544.1	88456	N/A	100.000	31	0	0	1	31	921	891	Cyclospora cayetanensis 28S large subunit ribosomal RNA gene, partial sequence
cc_rrna_kmer_001063|28S	XR_003297360.1	88456	N/A	100.000	31	0	0	1	31	1010	1040	PREDICTED: Cyclospora cayetanensis large subunit ribosomal RNA (LOC113146729), rRNA
cc_rrna_kmer_001063|28S	EU252544.1	88456	N/A	100.000	31	0	0	1	31	1755	1785	Cyclospora cayetanensis 28S large subunit ribosomal RNA gene, partial sequence
cc_rrna_kmer_001065|28S	EU252544.1	88456	N/A	100.000	31	0	0	1	31	160	130	Cyclospora cayetanensis 28S large subunit ribosomal RNA gene, partial sequence
cc_rrna_kmer_001066|28S	XR_003297360.1	88456	N/A	100.000	31	0	0	1	31	1800	1830	PREDICTED: Cyclospora cayetanensis large subunit ribosomal RNA (LOC113146729), rRNA
cc_rrna_kmer_001067|28S	XR_003297360.1	88456	N/A	100.000	31	0	0	1	31	2151	2181	PREDICTED: Cyclospora cayetanensis large subunit ribosomal RNA (LOC113146729), rRNA
cc_rrna_kmer_001067|28S	GU593716.1	947543	N/A	100.000	31	0	0	1	31	793	823	Goussia carpelli strain 23 28S ribosomal RNA gene, partial sequence
cc_rrna_kmer_001068|28S	EU252544.1	88456	N/A	100.000	31	0	0	1	31	505	475	Cyclospora cayetanensis 28S large subunit ribosomal RNA gene, partial sequence
cc_rrna_kmer_001069|18S	AB368543.1	88456	N/A	100.000	31	0	0	1	31	101	71	Cyclospora cayetanensis gene for 18S ribosomal RNA, partial sequence, clone: 3
cc_rrna_kmer_001069|18S	KC414111.1	88456	N/A	100.000	31	0	0	1	31	510	480	Cyclospora cayetanensis isolate 1905 18S ribosomal RNA gene, partial sequence
cc_rrna_kmer_001069|18S	AF111183.1	88456	N/A	100.000	31	0	0	1	31	558	528	Cyclospora cayetanensis 18S ribosomal RNA gene, complete sequence
cc_rrna_kmer_001069|18S	KC414107.1	88456	N/A	100.000	31	0	0	1	31	510	480	Cyclospora cayetanensis isolate 2201 18S ribosomal RNA gene, partial sequence
cc_rrna_kmer_001069|18S	KC414106.1	88456	N/A	100.000	31	0	0	1	31	510	480	Cyclospora cayetanensis isolate 2301 18S ribosomal RNA gene, partial sequence
cc_rrna_kmer_001069|18S	AB368541.1	88456	N/A	100.000	31	0	0	1	31	101	71	Cyclospora cayetanensis gene for 18S ribosomal RNA, partial sequence, clone: 1
cc_rrna_kmer_001069|18S	XR_003297358.1	88456	N/A	100.000	31	0	0	1	31	558	528	PREDICTED: Cyclospora cayetanensis small subunit ribosomal RNA (LOC113146722), rRNA
cc_rrna_kmer_001069|18S	KC414105.1	88456	N/A	100.000	31	0	0	1	31	510	480	Cyclospora cayetanensis isolate 2311 18S ribosomal RNA gene, partial sequence
cc_rrna_kmer_001069|18S	AB368542.1	88456	N/A	100.000	31	0	0	1	31	101	71	Cyclospora cayetanensis gene for 18S ribosomal RNA, partial sequence, clone: 2
cc_rrna_kmer_001069|18S	KX618190.1	88456	N/A	100.000	31	0	0	1	31	558	528	Cyclospora cayetanensis 18S small subunit ribosomal RNA gene, partial sequence
cc_rrna_kmer_001069|18S	MW090936.1	88456	N/A	100.000	31	0	0	1	31	519	489	Cyclospora cayetanensis isolate 9041 small subunit ribosomal RNA gene, partial sequence
cc_rrna_kmer_001069|18S	KC414110.1	88456	N/A	100.000	31	0	0	1	31	510	480	Cyclospora cayetanensis isolate 2304 18S ribosomal RNA gene, partial sequence
cc_rrna_kmer_001070|28S	EU252544.1	88456	N/A	100.000	31	0	0	1	31	412	442	Cyclospora cayetanensis 28S large subunit ribosomal RNA gene, partial sequence
cc_rrna_kmer_001071|28S	XR_003297360.1	88456	N/A	100.000	31	0	0	1	31	1811	1841	PREDICTED: Cyclospora cayetanensis large subunit ribosomal RNA (LOC113146729), rRNA
cc_rrna_kmer_001072|28S	EU252544.1	88456	N/A	100.000	31	0	0	1	31	742	712	Cyclospora cayetanensis 28S large subunit ribosomal RNA gene, partial sequence
cc_rrna_kmer_001073|28S	EU252544.1	88456	N/A	100.000	31	0	0	1	31	479	449	Cyclospora cayetanensis 28S large subunit ribosomal RNA gene, partial sequence
cc_rrna_kmer_001074|28S	XR_003297360.1	88456	N/A	100.000	31	0	0	1	31	1910	1940	PREDICTED: Cyclospora cayetanensis large subunit ribosomal RNA (LOC113146729), rRNA
cc_rrna_kmer_001075|28S	XR_003297360.1	88456	N/A	100.000	31	0	0	1	31	101	131	PREDICTED: Cyclospora cayetanensis large subunit ribosomal RNA (LOC113146729), rRNA
cc_rrna_kmer_001075|28S	EU252544.1	88456	N/A	100.000	31	0	0	1	31	846	876	Cyclospora cayetanensis 28S large subunit ribosomal RNA gene, partial sequence
cc_rrna_kmer_001076|28S	EU252544.1	88456	N/A	100.000	31	0	0	1	31	606	576	Cyclospora cayetanensis 28S large subunit ribosomal RNA gene, partial sequence
cc_rrna_kmer_001077|28S	XR_003297360.1	88456	N/A	100.000	31	0	0	1	31	1446	1476	PREDICTED: Cyclospora cayetanensis large subunit ribosomal RNA (LOC113146729), rRNA
cc_rrna_kmer_001079|28S	XR_003297360.1	88456	N/A	100.000	31	0	0	1	31	1849	1879	PREDICTED: Cyclospora cayetanensis large subunit ribosomal RNA (LOC113146729), rRNA
cc_rrna_kmer_001080|28S	XR_003297360.1	88456	N/A	100.000	31	0	0	1	31	126	96	PREDICTED: Cyclospora cayetanensis large subunit ribosomal RNA (LOC113146729), rRNA
cc_rrna_kmer_001080|28S	EU252544.1	88456	N/A	100.000	31	0	0	1	31	871	841	Cyclospora cayetanensis 28S large subunit ribosomal RNA gene, partial sequence
cc_rrna_kmer_001081|28S	EU252544.1	88456	N/A	100.000	31	0	0	1	31	715	745	Cyclospora cayetanensis 28S large subunit ribosomal RNA gene, partial sequence
cc_rrna_kmer_001082|28S	XR_003297360.1	88456	N/A	100.000	31	0	0	1	31	1046	1016	PREDICTED: Cyclospora cayetanensis large subunit ribosomal RNA (LOC113146729), rRNA
cc_rrna_kmer_001082|28S	EU252544.1	88456	N/A	100.000	31	0	0	1	31	1791	1761	Cyclospora cayetanensis 28S large subunit ribosomal RNA gene, partial sequence
cc_rrna_kmer_001083|28S	XR_003297360.1	88456	N/A	100.000	31	0	0	1	31	1411	1381	PREDICTED: Cyclospora cayetanensis large subunit ribosomal RNA (LOC113146729), rRNA
cc_rrna_kmer_001084|28S	AP038851.1	142759	N/A	100.000	31	0	0	1	31	5077835	5077805	Solanum cheesmaniae LA0166 DNA, chromosome 2, nearly complete sequence
cc_rrna_kmer_001084|28S	XR_003297360.1	88456	N/A	100.000	31	0	0	1	31	392	422	PREDICTED: Cyclospora cayetanensis large subunit ribosomal RNA (LOC113146729), rRNA
cc_rrna_kmer_001084|28S	EU252544.1	88456	N/A	100.000	31	0	0	1	31	1137	1167	Cyclospora cayetanensis 28S large subunit ribosomal RNA gene, partial sequence
cc_rrna_kmer_001085|28S	EU252544.1	88456	N/A	100.000	31	0	0	1	31	186	156	Cyclospora cayetanensis 28S large subunit ribosomal RNA gene, partial sequence
cc_rrna_kmer_001087|28S	XR_003297360.1	88456	N/A	100.000	31	0	0	1	31	1096	1066	PREDICTED: Cyclospora cayetanensis large subunit ribosomal RNA (LOC113146729), rRNA
cc_rrna_kmer_001087|28S	EU252544.1	88456	N/A	100.000	31	0	0	1	31	1841	1811	Cyclospora cayetanensis 28S large subunit ribosomal RNA gene, partial sequence
cc_rrna_kmer_001088|28S	AP038851.1	142759	N/A	100.000	31	0	0	1	31	5077811	5077841	Solanum cheesmaniae LA0166 DNA, chromosome 2, nearly complete sequence
cc_rrna_kmer_001088|28S	XR_003297360.1	88456	N/A	100.000	31	0	0	1	31	416	386	PREDICTED: Cyclospora cayetanensis large subunit ribosomal RNA (LOC113146729), rRNA
cc_rrna_kmer_001088|28S	EU252544.1	88456	N/A	100.000	31	0	0	1	31	1161	1131	Cyclospora cayetanensis 28S large subunit ribosomal RNA gene, partial sequence
cc_rrna_kmer_001090|28S	XR_003297360.1	88456	N/A	100.000	31	0	0	1	31	103	133	PREDICTED: Cyclospora cayetanensis large subunit ribosomal RNA (LOC113146729), rRNA
cc_rrna_kmer_001090|28S	EU252544.1	88456	N/A	100.000	31	0	0	1	31	848	878	Cyclospora cayetanensis 28S large subunit ribosomal RNA gene, partial sequence
cc_rrna_kmer_001091|28S	XR_003297360.1	88456	N/A	100.000	31	0	0	1	31	94	124	PREDICTED: Cyclospora cayetanensis large subunit ribosomal RNA (LOC113146729), rRNA
cc_rrna_kmer_001091|28S	EU252544.1	88456	N/A	100.000	31	0	0	1	31	839	869	Cyclospora cayetanensis 28S large subunit ribosomal RNA gene, partial sequence
cc_rrna_kmer_001092|28S	XR_003297360.1	88456	N/A	100.000	31	0	0	1	31	54	84	PREDICTED: Cyclospora cayetanensis large subunit ribosomal RNA (LOC113146729), rRNA
cc_rrna_kmer_001092|28S	EU252544.1	88456	N/A	100.000	31	0	0	1	31	799	829	Cyclospora cayetanensis 28S large subunit ribosomal RNA gene, partial sequence
cc_rrna_kmer_001093|28S	XR_003297360.1	88456	N/A	100.000	31	0	0	1	31	1034	1064	PREDICTED: Cyclospora cayetanensis large subunit ribosomal RNA (LOC113146729), rRNA
cc_rrna_kmer_001093|28S	EU252544.1	88456	N/A	100.000	31	0	0	1	31	1779	1809	Cyclospora cayetanensis 28S large subunit ribosomal RNA gene, partial sequence
cc_rrna_kmer_001094|28S	EU252544.1	88456	N/A	100.000	31	0	0	1	31	679	709	Cyclospora cayetanensis 28S large subunit ribosomal RNA gene, partial sequence
cc_rrna_kmer_001095|28S	XR_003297360.1	88456	N/A	100.000	31	0	0	1	31	1043	1013	PREDICTED: Cyclospora cayetanensis large subunit ribosomal RNA (LOC113146729), rRNA
cc_rrna_kmer_001095|28S	EU252544.1	88456	N/A	100.000	31	0	0	1	31	1788	1758	Cyclospora cayetanensis 28S large subunit ribosomal RNA gene, partial sequence
cc_rrna_kmer_001096|28S	XR_003297360.1	88456	N/A	100.000	31	0	0	1	31	489	459	PREDICTED: Cyclospora cayetanensis large subunit ribosomal RNA (LOC113146729), rRNA
cc_rrna_kmer_001096|28S	EU252544.1	88456	N/A	100.000	31	0	0	1	31	1234	1204	Cyclospora cayetanensis 28S large subunit ribosomal RNA gene, partial sequence
cc_rrna_kmer_001096|28S	AY283851.1	241650	N/A	100.000	31	0	0	1	31	1149	1119	Atoxoplasma sp. MS-2003 large subunit ribosomal RNA gene, partial sequence
cc_rrna_kmer_001097|28S	XR_003297360.1	88456	N/A	100.000	31	0	0	1	31	1486	1456	PREDICTED: Cyclospora cayetanensis large subunit ribosomal RNA (LOC113146729), rRNA
cc_rrna_kmer_001098|28S	LC856927.1	1962270	N/A	100.000	31	0	0	1	31	1342	1372	Sarcocystis bertrami CA20-2_2 gene for 28S ribosomal RNA, partial sequence, clone: b26-6
cc_rrna_kmer_001098|28S	XR_003297360.1	88456	N/A	100.000	31	0	0	1	31	574	604	PREDICTED: Cyclospora cayetanensis large subunit ribosomal RNA (LOC113146729), rRNA
cc_rrna_kmer_001098|28S	EU252544.1	88456	N/A	100.000	31	0	0	1	31	1319	1349	Cyclospora cayetanensis 28S large subunit ribosomal RNA gene, partial sequence
cc_rrna_kmer_001098|28S	LC857022.1	1962270	N/A	100.000	31	0	0	1	31	1345	1375	Sarcocystis bertrami CA20-53_1 gene for 28S ribosomal RNA, partial sequence, clone: b14-6
cc_rrna_kmer_001100|28S	XR_003297360.1	88456	N/A	100.000	31	0	0	1	31	2717	2747	PREDICTED: Cyclospora cayetanensis large subunit ribosomal RNA (LOC113146729), rRNA
cc_rrna_kmer_001101|18S	XR_003297358.1	88456	N/A	100.000	31	0	0	1	31	263	293	PREDICTED: Cyclospora cayetanensis small subunit ribosomal RNA (LOC113146722), rRNA
cc_rrna_kmer_001102|28S	PQ742171.1	3384731	N/A	100.000	31	0	0	1	31	6343	6313	Goussia degiustii isolate EE9_EE10_II1 external transcribed spacer, partial sequence; small subunit ribosomal RNA gene, internal transcribed spacer 1, 5.8S ribosomal RNA gene, internal transcribed spacer 2, and large subunit ribosomal RNA gene, complete sequence; and external transcribed spacer, partial sequence
cc_rrna_kmer_001102|28S	XR_003297360.1	88456	N/A	100.000	31	0	0	1	31	2720	2690	PREDICTED: Cyclospora cayetanensis large subunit ribosomal RNA (LOC113146729), rRNA
cc_rrna_kmer_001102|28S	OZ408939.1	2996	N/A	100.000	31	0	0	1	31	2081335	2081305	Hydrurus foetidus genome assembly, chromosome: 26
cc_rrna_kmer_001102|28S	OZ408939.1	2996	N/A	100.000	31	0	0	1	31	2090775	2090745	Hydrurus foetidus genome assembly, chromosome: 26
cc_rrna_kmer_001102|28S	OZ408939.1	2996	N/A	100.000	31	0	0	1	31	2101235	2101205	Hydrurus foetidus genome assembly, chromosome: 26
cc_rrna_kmer_001102|28S	OZ408914.1	2996	N/A	100.000	31	0	0	1	31	6540107	6540077	Hydrurus foetidus genome assembly, chromosome: 1
cc_rrna_kmer_001102|28S	OZ408922.1	2996	N/A	100.000	31	0	0	1	31	621922	621952	Hydrurus foetidus genome assembly, chromosome: 9
cc_rrna_kmer_001103|28S	KP661581.1	1664856	N/A	100.000	31	0	0	1	31	282	312	Ravenelia macowaniana voucher WM3292 28S ribosomal RNA gene, partial sequence
cc_rrna_kmer_001103|28S	KP661588.1	1664856	N/A	100.000	31	0	0	1	31	263	293	Ravenelia macowaniana voucher WM3294 28S ribosomal RNA gene, partial sequence
cc_rrna_kmer_001103|28S	OR738701.1	1413810	N/A	100.000	31	0	0	1	31	322	352	Puccinia ballotiflora voucher PUR63468 large subunit ribosomal RNA gene, partial sequence
cc_rrna_kmer_001103|28S	MW729482.1	2448153	N/A	100.000	31	0	0	1	31	264	294	Phragmidium chayuensis voucher LP180 large subunit ribosomal RNA gene, partial sequence
cc_rrna_kmer_001103|28S	KP661591.1	1664856	N/A	100.000	31	0	0	1	31	282	312	Ravenelia macowaniana voucher WM3448 28S ribosomal RNA gene, partial sequence
cc_rrna_kmer_001103|28S	MW622041.1	2813154	N/A	100.000	31	0	0	1	31	335	365	Phragmidium rosicola voucher PR 1062 large subunit ribosomal RNA gene, partial sequence
cc_rrna_kmer_001103|28S	DQ021885.1	333309	N/A	100.000	31	0	0	1	31	382	412	Uromyces neotropicalis 28S ribosomal RNA gene, partial sequence
cc_rrna_kmer_001103|28S	MW603008.1	2506224	N/A	100.000	31	0	0	1	31	310	340	Phragmidium sp. voucher PR 106 large subunit ribosomal RNA gene, partial sequence
cc_rrna_kmer_001103|28S	NG_064492.1	2448153	N/A	100.000	31	0	0	1	31	309	339	Phragmidium chayuensis BJFC R02532 28S rRNA gene, partial sequence; from TYPE material
cc_rrna_kmer_001103|28S	MG946014.1	1664856	N/A	100.000	31	0	0	1	31	263	293	Ravenelia macowaniana voucher PREM61875 large subunit ribosomal RNA gene, partial sequence
cc_rrna_kmer_001103|28S	MG946008.1	1664856	N/A	100.000	31	0	0	1	31	285	315	Ravenelia macowaniana voucher ME433 large subunit ribosomal RNA gene, partial sequence
cc_rrna_kmer_001103|28S	MW722979.1	2781981	N/A	100.000	31	0	0	1	31	326	356	Amphidinium boggayum strain CAWD164 large subunit ribosomal RNA gene, partial sequence
cc_rrna_kmer_001103|28S	MG946012.1	1664856	N/A	100.000	31	0	0	1	31	231	261	Ravenelia macowaniana voucher PREM61862 large subunit ribosomal RNA gene, partial sequence
cc_rrna_kmer_001103|28S	PQ772038.1	573698	N/A	100.000	31	0	0	1	31	275	305	Puccinia spegazzinii voucher BRIP 64478a large subunit ribosomal RNA gene, partial sequence
cc_rrna_kmer_001103|28S	PQ772039.1	573698	N/A	100.000	31	0	0	1	31	318	348	Puccinia spegazzinii voucher BRIP 75145a large subunit ribosomal RNA gene, partial sequence
cc_rrna_kmer_001103|28S	KP661592.1	1664856	N/A	100.000	31	0	0	1	31	284	314	Ravenelia macowaniana voucher WM3453 28S ribosomal RNA gene, partial sequence
cc_rrna_kmer_001103|28S	MG669113.1	2448153	N/A	100.000	31	0	0	1	31	336	366	Phragmidium chayuensis voucher BJFC-R03014 28S ribosomal RNA gene, partial sequence
cc_rrna_kmer_001103|28S	OQ214998.1	1664856	N/A	100.000	31	0	0	1	31	306	336	Ravenelia macowaniana voucher U449 large subunit ribosomal RNA gene, partial sequence
cc_rrna_kmer_001103|28S	KP661590.1	1664858;2086370	N/A;N/A	100.000	31	0	0	1	31	212	242	Ravenelia sp. ME-2015 voucher ME188 28S ribosomal RNA gene, partial sequence
cc_rrna_kmer_001103|28S	KY764143.1	2153413	N/A	100.000	31	0	0	1	31	282	312	Puccinia mikaniae voucher BPI 910257 28S ribosomal RNA gene, partial sequence
cc_rrna_kmer_001103|28S	KP661596.1	1664856	N/A	100.000	31	0	0	1	31	284	314	Ravenelia macowaniana voucher WM3577 28S ribosomal RNA gene, partial sequence
cc_rrna_kmer_001103|28S	OL798097.1	2602415	N/A	100.000	31	0	0	1	31	132	162	Phakopsora sp. voucher AMH-10313 large subunit ribosomal RNA gene, partial sequence
cc_rrna_kmer_001103|28S	KP661578.1	1664856	N/A	100.000	31	0	0	1	31	284	314	Ravenelia macowaniana voucher WM3433 28S ribosomal RNA gene, partial sequence
cc_rrna_kmer_001103|28S	OM158488.1	2506224	N/A	100.000	31	0	0	1	31	343	373	Phragmidium sp. voucher (LAH37003) RLD-09 large subunit ribosomal RNA gene, partial sequence
cc_rrna_kmer_001103|28S	MW177898.1	2781982	N/A	100.000	31	0	0	1	31	234	264	Amphidinium cf. boggayum strain CAWD164 large subunit ribosomal RNA gene, partial sequence
cc_rrna_kmer_001103|28S	MZ188971.1	2781981	N/A	100.000	31	0	0	1	31	288	318	Amphidinium boggayum strain SM20 large subunit ribosomal RNA gene, partial sequence
cc_rrna_kmer_001103|28S	MN072676.1	2589089	N/A	100.000	31	0	0	1	31	62	92	Ravenelia acaciicola voucher PREM61849 large subunit ribosomal RNA gene, partial sequence
cc_rrna_kmer_001103|28S	OQ214999.1	1664856	N/A	100.000	31	0	0	1	31	360	390	Ravenelia macowaniana voucher U540 large subunit ribosomal RNA gene, partial sequence
cc_rrna_kmer_001103|28S	EU252544.1	88456	N/A	100.000	31	0	0	1	31	403	433	Cyclospora cayetanensis 28S large subunit ribosomal RNA gene, partial sequence
cc_rrna_kmer_001103|28S	KP661589.1	1664858;2086370	N/A;N/A	100.000	31	0	0	1	31	295	325	Ravenelia sp. ME-2015 voucher ME174 28S ribosomal RNA gene, partial sequence
cc_rrna_kmer_001103|28S	OQ214996.1	1664856	N/A	100.000	31	0	0	1	31	319	349	Ravenelia macowaniana voucher U375 large subunit ribosomal RNA gene, partial sequence
cc_rrna_kmer_001103|28S	OR738700.1	1413810	N/A	100.000	31	0	0	1	31	357	387	Puccinia ballotiflora voucher PUR63464 large subunit ribosomal RNA gene, partial sequence
cc_rrna_kmer_001103|28S	OQ214997.1	1664856	N/A	100.000	31	0	0	1	31	353	383	Ravenelia macowaniana voucher U376 large subunit ribosomal RNA gene, partial sequence
cc_rrna_kmer_001103|28S	KP661586.1	1664856	N/A	100.000	31	0	0	1	31	196	226	Ravenelia macowaniana voucher ME158 28S ribosomal RNA gene, partial sequence
cc_rrna_kmer_001103|28S	KP661582.1	1664858;2086370	N/A;N/A	100.000	31	0	0	1	31	181	211	Ravenelia sp. ME-2015 voucher PREM61000 28S ribosomal RNA gene, partial sequence
cc_rrna_kmer_001103|28S	KP661594.1	1664856	N/A	100.000	31	0	0	1	31	284	314	Ravenelia macowaniana voucher WM3485 28S ribosomal RNA gene, partial sequence
cc_rrna_kmer_001103|28S	OQ214995.1	1664856	N/A	100.000	31	0	0	1	31	360	390	Ravenelia macowaniana voucher U373 large subunit ribosomal RNA gene, partial sequence
cc_rrna_kmer_001104|28S	XR_003297360.1	88456	N/A	100.000	31	0	0	1	31	757	787	PREDICTED: Cyclospora cayetanensis large subunit ribosomal RNA (LOC113146729), rRNA
cc_rrna_kmer_001104|28S	EU252544.1	88456	N/A	100.000	31	0	0	1	31	1502	1532	Cyclospora cayetanensis 28S large subunit ribosomal RNA gene, partial sequence
cc_rrna_kmer_001105|28S	EU252544.1	88456	N/A	100.000	31	0	0	1	31	604	574	Cyclospora cayetanensis 28S large subunit ribosomal RNA gene, partial sequence
cc_rrna_kmer_001106|28S	EU252544.1	88456	N/A	100.000	31	0	0	1	31	693	663	Cyclospora cayetanensis 28S large subunit ribosomal RNA gene, partial sequence
cc_rrna_kmer_001107|28S	EU252544.1	88456	N/A	100.000	31	0	0	1	31	474	444	Cyclospora cayetanensis 28S large subunit ribosomal RNA gene, partial sequence
cc_rrna_kmer_001108|28S	EU252544.1	88456	N/A	100.000	31	0	0	1	31	545	515	Cyclospora cayetanensis 28S large subunit ribosomal RNA gene, partial sequence
cc_rrna_kmer_001109|28S	XR_003297360.1	88456	N/A	100.000	31	0	0	1	31	751	721	PREDICTED: Cyclospora cayetanensis large subunit ribosomal RNA (LOC113146729), rRNA
cc_rrna_kmer_001109|28S	EU252544.1	88456	N/A	100.000	31	0	0	1	31	1496	1466	Cyclospora cayetanensis 28S large subunit ribosomal RNA gene, partial sequence
cc_rrna_kmer_001110|28S	EU252544.1	88456	N/A	100.000	31	0	0	1	31	670	640	Cyclospora cayetanensis 28S large subunit ribosomal RNA gene, partial sequence
cc_rrna_kmer_001111|5S	XR_003297353.1	88456	N/A	100.000	31	0	0	1	31	61	91	PREDICTED: Cyclospora cayetanensis 5S ribosomal RNA (LOC113146603), rRNA
cc_rrna_kmer_001112|28S	XR_003297360.1	88456	N/A	100.000	31	0	0	1	31	2663	2633	PREDICTED: Cyclospora cayetanensis large subunit ribosomal RNA (LOC113146729), rRNA
cc_rrna_kmer_001113|28S	EU252544.1	88456	N/A	100.000	31	0	0	1	31	447	417	Cyclospora cayetanensis 28S large subunit ribosomal RNA gene, partial sequence
cc_rrna_kmer_001114|28S	XR_003297360.1	88456	N/A	100.000	31	0	0	1	31	2629	2659	PREDICTED: Cyclospora cayetanensis large subunit ribosomal RNA (LOC113146729), rRNA
cc_rrna_kmer_001115|28S	EU252544.1	88456	N/A	100.000	31	0	0	1	31	501	471	Cyclospora cayetanensis 28S large subunit ribosomal RNA gene, partial sequence
cc_rrna_kmer_001116|28S	XR_003297360.1	88456	N/A	100.000	31	0	0	1	31	735	705	PREDICTED: Cyclospora cayetanensis large subunit ribosomal RNA (LOC113146729), rRNA
cc_rrna_kmer_001116|28S	EU252544.1	88456	N/A	100.000	31	0	0	1	31	1480	1450	Cyclospora cayetanensis 28S large subunit ribosomal RNA gene, partial sequence
cc_rrna_kmer_001117|28S	XR_003297360.1	88456	N/A	100.000	31	0	0	1	31	1467	1497	PREDICTED: Cyclospora cayetanensis large subunit ribosomal RNA (LOC113146729), rRNA
cc_rrna_kmer_001118|28S	EU252544.1	88456	N/A	100.000	31	0	0	1	31	292	262	Cyclospora cayetanensis 28S large subunit ribosomal RNA gene, partial sequence
cc_rrna_kmer_001119|28S	XR_003297360.1	88456	N/A	100.000	31	0	0	1	31	1408	1378	PREDICTED: Cyclospora cayetanensis large subunit ribosomal RNA (LOC113146729), rRNA
cc_rrna_kmer_001120|28S	XR_003297360.1	88456	N/A	100.000	31	0	0	1	31	1468	1438	PREDICTED: Cyclospora cayetanensis large subunit ribosomal RNA (LOC113146729), rRNA
cc_rrna_kmer_001121|28S	DQ444226.1	376364	N/A	100.000	31	0	0	1	31	774	804	Diplopsalis lenticula strain M2 large subunit ribosomal RNA gene, partial sequence
cc_rrna_kmer_001121|28S	EF152793.1	376364	N/A	100.000	31	0	0	1	31	730	760	Diplopsalis lenticula cell9_clone13 large subunit ribosomal RNA gene, partial sequence
cc_rrna_kmer_001121|28S	ON392263.1	376364	N/A	100.000	31	0	0	1	31	774	804	Diplopsalis lenticula isolate JZB-3 large subunit ribosomal RNA gene, partial sequence
cc_rrna_kmer_001121|28S	ON392266.1	376364	N/A	100.000	31	0	0	1	31	774	804	Diplopsalis lenticula isolate RZ-3 large subunit ribosomal RNA gene, partial sequence
cc_rrna_kmer_001121|28S	EF152794.1	376364	N/A	100.000	31	0	0	1	31	774	804	Diplopsalis lenticula cell9_clone8 large subunit ribosomal RNA gene, partial sequence
cc_rrna_kmer_001121|28S	EF152781.1	376364	N/A	100.000	31	0	0	1	31	774	804	Diplopsalis lenticula cell12_clone8 large subunit ribosomal RNA gene, partial sequence
cc_rrna_kmer_001121|28S	XR_003297360.1	88456	N/A	100.000	31	0	0	1	31	170	200	PREDICTED: Cyclospora cayetanensis large subunit ribosomal RNA (LOC113146729), rRNA
cc_rrna_kmer_001121|28S	EF152785.1	376364	N/A	100.000	31	0	0	1	31	774	804	Diplopsalis lenticula cell2_clone2 large subunit ribosomal RNA gene, partial sequence
cc_rrna_kmer_001121|28S	EF152786.1	376364	N/A	100.000	31	0	0	1	31	774	804	Diplopsalis lenticula cell2_clone3 large subunit ribosomal RNA gene, partial sequence
cc_rrna_kmer_001121|28S	EF152780.1	376364	N/A	100.000	31	0	0	1	31	774	804	Diplopsalis lenticula cell12_clone3 large subunit ribosomal RNA gene, partial sequence
cc_rrna_kmer_001121|28S	EF152787.1	376364	N/A	100.000	31	0	0	1	31	774	804	Diplopsalis lenticula cell2_clone8 large subunit ribosomal RNA gene, partial sequence
cc_rrna_kmer_001121|28S	ON392262.1	376364	N/A	100.000	31	0	0	1	31	774	804	Diplopsalis lenticula isolate JZB-2 large subunit ribosomal RNA gene, partial sequence
cc_rrna_kmer_001121|28S	ON392264.1	376364	N/A	100.000	31	0	0	1	31	774	804	Diplopsalis lenticula isolate RZ-1 large subunit ribosomal RNA gene, partial sequence
cc_rrna_kmer_001121|28S	EU252544.1	88456	N/A	100.000	31	0	0	1	31	915	945	Cyclospora cayetanensis 28S large subunit ribosomal RNA gene, partial sequence
cc_rrna_kmer_001121|28S	ON392261.1	376364	N/A	100.000	31	0	0	1	31	774	804	Diplopsalis lenticula isolate JZB-1 large subunit ribosomal RNA gene, partial sequence
cc_rrna_kmer_001121|28S	EF152778.1	376364	N/A	100.000	31	0	0	1	31	774	804	Diplopsalis lenticula cell12_clone2 large subunit ribosomal RNA gene, partial sequence
cc_rrna_kmer_001121|28S	ON392268.1	376364	N/A	100.000	31	0	0	1	31	774	804	Diplopsalis lenticula isolate RZ-5 large subunit ribosomal RNA gene, partial sequence
cc_rrna_kmer_001121|28S	EF152782.1	376364	N/A	100.000	31	0	0	1	31	774	804	Diplopsalis lenticula cell12_clone7 large subunit ribosomal RNA gene, partial sequence
cc_rrna_kmer_001121|28S	EF152784.1	376364	N/A	100.000	31	0	0	1	31	761	791	Diplopsalis lenticula cell13_clone3 large subunit ribosomal RNA gene, partial sequence
cc_rrna_kmer_001122|28S	XR_003297360.1	88456	N/A	100.000	31	0	0	1	31	738	768	PREDICTED: Cyclospora cayetanensis large subunit ribosomal RNA (LOC113146729), rRNA
cc_rrna_kmer_001122|28S	EU252544.1	88456	N/A	100.000	31	0	0	1	31	1483	1513	Cyclospora cayetanensis 28S large subunit ribosomal RNA gene, partial sequence
cc_rrna_kmer_001123|28S	XR_003297360.1	88456	N/A	100.000	31	0	0	1	31	1370	1340	PREDICTED: Cyclospora cayetanensis large subunit ribosomal RNA (LOC113146729), rRNA
cc_rrna_kmer_001124|28S	EU252544.1	88456	N/A	100.000	31	0	0	1	31	508	478	Cyclospora cayetanensis 28S large subunit ribosomal RNA gene, partial sequence
cc_rrna_kmer_001125|28S	XR_003297360.1	88456	N/A	100.000	31	0	0	1	31	2607	2577	PREDICTED: Cyclospora cayetanensis large subunit ribosomal RNA (LOC113146729), rRNA
cc_rrna_kmer_001126|28S	XR_003297360.1	88456	N/A	100.000	31	0	0	1	31	2738	2708	PREDICTED: Cyclospora cayetanensis large subunit ribosomal RNA (LOC113146729), rRNA
cc_rrna_kmer_001126|28S	PQ738239.1	5801	N/A	100.000	31	0	0	1	31	6185	6155	Eimeria acervulina small subunit ribosomal RNA gene, partial sequence; internal transcribed spacer 1, 5.8S ribosomal RNA gene, and internal transcribed spacer 2, complete sequence; and large subunit ribosomal RNA gene, partial sequence
cc_rrna_kmer_001127|5S	XR_003297353.1	88456	N/A	100.000	31	0	0	1	31	81	51	PREDICTED: Cyclospora cayetanensis 5S ribosomal RNA (LOC113146603), rRNA
cc_rrna_kmer_001128|28S	XR_003297360.1	88456	N/A	100.000	31	0	0	1	31	1431	1401	PREDICTED: Cyclospora cayetanensis large subunit ribosomal RNA (LOC113146729), rRNA
cc_rrna_kmer_001129|28S	EU252544.1	88456	N/A	100.000	31	0	0	1	31	500	530	Cyclospora cayetanensis 28S large subunit ribosomal RNA gene, partial sequence
cc_rrna_kmer_001130|28S	XR_003297360.1	88456	N/A	100.000	31	0	0	1	31	471	441	PREDICTED: Cyclospora cayetanensis large subunit ribosomal RNA (LOC113146729), rRNA
cc_rrna_kmer_001130|28S	EU252544.1	88456	N/A	100.000	31	0	0	1	31	1216	1186	Cyclospora cayetanensis 28S large subunit ribosomal RNA gene, partial sequence
cc_rrna_kmer_001131|28S	XR_003297360.1	88456	N/A	100.000	31	0	0	1	31	80	50	PREDICTED: Cyclospora cayetanensis large subunit ribosomal RNA (LOC113146729), rRNA
cc_rrna_kmer_001131|28S	EU252544.1	88456	N/A	100.000	31	0	0	1	31	825	795	Cyclospora cayetanensis 28S large subunit ribosomal RNA gene, partial sequence
cc_rrna_kmer_001132|28S	XR_011771226.1	125765	N/A	100.000	31	0	0	1	31	1037	1067	PREDICTED: Rutidosis leptorrhynchoides 28S ribosomal RNA (LOC139880400), rRNA
cc_rrna_kmer_001132|28S	AP038851.1	142759	N/A	100.000	31	0	0	1	31	5077821	5077791	Solanum cheesmaniae LA0166 DNA, chromosome 2, nearly complete sequence
cc_rrna_kmer_001132|28S	XR_003297360.1	88456	N/A	100.000	31	0	0	1	31	406	436	PREDICTED: Cyclospora cayetanensis large subunit ribosomal RNA (LOC113146729), rRNA
cc_rrna_kmer_001132|28S	EU252544.1	88456	N/A	100.000	31	0	0	1	31	1151	1181	Cyclospora cayetanensis 28S large subunit ribosomal RNA gene, partial sequence
cc_rrna_kmer_001132|28S	OZ288544.1	669661	N/A	100.000	31	0	0	1	31	126295	126265	Cochlearia groenlandica genome assembly, chromosome: 7
cc_rrna_kmer_001133|28S	EU252544.1	88456	N/A	100.000	31	0	0	1	31	167	197	Cyclospora cayetanensis 28S large subunit ribosomal RNA gene, partial sequence
cc_rrna_kmer_001134|28S	EU252544.1	88456	N/A	100.000	31	0	0	1	31	736	706	Cyclospora cayetanensis 28S large subunit ribosomal RNA gene, partial sequence
cc_rrna_kmer_001135|28S	EU252544.1	88456	N/A	100.000	31	0	0	1	31	582	612	Cyclospora cayetanensis 28S large subunit ribosomal RNA gene, partial sequence
cc_rrna_kmer_001136|28S	XR_003297360.1	88456	N/A	100.000	31	0	0	1	31	1920	1890	PREDICTED: Cyclospora cayetanensis large subunit ribosomal RNA (LOC113146729), rRNA
cc_rrna_kmer_001137|28S	XR_003297360.1	88456	N/A	100.000	31	0	0	1	31	2129	2159	PREDICTED: Cyclospora cayetanensis large subunit ribosomal RNA (LOC113146729), rRNA
cc_rrna_kmer_001137|28S	GU593716.1	947543	N/A	100.000	31	0	0	1	31	771	801	Goussia carpelli strain 23 28S ribosomal RNA gene, partial sequence
cc_rrna_kmer_001138|18S	MK946294.1	342097	N/A	100.000	31	0	0	1	31	26	56	Uncultured soil eukaryote clone l330 small subunit ribosomal RNA gene, partial sequence
cc_rrna_kmer_001139|28S	XR_003297360.1	88456	N/A	100.000	31	0	0	1	31	2574	2544	PREDICTED: Cyclospora cayetanensis large subunit ribosomal RNA (LOC113146729), rRNA
cc_rrna_kmer_001141|28S	XR_003297360.1	88456	N/A	100.000	31	0	0	1	31	2582	2552	PREDICTED: Cyclospora cayetanensis large subunit ribosomal RNA (LOC113146729), rRNA
cc_rrna_kmer_001142|28S	EU252544.1	88456	N/A	100.000	31	0	0	1	31	578	608	Cyclospora cayetanensis 28S large subunit ribosomal RNA gene, partial sequence
cc_rrna_kmer_001143|18S	AB970208.1	100272	N/A	100.000	31	0	0	1	31	93	63	Uncultured eukaryote gene for 18S rRNA, partial sequence, clone: CompH_DNA_21
cc_rrna_kmer_001143|18S	GQ844420.1	175245	N/A	100.000	31	0	0	1	31	93	63	Uncultured fungus clone WD0-34 18S ribosomal RNA gene, partial sequence
cc_rrna_kmer_001143|18S	GQ844407.1	175245	N/A	100.000	31	0	0	1	31	93	63	Uncultured fungus clone WD0-16 18S ribosomal RNA gene, partial sequence
cc_rrna_kmer_001143|18S	GQ844425.1	175245	N/A	100.000	31	0	0	1	31	93	63	Uncultured fungus clone WD0-40 18S ribosomal RNA gene, partial sequence
cc_rrna_kmer_001143|18S	GQ844577.1	175245	N/A	100.000	31	0	0	1	31	93	63	Uncultured fungus clone WD4-148 18S ribosomal RNA gene, partial sequence
cc_rrna_kmer_001143|18S	GQ844411.1	175245	N/A	100.000	31	0	0	1	31	93	63	Uncultured fungus clone WD0-23 18S ribosomal RNA gene, partial sequence
cc_rrna_kmer_001143|18S	PX656291.1	2735417	N/A	100.000	31	0	0	1	31	46	16	Salpingoecidae sp. isolate OTU_768 small subunit ribosomal RNA gene, partial sequence
cc_rrna_kmer_001144|28S	XR_003297360.1	88456	N/A	100.000	31	0	0	1	31	554	584	PREDICTED: Cyclospora cayetanensis large subunit ribosomal RNA (LOC113146729), rRNA
cc_rrna_kmer_001144|28S	EU252544.1	88456	N/A	100.000	31	0	0	1	31	1299	1329	Cyclospora cayetanensis 28S large subunit ribosomal RNA gene, partial sequence
cc_rrna_kmer_001145|28S	XR_003297360.1	88456	N/A	100.000	31	0	0	1	31	2621	2591	PREDICTED: Cyclospora cayetanensis large subunit ribosomal RNA (LOC113146729), rRNA
cc_rrna_kmer_001146|5S	XR_003297353.1	88456	N/A	100.000	31	0	0	1	31	66	96	PREDICTED: Cyclospora cayetanensis 5S ribosomal RNA (LOC113146603), rRNA
cc_rrna_kmer_001148|28S	XR_003297360.1	88456	N/A	100.000	31	0	0	1	31	1398	1368	PREDICTED: Cyclospora cayetanensis large subunit ribosomal RNA (LOC113146729), rRNA
cc_rrna_kmer_001149|18S	AB368543.1	88456	N/A	100.000	31	0	0	1	31	96	66	Cyclospora cayetanensis gene for 18S ribosomal RNA, partial sequence, clone: 3
cc_rrna_kmer_001149|18S	KC414111.1	88456	N/A	100.000	31	0	0	1	31	505	475	Cyclospora cayetanensis isolate 1905 18S ribosomal RNA gene, partial sequence
cc_rrna_kmer_001149|18S	AF111183.1	88456	N/A	100.000	31	0	0	1	31	553	523	Cyclospora cayetanensis 18S ribosomal RNA gene, complete sequence
cc_rrna_kmer_001149|18S	KC414107.1	88456	N/A	100.000	31	0	0	1	31	505	475	Cyclospora cayetanensis isolate 2201 18S ribosomal RNA gene, partial sequence
cc_rrna_kmer_001149|18S	KC414106.1	88456	N/A	100.000	31	0	0	1	31	505	475	Cyclospora cayetanensis isolate 2301 18S ribosomal RNA gene, partial sequence
cc_rrna_kmer_001149|18S	AB368541.1	88456	N/A	100.000	31	0	0	1	31	96	66	Cyclospora cayetanensis gene for 18S ribosomal RNA, partial sequence, clone: 1
cc_rrna_kmer_001149|18S	XR_003297358.1	88456	N/A	100.000	31	0	0	1	31	553	523	PREDICTED: Cyclospora cayetanensis small subunit ribosomal RNA (LOC113146722), rRNA
cc_rrna_kmer_001149|18S	KC414112.1	88456	N/A	100.000	31	0	0	1	31	505	475	Cyclospora cayetanensis isolate EC02 18S ribosomal RNA gene, partial sequence
cc_rrna_kmer_001149|18S	KC414105.1	88456	N/A	100.000	31	0	0	1	31	505	475	Cyclospora cayetanensis isolate 2311 18S ribosomal RNA gene, partial sequence
cc_rrna_kmer_001149|18S	AB368542.1	88456	N/A	100.000	31	0	0	1	31	96	66	Cyclospora cayetanensis gene for 18S ribosomal RNA, partial sequence, clone: 2
cc_rrna_kmer_001149|18S	KX618190.1	88456	N/A	100.000	31	0	0	1	31	553	523	Cyclospora cayetanensis 18S small subunit ribosomal RNA gene, partial sequence
cc_rrna_kmer_001149|18S	MW090936.1	88456	N/A	100.000	31	0	0	1	31	514	484	Cyclospora cayetanensis isolate 9041 small subunit ribosomal RNA gene, partial sequence
cc_rrna_kmer_001149|18S	KC414110.1	88456	N/A	100.000	31	0	0	1	31	505	475	Cyclospora cayetanensis isolate 2304 18S ribosomal RNA gene, partial sequence
cc_rrna_kmer_001150|28S	EU252544.1	88456	N/A	100.000	31	0	0	1	31	210	180	Cyclospora cayetanensis 28S large subunit ribosomal RNA gene, partial sequence
cc_rrna_kmer_001151|28S	XR_003297360.1	88456	N/A	100.000	31	0	0	1	31	1397	1427	PREDICTED: Cyclospora cayetanensis large subunit ribosomal RNA (LOC113146729), rRNA
cc_rrna_kmer_001152|28S	EU252544.1	88456	N/A	100.000	31	0	0	1	31	702	672	Cyclospora cayetanensis 28S large subunit ribosomal RNA gene, partial sequence
cc_rrna_kmer_001153|28S	XR_003297360.1	88456	N/A	100.000	31	0	0	1	31	965	995	PREDICTED: Cyclospora cayetanensis large subunit ribosomal RNA (LOC113146729), rRNA
cc_rrna_kmer_001154|28S	XR_003297360.1	88456	N/A	100.000	31	0	0	1	31	1435	1405	PREDICTED: Cyclospora cayetanensis large subunit ribosomal RNA (LOC113146729), rRNA
cc_rrna_kmer_001155|28S	XR_003297360.1	88456	N/A	100.000	31	0	0	1	31	1407	1437	PREDICTED: Cyclospora cayetanensis large subunit ribosomal RNA (LOC113146729), rRNA
cc_rrna_kmer_001156|28S	EU252544.1	88456	N/A	100.000	31	0	0	1	31	193	163	Cyclospora cayetanensis 28S large subunit ribosomal RNA gene, partial sequence
cc_rrna_kmer_001157|28S	EU252544.1	88456	N/A	100.000	31	0	0	1	31	507	537	Cyclospora cayetanensis 28S large subunit ribosomal RNA gene, partial sequence
cc_rrna_kmer_001160|28S	XR_003297360.1	88456	N/A	100.000	31	0	0	1	31	1448	1478	PREDICTED: Cyclospora cayetanensis large subunit ribosomal RNA (LOC113146729), rRNA
cc_rrna_kmer_001161|28S	XR_003297360.1	88456	N/A	100.000	31	0	0	1	31	734	764	PREDICTED: Cyclospora cayetanensis large subunit ribosomal RNA (LOC113146729), rRNA
cc_rrna_kmer_001161|28S	EU252544.1	88456	N/A	100.000	31	0	0	1	31	1479	1509	Cyclospora cayetanensis 28S large subunit ribosomal RNA gene, partial sequence
cc_rrna_kmer_001162|28S	XR_003297360.1	88456	N/A	100.000	31	0	0	1	31	1413	1383	PREDICTED: Cyclospora cayetanensis large subunit ribosomal RNA (LOC113146729), rRNA
cc_rrna_kmer_001163|28S	XR_003297360.1	88456	N/A	100.000	31	0	0	1	31	699	729	PREDICTED: Cyclospora cayetanensis large subunit ribosomal RNA (LOC113146729), rRNA
cc_rrna_kmer_001163|28S	EU252544.1	88456	N/A	100.000	31	0	0	1	31	1444	1474	Cyclospora cayetanensis 28S large subunit ribosomal RNA gene, partial sequence
cc_rrna_kmer_001164|28S	XR_003297360.1	88456	N/A	100.000	31	0	0	1	31	2581	2611	PREDICTED: Cyclospora cayetanensis large subunit ribosomal RNA (LOC113146729), rRNA
cc_rrna_kmer_001165|28S	EU252544.1	88456	N/A	100.000	31	0	0	1	31	730	760	Cyclospora cayetanensis 28S large subunit ribosomal RNA gene, partial sequence
cc_rrna_kmer_001166|28S	EU252544.1	88456	N/A	100.000	31	0	0	1	31	458	488	Cyclospora cayetanensis 28S large subunit ribosomal RNA gene, partial sequence
cc_rrna_kmer_001167|28S	AB769669.1	99176	N/A	100.000	31	0	0	1	31	1434	1404	Eimeria alabamensis genes for 18S rRNA, internal transcribed spacer 1, 5.8S rRNA, internal transcribed spacer 2 and 28S rRNA, partial and complete sequence, isolate: 1-3, clone: 4
cc_rrna_kmer_001167|28S	AB769683.1	99176	N/A	100.000	31	0	0	1	31	1147	1117	Eimeria alabamensis genes for 18S rRNA, internal transcribed spacer 1, 5.8S rRNA, internal transcribed spacer 2 and 28S rRNA, partial and complete sequence, isolate: 1-7, clone: 2
cc_rrna_kmer_001167|28S	AB769693.1	99176	N/A	100.000	31	0	0	1	31	1149	1119	Eimeria alabamensis genes for 18S rRNA, internal transcribed spacer 1, 5.8S rRNA, internal transcribed spacer 2 and 28S rRNA, partial and complete sequence, isolate: 1-9, clone: 2
cc_rrna_kmer_001167|28S	AB769701.1	99176	N/A	100.000	31	0	0	1	31	1545	1515	Eimeria alabamensis genes for 18S rRNA, internal transcribed spacer 1, 5.8S rRNA, internal transcribed spacer 2 and 28S rRNA, partial and complete sequence, isolate: 1-10, clone: 5
cc_rrna_kmer_001167|28S	AB769681.1	99176	N/A	100.000	31	0	0	1	31	1563	1533	Eimeria alabamensis genes for 18S rRNA, internal transcribed spacer 1, 5.8S rRNA, internal transcribed spacer 2 and 28S rRNA, partial and complete sequence, isolate: 1-6, clone: 5
cc_rrna_kmer_001167|28S	AB769666.1	99176	N/A	100.000	31	0	0	1	31	1453	1423	Eimeria alabamensis genes for 18S rRNA, internal transcribed spacer 1, 5.8S rRNA, internal transcribed spacer 2 and 28S rRNA, partial and complete sequence, isolate: 1-3, clone: 1
cc_rrna_kmer_001167|28S	AB769548.1	99176	N/A	100.000	31	0	0	1	31	2753	2723	Eimeria alabamensis genes for 18S rRNA, internal transcribed spacer 1, 5.8S rRNA, internal transcribed spacer 2 and 28S rRNA, partial and complete sequence, isolate: 1-2
cc_rrna_kmer_001167|28S	AB769698.1	99176	N/A	100.000	31	0	0	1	31	1483	1453	Eimeria alabamensis genes for 18S rRNA, internal transcribed spacer 1, 5.8S rRNA, internal transcribed spacer 2 and 28S rRNA, partial and complete sequence, isolate: 1-10, clone: 2
cc_rrna_kmer_001167|28S	AB769595.1	1267170	N/A	100.000	31	0	0	1	31	2843	2813	Eimeria bukidnonensis genes for 18S rRNA, internal transcribed spacer 1, 5.8S rRNA, internal transcribed spacer 2 and 28S rRNA, partial and complete sequence, isolate: 2-2
cc_rrna_kmer_001167|28S	AB769678.1	99176	N/A	100.000	31	0	0	1	31	1464	1434	Eimeria alabamensis genes for 18S rRNA, internal transcribed spacer 1, 5.8S rRNA, internal transcribed spacer 2 and 28S rRNA, partial and complete sequence, isolate: 1-6, clone: 2
cc_rrna_kmer_001167|28S	AY283864.1	241650	N/A	100.000	31	0	0	1	31	76	46	Atoxoplasma sp. MS-2003 large subunit ribosomal RNA gene, partial sequence
cc_rrna_kmer_001167|28S	AB769699.1	99176	N/A	100.000	31	0	0	1	31	1422	1392	Eimeria alabamensis genes for 18S rRNA, internal transcribed spacer 1, 5.8S rRNA, internal transcribed spacer 2 and 28S rRNA, partial and complete sequence, isolate: 1-10, clone: 3
cc_rrna_kmer_001167|28S	AB769667.1	99176	N/A	100.000	31	0	0	1	31	1434	1404	Eimeria alabamensis genes for 18S rRNA, internal transcribed spacer 1, 5.8S rRNA, internal transcribed spacer 2 and 28S rRNA, partial and complete sequence, isolate: 1-3, clone: 2
cc_rrna_kmer_001167|28S	AY283859.1	241650	N/A	100.000	31	0	0	1	31	74	44	Atoxoplasma sp. MS-2003 large subunit ribosomal RNA gene, partial sequence
cc_rrna_kmer_001167|28S	AB769689.1	99176	N/A	100.000	31	0	0	1	31	1449	1419	Eimeria alabamensis genes for 18S rRNA, internal transcribed spacer 1, 5.8S rRNA, internal transcribed spacer 2 and 28S rRNA, partial and complete sequence, isolate: 1-8, clone: 3
cc_rrna_kmer_001167|28S	AB769680.1	99176	N/A	100.000	31	0	0	1	31	1503	1473	Eimeria alabamensis genes for 18S rRNA, internal transcribed spacer 1, 5.8S rRNA, internal transcribed spacer 2 and 28S rRNA, partial and complete sequence, isolate: 1-6, clone: 4
cc_rrna_kmer_001167|28S	AB769547.1	99176	N/A	100.000	31	0	0	1	31	2753	2723	Eimeria alabamensis genes for 18S rRNA, internal transcribed spacer 1, 5.8S rRNA, internal transcribed spacer 2 and 28S rRNA, partial and complete sequence, isolate: 1-1
cc_rrna_kmer_001167|28S	AB769601.1	1267170	N/A	100.000	31	0	0	1	31	2774	2744	Eimeria bukidnonensis genes for 18S rRNA, internal transcribed spacer 1, 5.8S rRNA, internal transcribed spacer 2 and 28S rRNA, partial and complete sequence, isolate: 4-3
cc_rrna_kmer_001167|28S	AB769598.1	1267170	N/A	100.000	31	0	0	1	31	2772	2742	Eimeria bukidnonensis genes for 18S rRNA, internal transcribed spacer 1, 5.8S rRNA, internal transcribed spacer 2 and 28S rRNA, partial and complete sequence, isolate: 3-2
cc_rrna_kmer_001167|28S	AB769550.1	99176	N/A	100.000	31	0	0	1	31	2754	2724	Eimeria alabamensis genes for 18S rRNA, internal transcribed spacer 1, 5.8S rRNA, internal transcribed spacer 2 and 28S rRNA, partial and complete sequence, isolate: 1-4
cc_rrna_kmer_001167|28S	AB769696.1	99176	N/A	100.000	31	0	0	1	31	1447	1417	Eimeria alabamensis genes for 18S rRNA, internal transcribed spacer 1, 5.8S rRNA, internal transcribed spacer 2 and 28S rRNA, partial and complete sequence, isolate: 1-9, clone: 5
cc_rrna_kmer_001167|28S	AB769671.1	99176	N/A	100.000	31	0	0	1	31	1452	1422	Eimeria alabamensis genes for 18S rRNA, internal transcribed spacer 1, 5.8S rRNA, internal transcribed spacer 2 and 28S rRNA, partial and complete sequence, isolate: 1-3, clone: 6
cc_rrna_kmer_001167|28S	AB769690.1	99176	N/A	100.000	31	0	0	1	31	1436	1406	Eimeria alabamensis genes for 18S rRNA, internal transcribed spacer 1, 5.8S rRNA, internal transcribed spacer 2 and 28S rRNA, partial and complete sequence, isolate: 1-8, clone: 4
cc_rrna_kmer_001167|28S	AB769695.1	99176	N/A	100.000	31	0	0	1	31	1415	1385	Eimeria alabamensis genes for 18S rRNA, internal transcribed spacer 1, 5.8S rRNA, internal transcribed spacer 2 and 28S rRNA, partial and complete sequence, isolate: 1-9, clone: 4
cc_rrna_kmer_001167|28S	AB769684.1	99176	N/A	100.000	31	0	0	1	31	1147	1117	Eimeria alabamensis genes for 18S rRNA, internal transcribed spacer 1, 5.8S rRNA, internal transcribed spacer 2 and 28S rRNA, partial and complete sequence, isolate: 1-7, clone: 3
cc_rrna_kmer_001167|28S	AB769685.1	99176	N/A	100.000	31	0	0	1	31	1147	1117	Eimeria alabamensis genes for 18S rRNA, internal transcribed spacer 1, 5.8S rRNA, internal transcribed spacer 2 and 28S rRNA, partial and complete sequence, isolate: 1-7, clone: 4
cc_rrna_kmer_001167|28S	AB769688.1	99176	N/A	100.000	31	0	0	1	31	1447	1417	Eimeria alabamensis genes for 18S rRNA, internal transcribed spacer 1, 5.8S rRNA, internal transcribed spacer 2 and 28S rRNA, partial and complete sequence, isolate: 1-8, clone: 2
cc_rrna_kmer_001167|28S	AB769600.1	1267170	N/A	100.000	31	0	0	1	31	2777	2747	Eimeria bukidnonensis genes for 18S rRNA, internal transcribed spacer 1, 5.8S rRNA, internal transcribed spacer 2 and 28S rRNA, partial and complete sequence, isolate: 4-2
cc_rrna_kmer_001167|28S	AB769600.1	1267170	N/A	100.000	31	0	0	1	31	2900	2870	Eimeria bukidnonensis genes for 18S rRNA, internal transcribed spacer 1, 5.8S rRNA, internal transcribed spacer 2 and 28S rRNA, partial and complete sequence, isolate: 4-2
cc_rrna_kmer_001167|28S	AB769599.1	1267170	N/A	100.000	31	0	0	1	31	2841	2811	Eimeria bukidnonensis genes for 18S rRNA, internal transcribed spacer 1, 5.8S rRNA, internal transcribed spacer 2 and 28S rRNA, partial and complete sequence, isolate: 4-1
cc_rrna_kmer_001167|28S	AB769590.1	1267170	N/A	100.000	31	0	0	1	31	2855	2825	Eimeria bukidnonensis genes for 18S rRNA, internal transcribed spacer 1, 5.8S rRNA, internal transcribed spacer 2 and 28S rRNA, partial and complete sequence, isolate: 1-1
cc_rrna_kmer_001167|28S	AB769687.1	99176	N/A	100.000	31	0	0	1	31	1457	1427	Eimeria alabamensis genes for 18S rRNA, internal transcribed spacer 1, 5.8S rRNA, internal transcribed spacer 2 and 28S rRNA, partial and complete sequence, isolate: 1-8, clone: 1
cc_rrna_kmer_001167|28S	AB769679.1	99176	N/A	100.000	31	0	0	1	31	1429	1399	Eimeria alabamensis genes for 18S rRNA, internal transcribed spacer 1, 5.8S rRNA, internal transcribed spacer 2 and 28S rRNA, partial and complete sequence, isolate: 1-6, clone: 3
cc_rrna_kmer_001167|28S	AB769737.1	1267170	N/A	100.000	31	0	0	1	31	718	688	Eimeria bukidnonensis genes for internal transcribed spacer 1, 5.8S rRNA, internal transcribed spacer 2 and 28S rRNA, partial and complete sequence, isolate: 3-1
cc_rrna_kmer_001167|28S	AB769676.1	99176	N/A	100.000	31	0	0	1	31	1154	1124	Eimeria alabamensis genes for 18S rRNA, internal transcribed spacer 1, 5.8S rRNA, internal transcribed spacer 2 and 28S rRNA, partial and complete sequence, isolate: 1-5, clone: 5
cc_rrna_kmer_001167|28S	AB769672.1	99176	N/A	100.000	31	0	0	1	31	1153	1123	Eimeria alabamensis genes for 18S rRNA, internal transcribed spacer 1, 5.8S rRNA, internal transcribed spacer 2 and 28S rRNA, partial and complete sequence, isolate: 1-5, clone: 1
cc_rrna_kmer_001167|28S	AY283860.1	241650	N/A	100.000	31	0	0	1	31	74	44	Atoxoplasma sp. MS-2003 large subunit ribosomal RNA gene, partial sequence
cc_rrna_kmer_001167|28S	AB769735.1	1267170	N/A	100.000	31	0	0	1	31	683	653	Eimeria bukidnonensis genes for 5.8S rRNA, internal transcribed spacer 2 and 28S rRNA, partial and complete sequence, isolate: 1-4
cc_rrna_kmer_001167|28S	AB769668.1	99176	N/A	100.000	31	0	0	1	31	1485	1455	Eimeria alabamensis genes for 18S rRNA, internal transcribed spacer 1, 5.8S rRNA, internal transcribed spacer 2 and 28S rRNA, partial and complete sequence, isolate: 1-3, clone: 3
cc_rrna_kmer_001167|28S	AB769692.1	99176	N/A	100.000	31	0	0	1	31	1149	1119	Eimeria alabamensis genes for 18S rRNA, internal transcribed spacer 1, 5.8S rRNA, internal transcribed spacer 2 and 28S rRNA, partial and complete sequence, isolate: 1-9, clone: 1
cc_rrna_kmer_001167|28S	AY283854.1	241650	N/A	100.000	31	0	0	1	31	74	44	Atoxoplasma sp. MS-2003 large subunit ribosomal RNA gene, partial sequence
cc_rrna_kmer_001167|28S	AB769594.1	1267170	N/A	100.000	31	0	0	1	31	2827	2797	Eimeria bukidnonensis genes for 18S rRNA, internal transcribed spacer 1, 5.8S rRNA, internal transcribed spacer 2 and 28S rRNA, partial and complete sequence, isolate: 2-1
cc_rrna_kmer_001167|28S	AY283855.1	241650	N/A	100.000	31	0	0	1	31	74	44	Atoxoplasma sp. MS-2003 large subunit ribosomal RNA gene, partial sequence
cc_rrna_kmer_001167|28S	AB769674.1	99176	N/A	100.000	31	0	0	1	31	1160	1130	Eimeria alabamensis genes for 18S rRNA, internal transcribed spacer 1, 5.8S rRNA, internal transcribed spacer 2 and 28S rRNA, partial and complete sequence, isolate: 1-5, clone: 3
cc_rrna_kmer_001167|28S	AB769673.1	99176	N/A	100.000	31	0	0	1	31	1153	1123	Eimeria alabamensis genes for 18S rRNA, internal transcribed spacer 1, 5.8S rRNA, internal transcribed spacer 2 and 28S rRNA, partial and complete sequence, isolate: 1-5, clone: 2
cc_rrna_kmer_001167|28S	AB769694.1	99176	N/A	100.000	31	0	0	1	31	1430	1400	Eimeria alabamensis genes for 18S rRNA, internal transcribed spacer 1, 5.8S rRNA, internal transcribed spacer 2 and 28S rRNA, partial and complete sequence, isolate: 1-9, clone: 3
cc_rrna_kmer_001167|28S	AB769736.1	1267170	N/A	100.000	31	0	0	1	31	683	653	Eimeria bukidnonensis genes for 5.8S rRNA, internal transcribed spacer 2 and 28S rRNA, partial and complete sequence, isolate: 2-3
cc_rrna_kmer_001167|28S	AB769592.1	1267170	N/A	100.000	31	0	0	1	31	2844	2814	Eimeria bukidnonensis genes for 18S rRNA, internal transcribed spacer 1, 5.8S rRNA, internal transcribed spacer 2 and 28S rRNA, partial and complete sequence, isolate: 1-3
cc_rrna_kmer_001167|28S	AB769670.1	99176	N/A	100.000	31	0	0	1	31	1465	1435	Eimeria alabamensis genes for 18S rRNA, internal transcribed spacer 1, 5.8S rRNA, internal transcribed spacer 2 and 28S rRNA, partial and complete sequence, isolate: 1-3, clone: 5
cc_rrna_kmer_001167|28S	AB769697.1	99176	N/A	100.000	31	0	0	1	31	1458	1428	Eimeria alabamensis genes for 18S rRNA, internal transcribed spacer 1, 5.8S rRNA, internal transcribed spacer 2 and 28S rRNA, partial and complete sequence, isolate: 1-10, clone: 1
cc_rrna_kmer_001167|28S	EU252544.1	88456	N/A	100.000	31	0	0	1	31	154	124	Cyclospora cayetanensis 28S large subunit ribosomal RNA gene, partial sequence
cc_rrna_kmer_001167|28S	AB769700.1	99176	N/A	100.000	31	0	0	1	31	1447	1417	Eimeria alabamensis genes for 18S rRNA, internal transcribed spacer 1, 5.8S rRNA, internal transcribed spacer 2 and 28S rRNA, partial and complete sequence, isolate: 1-10, clone: 4
cc_rrna_kmer_001167|28S	AB769675.1	99176	N/A	100.000	31	0	0	1	31	1154	1124	Eimeria alabamensis genes for 18S rRNA, internal transcribed spacer 1, 5.8S rRNA, internal transcribed spacer 2 and 28S rRNA, partial and complete sequence, isolate: 1-5, clone: 4
cc_rrna_kmer_001167|28S	AB769677.1	99176	N/A	100.000	31	0	0	1	31	1437	1407	Eimeria alabamensis genes for 18S rRNA, internal transcribed spacer 1, 5.8S rRNA, internal transcribed spacer 2 and 28S rRNA, partial and complete sequence, isolate: 1-6, clone: 1
cc_rrna_kmer_001167|28S	AB769734.1	1267170	N/A	100.000	31	0	0	1	31	683	653	Eimeria bukidnonensis genes for 5.8S rRNA, internal transcribed spacer 2 and 28S rRNA, partial and complete sequence, isolate: 1-2
cc_rrna_kmer_001168|28S	EU252544.1	88456	N/A	100.000	31	0	0	1	31	695	665	Cyclospora cayetanensis 28S large subunit ribosomal RNA gene, partial sequence
cc_rrna_kmer_001169|28S	EU252544.1	88456	N/A	100.000	31	0	0	1	31	294	264	Cyclospora cayetanensis 28S large subunit ribosomal RNA gene, partial sequence
cc_rrna_kmer_001170|28S	XR_003297360.1	88456	N/A	100.000	31	0	0	1	31	977	947	PREDICTED: Cyclospora cayetanensis large subunit ribosomal RNA (LOC113146729), rRNA
cc_rrna_kmer_001170|28S	EU252544.1	88456	N/A	100.000	31	0	0	1	31	1722	1692	Cyclospora cayetanensis 28S large subunit ribosomal RNA gene, partial sequence
cc_rrna_kmer_001171|28S	XR_003297360.1	88456	N/A	100.000	31	0	0	1	31	2609	2579	PREDICTED: Cyclospora cayetanensis large subunit ribosomal RNA (LOC113146729), rRNA
cc_rrna_kmer_001172|28S	XR_003297360.1	88456	N/A	100.000	31	0	0	1	31	1418	1388	PREDICTED: Cyclospora cayetanensis large subunit ribosomal RNA (LOC113146729), rRNA
cc_rrna_kmer_001176|28S	XR_003297360.1	88456	N/A	100.000	31	0	0	1	31	1423	1453	PREDICTED: Cyclospora cayetanensis large subunit ribosomal RNA (LOC113146729), rRNA
cc_rrna_kmer_001177|28S	EU252544.1	88456	N/A	100.000	31	0	0	1	31	629	659	Cyclospora cayetanensis 28S large subunit ribosomal RNA gene, partial sequence
cc_rrna_kmer_001178|28S	EU252544.1	88456	N/A	100.000	31	0	0	1	31	153	183	Cyclospora cayetanensis 28S large subunit ribosomal RNA gene, partial sequence
cc_rrna_kmer_001179|28S	XR_003297360.1	88456	N/A	100.000	31	0	0	1	31	1412	1442	PREDICTED: Cyclospora cayetanensis large subunit ribosomal RNA (LOC113146729), rRNA
cc_rrna_kmer_001180|28S	XR_003297360.1	88456	N/A	100.000	31	0	0	1	31	969	939	PREDICTED: Cyclospora cayetanensis large subunit ribosomal RNA (LOC113146729), rRNA
cc_rrna_kmer_001180|28S	EU252544.1	88456	N/A	100.000	31	0	0	1	31	1714	1684	Cyclospora cayetanensis 28S large subunit ribosomal RNA gene, partial sequence
cc_rrna_kmer_001181|28S	EU252544.1	88456	N/A	100.000	31	0	0	1	31	726	696	Cyclospora cayetanensis 28S large subunit ribosomal RNA gene, partial sequence
cc_rrna_kmer_001182|28S	LN609899.1	459470	N/A	100.000	31	0	0	1	31	1000	970	Uncultured Eimeria genomic DNA containing 18S rRNA gene, ITS1, 5.8S rRNA gene, ITS2 and 28S rRNA gene, isolate Ug20
cc_rrna_kmer_001182|28S	LN609801.1	459470	N/A	100.000	31	0	0	1	31	1001	971	Uncultured Eimeria genomic DNA containing 18S rRNA gene, ITS1, 5.8S rRNA gene, ITS2 and 28S rRNA gene, isolate Gh09
cc_rrna_kmer_001182|28S	AF301387.1	88456	N/A	100.000	31	0	0	1	31	1506	1476	Cyclospora cayetanensis small subunit ribosomal RNA gene, partial sequence; internal transcribed spacer 1, 5.8S ribosomal RNA gene and internal transcribed spacer 2, complete sequence; and large subunit ribosomal RNA gene, partial sequence
cc_rrna_kmer_001182|28S	LN609970.1	459470	N/A	100.000	31	0	0	1	31	978	948	Uncultured Eimeria genomic DNA containing 18S rRNA gene, ITS1, 5.8S rRNA gene, ITS2 and 28S rRNA gene, isolate Eg09
cc_rrna_kmer_001182|28S	LN609825.1	459470	N/A	100.000	31	0	0	1	31	998	968	Uncultured Eimeria genomic DNA containing 18S rRNA gene, ITS1, 5.8S rRNA gene, ITS2 and 28S rRNA gene, isolate Ng16
cc_rrna_kmer_001182|28S	AY779462.1	5801	N/A	100.000	31	0	0	1	31	977	947	Eimeria acervulina clone EA-1133-20 18S ribosomal RNA gene, partial sequence; internal transcribed spacer 1, 5.8S ribosomal RNA gene, and internal transcribed spacer 2, complete sequence; and 28S ribosomal RNA gene, partial sequence
cc_rrna_kmer_001182|28S	LN609775.1	459470	N/A	100.000	31	0	0	1	31	999	969	Uncultured Eimeria genomic DNA containing 18S rRNA gene, ITS1, 5.8S rRNA gene, ITS2 and 28S rRNA gene, isolate Fr02
cc_rrna_kmer_001182|28S	LN609864.1	459470	N/A	100.000	31	0	0	1	31	1001	971	Uncultured Eimeria genomic DNA containing 18S rRNA gene, ITS1, 5.8S rRNA gene, ITS2 and 28S rRNA gene, isolate Tz24
cc_rrna_kmer_001182|28S	AF301386.1	88456	N/A	100.000	31	0	0	1	31	1519	1489	Cyclospora cayetanensis small subunit ribosomal RNA gene, partial sequence; internal transcribed spacer 1, 5.8S ribosomal RNA gene and internal transcribed spacer 2, complete sequence; and large subunit ribosomal RNA gene, partial sequence
cc_rrna_kmer_001182|28S	LN609794.1	459470	N/A	100.000	31	0	0	1	31	1000	970	Uncultured Eimeria genomic DNA containing 18S rRNA gene, ITS1, 5.8S rRNA gene, ITS2 and 28S rRNA gene, isolate Gh02
cc_rrna_kmer_001182|28S	AY779481.1	5801	N/A	100.000	31	0	0	1	31	976	946	Eimeria acervulina clone EA-JJ-1 18S ribosomal RNA gene, partial sequence; internal transcribed spacer 1, 5.8S ribosomal RNA gene, and internal transcribed spacer 2, complete sequence; and 28S ribosomal RNA gene, partial sequence
cc_rrna_kmer_001182|28S	AY779471.1	5801	N/A	100.000	31	0	0	1	31	959	929	Eimeria acervulina clone EA-12-6 18S ribosomal RNA gene, partial sequence; internal transcribed spacer 1, 5.8S ribosomal RNA gene, and internal transcribed spacer 2, complete sequence; and 28S ribosomal RNA gene, partial sequence
cc_rrna_kmer_001182|28S	LN609869.1	459470	N/A	100.000	31	0	0	1	31	1145	1115	Uncultured Eimeria genomic DNA containing 18S rRNA gene, ITS1, 5.8S rRNA gene, ITS2 and 28S rRNA gene, isolate Tz29
cc_rrna_kmer_001182|28S	AY779475.1	5801	N/A	100.000	31	0	0	1	31	977	947	Eimeria acervulina clone EA-12-14 18S ribosomal RNA gene, partial sequence; internal transcribed spacer 1, 5.8S ribosomal RNA gene, and internal transcribed spacer 2, complete sequence; and 28S ribosomal RNA gene, partial sequence
cc_rrna_kmer_001182|28S	LN609931.1	459470	N/A	100.000	31	0	0	1	31	998	968	Uncultured Eimeria genomic DNA containing 18S rRNA gene, ITS1, 5.8S rRNA gene, ITS2 and 28S rRNA gene, isolate Zm01
cc_rrna_kmer_001182|28S	LN609796.1	459470	N/A	100.000	31	0	0	1	31	1001	971	Uncultured Eimeria genomic DNA containing 18S rRNA gene, ITS1, 5.8S rRNA gene, ITS2 and 28S rRNA gene, isolate Gh04
cc_rrna_kmer_001182|28S	LN609810.1	459470	N/A	100.000	31	0	0	1	31	1001	971	Uncultured Eimeria genomic DNA containing 18S rRNA gene, ITS1, 5.8S rRNA gene, ITS2 and 28S rRNA gene, isolate Ng01
cc_rrna_kmer_001182|28S	AY779477.1	5801	N/A	100.000	31	0	0	1	31	972	942	Eimeria acervulina clone EA-12-17 18S ribosomal RNA gene, partial sequence; internal transcribed spacer 1, 5.8S ribosomal RNA gene, and internal transcribed spacer 2, complete sequence; and 28S ribosomal RNA gene, partial sequence
cc_rrna_kmer_001182|28S	AY779483.1	5801	N/A	100.000	31	0	0	1	31	977	947	Eimeria acervulina clone EA-JJ-13 18S ribosomal RNA gene, partial sequence; internal transcribed spacer 1, 5.8S ribosomal RNA gene, and internal transcribed spacer 2, complete sequence; and 28S ribosomal RNA gene, partial sequence
cc_rrna_kmer_001182|28S	AY779485.1	5801	N/A	100.000	31	0	0	1	31	977	947	Eimeria acervulina clone EA-JJ-15 18S ribosomal RNA gene, partial sequence; internal transcribed spacer 1, 5.8S ribosomal RNA gene, and internal transcribed spacer 2, complete sequence; and 28S ribosomal RNA gene, partial sequence
cc_rrna_kmer_001182|28S	AF301382.1	88456	N/A	100.000	31	0	0	1	31	894	864	Cyclospora cayetanensis 5.8S ribosomal RNA gene, partial sequence; internal transcribed spacer 2, complete sequence; and large subunit ribosomal RNA gene, partial sequence
cc_rrna_kmer_001182|28S	AY779490.1	5801	N/A	100.000	31	0	0	1	31	978	948	Eimeria acervulina clone EA-JJ-25 18S ribosomal RNA gene, partial sequence; internal transcribed spacer 1, 5.8S ribosomal RNA gene, and internal transcribed spacer 2, complete sequence; and 28S ribosomal RNA gene, partial sequence
cc_rrna_kmer_001182|28S	LN609805.1	459470	N/A	100.000	31	0	0	1	31	994	964	Uncultured Eimeria genomic DNA containing 18S rRNA gene, ITS1, 5.8S rRNA gene, ITS2 and 28S rRNA gene, isolate Gh13
cc_rrna_kmer_001182|28S	LN609966.1	459470	N/A	100.000	31	0	0	1	31	977	947	Uncultured Eimeria genomic DNA containing 18S rRNA gene, ITS1, 5.8S rRNA gene, ITS2 and 28S rRNA gene, isolate Eg05
cc_rrna_kmer_001182|28S	LN609792.1	459470	N/A	100.000	31	0	0	1	31	999	969	Uncultured Eimeria genomic DNA containing 18S rRNA gene, ITS1, 5.8S rRNA gene, ITS2 and 28S rRNA gene, isolate UK13
cc_rrna_kmer_001182|28S	AF301390.1	88456	N/A	100.000	31	0	0	1	31	1501	1471	Cyclospora cayetanensis small subunit ribosomal RNA gene, partial sequence; internal transcribed spacer 1, 5.8S ribosomal RNA gene and internal transcribed spacer 2, complete sequence; and large subunit ribosomal RNA gene, partial sequence
cc_rrna_kmer_001182|28S	AY779467.1	5801	N/A	100.000	31	0	0	1	31	979	949	Eimeria acervulina clone EA-12-1 18S ribosomal RNA gene, partial sequence; internal transcribed spacer 1, 5.8S ribosomal RNA gene, and internal transcribed spacer 2, complete sequence; and 28S ribosomal RNA gene, partial sequence
cc_rrna_kmer_001182|28S	AY779472.1	5801	N/A	100.000	31	0	0	1	31	978	948	Eimeria acervulina clone EA-12-7 18S ribosomal RNA gene, partial sequence; internal transcribed spacer 1, 5.8S ribosomal RNA gene, and internal transcribed spacer 2, complete sequence; and 28S ribosomal RNA gene, partial sequence
cc_rrna_kmer_001182|28S	LN609770.1	459470	N/A	100.000	31	0	0	1	31	994	964	Uncultured Eimeria genomic DNA containing 18S rRNA gene, ITS1, 5.8S rRNA gene, ITS2 and 28S rRNA gene, isolate Pt01
cc_rrna_kmer_001182|28S	AY779488.1	5801	N/A	100.000	31	0	0	1	31	977	947	Eimeria acervulina clone EA-JJ-19 18S ribosomal RNA gene, partial sequence; internal transcribed spacer 1, 5.8S ribosomal RNA gene, and internal transcribed spacer 2, complete sequence; and 28S ribosomal RNA gene, partial sequence
cc_rrna_kmer_001182|28S	AF301388.1	88456	N/A	100.000	31	0	0	1	31	1508	1478	Cyclospora cayetanensis small subunit ribosomal RNA gene, partial sequence; internal transcribed spacer 1, 5.8S ribosomal RNA gene and internal transcribed spacer 2, complete sequence; and large subunit ribosomal RNA gene, partial sequence
cc_rrna_kmer_001182|28S	AY779460.1	5801	N/A	100.000	31	0	0	1	31	975	945	Eimeria acervulina clone EA-1133-15 18S ribosomal RNA gene, partial sequence; internal transcribed spacer 1, 5.8S ribosomal RNA gene, and internal transcribed spacer 2, complete sequence; and 28S ribosomal RNA gene, partial sequence
cc_rrna_kmer_001182|28S	LN609772.1	459470	N/A	100.000	31	0	0	1	31	1002	972	Uncultured Eimeria genomic DNA containing 18S rRNA gene, ITS1, 5.8S rRNA gene, ITS2 and 28S rRNA gene, isolate Pt03
cc_rrna_kmer_001182|28S	AF301383.1	88456	N/A	100.000	31	0	0	1	31	889	859	Cyclospora cayetanensis 5.8S ribosomal RNA gene, partial sequence; internal transcribed spacer 2, complete sequence; and large subunit ribosomal RNA gene, partial sequence
cc_rrna_kmer_001182|28S	LN609823.1	459470	N/A	100.000	31	0	0	1	31	999	969	Uncultured Eimeria genomic DNA containing 18S rRNA gene, ITS1, 5.8S rRNA gene, ITS2 and 28S rRNA gene, isolate Ng14
cc_rrna_kmer_001182|28S	LN609814.1	459470	N/A	100.000	31	0	0	1	31	1000	970	Uncultured Eimeria genomic DNA containing 18S rRNA gene, ITS1, 5.8S rRNA gene, ITS2 and 28S rRNA gene, isolate Ng05
cc_rrna_kmer_001182|28S	LN609895.1	459470	N/A	100.000	31	0	0	1	31	999	969	Uncultured Eimeria genomic DNA containing 18S rRNA gene, ITS1, 5.8S rRNA gene, ITS2 and 28S rRNA gene, isolate Ug16
cc_rrna_kmer_001182|28S	LN609831.1	459470	N/A	100.000	31	0	0	1	31	1003	973	Uncultured Eimeria genomic DNA containing 18S rRNA gene, ITS1, 5.8S rRNA gene, ITS2 and 28S rRNA gene, isolate Ng22
cc_rrna_kmer_001182|28S	LN609897.1	459470	N/A	100.000	31	0	0	1	31	1001	971	Uncultured Eimeria genomic DNA containing 18S rRNA gene, ITS1, 5.8S rRNA gene, ITS2 and 28S rRNA gene, isolate Ug18
cc_rrna_kmer_001182|28S	AY779457.1	5801	N/A	100.000	31	0	0	1	31	977	947	Eimeria acervulina clone EA-1133-7 18S ribosomal RNA gene, partial sequence; internal transcribed spacer 1, 5.8S ribosomal RNA gene, and internal transcribed spacer 2, complete sequence; and 28S ribosomal RNA gene, partial sequence
cc_rrna_kmer_001182|28S	AY779465.1	5801	N/A	100.000	31	0	0	1	31	968	938	Eimeria acervulina clone EA-1133-24 18S ribosomal RNA gene, partial sequence; internal transcribed spacer 1, 5.8S ribosomal RNA gene, and internal transcribed spacer 2, complete sequence; and 28S ribosomal RNA gene, partial sequence
cc_rrna_kmer_001182|28S	LN609819.1	459470	N/A	100.000	31	0	0	1	31	994	964	Uncultured Eimeria genomic DNA containing 18S rRNA gene, ITS1, 5.8S rRNA gene, ITS2 and 28S rRNA gene, isolate Ng10
cc_rrna_kmer_001182|28S	LN609806.1	459470	N/A	100.000	31	0	0	1	31	999	969	Uncultured Eimeria genomic DNA containing 18S rRNA gene, ITS1, 5.8S rRNA gene, ITS2 and 28S rRNA gene, isolate Gh14
cc_rrna_kmer_001182|28S	LN609913.1	459470	N/A	100.000	31	0	0	1	31	1003	973	Uncultured Eimeria genomic DNA containing 18S rRNA gene, ITS1, 5.8S rRNA gene, ITS2 and 28S rRNA gene, isolate Ug34
cc_rrna_kmer_001182|28S	AY779456.1	5801	N/A	100.000	31	0	0	1	31	977	947	Eimeria acervulina clone EA-1133-5 18S ribosomal RNA gene, partial sequence; internal transcribed spacer 1, 5.8S ribosomal RNA gene, and internal transcribed spacer 2, complete sequence; and 28S ribosomal RNA gene, partial sequence
cc_rrna_kmer_001182|28S	AY779459.1	5801	N/A	100.000	31	0	0	1	31	977	947	Eimeria acervulina clone EA-1133-13 18S ribosomal RNA gene, partial sequence; internal transcribed spacer 1, 5.8S ribosomal RNA gene, and internal transcribed spacer 2, complete sequence; and 28S ribosomal RNA gene, partial sequence
cc_rrna_kmer_001182|28S	AY779478.1	5801	N/A	100.000	31	0	0	1	31	978	948	Eimeria acervulina clone EA-12-22 18S ribosomal RNA gene, partial sequence; internal transcribed spacer 1, 5.8S ribosomal RNA gene, and internal transcribed spacer 2, complete sequence; and 28S ribosomal RNA gene, partial sequence
cc_rrna_kmer_001182|28S	AY779474.1	5801	N/A	100.000	31	0	0	1	31	981	951	Eimeria acervulina clone EA-12-13 18S ribosomal RNA gene, partial sequence; internal transcribed spacer 1, 5.8S ribosomal RNA gene, and internal transcribed spacer 2, complete sequence; and 28S ribosomal RNA gene, partial sequence
cc_rrna_kmer_001182|28S	LN609969.1	459470	N/A	100.000	31	0	0	1	31	977	947	Uncultured Eimeria genomic DNA containing 18S rRNA gene, ITS1, 5.8S rRNA gene, ITS2 and 28S rRNA gene, isolate Eg08
cc_rrna_kmer_001182|28S	LN609907.1	459470	N/A	100.000	31	0	0	1	31	1000	970	Uncultured Eimeria genomic DNA containing 18S rRNA gene, ITS1, 5.8S rRNA gene, ITS2 and 28S rRNA gene, isolate Ug28
cc_rrna_kmer_001182|28S	LN609829.1	459470	N/A	100.000	31	0	0	1	31	1001	971	Uncultured Eimeria genomic DNA containing 18S rRNA gene, ITS1, 5.8S rRNA gene, ITS2 and 28S rRNA gene, isolate Ng20
cc_rrna_kmer_001182|28S	AY779463.1	5801	N/A	100.000	31	0	0	1	31	976	946	Eimeria acervulina clone EA-1133-22 18S ribosomal RNA gene, partial sequence; internal transcribed spacer 1, 5.8S ribosomal RNA gene, and internal transcribed spacer 2, complete sequence; and 28S ribosomal RNA gene, partial sequence
cc_rrna_kmer_001182|28S	LN609957.1	459470	N/A	100.000	31	0	0	1	31	976	946	Uncultured Eimeria genomic DNA containing 18S rRNA gene, ITS1, 5.8S rRNA gene, ITS2 and 28S rRNA gene, isolate Lb12
cc_rrna_kmer_001182|28S	LN609884.1	459470	N/A	100.000	31	0	0	1	31	1001	971	Uncultured Eimeria genomic DNA containing 18S rRNA gene, ITS1, 5.8S rRNA gene, ITS2 and 28S rRNA gene, isolate Ug05
cc_rrna_kmer_001182|28S	LN609890.1	459470	N/A	100.000	31	0	0	1	31	999	969	Uncultured Eimeria genomic DNA containing 18S rRNA gene, ITS1, 5.8S rRNA gene, ITS2 and 28S rRNA gene, isolate Ug11
cc_rrna_kmer_001182|28S	LN609956.1	459470	N/A	100.000	31	0	0	1	31	979	949	Uncultured Eimeria genomic DNA containing 18S rRNA gene, ITS1, 5.8S rRNA gene, ITS2 and 28S rRNA gene, isolate Lb11
cc_rrna_kmer_001182|28S	LN609912.1	459470	N/A	100.000	31	0	0	1	31	997	967	Uncultured Eimeria genomic DNA containing 18S rRNA gene, ITS1, 5.8S rRNA gene, ITS2 and 28S rRNA gene, isolate Ug33
cc_rrna_kmer_001182|28S	AY779470.1	5801	N/A	100.000	31	0	0	1	31	978	948	Eimeria acervulina clone EA-12-5 18S ribosomal RNA gene, partial sequence; internal transcribed spacer 1, 5.8S ribosomal RNA gene, and internal transcribed spacer 2, complete sequence; and 28S ribosomal RNA gene, partial sequence
cc_rrna_kmer_001182|28S	AY779468.1	5801	N/A	100.000	31	0	0	1	31	979	949	Eimeria acervulina clone EA-12-2 18S ribosomal RNA gene, partial sequence; internal transcribed spacer 1, 5.8S ribosomal RNA gene, and internal transcribed spacer 2, complete sequence; and 28S ribosomal RNA gene, partial sequence
cc_rrna_kmer_001182|28S	LN609885.1	459470	N/A	100.000	31	0	0	1	31	1000	970	Uncultured Eimeria genomic DNA containing 18S rRNA gene, ITS1, 5.8S rRNA gene, ITS2 and 28S rRNA gene, isolate Ug06
cc_rrna_kmer_001182|28S	AY779479.1	5801	N/A	100.000	31	0	0	1	31	979	949	Eimeria acervulina clone EA-12-23 18S ribosomal RNA gene, partial sequence; internal transcribed spacer 1, 5.8S ribosomal RNA gene, and internal transcribed spacer 2, complete sequence; and 28S ribosomal RNA gene, partial sequence
cc_rrna_kmer_001182|28S	LN609958.1	459470	N/A	100.000	31	0	0	1	31	977	947	Uncultured Eimeria genomic DNA containing 18S rRNA gene, ITS1, 5.8S rRNA gene, ITS2 and 28S rRNA gene, isolate Lb13
cc_rrna_kmer_001182|28S	AY779473.1	5801	N/A	100.000	31	0	0	1	31	977	947	Eimeria acervulina clone EA-12-9 18S ribosomal RNA gene, partial sequence; internal transcribed spacer 1, 5.8S ribosomal RNA gene, and internal transcribed spacer 2, complete sequence; and 28S ribosomal RNA gene, partial sequence
cc_rrna_kmer_001182|28S	LN609840.1	459470	N/A	100.000	31	0	0	1	31	1000	970	Uncultured Eimeria genomic DNA containing 18S rRNA gene, ITS1, 5.8S rRNA gene, ITS2 and 28S rRNA gene, isolate Ng31
cc_rrna_kmer_001182|28S	LN609771.1	459470	N/A	100.000	31	0	0	1	31	999	969	Uncultured Eimeria genomic DNA containing 18S rRNA gene, ITS1, 5.8S rRNA gene, ITS2 and 28S rRNA gene, isolate Pt02
cc_rrna_kmer_001182|28S	LN609891.1	459470	N/A	100.000	31	0	0	1	31	999	969	Uncultured Eimeria genomic DNA containing 18S rRNA gene, ITS1, 5.8S rRNA gene, ITS2 and 28S rRNA gene, isolate Ug12
cc_rrna_kmer_001182|28S	LN609817.1	459470	N/A	100.000	31	0	0	1	31	1001	971	Uncultured Eimeria genomic DNA containing 18S rRNA gene, ITS1, 5.8S rRNA gene, ITS2 and 28S rRNA gene, isolate Ng08
cc_rrna_kmer_001182|28S	LN609877.1	459470	N/A	100.000	31	0	0	1	31	995	965	Uncultured Eimeria genomic DNA containing 18S rRNA gene, ITS1, 5.8S rRNA gene, ITS2 and 28S rRNA gene, isolate Tz37
cc_rrna_kmer_001182|28S	AY779466.1	5801	N/A	100.000	31	0	0	1	31	977	947	Eimeria acervulina clone EA-1133-26 18S ribosomal RNA gene, partial sequence; internal transcribed spacer 1, 5.8S ribosomal RNA gene, and internal transcribed spacer 2, complete sequence; and 28S ribosomal RNA gene, partial sequence
cc_rrna_kmer_001182|28S	LN609769.1	459470	N/A	100.000	31	0	0	1	31	997	967	Uncultured Eimeria genomic DNA containing 18S rRNA gene, ITS1, 5.8S rRNA gene, ITS2 and 28S rRNA gene, isolate Gm03
cc_rrna_kmer_001182|28S	LN609802.1	459470	N/A	100.000	31	0	0	1	31	1001	971	Uncultured Eimeria genomic DNA containing 18S rRNA gene, ITS1, 5.8S rRNA gene, ITS2 and 28S rRNA gene, isolate Gh10
cc_rrna_kmer_001182|28S	LN609910.1	459470	N/A	100.000	31	0	0	1	31	1002	972	Uncultured Eimeria genomic DNA containing 18S rRNA gene, ITS1, 5.8S rRNA gene, ITS2 and 28S rRNA gene, isolate Ug31
cc_rrna_kmer_001182|28S	LN609968.1	459470	N/A	100.000	31	0	0	1	31	977	947	Uncultured Eimeria genomic DNA containing 18S rRNA gene, ITS1, 5.8S rRNA gene, ITS2 and 28S rRNA gene, isolate Eg07
cc_rrna_kmer_001182|28S	AY779458.1	5801	N/A	100.000	31	0	0	1	31	973	943	Eimeria acervulina clone EA-1133-9 18S ribosomal RNA gene, partial sequence; internal transcribed spacer 1, 5.8S ribosomal RNA gene, and internal transcribed spacer 2, complete sequence; and 28S ribosomal RNA gene, partial sequence
cc_rrna_kmer_001182|28S	LN609787.1	459470	N/A	100.000	31	0	0	1	31	1000	970	Uncultured Eimeria genomic DNA containing 18S rRNA gene, ITS1, 5.8S rRNA gene, ITS2 and 28S rRNA gene, isolate UK08
cc_rrna_kmer_001182|28S	PQ738239.1	5801	N/A	100.000	31	0	0	1	31	2755	2725	Eimeria acervulina small subunit ribosomal RNA gene, partial sequence; internal transcribed spacer 1, 5.8S ribosomal RNA gene, and internal transcribed spacer 2, complete sequence; and large subunit ribosomal RNA gene, partial sequence
cc_rrna_kmer_001182|28S	LN609820.1	459470	N/A	100.000	31	0	0	1	31	1000	970	Uncultured Eimeria genomic DNA containing 18S rRNA gene, ITS1, 5.8S rRNA gene, ITS2 and 28S rRNA gene, isolate Ng11
cc_rrna_kmer_001182|28S	LN609908.1	459470	N/A	100.000	31	0	0	1	31	1001	971	Uncultured Eimeria genomic DNA containing 18S rRNA gene, ITS1, 5.8S rRNA gene, ITS2 and 28S rRNA gene, isolate Ug29
cc_rrna_kmer_001182|28S	LN609839.1	459470	N/A	100.000	31	0	0	1	31	998	968	Uncultured Eimeria genomic DNA containing 18S rRNA gene, ITS1, 5.8S rRNA gene, ITS2 and 28S rRNA gene, isolate Ng30
cc_rrna_kmer_001182|28S	LN609821.1	459470	N/A	100.000	31	0	0	1	31	998	968	Uncultured Eimeria genomic DNA containing 18S rRNA gene, ITS1, 5.8S rRNA gene, ITS2 and 28S rRNA gene, isolate Ng12
cc_rrna_kmer_001182|28S	AY779482.1	5801	N/A	100.000	31	0	0	1	31	965	935	Eimeria acervulina clone EA-JJ-2 18S ribosomal RNA gene, partial sequence; internal transcribed spacer 1, 5.8S ribosomal RNA gene, and internal transcribed spacer 2, complete sequence; and 28S ribosomal RNA gene, partial sequence
cc_rrna_kmer_001182|28S	AY779464.1	5801	N/A	100.000	31	0	0	1	31	977	947	Eimeria acervulina clone EA-1133-23 18S ribosomal RNA gene, partial sequence; internal transcribed spacer 1, 5.8S ribosomal RNA gene, and internal transcribed spacer 2, complete sequence; and 28S ribosomal RNA gene, partial sequence
cc_rrna_kmer_001182|28S	LN609967.1	459470	N/A	100.000	31	0	0	1	31	976	946	Uncultured Eimeria genomic DNA containing 18S rRNA gene, ITS1, 5.8S rRNA gene, ITS2 and 28S rRNA gene, isolate Eg06
cc_rrna_kmer_001182|28S	LN609813.1	459470	N/A	100.000	31	0	0	1	31	999	969	Uncultured Eimeria genomic DNA containing 18S rRNA gene, ITS1, 5.8S rRNA gene, ITS2 and 28S rRNA gene, isolate Ng04
cc_rrna_kmer_001182|28S	LN609811.1	459470	N/A	100.000	31	0	0	1	31	999	969	Uncultured Eimeria genomic DNA containing 18S rRNA gene, ITS1, 5.8S rRNA gene, ITS2 and 28S rRNA gene, isolate Ng02
cc_rrna_kmer_001182|28S	LN609904.1	459470	N/A	100.000	31	0	0	1	31	1001	971	Uncultured Eimeria genomic DNA containing 18S rRNA gene, ITS1, 5.8S rRNA gene, ITS2 and 28S rRNA gene, isolate Ug25
cc_rrna_kmer_001182|28S	EU252544.1	88456	N/A	100.000	31	0	0	1	31	58	28	Cyclospora cayetanensis 28S large subunit ribosomal RNA gene, partial sequence
cc_rrna_kmer_001182|28S	LN609959.1	459470	N/A	100.000	31	0	0	1	31	976	946	Uncultured Eimeria genomic DNA containing 18S rRNA gene, ITS1, 5.8S rRNA gene, ITS2 and 28S rRNA gene, isolate Lb14
cc_rrna_kmer_001182|28S	LN609818.1	459470	N/A	100.000	31	0	0	1	31	999	969	Uncultured Eimeria genomic DNA containing 18S rRNA gene, ITS1, 5.8S rRNA gene, ITS2 and 28S rRNA gene, isolate Ng09
cc_rrna_kmer_001182|28S	LN609836.1	459470	N/A	100.000	31	0	0	1	31	1001	971	Uncultured Eimeria genomic DNA containing 18S rRNA gene, ITS1, 5.8S rRNA gene, ITS2 and 28S rRNA gene, isolate Ng27
cc_rrna_kmer_001182|28S	LN609883.1	459470	N/A	100.000	31	0	0	1	31	999	969	Uncultured Eimeria genomic DNA containing 18S rRNA gene, ITS1, 5.8S rRNA gene, ITS2 and 28S rRNA gene, isolate Ug04
cc_rrna_kmer_001182|28S	LN609830.1	459470	N/A	100.000	31	0	0	1	31	998	968	Uncultured Eimeria genomic DNA containing 18S rRNA gene, ITS1, 5.8S rRNA gene, ITS2 and 28S rRNA gene, isolate Ng21
cc_rrna_kmer_001182|28S	LN609803.1	459470	N/A	100.000	31	0	0	1	31	1000	970	Uncultured Eimeria genomic DNA containing 18S rRNA gene, ITS1, 5.8S rRNA gene, ITS2 and 28S rRNA gene, isolate Gh11
cc_rrna_kmer_001182|28S	LN609892.1	459470	N/A	100.000	31	0	0	1	31	999	969	Uncultured Eimeria genomic DNA containing 18S rRNA gene, ITS1, 5.8S rRNA gene, ITS2 and 28S rRNA gene, isolate Ug13
cc_rrna_kmer_001182|28S	LN609812.1	459470	N/A	100.000	31	0	0	1	31	999	969	Uncultured Eimeria genomic DNA containing 18S rRNA gene, ITS1, 5.8S rRNA gene, ITS2 and 28S rRNA gene, isolate Ng03
cc_rrna_kmer_001182|28S	LN609960.1	459470	N/A	100.000	31	0	0	1	31	978	948	Uncultured Eimeria genomic DNA containing 18S rRNA gene, ITS1, 5.8S rRNA gene, ITS2 and 28S rRNA gene, isolate Lb15
cc_rrna_kmer_001182|28S	LN609905.1	459470	N/A	100.000	31	0	0	1	31	1000	970	Uncultured Eimeria genomic DNA containing 18S rRNA gene, ITS1, 5.8S rRNA gene, ITS2 and 28S rRNA gene, isolate Ug26
cc_rrna_kmer_001182|28S	AF301391.1	88456	N/A	100.000	31	0	0	1	31	1521	1491	Cyclospora cayetanensis small subunit ribosomal RNA gene, partial sequence; internal transcribed spacer 1, 5.8S ribosomal RNA gene and internal transcribed spacer 2, complete sequence; and large subunit ribosomal RNA gene, partial sequence
cc_rrna_kmer_001182|28S	AY779484.1	5801	N/A	100.000	31	0	0	1	31	966	936	Eimeria acervulina clone EA-JJ-14 18S ribosomal RNA gene, partial sequence; internal transcribed spacer 1, 5.8S ribosomal RNA gene, and internal transcribed spacer 2, complete sequence; and 28S ribosomal RNA gene, partial sequence
cc_rrna_kmer_001182|28S	AY779476.1	5801	N/A	100.000	31	0	0	1	31	976	946	Eimeria acervulina clone EA-12-16 18S ribosomal RNA gene, partial sequence; internal transcribed spacer 1, 5.8S ribosomal RNA gene, and internal transcribed spacer 2, complete sequence; and 28S ribosomal RNA gene, partial sequence
cc_rrna_kmer_001182|28S	LN609886.1	459470	N/A	100.000	31	0	0	1	31	999	969	Uncultured Eimeria genomic DNA containing 18S rRNA gene, ITS1, 5.8S rRNA gene, ITS2 and 28S rRNA gene, isolate Ug07
cc_rrna_kmer_001183|28S	XR_003297360.1	88456	N/A	100.000	31	0	0	1	31	966	936	PREDICTED: Cyclospora cayetanensis large subunit ribosomal RNA (LOC113146729), rRNA
cc_rrna_kmer_001183|28S	EU252544.1	88456	N/A	100.000	31	0	0	1	31	1711	1681	Cyclospora cayetanensis 28S large subunit ribosomal RNA gene, partial sequence
cc_rrna_kmer_001184|28S	XR_003297360.1	88456	N/A	100.000	31	0	0	1	31	1444	1414	PREDICTED: Cyclospora cayetanensis large subunit ribosomal RNA (LOC113146729), rRNA
cc_rrna_kmer_001185|28S	XR_003297360.1	88456	N/A	100.000	31	0	0	1	31	1455	1425	PREDICTED: Cyclospora cayetanensis large subunit ribosomal RNA (LOC113146729), rRNA
cc_rrna_kmer_001186|28S	XR_003297360.1	88456	N/A	100.000	31	0	0	1	31	2543	2513	PREDICTED: Cyclospora cayetanensis large subunit ribosomal RNA (LOC113146729), rRNA
cc_rrna_kmer_001187|28S	XR_003297360.1	88456	N/A	100.000	31	0	0	1	31	1369	1399	PREDICTED: Cyclospora cayetanensis large subunit ribosomal RNA (LOC113146729), rRNA
cc_rrna_kmer_001188|28S	XR_003297360.1	88456	N/A	100.000	31	0	0	1	31	1051	1021	PREDICTED: Cyclospora cayetanensis large subunit ribosomal RNA (LOC113146729), rRNA
cc_rrna_kmer_001188|28S	EU252544.1	88456	N/A	100.000	31	0	0	1	31	1796	1766	Cyclospora cayetanensis 28S large subunit ribosomal RNA gene, partial sequence
cc_rrna_kmer_001189|28S	XR_003297360.1	88456	N/A	100.000	31	0	0	1	31	1916	1886	PREDICTED: Cyclospora cayetanensis large subunit ribosomal RNA (LOC113146729), rRNA
cc_rrna_kmer_001190|28S	XR_003297360.1	88456	N/A	100.000	31	0	0	1	31	1417	1447	PREDICTED: Cyclospora cayetanensis large subunit ribosomal RNA (LOC113146729), rRNA
cc_rrna_kmer_001191|28S	EU252544.1	88456	N/A	100.000	31	0	0	1	31	694	724	Cyclospora cayetanensis 28S large subunit ribosomal RNA gene, partial sequence
cc_rrna_kmer_001193|28S	XR_003297360.1	88456	N/A	100.000	31	0	0	1	31	1179	1209	PREDICTED: Cyclospora cayetanensis large subunit ribosomal RNA (LOC113146729), rRNA
cc_rrna_kmer_001194|28S	XR_003297360.1	88456	N/A	100.000	31	0	0	1	31	1389	1359	PREDICTED: Cyclospora cayetanensis large subunit ribosomal RNA (LOC113146729), rRNA
cc_rrna_kmer_001195|28S	EU252544.1	88456	N/A	100.000	31	0	0	1	31	725	755	Cyclospora cayetanensis 28S large subunit ribosomal RNA gene, partial sequence
cc_rrna_kmer_001196|28S	XR_003297360.1	88456	N/A	100.000	31	0	0	1	31	1449	1419	PREDICTED: Cyclospora cayetanensis large subunit ribosomal RNA (LOC113146729), rRNA
cc_rrna_kmer_001197|28S	XR_003297360.1	88456	N/A	100.000	31	0	0	1	31	693	723	PREDICTED: Cyclospora cayetanensis large subunit ribosomal RNA (LOC113146729), rRNA
cc_rrna_kmer_001197|28S	EU252544.1	88456	N/A	100.000	31	0	0	1	31	1438	1468	Cyclospora cayetanensis 28S large subunit ribosomal RNA gene, partial sequence
cc_rrna_kmer_001198|28S	XR_003297360.1	88456	N/A	100.000	31	0	0	1	31	1454	1484	PREDICTED: Cyclospora cayetanensis large subunit ribosomal RNA (LOC113146729), rRNA
cc_rrna_kmer_001199|18S	AB970208.1	100272	N/A	100.000	31	0	0	1	31	66	96	Uncultured eukaryote gene for 18S rRNA, partial sequence, clone: CompH_DNA_21
cc_rrna_kmer_001199|18S	GQ844420.1	175245	N/A	100.000	31	0	0	1	31	66	96	Uncultured fungus clone WD0-34 18S ribosomal RNA gene, partial sequence
cc_rrna_kmer_001199|18S	GQ844407.1	175245	N/A	100.000	31	0	0	1	31	66	96	Uncultured fungus clone WD0-16 18S ribosomal RNA gene, partial sequence
cc_rrna_kmer_001199|18S	GQ844425.1	175245	N/A	100.000	31	0	0	1	31	66	96	Uncultured fungus clone WD0-40 18S ribosomal RNA gene, partial sequence
cc_rrna_kmer_001199|18S	GQ844577.1	175245	N/A	100.000	31	0	0	1	31	66	96	Uncultured fungus clone WD4-148 18S ribosomal RNA gene, partial sequence
cc_rrna_kmer_001199|18S	GQ844411.1	175245	N/A	100.000	31	0	0	1	31	66	96	Uncultured fungus clone WD0-23 18S ribosomal RNA gene, partial sequence
cc_rrna_kmer_001199|18S	PX656291.1	2735417	N/A	100.000	31	0	0	1	31	19	49	Salpingoecidae sp. isolate OTU_768 small subunit ribosomal RNA gene, partial sequence
cc_rrna_kmer_001200|28S	XR_003297360.1	88456	N/A	100.000	31	0	0	1	31	803	773	PREDICTED: Cyclospora cayetanensis large subunit ribosomal RNA (LOC113146729), rRNA
cc_rrna_kmer_001200|28S	EU252544.1	88456	N/A	100.000	31	0	0	1	31	1548	1518	Cyclospora cayetanensis 28S large subunit ribosomal RNA gene, partial sequence
cc_rrna_kmer_001201|28S	EU252544.1	88456	N/A	100.000	31	0	0	1	31	459	429	Cyclospora cayetanensis 28S large subunit ribosomal RNA gene, partial sequence
cc_rrna_kmer_001202|28S	EU252544.1	88456	N/A	100.000	31	0	0	1	31	516	546	Cyclospora cayetanensis 28S large subunit ribosomal RNA gene, partial sequence
cc_rrna_kmer_001203|28S	XR_003297360.1	88456	N/A	100.000	31	0	0	1	31	457	487	PREDICTED: Cyclospora cayetanensis large subunit ribosomal RNA (LOC113146729), rRNA
cc_rrna_kmer_001203|28S	EU252544.1	88456	N/A	100.000	31	0	0	1	31	1202	1232	Cyclospora cayetanensis 28S large subunit ribosomal RNA gene, partial sequence
cc_rrna_kmer_001204|28S	EU252544.1	88456	N/A	100.000	31	0	0	1	31	269	299	Cyclospora cayetanensis 28S large subunit ribosomal RNA gene, partial sequence
cc_rrna_kmer_001205|28S	PQ742171.1	3384731	N/A	100.000	31	0	0	1	31	2911	2941	Goussia degiustii isolate EE9_EE10_II1 external transcribed spacer, partial sequence; small subunit ribosomal RNA gene, internal transcribed spacer 1, 5.8S ribosomal RNA gene, internal transcribed spacer 2, and large subunit ribosomal RNA gene, complete sequence; and external transcribed spacer, partial sequence
cc_rrna_kmer_001205|28S	AY283865.1	241650	N/A	100.000	31	0	0	1	31	5	35	Atoxoplasma sp. MS-2003 large subunit ribosomal RNA gene, partial sequence
cc_rrna_kmer_001205|28S	LR993821.1	175245	N/A	100.000	31	0	0	1	31	486	516	uncultured fungus genomic DNA sequence contains 18S rRNA gene, ITS1, 5.8S rRNA gene, ITS2, 28S rRNA gene, isolate ASV_504
cc_rrna_kmer_001205|28S	EU252544.1	88456	N/A	100.000	31	0	0	1	31	85	115	Cyclospora cayetanensis 28S large subunit ribosomal RNA gene, partial sequence
cc_rrna_kmer_001205|28S	AY331570.1	241650	N/A	100.000	31	0	0	1	31	537	567	Atoxoplasma sp. MS-2003 from Javan ruby-throated bulbul small subunit ribosomal RNA gene, partial sequence; internal transcribed spacer 1, 5.8S ribosomal RNA gene, and internal transcribed spacer 2, complete sequence; and large subunit ribosomal RNA gene, partial sequence
cc_rrna_kmer_001206|28S	EU252544.1	88456	N/A	100.000	31	0	0	1	31	514	484	Cyclospora cayetanensis 28S large subunit ribosomal RNA gene, partial sequence
cc_rrna_kmer_001207|28S	XR_003297360.1	88456	N/A	100.000	31	0	0	1	31	1206	1236	PREDICTED: Cyclospora cayetanensis large subunit ribosomal RNA (LOC113146729), rRNA
cc_rrna_kmer_001208|28S	EU252544.1	88456	N/A	100.000	31	0	0	1	31	521	491	Cyclospora cayetanensis 28S large subunit ribosomal RNA gene, partial sequence
cc_rrna_kmer_001210|28S	MK530654.1	2591227	N/A	100.000	31	0	0	1	31	70	100	Isospora coronoideae large subunit ribosomal RNA gene, partial sequence
cc_rrna_kmer_001210|28S	MW422270.1	2800198	N/A	100.000	31	0	0	1	31	55	85	Isospora phylidonyrisae isolate 20381 large subunit ribosomal RNA gene, partial sequence
cc_rrna_kmer_001210|28S	PQ108888.1	3239063	N/A	100.000	31	0	0	1	31	69	99	Isospora virescensae isolate SHE01 large subunit ribosomal RNA gene, partial sequence
cc_rrna_kmer_001210|28S	MW776413.1	3054442	N/A	100.000	31	0	0	1	31	67	97	Isospora lunulatae isolate 20742 large subunit ribosomal RNA gene, partial sequence
cc_rrna_kmer_001210|28S	KT224381.1	1678286	N/A	100.000	31	0	0	1	31	55	85	Isospora manorinae isolate 22795 large subunit ribosomal RNA gene, partial sequence
cc_rrna_kmer_001210|28S	EU252544.1	88456	N/A	100.000	31	0	0	1	31	203	233	Cyclospora cayetanensis 28S large subunit ribosomal RNA gene, partial sequence
cc_rrna_kmer_001210|28S	KF766053.1	1487184	N/A	100.000	31	0	0	1	31	67	97	Isospora anthochaerae large subunit ribosomal RNA gene, partial sequence
cc_rrna_kmer_001212|28S	XR_003297360.1	88456	N/A	100.000	31	0	0	1	31	1166	1196	PREDICTED: Cyclospora cayetanensis large subunit ribosomal RNA (LOC113146729), rRNA
cc_rrna_kmer_001212|28S	EU252544.1	88456	N/A	100.000	31	0	0	1	31	1911	1941	Cyclospora cayetanensis 28S large subunit ribosomal RNA gene, partial sequence
cc_rrna_kmer_001213|28S	XR_003297360.1	88456	N/A	100.000	31	0	0	1	31	1001	971	PREDICTED: Cyclospora cayetanensis large subunit ribosomal RNA (LOC113146729), rRNA
cc_rrna_kmer_001214|28S	EU252544.1	88456	N/A	100.000	31	0	0	1	31	267	237	Cyclospora cayetanensis 28S large subunit ribosomal RNA gene, partial sequence
cc_rrna_kmer_001215|28S	EU252544.1	88456	N/A	100.000	31	0	0	1	31	717	747	Cyclospora cayetanensis 28S large subunit ribosomal RNA gene, partial sequence
cc_rrna_kmer_001216|28S	XR_003297360.1	88456	N/A	100.000	31	0	0	1	31	1374	1344	PREDICTED: Cyclospora cayetanensis large subunit ribosomal RNA (LOC113146729), rRNA
cc_rrna_kmer_001217|28S	XR_003297360.1	88456	N/A	100.000	31	0	0	1	31	1009	1039	PREDICTED: Cyclospora cayetanensis large subunit ribosomal RNA (LOC113146729), rRNA
cc_rrna_kmer_001217|28S	EU252544.1	88456	N/A	100.000	31	0	0	1	31	1754	1784	Cyclospora cayetanensis 28S large subunit ribosomal RNA gene, partial sequence
cc_rrna_kmer_001218|28S	EU252544.1	88456	N/A	100.000	31	0	0	1	31	411	441	Cyclospora cayetanensis 28S large subunit ribosomal RNA gene, partial sequence
cc_rrna_kmer_001219|28S	XR_003297360.1	88456	N/A	100.000	31	0	0	1	31	100	130	PREDICTED: Cyclospora cayetanensis large subunit ribosomal RNA (LOC113146729), rRNA
cc_rrna_kmer_001219|28S	EU252544.1	88456	N/A	100.000	31	0	0	1	31	845	875	Cyclospora cayetanensis 28S large subunit ribosomal RNA gene, partial sequence
cc_rrna_kmer_001220|28S	EU252544.1	88456	N/A	100.000	31	0	0	1	31	708	678	Cyclospora cayetanensis 28S large subunit ribosomal RNA gene, partial sequence
cc_rrna_kmer_001221|28S	XR_003297360.1	88456	N/A	100.000	31	0	0	1	31	1445	1475	PREDICTED: Cyclospora cayetanensis large subunit ribosomal RNA (LOC113146729), rRNA
cc_rrna_kmer_001222|28S	XR_003297360.1	88456	N/A	100.000	31	0	0	1	31	1183	1153	PREDICTED: Cyclospora cayetanensis large subunit ribosomal RNA (LOC113146729), rRNA
cc_rrna_kmer_001222|28S	EU252544.1	88456	N/A	100.000	31	0	0	1	31	1928	1898	Cyclospora cayetanensis 28S large subunit ribosomal RNA gene, partial sequence
cc_rrna_kmer_001223|28S	PQ742171.1	3384731	N/A	100.000	31	0	0	1	31	2908	2938	Goussia degiustii isolate EE9_EE10_II1 external transcribed spacer, partial sequence; small subunit ribosomal RNA gene, internal transcribed spacer 1, 5.8S ribosomal RNA gene, internal transcribed spacer 2, and large subunit ribosomal RNA gene, complete sequence; and external transcribed spacer, partial sequence
cc_rrna_kmer_001223|28S	AY283865.1	241650	N/A	100.000	31	0	0	1	31	2	32	Atoxoplasma sp. MS-2003 large subunit ribosomal RNA gene, partial sequence
cc_rrna_kmer_001223|28S	LR993821.1	175245	N/A	100.000	31	0	0	1	31	483	513	uncultured fungus genomic DNA sequence contains 18S rRNA gene, ITS1, 5.8S rRNA gene, ITS2, 28S rRNA gene, isolate ASV_504
cc_rrna_kmer_001223|28S	EU252544.1	88456	N/A	100.000	31	0	0	1	31	82	112	Cyclospora cayetanensis 28S large subunit ribosomal RNA gene, partial sequence
cc_rrna_kmer_001223|28S	AY331570.1	241650	N/A	100.000	31	0	0	1	31	534	564	Atoxoplasma sp. MS-2003 from Javan ruby-throated bulbul small subunit ribosomal RNA gene, partial sequence; internal transcribed spacer 1, 5.8S ribosomal RNA gene, and internal transcribed spacer 2, complete sequence; and large subunit ribosomal RNA gene, partial sequence
cc_rrna_kmer_001224|28S	XR_003297360.1	88456	N/A	100.000	31	0	0	1	31	1044	1014	PREDICTED: Cyclospora cayetanensis large subunit ribosomal RNA (LOC113146729), rRNA
cc_rrna_kmer_001224|28S	EU252544.1	88456	N/A	100.000	31	0	0	1	31	1789	1759	Cyclospora cayetanensis 28S large subunit ribosomal RNA gene, partial sequence
cc_rrna_kmer_001225|28S	XR_003297360.1	88456	N/A	100.000	31	0	0	1	31	490	460	PREDICTED: Cyclospora cayetanensis large subunit ribosomal RNA (LOC113146729), rRNA
cc_rrna_kmer_001225|28S	EU252544.1	88456	N/A	100.000	31	0	0	1	31	1235	1205	Cyclospora cayetanensis 28S large subunit ribosomal RNA gene, partial sequence
cc_rrna_kmer_001225|28S	AY283851.1	241650	N/A	100.000	31	0	0	1	31	1150	1120	Atoxoplasma sp. MS-2003 large subunit ribosomal RNA gene, partial sequence
cc_rrna_kmer_001226|28S	PQ742171.1	3384731	N/A	100.000	31	0	0	1	31	6344	6314	Goussia degiustii isolate EE9_EE10_II1 external transcribed spacer, partial sequence; small subunit ribosomal RNA gene, internal transcribed spacer 1, 5.8S ribosomal RNA gene, internal transcribed spacer 2, and large subunit ribosomal RNA gene, complete sequence; and external transcribed spacer, partial sequence
cc_rrna_kmer_001226|28S	XR_003297360.1	88456	N/A	100.000	31	0	0	1	31	2721	2691	PREDICTED: Cyclospora cayetanensis large subunit ribosomal RNA (LOC113146729), rRNA
cc_rrna_kmer_001226|28S	OZ408939.1	2996	N/A	100.000	31	0	0	1	31	2081336	2081306	Hydrurus foetidus genome assembly, chromosome: 26
cc_rrna_kmer_001226|28S	OZ408939.1	2996	N/A	100.000	31	0	0	1	31	2090776	2090746	Hydrurus foetidus genome assembly, chromosome: 26
cc_rrna_kmer_001226|28S	OZ408939.1	2996	N/A	100.000	31	0	0	1	31	2101236	2101206	Hydrurus foetidus genome assembly, chromosome: 26
cc_rrna_kmer_001226|28S	OZ408914.1	2996	N/A	100.000	31	0	0	1	31	6540108	6540078	Hydrurus foetidus genome assembly, chromosome: 1
cc_rrna_kmer_001226|28S	OZ408922.1	2996	N/A	100.000	31	0	0	1	31	621921	621951	Hydrurus foetidus genome assembly, chromosome: 9
cc_rrna_kmer_001227|28S	XR_003297360.1	88456	N/A	100.000	31	0	0	1	31	1937	1907	PREDICTED: Cyclospora cayetanensis large subunit ribosomal RNA (LOC113146729), rRNA
cc_rrna_kmer_001228|28S	EU252544.1	88456	N/A	100.000	31	0	0	1	31	671	641	Cyclospora cayetanensis 28S large subunit ribosomal RNA gene, partial sequence
cc_rrna_kmer_001229|28S	XR_003297360.1	88456	N/A	100.000	31	0	0	1	31	1062	1032	PREDICTED: Cyclospora cayetanensis large subunit ribosomal RNA (LOC113146729), rRNA
cc_rrna_kmer_001229|28S	EU252544.1	88456	N/A	100.000	31	0	0	1	31	1807	1777	Cyclospora cayetanensis 28S large subunit ribosomal RNA gene, partial sequence
cc_rrna_kmer_001230|28S	XR_003297360.1	88456	N/A	100.000	31	0	0	1	31	1409	1379	PREDICTED: Cyclospora cayetanensis large subunit ribosomal RNA (LOC113146729), rRNA
cc_rrna_kmer_001231|28S	XR_003297360.1	88456	N/A	100.000	31	0	0	1	31	1432	1402	PREDICTED: Cyclospora cayetanensis large subunit ribosomal RNA (LOC113146729), rRNA
cc_rrna_kmer_001232|28S	XR_003297360.1	88456	N/A	100.000	31	0	0	1	31	1191	1161	PREDICTED: Cyclospora cayetanensis large subunit ribosomal RNA (LOC113146729), rRNA
cc_rrna_kmer_001232|28S	EU252544.1	88456	N/A	100.000	31	0	0	1	31	1936	1906	Cyclospora cayetanensis 28S large subunit ribosomal RNA gene, partial sequence
cc_rrna_kmer_001234|28S	XR_003297360.1	88456	N/A	100.000	31	0	0	1	31	716	746	PREDICTED: Cyclospora cayetanensis large subunit ribosomal RNA (LOC113146729), rRNA
cc_rrna_kmer_001234|28S	EU252544.1	88456	N/A	100.000	31	0	0	1	31	1461	1491	Cyclospora cayetanensis 28S large subunit ribosomal RNA gene, partial sequence
cc_rrna_kmer_001235|28S	AY283845.1	241650	N/A	100.000	31	0	0	1	31	1380	1350	Atoxoplasma sp. MS-2003 large subunit ribosomal RNA gene, partial sequence
cc_rrna_kmer_001235|28S	OR101126.1	3051684	N/A	100.000	31	0	0	1	31	1314	1284	Isospora elliotae isolate 20384 large subunit ribosomal RNA gene, partial sequence
cc_rrna_kmer_001235|28S	AY283863.1	241650	N/A	100.000	31	0	0	1	31	1375	1345	Atoxoplasma sp. MS-2003 large subunit ribosomal RNA gene, partial sequence
cc_rrna_kmer_001235|28S	KT224382.1	1678287	N/A	100.000	31	0	0	1	31	1324	1294	Isospora sp. RY-2015c isolate RBF large subunit ribosomal RNA gene, partial sequence
cc_rrna_kmer_001235|28S	AY283844.1	241650	N/A	100.000	31	0	0	1	31	1380	1350	Atoxoplasma sp. MS-2003 large subunit ribosomal RNA gene, partial sequence
cc_rrna_kmer_001235|28S	AY283862.1	241650	N/A	100.000	31	0	0	1	31	1379	1349	Atoxoplasma sp. MS-2003 large subunit ribosomal RNA gene, partial sequence
cc_rrna_kmer_001235|28S	OA985032.1	2823481	N/A	100.000	31	0	0	1	31	823	793	Isospora sp. Hs2 partial 28S rRNA gene
cc_rrna_kmer_001235|28S	AY283839.1	241650	N/A	100.000	31	0	0	1	31	1389	1359	Atoxoplasma sp. MS-2003 large subunit ribosomal RNA gene, partial sequence
cc_rrna_kmer_001235|28S	AY283858.1	241650	N/A	100.000	31	0	0	1	31	1378	1348	Atoxoplasma sp. MS-2003 large subunit ribosomal RNA gene, partial sequence
cc_rrna_kmer_001235|28S	AY283864.1	241650	N/A	100.000	31	0	0	1	31	1384	1354	Atoxoplasma sp. MS-2003 large subunit ribosomal RNA gene, partial sequence
cc_rrna_kmer_001235|28S	AY283869.1	241650	N/A	100.000	31	0	0	1	31	1386	1356	Atoxoplasma sp. MS-2003 large subunit ribosomal RNA gene, partial sequence
cc_rrna_kmer_001235|28S	AY283868.1	241650	N/A	100.000	31	0	0	1	31	1378	1348	Atoxoplasma sp. MS-2003 large subunit ribosomal RNA gene, partial sequence
cc_rrna_kmer_001235|28S	AY283859.1	241650	N/A	100.000	31	0	0	1	31	1380	1350	Atoxoplasma sp. MS-2003 large subunit ribosomal RNA gene, partial sequence
cc_rrna_kmer_001235|28S	KJ634022.1	1565085	N/A	100.000	31	0	0	1	31	909	879	Isospora streperae 28S ribosomal RNA gene, partial sequence
cc_rrna_kmer_001235|28S	AY283847.1	241650	N/A	100.000	31	0	0	1	31	1380	1350	Atoxoplasma sp. MS-2003 large subunit ribosomal RNA gene, partial sequence
cc_rrna_kmer_001235|28S	OA985031.1	2823479	N/A	100.000	31	0	0	1	31	818	788	Isospora sp. Pr2 partial 28S rRNA gene
cc_rrna_kmer_001235|28S	AY283850.1	241650	N/A	100.000	31	0	0	1	31	1375	1345	Atoxoplasma sp. MS-2003 large subunit ribosomal RNA gene, partial sequence
cc_rrna_kmer_001235|28S	KY801686.1	2153390	N/A	100.000	31	0	0	1	31	1308	1278	Isospora butcherae 28S ribosomal RNA gene, partial sequence
cc_rrna_kmer_001235|28S	OQ459343.1	3028803	N/A	100.000	31	0	0	1	31	1304	1274	Eimeria briceae isolate 201909 large subunit ribosomal RNA gene, partial sequence
cc_rrna_kmer_001235|28S	AY283861.1	241650	N/A	100.000	31	0	0	1	31	1377	1347	Atoxoplasma sp. MS-2003 large subunit ribosomal RNA gene, partial sequence
cc_rrna_kmer_001235|28S	AY283843.1	241650	N/A	100.000	31	0	0	1	31	1382	1352	Atoxoplasma sp. MS-2003 large subunit ribosomal RNA gene, partial sequence
cc_rrna_kmer_001235|28S	OA985026.1	2823474	N/A	100.000	31	0	0	1	31	823	793	Isospora sp. Bclt1 partial 28S rRNA gene
cc_rrna_kmer_001235|28S	AY283866.1	241650	N/A	100.000	31	0	0	1	31	1378	1348	Atoxoplasma sp. MS-2003 large subunit ribosomal RNA gene, partial sequence
cc_rrna_kmer_001235|28S	XR_003297360.1	88456	N/A	100.000	31	0	0	1	31	719	689	PREDICTED: Cyclospora cayetanensis large subunit ribosomal RNA (LOC113146729), rRNA
cc_rrna_kmer_001235|28S	AY283848.1	241650	N/A	100.000	31	0	0	1	31	1380	1350	Atoxoplasma sp. MS-2003 large subunit ribosomal RNA gene, partial sequence
cc_rrna_kmer_001235|28S	AY283849.1	241650	N/A	100.000	31	0	0	1	31	1381	1351	Atoxoplasma sp. MS-2003 large subunit ribosomal RNA gene, partial sequence
cc_rrna_kmer_001235|28S	AY283853.1	241650	N/A	100.000	31	0	0	1	31	1379	1349	Atoxoplasma sp. MS-2003 large subunit ribosomal RNA gene, partial sequence
cc_rrna_kmer_001235|28S	OA985028.1	2823475;2823476	N/A;N/A	100.000	31	0	0	1	31	823	793	Isospora sp. Pc1 partial 28S rRNA gene
cc_rrna_kmer_001235|28S	AY283865.1	241650	N/A	100.000	31	0	0	1	31	1371	1341	Atoxoplasma sp. MS-2003 large subunit ribosomal RNA gene, partial sequence
cc_rrna_kmer_001235|28S	AY283860.1	241650	N/A	100.000	31	0	0	1	31	1380	1350	Atoxoplasma sp. MS-2003 large subunit ribosomal RNA gene, partial sequence
cc_rrna_kmer_001235|28S	AY283857.1	241650	N/A	100.000	31	0	0	1	31	1379	1349	Atoxoplasma sp. MS-2003 large subunit ribosomal RNA gene, partial sequence
cc_rrna_kmer_001235|28S	AY283852.1	241650	N/A	100.000	31	0	0	1	31	1376	1346	Atoxoplasma sp. MS-2003 large subunit ribosomal RNA gene, partial sequence
cc_rrna_kmer_001235|28S	OA985030.1	2823478	N/A	100.000	31	0	0	1	31	820	790	Isospora sp. Pr1 partial 28S rRNA gene
cc_rrna_kmer_001235|28S	AY283854.1	241650	N/A	100.000	31	0	0	1	31	1379	1349	Atoxoplasma sp. MS-2003 large subunit ribosomal RNA gene, partial sequence
cc_rrna_kmer_001235|28S	AY283841.1	241650	N/A	100.000	31	0	0	1	31	1382	1352	Atoxoplasma sp. MS-2003 large subunit ribosomal RNA gene, partial sequence
cc_rrna_kmer_001235|28S	AY283855.1	241650	N/A	100.000	31	0	0	1	31	1378	1348	Atoxoplasma sp. MS-2003 large subunit ribosomal RNA gene, partial sequence
cc_rrna_kmer_001235|28S	MW775031.1	1469499	N/A	100.000	31	0	0	1	31	1353	1323	Eimeria hermani isolate 9-Whooper-swan large subunit ribosomal RNA gene, partial sequence
cc_rrna_kmer_001235|28S	AY283840.1	241650	N/A	100.000	31	0	0	1	31	1383	1353	Atoxoplasma sp. MS-2003 large subunit ribosomal RNA gene, partial sequence
cc_rrna_kmer_001235|28S	OA985027.1	2823473	N/A	100.000	31	0	0	1	31	823	793	Isospora sp. Sgs1 partial 28S rRNA gene
cc_rrna_kmer_001235|28S	AY283867.1	241650	N/A	100.000	31	0	0	1	31	1380	1350	Atoxoplasma sp. MS-2003 large subunit ribosomal RNA gene, partial sequence
cc_rrna_kmer_001235|28S	AY283870.1	241650	N/A	100.000	31	0	0	1	31	1382	1352	Atoxoplasma sp. MS-2003 large subunit ribosomal RNA gene, partial sequence
cc_rrna_kmer_001235|28S	OR266354.1	1743397	N/A	100.000	31	0	0	1	31	593	563	Isospora sp. isolate 28S_Seq18 large subunit ribosomal RNA gene, partial sequence
cc_rrna_kmer_001235|28S	KT726931.1	1743397	N/A	100.000	31	0	0	1	31	1381	1351	Isospora sp. 28S ribosomal RNA gene, partial sequence
cc_rrna_kmer_001235|28S	AY283846.1	241650	N/A	100.000	31	0	0	1	31	1383	1353	Atoxoplasma sp. MS-2003 large subunit ribosomal RNA gene, partial sequence
cc_rrna_kmer_001235|28S	OA985033.1	2823480	N/A	100.000	31	0	0	1	31	824	794	Isospora sp. Hs1 partial 28S rRNA gene
cc_rrna_kmer_001235|28S	AY283851.1	241650	N/A	100.000	31	0	0	1	31	1379	1349	Atoxoplasma sp. MS-2003 large subunit ribosomal RNA gene, partial sequence
cc_rrna_kmer_001235|28S	AY283856.1	241650	N/A	100.000	31	0	0	1	31	1380	1350	Atoxoplasma sp. MS-2003 large subunit ribosomal RNA gene, partial sequence
cc_rrna_kmer_001236|28S	PQ742171.1	3384731	N/A	100.000	31	0	0	1	31	6297	6327	Goussia degiustii isolate EE9_EE10_II1 external transcribed spacer, partial sequence; small subunit ribosomal RNA gene, internal transcribed spacer 1, 5.8S ribosomal RNA gene, internal transcribed spacer 2, and large subunit ribosomal RNA gene, complete sequence; and external transcribed spacer, partial sequence
cc_rrna_kmer_001236|28S	XR_003297360.1	88456	N/A	100.000	31	0	0	1	31	2674	2704	PREDICTED: Cyclospora cayetanensis large subunit ribosomal RNA (LOC113146729), rRNA
cc_rrna_kmer_001238|28S	AY283845.1	241650	N/A	100.000	31	0	0	1	31	1351	1381	Atoxoplasma sp. MS-2003 large subunit ribosomal RNA gene, partial sequence
cc_rrna_kmer_001238|28S	OR101126.1	3051684	N/A	100.000	31	0	0	1	31	1285	1315	Isospora elliotae isolate 20384 large subunit ribosomal RNA gene, partial sequence
cc_rrna_kmer_001238|28S	AY283863.1	241650	N/A	100.000	31	0	0	1	31	1346	1376	Atoxoplasma sp. MS-2003 large subunit ribosomal RNA gene, partial sequence
cc_rrna_kmer_001238|28S	KT224382.1	1678287	N/A	100.000	31	0	0	1	31	1295	1325	Isospora sp. RY-2015c isolate RBF large subunit ribosomal RNA gene, partial sequence
cc_rrna_kmer_001238|28S	AY283844.1	241650	N/A	100.000	31	0	0	1	31	1351	1381	Atoxoplasma sp. MS-2003 large subunit ribosomal RNA gene, partial sequence
cc_rrna_kmer_001238|28S	AY283862.1	241650	N/A	100.000	31	0	0	1	31	1350	1380	Atoxoplasma sp. MS-2003 large subunit ribosomal RNA gene, partial sequence
cc_rrna_kmer_001238|28S	OA985032.1	2823481	N/A	100.000	31	0	0	1	31	794	824	Isospora sp. Hs2 partial 28S rRNA gene
cc_rrna_kmer_001238|28S	AY283839.1	241650	N/A	100.000	31	0	0	1	31	1360	1390	Atoxoplasma sp. MS-2003 large subunit ribosomal RNA gene, partial sequence
cc_rrna_kmer_001238|28S	AY283858.1	241650	N/A	100.000	31	0	0	1	31	1349	1379	Atoxoplasma sp. MS-2003 large subunit ribosomal RNA gene, partial sequence
cc_rrna_kmer_001238|28S	AY283864.1	241650	N/A	100.000	31	0	0	1	31	1355	1385	Atoxoplasma sp. MS-2003 large subunit ribosomal RNA gene, partial sequence
cc_rrna_kmer_001238|28S	AY283869.1	241650	N/A	100.000	31	0	0	1	31	1357	1387	Atoxoplasma sp. MS-2003 large subunit ribosomal RNA gene, partial sequence
cc_rrna_kmer_001238|28S	AY283868.1	241650	N/A	100.000	31	0	0	1	31	1349	1379	Atoxoplasma sp. MS-2003 large subunit ribosomal RNA gene, partial sequence
cc_rrna_kmer_001238|28S	AY283859.1	241650	N/A	100.000	31	0	0	1	31	1351	1381	Atoxoplasma sp. MS-2003 large subunit ribosomal RNA gene, partial sequence
cc_rrna_kmer_001238|28S	KJ634022.1	1565085	N/A	100.000	31	0	0	1	31	880	910	Isospora streperae 28S ribosomal RNA gene, partial sequence
cc_rrna_kmer_001238|28S	AY283847.1	241650	N/A	100.000	31	0	0	1	31	1351	1381	Atoxoplasma sp. MS-2003 large subunit ribosomal RNA gene, partial sequence
cc_rrna_kmer_001238|28S	OA985031.1	2823479	N/A	100.000	31	0	0	1	31	789	819	Isospora sp. Pr2 partial 28S rRNA gene
cc_rrna_kmer_001238|28S	AY283850.1	241650	N/A	100.000	31	0	0	1	31	1346	1376	Atoxoplasma sp. MS-2003 large subunit ribosomal RNA gene, partial sequence
cc_rrna_kmer_001238|28S	KY801686.1	2153390	N/A	100.000	31	0	0	1	31	1279	1309	Isospora butcherae 28S ribosomal RNA gene, partial sequence
cc_rrna_kmer_001238|28S	OQ459343.1	3028803	N/A	100.000	31	0	0	1	31	1275	1305	Eimeria briceae isolate 201909 large subunit ribosomal RNA gene, partial sequence
cc_rrna_kmer_001238|28S	AY283861.1	241650	N/A	100.000	31	0	0	1	31	1348	1378	Atoxoplasma sp. MS-2003 large subunit ribosomal RNA gene, partial sequence
cc_rrna_kmer_001238|28S	AY283843.1	241650	N/A	100.000	31	0	0	1	31	1353	1383	Atoxoplasma sp. MS-2003 large subunit ribosomal RNA gene, partial sequence
cc_rrna_kmer_001238|28S	OA985026.1	2823474	N/A	100.000	31	0	0	1	31	794	824	Isospora sp. Bclt1 partial 28S rRNA gene
cc_rrna_kmer_001238|28S	AY283866.1	241650	N/A	100.000	31	0	0	1	31	1349	1379	Atoxoplasma sp. MS-2003 large subunit ribosomal RNA gene, partial sequence
cc_rrna_kmer_001238|28S	XR_003297360.1	88456	N/A	100.000	31	0	0	1	31	690	720	PREDICTED: Cyclospora cayetanensis large subunit ribosomal RNA (LOC113146729), rRNA
cc_rrna_kmer_001238|28S	AY283848.1	241650	N/A	100.000	31	0	0	1	31	1351	1381	Atoxoplasma sp. MS-2003 large subunit ribosomal RNA gene, partial sequence
cc_rrna_kmer_001238|28S	AY283849.1	241650	N/A	100.000	31	0	0	1	31	1352	1382	Atoxoplasma sp. MS-2003 large subunit ribosomal RNA gene, partial sequence
cc_rrna_kmer_001238|28S	AY283853.1	241650	N/A	100.000	31	0	0	1	31	1350	1380	Atoxoplasma sp. MS-2003 large subunit ribosomal RNA gene, partial sequence
cc_rrna_kmer_001238|28S	OA985028.1	2823475;2823476	N/A;N/A	100.000	31	0	0	1	31	794	824	Isospora sp. Pc1 partial 28S rRNA gene
cc_rrna_kmer_001238|28S	AY283865.1	241650	N/A	100.000	31	0	0	1	31	1342	1372	Atoxoplasma sp. MS-2003 large subunit ribosomal RNA gene, partial sequence
cc_rrna_kmer_001238|28S	AY283860.1	241650	N/A	100.000	31	0	0	1	31	1351	1381	Atoxoplasma sp. MS-2003 large subunit ribosomal RNA gene, partial sequence
cc_rrna_kmer_001238|28S	AY283857.1	241650	N/A	100.000	31	0	0	1	31	1350	1380	Atoxoplasma sp. MS-2003 large subunit ribosomal RNA gene, partial sequence
cc_rrna_kmer_001238|28S	AY283852.1	241650	N/A	100.000	31	0	0	1	31	1347	1377	Atoxoplasma sp. MS-2003 large subunit ribosomal RNA gene, partial sequence
cc_rrna_kmer_001238|28S	OA985030.1	2823478	N/A	100.000	31	0	0	1	31	791	821	Isospora sp. Pr1 partial 28S rRNA gene
cc_rrna_kmer_001238|28S	AY283854.1	241650	N/A	100.000	31	0	0	1	31	1350	1380	Atoxoplasma sp. MS-2003 large subunit ribosomal RNA gene, partial sequence
cc_rrna_kmer_001238|28S	AY283841.1	241650	N/A	100.000	31	0	0	1	31	1353	1383	Atoxoplasma sp. MS-2003 large subunit ribosomal RNA gene, partial sequence
cc_rrna_kmer_001238|28S	AY283855.1	241650	N/A	100.000	31	0	0	1	31	1349	1379	Atoxoplasma sp. MS-2003 large subunit ribosomal RNA gene, partial sequence
cc_rrna_kmer_001238|28S	MW775031.1	1469499	N/A	100.000	31	0	0	1	31	1324	1354	Eimeria hermani isolate 9-Whooper-swan large subunit ribosomal RNA gene, partial sequence
cc_rrna_kmer_001238|28S	AY283840.1	241650	N/A	100.000	31	0	0	1	31	1354	1384	Atoxoplasma sp. MS-2003 large subunit ribosomal RNA gene, partial sequence
cc_rrna_kmer_001238|28S	OA985027.1	2823473	N/A	100.000	31	0	0	1	31	794	824	Isospora sp. Sgs1 partial 28S rRNA gene
cc_rrna_kmer_001238|28S	AY283867.1	241650	N/A	100.000	31	0	0	1	31	1351	1381	Atoxoplasma sp. MS-2003 large subunit ribosomal RNA gene, partial sequence
cc_rrna_kmer_001238|28S	AY283870.1	241650	N/A	100.000	31	0	0	1	31	1353	1383	Atoxoplasma sp. MS-2003 large subunit ribosomal RNA gene, partial sequence
cc_rrna_kmer_001238|28S	OR266354.1	1743397	N/A	100.000	31	0	0	1	31	564	594	Isospora sp. isolate 28S_Seq18 large subunit ribosomal RNA gene, partial sequence
cc_rrna_kmer_001238|28S	KT726931.1	1743397	N/A	100.000	31	0	0	1	31	1352	1382	Isospora sp. 28S ribosomal RNA gene, partial sequence
cc_rrna_kmer_001238|28S	AY283846.1	241650	N/A	100.000	31	0	0	1	31	1354	1384	Atoxoplasma sp. MS-2003 large subunit ribosomal RNA gene, partial sequence
cc_rrna_kmer_001238|28S	OA985033.1	2823480	N/A	100.000	31	0	0	1	31	795	825	Isospora sp. Hs1 partial 28S rRNA gene
cc_rrna_kmer_001238|28S	AY283851.1	241650	N/A	100.000	31	0	0	1	31	1350	1380	Atoxoplasma sp. MS-2003 large subunit ribosomal RNA gene, partial sequence
cc_rrna_kmer_001238|28S	AY283856.1	241650	N/A	100.000	31	0	0	1	31	1351	1381	Atoxoplasma sp. MS-2003 large subunit ribosomal RNA gene, partial sequence
cc_rrna_kmer_001239|28S	EU252544.1	88456	N/A	100.000	31	0	0	1	31	703	733	Cyclospora cayetanensis 28S large subunit ribosomal RNA gene, partial sequence
cc_rrna_kmer_001240|28S	XR_003297360.1	88456	N/A	100.000	31	0	0	1	31	2735	2705	PREDICTED: Cyclospora cayetanensis large subunit ribosomal RNA (LOC113146729), rRNA
cc_rrna_kmer_001240|28S	PQ738239.1	5801	N/A	100.000	31	0	0	1	31	6182	6152	Eimeria acervulina small subunit ribosomal RNA gene, partial sequence; internal transcribed spacer 1, 5.8S ribosomal RNA gene, and internal transcribed spacer 2, complete sequence; and large subunit ribosomal RNA gene, partial sequence
cc_rrna_kmer_001241|28S	XR_003297360.1	88456	N/A	100.000	31	0	0	1	31	804	774	PREDICTED: Cyclospora cayetanensis large subunit ribosomal RNA (LOC113146729), rRNA
cc_rrna_kmer_001241|28S	EU252544.1	88456	N/A	100.000	31	0	0	1	31	1549	1519	Cyclospora cayetanensis 28S large subunit ribosomal RNA gene, partial sequence
cc_rrna_kmer_001242|28S	XR_003297360.1	88456	N/A	100.000	31	0	0	1	31	72	42	PREDICTED: Cyclospora cayetanensis large subunit ribosomal RNA (LOC113146729), rRNA
cc_rrna_kmer_001242|28S	EU252544.1	88456	N/A	100.000	31	0	0	1	31	817	787	Cyclospora cayetanensis 28S large subunit ribosomal RNA gene, partial sequence
cc_rrna_kmer_001243|28S	EU252544.1	88456	N/A	100.000	31	0	0	1	31	650	680	Cyclospora cayetanensis 28S large subunit ribosomal RNA gene, partial sequence
cc_rrna_kmer_001244|28S	XR_003297360.1	88456	N/A	100.000	31	0	0	1	31	956	986	PREDICTED: Cyclospora cayetanensis large subunit ribosomal RNA (LOC113146729), rRNA
cc_rrna_kmer_001245|28S	XR_003297360.1	88456	N/A	100.000	31	0	0	1	31	1205	1235	PREDICTED: Cyclospora cayetanensis large subunit ribosomal RNA (LOC113146729), rRNA
cc_rrna_kmer_001246|28S	XR_003297360.1	88456	N/A	100.000	31	0	0	1	31	99	129	PREDICTED: Cyclospora cayetanensis large subunit ribosomal RNA (LOC113146729), rRNA
cc_rrna_kmer_001246|28S	EU252544.1	88456	N/A	100.000	31	0	0	1	31	844	874	Cyclospora cayetanensis 28S large subunit ribosomal RNA gene, partial sequence
cc_rrna_kmer_001247|28S	XR_003297360.1	88456	N/A	100.000	31	0	0	1	31	1184	1154	PREDICTED: Cyclospora cayetanensis large subunit ribosomal RNA (LOC113146729), rRNA
cc_rrna_kmer_001247|28S	EU252544.1	88456	N/A	100.000	31	0	0	1	31	1929	1899	Cyclospora cayetanensis 28S large subunit ribosomal RNA gene, partial sequence
cc_rrna_kmer_001250|28S	XR_003297360.1	88456	N/A	100.000	31	0	0	1	31	1063	1033	PREDICTED: Cyclospora cayetanensis large subunit ribosomal RNA (LOC113146729), rRNA
cc_rrna_kmer_001250|28S	EU252544.1	88456	N/A	100.000	31	0	0	1	31	1808	1778	Cyclospora cayetanensis 28S large subunit ribosomal RNA gene, partial sequence
cc_rrna_kmer_001251|28S	XR_003297360.1	88456	N/A	100.000	31	0	0	1	31	1192	1162	PREDICTED: Cyclospora cayetanensis large subunit ribosomal RNA (LOC113146729), rRNA
cc_rrna_kmer_001251|28S	EU252544.1	88456	N/A	100.000	31	0	0	1	31	1937	1907	Cyclospora cayetanensis 28S large subunit ribosomal RNA gene, partial sequence
cc_rrna_kmer_001252|28S	XR_003297360.1	88456	N/A	100.000	31	0	0	1	31	2602	2572	PREDICTED: Cyclospora cayetanensis large subunit ribosomal RNA (LOC113146729), rRNA
cc_rrna_kmer_001253|28S	XR_003297360.1	88456	N/A	100.000	31	0	0	1	31	1193	1163	PREDICTED: Cyclospora cayetanensis large subunit ribosomal RNA (LOC113146729), rRNA
cc_rrna_kmer_001253|28S	EU252544.1	88456	N/A	100.000	31	0	0	1	31	1938	1908	Cyclospora cayetanensis 28S large subunit ribosomal RNA gene, partial sequence
cc_rrna_kmer_001254|28S	XR_011771226.1	125765	N/A	100.000	31	0	0	1	31	1032	1062	PREDICTED: Rutidosis leptorrhynchoides 28S ribosomal RNA (LOC139880400), rRNA
cc_rrna_kmer_001254|28S	AP038851.1	142759	N/A	100.000	31	0	0	1	31	5077826	5077796	Solanum cheesmaniae LA0166 DNA, chromosome 2, nearly complete sequence
cc_rrna_kmer_001254|28S	XR_003297360.1	88456	N/A	100.000	31	0	0	1	31	401	431	PREDICTED: Cyclospora cayetanensis large subunit ribosomal RNA (LOC113146729), rRNA
cc_rrna_kmer_001254|28S	EU252544.1	88456	N/A	100.000	31	0	0	1	31	1146	1176	Cyclospora cayetanensis 28S large subunit ribosomal RNA gene, partial sequence
cc_rrna_kmer_001254|28S	OZ288544.1	669661	N/A	100.000	31	0	0	1	31	126300	126270	Cochlearia groenlandica genome assembly, chromosome: 7
cc_rrna_kmer_001255|28S	XR_011771226.1	125765	N/A	100.000	31	0	0	1	31	1031	1061	PREDICTED: Rutidosis leptorrhynchoides 28S ribosomal RNA (LOC139880400), rRNA
cc_rrna_kmer_001255|28S	AP038851.1	142759	N/A	100.000	31	0	0	1	31	5077827	5077797	Solanum cheesmaniae LA0166 DNA, chromosome 2, nearly complete sequence
cc_rrna_kmer_001255|28S	XR_003297360.1	88456	N/A	100.000	31	0	0	1	31	400	430	PREDICTED: Cyclospora cayetanensis large subunit ribosomal RNA (LOC113146729), rRNA
cc_rrna_kmer_001255|28S	EU252544.1	88456	N/A	100.000	31	0	0	1	31	1145	1175	Cyclospora cayetanensis 28S large subunit ribosomal RNA gene, partial sequence
cc_rrna_kmer_001255|28S	OZ288544.1	669661	N/A	100.000	31	0	0	1	31	126301	126271	Cochlearia groenlandica genome assembly, chromosome: 7
cc_rrna_kmer_001256|28S	EU252544.1	88456	N/A	100.000	31	0	0	1	31	1853	1823	Cyclospora cayetanensis 28S large subunit ribosomal RNA gene, partial sequence
cc_rrna_kmer_001257|28S	XR_003297360.1	88456	N/A	100.000	31	0	0	1	31	187	157	PREDICTED: Cyclospora cayetanensis large subunit ribosomal RNA (LOC113146729), rRNA
cc_rrna_kmer_001257|28S	EU252544.1	88456	N/A	100.000	31	0	0	1	31	932	902	Cyclospora cayetanensis 28S large subunit ribosomal RNA gene, partial sequence
cc_rrna_kmer_001258|28S	EU252544.1	88456	N/A	100.000	31	0	0	1	31	571	601	Cyclospora cayetanensis 28S large subunit ribosomal RNA gene, partial sequence
cc_rrna_kmer_001259|28S	EU252544.1	88456	N/A	100.000	31	0	0	1	31	721	691	Cyclospora cayetanensis 28S large subunit ribosomal RNA gene, partial sequence
cc_rrna_kmer_001260|28S	AP038851.1	142759	N/A	100.000	31	0	0	1	31	5077807	5077837	Solanum cheesmaniae LA0166 DNA, chromosome 2, nearly complete sequence
cc_rrna_kmer_001260|28S	XR_003297360.1	88456	N/A	100.000	31	0	0	1	31	420	390	PREDICTED: Cyclospora cayetanensis large subunit ribosomal RNA (LOC113146729), rRNA
cc_rrna_kmer_001260|28S	EU252544.1	88456	N/A	100.000	31	0	0	1	31	1165	1135	Cyclospora cayetanensis 28S large subunit ribosomal RNA gene, partial sequence
cc_rrna_kmer_001261|28S	XR_003297360.1	88456	N/A	100.000	31	0	0	1	31	142	112	PREDICTED: Cyclospora cayetanensis large subunit ribosomal RNA (LOC113146729), rRNA
cc_rrna_kmer_001261|28S	EU252544.1	88456	N/A	100.000	31	0	0	1	31	887	857	Cyclospora cayetanensis 28S large subunit ribosomal RNA gene, partial sequence
cc_rrna_kmer_001262|28S	XR_003297360.1	88456	N/A	100.000	31	0	0	1	31	138	108	PREDICTED: Cyclospora cayetanensis large subunit ribosomal RNA (LOC113146729), rRNA
cc_rrna_kmer_001262|28S	EU252544.1	88456	N/A	100.000	31	0	0	1	31	883	853	Cyclospora cayetanensis 28S large subunit ribosomal RNA gene, partial sequence
cc_rrna_kmer_001263|28S	XR_003297360.1	88456	N/A	100.000	31	0	0	1	31	1457	1487	PREDICTED: Cyclospora cayetanensis large subunit ribosomal RNA (LOC113146729), rRNA
cc_rrna_kmer_001264|28S	XR_003297360.1	88456	N/A	100.000	31	0	0	1	31	754	784	PREDICTED: Cyclospora cayetanensis large subunit ribosomal RNA (LOC113146729), rRNA
cc_rrna_kmer_001264|28S	EU252544.1	88456	N/A	100.000	31	0	0	1	31	1499	1529	Cyclospora cayetanensis 28S large subunit ribosomal RNA gene, partial sequence
cc_rrna_kmer_001265|28S	XR_003297360.1	88456	N/A	100.000	31	0	0	1	31	725	695	PREDICTED: Cyclospora cayetanensis large subunit ribosomal RNA (LOC113146729), rRNA
cc_rrna_kmer_001265|28S	EU252544.1	88456	N/A	100.000	31	0	0	1	31	1470	1440	Cyclospora cayetanensis 28S large subunit ribosomal RNA gene, partial sequence
cc_rrna_kmer_001266|28S	XR_003297360.1	88456	N/A	100.000	31	0	0	1	31	1174	1204	PREDICTED: Cyclospora cayetanensis large subunit ribosomal RNA (LOC113146729), rRNA
cc_rrna_kmer_001267|28S	XR_003297360.1	88456	N/A	100.000	31	0	0	1	31	63	93	PREDICTED: Cyclospora cayetanensis large subunit ribosomal RNA (LOC113146729), rRNA
cc_rrna_kmer_001267|28S	EU252544.1	88456	N/A	100.000	31	0	0	1	31	808	838	Cyclospora cayetanensis 28S large subunit ribosomal RNA gene, partial sequence
cc_rrna_kmer_001268|28S	EU252544.1	88456	N/A	100.000	31	0	0	1	31	572	602	Cyclospora cayetanensis 28S large subunit ribosomal RNA gene, partial sequence
cc_rrna_kmer_001269|28S	EU252544.1	88456	N/A	100.000	31	0	0	1	31	1847	1817	Cyclospora cayetanensis 28S large subunit ribosomal RNA gene, partial sequence
cc_rrna_kmer_001270|28S	EU252544.1	88456	N/A	100.000	31	0	0	1	31	526	496	Cyclospora cayetanensis 28S large subunit ribosomal RNA gene, partial sequence
cc_rrna_kmer_001271|28S	XR_003297360.1	88456	N/A	100.000	31	0	0	1	31	2568	2598	PREDICTED: Cyclospora cayetanensis large subunit ribosomal RNA (LOC113146729), rRNA
cc_rrna_kmer_001272|28S	XR_003297360.1	88456	N/A	100.000	31	0	0	1	31	1022	1052	PREDICTED: Cyclospora cayetanensis large subunit ribosomal RNA (LOC113146729), rRNA
cc_rrna_kmer_001272|28S	EU252544.1	88456	N/A	100.000	31	0	0	1	31	1767	1797	Cyclospora cayetanensis 28S large subunit ribosomal RNA gene, partial sequence
cc_rrna_kmer_001273|28S	PQ742171.1	3384731	N/A	100.000	31	0	0	1	31	6339	6309	Goussia degiustii isolate EE9_EE10_II1 external transcribed spacer, partial sequence; small subunit ribosomal RNA gene, internal transcribed spacer 1, 5.8S ribosomal RNA gene, internal transcribed spacer 2, and large subunit ribosomal RNA gene, complete sequence; and external transcribed spacer, partial sequence
cc_rrna_kmer_001273|28S	XR_003297360.1	88456	N/A	100.000	31	0	0	1	31	2716	2686	PREDICTED: Cyclospora cayetanensis large subunit ribosomal RNA (LOC113146729), rRNA
cc_rrna_kmer_001274|28S	XR_003297360.1	88456	N/A	100.000	31	0	0	1	31	2702	2732	PREDICTED: Cyclospora cayetanensis large subunit ribosomal RNA (LOC113146729), rRNA
cc_rrna_kmer_001274|28S	PQ738239.1	5801	N/A	100.000	31	0	0	1	31	6149	6179	Eimeria acervulina small subunit ribosomal RNA gene, partial sequence; internal transcribed spacer 1, 5.8S ribosomal RNA gene, and internal transcribed spacer 2, complete sequence; and large subunit ribosomal RNA gene, partial sequence
cc_rrna_kmer_001275|28S	XR_003297360.1	88456	N/A	100.000	31	0	0	1	31	154	184	PREDICTED: Cyclospora cayetanensis large subunit ribosomal RNA (LOC113146729), rRNA
cc_rrna_kmer_001275|28S	EU252544.1	88456	N/A	100.000	31	0	0	1	31	899	929	Cyclospora cayetanensis 28S large subunit ribosomal RNA gene, partial sequence
cc_rrna_kmer_001276|28S	AF301386.1	88456	N/A	100.000	31	0	0	1	31	1515	1485	Cyclospora cayetanensis small subunit ribosomal RNA gene, partial sequence; internal transcribed spacer 1, 5.8S ribosomal RNA gene and internal transcribed spacer 2, complete sequence; and large subunit ribosomal RNA gene, partial sequence
cc_rrna_kmer_001276|28S	EU252544.1	88456	N/A	100.000	31	0	0	1	31	54	24	Cyclospora cayetanensis 28S large subunit ribosomal RNA gene, partial sequence
cc_rrna_kmer_001276|28S	AF301391.1	88456	N/A	100.000	31	0	0	1	31	1517	1487	Cyclospora cayetanensis small subunit ribosomal RNA gene, partial sequence; internal transcribed spacer 1, 5.8S ribosomal RNA gene and internal transcribed spacer 2, complete sequence; and large subunit ribosomal RNA gene, partial sequence
cc_rrna_kmer_001277|28S	XR_003297360.1	88456	N/A	100.000	31	0	0	1	31	2565	2535	PREDICTED: Cyclospora cayetanensis large subunit ribosomal RNA (LOC113146729), rRNA
cc_rrna_kmer_001278|28S	XR_003297360.1	88456	N/A	100.000	31	0	0	1	31	2587	2557	PREDICTED: Cyclospora cayetanensis large subunit ribosomal RNA (LOC113146729), rRNA
cc_rrna_kmer_001279|28S	AY283845.1	241650	N/A	100.000	31	0	0	1	31	1239	1209	Atoxoplasma sp. MS-2003 large subunit ribosomal RNA gene, partial sequence
cc_rrna_kmer_001279|28S	OR101126.1	3051684	N/A	100.000	31	0	0	1	31	1173	1143	Isospora elliotae isolate 20384 large subunit ribosomal RNA gene, partial sequence
cc_rrna_kmer_001279|28S	AY283863.1	241650	N/A	100.000	31	0	0	1	31	1234	1204	Atoxoplasma sp. MS-2003 large subunit ribosomal RNA gene, partial sequence
cc_rrna_kmer_001279|28S	KT224382.1	1678287	N/A	100.000	31	0	0	1	31	1183	1153	Isospora sp. RY-2015c isolate RBF large subunit ribosomal RNA gene, partial sequence
cc_rrna_kmer_001279|28S	AY283844.1	241650	N/A	100.000	31	0	0	1	31	1239	1209	Atoxoplasma sp. MS-2003 large subunit ribosomal RNA gene, partial sequence
cc_rrna_kmer_001279|28S	AY283862.1	241650	N/A	100.000	31	0	0	1	31	1238	1208	Atoxoplasma sp. MS-2003 large subunit ribosomal RNA gene, partial sequence
cc_rrna_kmer_001279|28S	OR266355.1	1743397	N/A	100.000	31	0	0	1	31	622	592	Isospora sp. isolate 28S_Seq19 large subunit ribosomal RNA gene, partial sequence
cc_rrna_kmer_001279|28S	OA985032.1	2823481	N/A	100.000	31	0	0	1	31	682	652	Isospora sp. Hs2 partial 28S rRNA gene
cc_rrna_kmer_001279|28S	AY283839.1	241650	N/A	100.000	31	0	0	1	31	1248	1218	Atoxoplasma sp. MS-2003 large subunit ribosomal RNA gene, partial sequence
cc_rrna_kmer_001279|28S	AY283858.1	241650	N/A	100.000	31	0	0	1	31	1237	1207	Atoxoplasma sp. MS-2003 large subunit ribosomal RNA gene, partial sequence
cc_rrna_kmer_001279|28S	AY283864.1	241650	N/A	100.000	31	0	0	1	31	1243	1213	Atoxoplasma sp. MS-2003 large subunit ribosomal RNA gene, partial sequence
cc_rrna_kmer_001279|28S	AY283869.1	241650	N/A	100.000	31	0	0	1	31	1245	1215	Atoxoplasma sp. MS-2003 large subunit ribosomal RNA gene, partial sequence
cc_rrna_kmer_001279|28S	AY283868.1	241650	N/A	100.000	31	0	0	1	31	1237	1207	Atoxoplasma sp. MS-2003 large subunit ribosomal RNA gene, partial sequence
cc_rrna_kmer_001279|28S	OR266344.1	1743397	N/A	100.000	31	0	0	1	31	464	434	Isospora sp. isolate 28S_Seq08 large subunit ribosomal RNA gene, partial sequence
cc_rrna_kmer_001279|28S	MW775029.1	2820069	N/A	100.000	31	0	0	1	31	1204	1174	Isospora mayuri isolate 7-Bule-peafowl large subunit ribosomal RNA gene, partial sequence
cc_rrna_kmer_001279|28S	AY283859.1	241650	N/A	100.000	31	0	0	1	31	1239	1209	Atoxoplasma sp. MS-2003 large subunit ribosomal RNA gene, partial sequence
cc_rrna_kmer_001279|28S	KJ634022.1	1565085	N/A	100.000	31	0	0	1	31	768	738	Isospora streperae 28S ribosomal RNA gene, partial sequence
cc_rrna_kmer_001279|28S	OR266362.1	1743397	N/A	100.000	31	0	0	1	31	995	965	Isospora sp. isolate 28S_Seq26 large subunit ribosomal RNA gene, partial sequence
cc_rrna_kmer_001279|28S	OR266357.1	1743397	N/A	100.000	31	0	0	1	31	995	965	Isospora sp. isolate 28S_Seq21 large subunit ribosomal RNA gene, partial sequence
cc_rrna_kmer_001279|28S	AY283847.1	241650	N/A	100.000	31	0	0	1	31	1239	1209	Atoxoplasma sp. MS-2003 large subunit ribosomal RNA gene, partial sequence
cc_rrna_kmer_001279|28S	OA985031.1	2823479	N/A	100.000	31	0	0	1	31	677	647	Isospora sp. Pr2 partial 28S rRNA gene
cc_rrna_kmer_001279|28S	AY283850.1	241650	N/A	100.000	31	0	0	1	31	1234	1204	Atoxoplasma sp. MS-2003 large subunit ribosomal RNA gene, partial sequence
cc_rrna_kmer_001279|28S	OR266341.1	1743397	N/A	100.000	31	0	0	1	31	649	619	Isospora sp. isolate 28S_Seq05 large subunit ribosomal RNA gene, partial sequence
cc_rrna_kmer_001279|28S	OR266359.1	1743397	N/A	100.000	31	0	0	1	31	997	967	Isospora sp. isolate 28S_Seq23 large subunit ribosomal RNA gene, partial sequence
cc_rrna_kmer_001279|28S	OR266345.1	1743397	N/A	100.000	31	0	0	1	31	469	439	Isospora sp. isolate 28S_Seq09 large subunit ribosomal RNA gene, partial sequence
cc_rrna_kmer_001279|28S	KY801686.1	2153390	N/A	100.000	31	0	0	1	31	1167	1137	Isospora butcherae 28S ribosomal RNA gene, partial sequence
cc_rrna_kmer_001279|28S	OR266343.1	1743397	N/A	100.000	31	0	0	1	31	469	439	Isospora sp. isolate 28S_Seq07 large subunit ribosomal RNA gene, partial sequence
cc_rrna_kmer_001279|28S	OR266348.1	1743397	N/A	100.000	31	0	0	1	31	741	711	Isospora sp. isolate 28S_Seq12 large subunit ribosomal RNA gene, partial sequence
cc_rrna_kmer_001279|28S	AY283861.1	241650	N/A	100.000	31	0	0	1	31	1236	1206	Atoxoplasma sp. MS-2003 large subunit ribosomal RNA gene, partial sequence
cc_rrna_kmer_001279|28S	OR266350.1	1743397	N/A	100.000	31	0	0	1	31	996	966	Isospora sp. isolate 28S_Seq14 large subunit ribosomal RNA gene, partial sequence
cc_rrna_kmer_001279|28S	AY283843.1	241650	N/A	100.000	31	0	0	1	31	1241	1211	Atoxoplasma sp. MS-2003 large subunit ribosomal RNA gene, partial sequence
cc_rrna_kmer_001279|28S	OA985026.1	2823474	N/A	100.000	31	0	0	1	31	682	652	Isospora sp. Bclt1 partial 28S rRNA gene
cc_rrna_kmer_001279|28S	AY283866.1	241650	N/A	100.000	31	0	0	1	31	1237	1207	Atoxoplasma sp. MS-2003 large subunit ribosomal RNA gene, partial sequence
cc_rrna_kmer_001279|28S	OR266337.1	1743397	N/A	100.000	31	0	0	1	31	1000	970	Isospora sp. isolate 28S_Seq01 large subunit ribosomal RNA gene, partial sequence
cc_rrna_kmer_001279|28S	XR_003297360.1	88456	N/A	100.000	31	0	0	1	31	578	548	PREDICTED: Cyclospora cayetanensis large subunit ribosomal RNA (LOC113146729), rRNA
cc_rrna_kmer_001279|28S	AY283848.1	241650	N/A	100.000	31	0	0	1	31	1239	1209	Atoxoplasma sp. MS-2003 large subunit ribosomal RNA gene, partial sequence
cc_rrna_kmer_001279|28S	AY283849.1	241650	N/A	100.000	31	0	0	1	31	1240	1210	Atoxoplasma sp. MS-2003 large subunit ribosomal RNA gene, partial sequence
cc_rrna_kmer_001279|28S	OR266358.1	1743397	N/A	100.000	31	0	0	1	31	995	965	Isospora sp. isolate 28S_Seq22 large subunit ribosomal RNA gene, partial sequence
cc_rrna_kmer_001279|28S	OR266339.1	1743397	N/A	100.000	31	0	0	1	31	759	729	Isospora sp. isolate 28S_Seq03 large subunit ribosomal RNA gene, partial sequence
cc_rrna_kmer_001279|28S	AY283853.1	241650	N/A	100.000	31	0	0	1	31	1238	1208	Atoxoplasma sp. MS-2003 large subunit ribosomal RNA gene, partial sequence
cc_rrna_kmer_001279|28S	OA985028.1	2823475;2823476	N/A;N/A	100.000	31	0	0	1	31	682	652	Isospora sp. Pc1 partial 28S rRNA gene
cc_rrna_kmer_001279|28S	AY283865.1	241650	N/A	100.000	31	0	0	1	31	1230	1200	Atoxoplasma sp. MS-2003 large subunit ribosomal RNA gene, partial sequence
cc_rrna_kmer_001279|28S	OR266349.1	1743397	N/A	100.000	31	0	0	1	31	756	726	Isospora sp. isolate 28S_Seq13 large subunit ribosomal RNA gene, partial sequence
cc_rrna_kmer_001279|28S	AY283860.1	241650	N/A	100.000	31	0	0	1	31	1239	1209	Atoxoplasma sp. MS-2003 large subunit ribosomal RNA gene, partial sequence
cc_rrna_kmer_001279|28S	AY283857.1	241650	N/A	100.000	31	0	0	1	31	1238	1208	Atoxoplasma sp. MS-2003 large subunit ribosomal RNA gene, partial sequence
cc_rrna_kmer_001279|28S	OR266361.1	1743397	N/A	100.000	31	0	0	1	31	996	966	Isospora sp. isolate 28S_Seq25 large subunit ribosomal RNA gene, partial sequence
cc_rrna_kmer_001279|28S	AY283852.1	241650	N/A	100.000	31	0	0	1	31	1235	1205	Atoxoplasma sp. MS-2003 large subunit ribosomal RNA gene, partial sequence
cc_rrna_kmer_001279|28S	OR266363.1	1743397	N/A	100.000	31	0	0	1	31	753	723	Isospora sp. isolate 28S_Seq27 large subunit ribosomal RNA gene, partial sequence
cc_rrna_kmer_001279|28S	OR266356.1	1743397	N/A	100.000	31	0	0	1	31	515	485	Isospora sp. isolate 28S_Seq20 large subunit ribosomal RNA gene, partial sequence
cc_rrna_kmer_001279|28S	OA985030.1	2823478	N/A	100.000	31	0	0	1	31	679	649	Isospora sp. Pr1 partial 28S rRNA gene
cc_rrna_kmer_001279|28S	AY283854.1	241650	N/A	100.000	31	0	0	1	31	1238	1208	Atoxoplasma sp. MS-2003 large subunit ribosomal RNA gene, partial sequence
cc_rrna_kmer_001279|28S	AY283841.1	241650	N/A	100.000	31	0	0	1	31	1241	1211	Atoxoplasma sp. MS-2003 large subunit ribosomal RNA gene, partial sequence
cc_rrna_kmer_001279|28S	AY283855.1	241650	N/A	100.000	31	0	0	1	31	1237	1207	Atoxoplasma sp. MS-2003 large subunit ribosomal RNA gene, partial sequence
cc_rrna_kmer_001279|28S	AY283840.1	241650	N/A	100.000	31	0	0	1	31	1242	1212	Atoxoplasma sp. MS-2003 large subunit ribosomal RNA gene, partial sequence
cc_rrna_kmer_001279|28S	OA985027.1	2823473	N/A	100.000	31	0	0	1	31	682	652	Isospora sp. Sgs1 partial 28S rRNA gene
cc_rrna_kmer_001279|28S	AY283867.1	241650	N/A	100.000	31	0	0	1	31	1239	1209	Atoxoplasma sp. MS-2003 large subunit ribosomal RNA gene, partial sequence
cc_rrna_kmer_001279|28S	OR266340.1	1743397	N/A	100.000	31	0	0	1	31	457	427	Isospora sp. isolate 28S_Seq04 large subunit ribosomal RNA gene, partial sequence
cc_rrna_kmer_001279|28S	AY283870.1	241650	N/A	100.000	31	0	0	1	31	1241	1211	Atoxoplasma sp. MS-2003 large subunit ribosomal RNA gene, partial sequence
cc_rrna_kmer_001279|28S	LC193129.1	1913026	N/A	100.000	31	0	0	1	31	610	580	Isospora lunaris gene for 28S ribosomal RNA, partial sequence
cc_rrna_kmer_001279|28S	OR266338.1	1743397	N/A	100.000	31	0	0	1	31	1105	1075	Isospora sp. isolate 28S_Seq02 large subunit ribosomal RNA gene, partial sequence
cc_rrna_kmer_001279|28S	OR266354.1	1743397	N/A	100.000	31	0	0	1	31	452	422	Isospora sp. isolate 28S_Seq18 large subunit ribosomal RNA gene, partial sequence
cc_rrna_kmer_001279|28S	OR266351.1	1743397	N/A	100.000	31	0	0	1	31	471	441	Isospora sp. isolate 28S_Seq15 large subunit ribosomal RNA gene, partial sequence
cc_rrna_kmer_001279|28S	EU252544.1	88456	N/A	100.000	31	0	0	1	31	1323	1293	Cyclospora cayetanensis 28S large subunit ribosomal RNA gene, partial sequence
cc_rrna_kmer_001279|28S	AY283846.1	241650	N/A	100.000	31	0	0	1	31	1242	1212	Atoxoplasma sp. MS-2003 large subunit ribosomal RNA gene, partial sequence
cc_rrna_kmer_001279|28S	OR266342.1	1743397	N/A	100.000	31	0	0	1	31	453	423	Isospora sp. isolate 28S_Seq06 large subunit ribosomal RNA gene, partial sequence
cc_rrna_kmer_001279|28S	OA985033.1	2823480	N/A	100.000	31	0	0	1	31	683	653	Isospora sp. Hs1 partial 28S rRNA gene
cc_rrna_kmer_001279|28S	OR266353.1	1743397	N/A	100.000	31	0	0	1	31	1003	973	Isospora sp. isolate 28S_Seq17 large subunit ribosomal RNA gene, partial sequence
cc_rrna_kmer_001279|28S	OR266347.1	1743397	N/A	100.000	31	0	0	1	31	469	439	Isospora sp. isolate 28S_Seq11 large subunit ribosomal RNA gene, partial sequence
cc_rrna_kmer_001279|28S	AY283851.1	241650	N/A	100.000	31	0	0	1	31	1238	1208	Atoxoplasma sp. MS-2003 large subunit ribosomal RNA gene, partial sequence
cc_rrna_kmer_001279|28S	MW775028.1	2820073	N/A	100.000	31	0	0	1	31	1199	1169	Isospora lacazei isolate 6-Bule-peafowl large subunit ribosomal RNA gene, partial sequence
cc_rrna_kmer_001279|28S	AY283856.1	241650	N/A	100.000	31	0	0	1	31	1239	1209	Atoxoplasma sp. MS-2003 large subunit ribosomal RNA gene, partial sequence
cc_rrna_kmer_001279|28S	OR266346.1	1743397	N/A	100.000	31	0	0	1	31	469	439	Isospora sp. isolate 28S_Seq10 large subunit ribosomal RNA gene, partial sequence
cc_rrna_kmer_001280|28S	EU252544.1	88456	N/A	100.000	31	0	0	1	31	1851	1821	Cyclospora cayetanensis 28S large subunit ribosomal RNA gene, partial sequence
cc_rrna_kmer_001281|28S	PQ742171.1	3384731	N/A	100.000	31	0	0	1	31	6308	6338	Goussia degiustii isolate EE9_EE10_II1 external transcribed spacer, partial sequence; small subunit ribosomal RNA gene, internal transcribed spacer 1, 5.8S ribosomal RNA gene, internal transcribed spacer 2, and large subunit ribosomal RNA gene, complete sequence; and external transcribed spacer, partial sequence
cc_rrna_kmer_001281|28S	XR_003297360.1	88456	N/A	100.000	31	0	0	1	31	2685	2715	PREDICTED: Cyclospora cayetanensis large subunit ribosomal RNA (LOC113146729), rRNA
cc_rrna_kmer_001282|18S	OR135740.1	35084	N/A	100.000	31	0	0	1	31	119	89	Babesia sp. clone 8.3 small subunit ribosomal RNA gene, partial sequence
cc_rrna_kmer_001282|18S	KC414111.1	88456	N/A	100.000	31	0	0	1	31	260	230	Cyclospora cayetanensis isolate 1905 18S ribosomal RNA gene, partial sequence
cc_rrna_kmer_001282|18S	OP751799.1	2304328	N/A	100.000	31	0	0	1	31	259	229	Piroplasmida sp. clone 3 small subunit ribosomal RNA gene, partial sequence
cc_rrna_kmer_001282|18S	OR127035.1	2304328	N/A	100.000	31	0	0	1	31	46	16	Piroplasmida sp. clone 215 small subunit ribosomal RNA gene, partial sequence
cc_rrna_kmer_001282|18S	KP757839.1	1685121	N/A	100.000	31	0	0	1	31	132	102	Babesia sp. DMA-2015 strain Marsupial MT 18S ribosomal RNA gene, partial sequence
cc_rrna_kmer_001282|18S	OR135733.1	35084	N/A	100.000	31	0	0	1	31	158	128	Babesia sp. clone 8.1 small subunit ribosomal RNA gene, partial sequence
cc_rrna_kmer_001282|18S	XR_003297358.1	88456	N/A	100.000	31	0	0	1	31	308	278	PREDICTED: Cyclospora cayetanensis small subunit ribosomal RNA (LOC113146722), rRNA
cc_rrna_kmer_001282|18S	OR135734.1	35084	N/A	100.000	31	0	0	1	31	166	136	Babesia sp. clone 8.5 small subunit ribosomal RNA gene, partial sequence
cc_rrna_kmer_001282|18S	OR127024.1	2304328	N/A	100.000	31	0	0	1	31	72	42	Piroplasmida sp. clone 8 small subunit ribosomal RNA gene, partial sequence
cc_rrna_kmer_001282|18S	OP751800.1	2304328	N/A	100.000	31	0	0	1	31	254	224	Piroplasmida sp. clone 4 small subunit ribosomal RNA gene, partial sequence
cc_rrna_kmer_001282|18S	OP751797.1	2304328	N/A	100.000	31	0	0	1	31	259	229	Piroplasmida sp. clone 1 small subunit ribosomal RNA gene, partial sequence
cc_rrna_kmer_001282|18S	OR127027.1	2304328	N/A	100.000	31	0	0	1	31	86	56	Piroplasmida sp. clone 65 small subunit ribosomal RNA gene, partial sequence
cc_rrna_kmer_001282|18S	OQ787671.1	35084	N/A	100.000	31	0	0	1	31	110	80	Babesia sp. clone 33 small subunit ribosomal RNA gene, partial sequence
cc_rrna_kmer_001282|18S	OR135741.1	35084	N/A	100.000	31	0	0	1	31	122	92	Babesia sp. clone 8.6 small subunit ribosomal RNA gene, partial sequence
cc_rrna_kmer_001282|18S	KC414110.1	88456	N/A	100.000	31	0	0	1	31	260	230	Cyclospora cayetanensis isolate 2304 18S ribosomal RNA gene, partial sequence
cc_rrna_kmer_001282|18S	OR127028.1	2304328	N/A	100.000	31	0	0	1	31	148	118	Piroplasmida sp. clone 82 small subunit ribosomal RNA gene, partial sequence
cc_rrna_kmer_001282|18S	OP751798.1	2304328	N/A	100.000	31	0	0	1	31	220	190	Piroplasmida sp. clone 2 small subunit ribosomal RNA gene, partial sequence
cc_rrna_kmer_001283|28S	EU252544.1	88456	N/A	100.000	31	0	0	1	31	252	282	Cyclospora cayetanensis 28S large subunit ribosomal RNA gene, partial sequence
cc_rrna_kmer_001284|28S	XR_003297360.1	88456	N/A	100.000	31	0	0	1	31	2153	2123	PREDICTED: Cyclospora cayetanensis large subunit ribosomal RNA (LOC113146729), rRNA
cc_rrna_kmer_001285|28S	XR_003297360.1	88456	N/A	100.000	31	0	0	1	31	185	155	PREDICTED: Cyclospora cayetanensis large subunit ribosomal RNA (LOC113146729), rRNA
cc_rrna_kmer_001285|28S	EU252544.1	88456	N/A	100.000	31	0	0	1	31	930	900	Cyclospora cayetanensis 28S large subunit ribosomal RNA gene, partial sequence
cc_rrna_kmer_001286|28S	EU252544.1	88456	N/A	100.000	31	0	0	1	31	720	690	Cyclospora cayetanensis 28S large subunit ribosomal RNA gene, partial sequence
cc_rrna_kmer_001287|28S	AP038851.1	142759	N/A	100.000	31	0	0	1	31	5077808	5077838	Solanum cheesmaniae LA0166 DNA, chromosome 2, nearly complete sequence
cc_rrna_kmer_001287|28S	XR_003297360.1	88456	N/A	100.000	31	0	0	1	31	419	389	PREDICTED: Cyclospora cayetanensis large subunit ribosomal RNA (LOC113146729), rRNA
cc_rrna_kmer_001287|28S	EU252544.1	88456	N/A	100.000	31	0	0	1	31	1164	1134	Cyclospora cayetanensis 28S large subunit ribosomal RNA gene, partial sequence
cc_rrna_kmer_001288|28S	XR_003297360.1	88456	N/A	100.000	31	0	0	1	31	1452	1422	PREDICTED: Cyclospora cayetanensis large subunit ribosomal RNA (LOC113146729), rRNA
cc_rrna_kmer_001289|28S	EU252544.1	88456	N/A	100.000	31	0	0	1	31	600	570	Cyclospora cayetanensis 28S large subunit ribosomal RNA gene, partial sequence
cc_rrna_kmer_001290|28S	XR_003297360.1	88456	N/A	100.000	31	0	0	1	31	1187	1157	PREDICTED: Cyclospora cayetanensis large subunit ribosomal RNA (LOC113146729), rRNA
cc_rrna_kmer_001290|28S	EU252544.1	88456	N/A	100.000	31	0	0	1	31	1932	1902	Cyclospora cayetanensis 28S large subunit ribosomal RNA gene, partial sequence
cc_rrna_kmer_001291|28S	XR_003297360.1	88456	N/A	100.000	31	0	0	1	31	141	111	PREDICTED: Cyclospora cayetanensis large subunit ribosomal RNA (LOC113146729), rRNA
cc_rrna_kmer_001291|28S	EU252544.1	88456	N/A	100.000	31	0	0	1	31	886	856	Cyclospora cayetanensis 28S large subunit ribosomal RNA gene, partial sequence
cc_rrna_kmer_001292|28S	XR_003297360.1	88456	N/A	100.000	31	0	0	1	31	137	107	PREDICTED: Cyclospora cayetanensis large subunit ribosomal RNA (LOC113146729), rRNA
cc_rrna_kmer_001292|28S	EU252544.1	88456	N/A	100.000	31	0	0	1	31	882	852	Cyclospora cayetanensis 28S large subunit ribosomal RNA gene, partial sequence
cc_rrna_kmer_001293|28S	EU252544.1	88456	N/A	100.000	31	0	0	1	31	158	188	Cyclospora cayetanensis 28S large subunit ribosomal RNA gene, partial sequence
cc_rrna_kmer_001294|28S	XR_003297360.1	88456	N/A	100.000	31	0	0	1	31	1211	1241	PREDICTED: Cyclospora cayetanensis large subunit ribosomal RNA (LOC113146729), rRNA
cc_rrna_kmer_001295|28S	XR_003297360.1	88456	N/A	100.000	31	0	0	1	31	39	69	PREDICTED: Cyclospora cayetanensis large subunit ribosomal RNA (LOC113146729), rRNA
cc_rrna_kmer_001295|28S	EU252544.1	88456	N/A	100.000	31	0	0	1	31	784	814	Cyclospora cayetanensis 28S large subunit ribosomal RNA gene, partial sequence
cc_rrna_kmer_001296|28S	XR_003297360.1	88456	N/A	100.000	31	0	0	1	31	1914	1884	PREDICTED: Cyclospora cayetanensis large subunit ribosomal RNA (LOC113146729), rRNA
cc_rrna_kmer_001297|28S	EU252544.1	88456	N/A	100.000	31	0	0	1	31	738	768	Cyclospora cayetanensis 28S large subunit ribosomal RNA gene, partial sequence
cc_rrna_kmer_001298|28S	PQ742171.1	3384731	N/A	100.000	31	0	0	1	31	6319	6349	Goussia degiustii isolate EE9_EE10_II1 external transcribed spacer, partial sequence; small subunit ribosomal RNA gene, internal transcribed spacer 1, 5.8S ribosomal RNA gene, internal transcribed spacer 2, and large subunit ribosomal RNA gene, complete sequence; and external transcribed spacer, partial sequence
cc_rrna_kmer_001298|28S	XR_003297360.1	88456	N/A	100.000	31	0	0	1	31	2696	2726	PREDICTED: Cyclospora cayetanensis large subunit ribosomal RNA (LOC113146729), rRNA
cc_rrna_kmer_001299|28S	XR_003297360.1	88456	N/A	100.000	31	0	0	1	31	755	785	PREDICTED: Cyclospora cayetanensis large subunit ribosomal RNA (LOC113146729), rRNA
cc_rrna_kmer_001299|28S	EU252544.1	88456	N/A	100.000	31	0	0	1	31	1500	1530	Cyclospora cayetanensis 28S large subunit ribosomal RNA gene, partial sequence
cc_rrna_kmer_001300|28S	XR_003297360.1	88456	N/A	100.000	31	0	0	1	31	1224	1194	PREDICTED: Cyclospora cayetanensis large subunit ribosomal RNA (LOC113146729), rRNA
cc_rrna_kmer_001301|28S	XR_003297360.1	88456	N/A	100.000	31	0	0	1	31	1465	1495	PREDICTED: Cyclospora cayetanensis large subunit ribosomal RNA (LOC113146729), rRNA
cc_rrna_kmer_001302|28S	XR_003297360.1	88456	N/A	100.000	31	0	0	1	31	1058	1088	PREDICTED: Cyclospora cayetanensis large subunit ribosomal RNA (LOC113146729), rRNA
cc_rrna_kmer_001302|28S	EU252544.1	88456	N/A	100.000	31	0	0	1	31	1803	1833	Cyclospora cayetanensis 28S large subunit ribosomal RNA gene, partial sequence
cc_rrna_kmer_001303|28S	XR_003297360.1	88456	N/A	100.000	31	0	0	1	31	741	711	PREDICTED: Cyclospora cayetanensis large subunit ribosomal RNA (LOC113146729), rRNA
cc_rrna_kmer_001303|28S	EU252544.1	88456	N/A	100.000	31	0	0	1	31	1486	1456	Cyclospora cayetanensis 28S large subunit ribosomal RNA gene, partial sequence
cc_rrna_kmer_001304|28S	EU252544.1	88456	N/A	100.000	31	0	0	1	31	283	253	Cyclospora cayetanensis 28S large subunit ribosomal RNA gene, partial sequence
cc_rrna_kmer_001305|28S	MK530654.1	2591227	N/A	100.000	31	0	0	1	31	68	98	Isospora coronoideae large subunit ribosomal RNA gene, partial sequence
cc_rrna_kmer_001305|28S	MW422270.1	2800198	N/A	100.000	31	0	0	1	31	53	83	Isospora phylidonyrisae isolate 20381 large subunit ribosomal RNA gene, partial sequence
cc_rrna_kmer_001305|28S	PQ108888.1	3239063	N/A	100.000	31	0	0	1	31	67	97	Isospora virescensae isolate SHE01 large subunit ribosomal RNA gene, partial sequence
cc_rrna_kmer_001305|28S	MW776413.1	3054442	N/A	100.000	31	0	0	1	31	65	95	Isospora lunulatae isolate 20742 large subunit ribosomal RNA gene, partial sequence
cc_rrna_kmer_001305|28S	KT224381.1	1678286	N/A	100.000	31	0	0	1	31	53	83	Isospora manorinae isolate 22795 large subunit ribosomal RNA gene, partial sequence
cc_rrna_kmer_001305|28S	EU252544.1	88456	N/A	100.000	31	0	0	1	31	201	231	Cyclospora cayetanensis 28S large subunit ribosomal RNA gene, partial sequence
cc_rrna_kmer_001305|28S	KF766053.1	1487184	N/A	100.000	31	0	0	1	31	65	95	Isospora anthochaerae large subunit ribosomal RNA gene, partial sequence
cc_rrna_kmer_001306|28S	EU252544.1	88456	N/A	100.000	31	0	0	1	31	569	599	Cyclospora cayetanensis 28S large subunit ribosomal RNA gene, partial sequence
cc_rrna_kmer_001307|28S	XR_003297360.1	88456	N/A	100.000	31	0	0	1	31	144	114	PREDICTED: Cyclospora cayetanensis large subunit ribosomal RNA (LOC113146729), rRNA
cc_rrna_kmer_001307|28S	EU252544.1	88456	N/A	100.000	31	0	0	1	31	889	859	Cyclospora cayetanensis 28S large subunit ribosomal RNA gene, partial sequence
cc_rrna_kmer_001308|28S	XR_003297360.1	88456	N/A	100.000	31	0	0	1	31	1883	1913	PREDICTED: Cyclospora cayetanensis large subunit ribosomal RNA (LOC113146729), rRNA
cc_rrna_kmer_001309|28S	EU252544.1	88456	N/A	100.000	31	0	0	1	31	773	743	Cyclospora cayetanensis 28S large subunit ribosomal RNA gene, partial sequence
cc_rrna_kmer_001310|28S	XR_003297360.1	88456	N/A	100.000	31	0	0	1	31	2530	2560	PREDICTED: Cyclospora cayetanensis large subunit ribosomal RNA (LOC113146729), rRNA
cc_rrna_kmer_001311|28S	XR_003297360.1	88456	N/A	100.000	31	0	0	1	31	110	140	PREDICTED: Cyclospora cayetanensis large subunit ribosomal RNA (LOC113146729), rRNA
cc_rrna_kmer_001311|28S	EU252544.1	88456	N/A	100.000	31	0	0	1	31	855	885	Cyclospora cayetanensis 28S large subunit ribosomal RNA gene, partial sequence
cc_rrna_kmer_001312|28S	EU252544.1	88456	N/A	100.000	31	0	0	1	31	427	457	Cyclospora cayetanensis 28S large subunit ribosomal RNA gene, partial sequence
cc_rrna_kmer_001313|28S	XR_003297360.1	88456	N/A	100.000	31	0	0	1	31	468	438	PREDICTED: Cyclospora cayetanensis large subunit ribosomal RNA (LOC113146729), rRNA
cc_rrna_kmer_001313|28S	EU252544.1	88456	N/A	100.000	31	0	0	1	31	1213	1183	Cyclospora cayetanensis 28S large subunit ribosomal RNA gene, partial sequence
cc_rrna_kmer_001314|28S	XR_003297360.1	88456	N/A	100.000	31	0	0	1	31	106	136	PREDICTED: Cyclospora cayetanensis large subunit ribosomal RNA (LOC113146729), rRNA
cc_rrna_kmer_001314|28S	EU252544.1	88456	N/A	100.000	31	0	0	1	31	851	881	Cyclospora cayetanensis 28S large subunit ribosomal RNA gene, partial sequence
cc_rrna_kmer_001315|28S	XR_003297360.1	88456	N/A	100.000	31	0	0	1	31	1491	1461	PREDICTED: Cyclospora cayetanensis large subunit ribosomal RNA (LOC113146729), rRNA
cc_rrna_kmer_001316|28S	XR_003297360.1	88456	N/A	100.000	31	0	0	1	31	462	492	PREDICTED: Cyclospora cayetanensis large subunit ribosomal RNA (LOC113146729), rRNA
cc_rrna_kmer_001316|28S	EU252544.1	88456	N/A	100.000	31	0	0	1	31	1207	1237	Cyclospora cayetanensis 28S large subunit ribosomal RNA gene, partial sequence
cc_rrna_kmer_001316|28S	AY283851.1	241650	N/A	100.000	31	0	0	1	31	1122	1152	Atoxoplasma sp. MS-2003 large subunit ribosomal RNA gene, partial sequence
cc_rrna_kmer_001317|28S	EU252544.1	88456	N/A	100.000	31	0	0	1	31	560	590	Cyclospora cayetanensis 28S large subunit ribosomal RNA gene, partial sequence
cc_rrna_kmer_001318|28S	XR_003297360.1	88456	N/A	100.000	31	0	0	1	31	2562	2532	PREDICTED: Cyclospora cayetanensis large subunit ribosomal RNA (LOC113146729), rRNA
cc_rrna_kmer_001319|28S	EU252544.1	88456	N/A	100.000	31	0	0	1	31	176	206	Cyclospora cayetanensis 28S large subunit ribosomal RNA gene, partial sequence
cc_rrna_kmer_001320|28S	EU252544.1	88456	N/A	100.000	31	0	0	1	31	771	741	Cyclospora cayetanensis 28S large subunit ribosomal RNA gene, partial sequence
cc_rrna_kmer_001321|18S	MK946294.1	342097	N/A	100.000	31	0	0	1	31	59	29	Uncultured soil eukaryote clone l330 small subunit ribosomal RNA gene, partial sequence
cc_rrna_kmer_001323|28S	XR_003297360.1	88456	N/A	100.000	31	0	0	1	31	1893	1863	PREDICTED: Cyclospora cayetanensis large subunit ribosomal RNA (LOC113146729), rRNA
cc_rrna_kmer_001324|28S	XR_003297360.1	88456	N/A	100.000	31	0	0	1	31	181	151	PREDICTED: Cyclospora cayetanensis large subunit ribosomal RNA (LOC113146729), rRNA
cc_rrna_kmer_001324|28S	EU252544.1	88456	N/A	100.000	31	0	0	1	31	926	896	Cyclospora cayetanensis 28S large subunit ribosomal RNA gene, partial sequence
cc_rrna_kmer_001325|28S	XR_003297360.1	88456	N/A	100.000	31	0	0	1	31	2524	2554	PREDICTED: Cyclospora cayetanensis large subunit ribosomal RNA (LOC113146729), rRNA
cc_rrna_kmer_001326|28S	XR_003297360.1	88456	N/A	100.000	31	0	0	1	31	77	47	PREDICTED: Cyclospora cayetanensis large subunit ribosomal RNA (LOC113146729), rRNA
cc_rrna_kmer_001326|28S	EU252544.1	88456	N/A	100.000	31	0	0	1	31	822	792	Cyclospora cayetanensis 28S large subunit ribosomal RNA gene, partial sequence
cc_rrna_kmer_001327|28S	XR_003297360.1	88456	N/A	100.000	31	0	0	1	31	2563	2593	PREDICTED: Cyclospora cayetanensis large subunit ribosomal RNA (LOC113146729), rRNA
cc_rrna_kmer_001328|28S	EU252544.1	88456	N/A	100.000	31	0	0	1	31	187	217	Cyclospora cayetanensis 28S large subunit ribosomal RNA gene, partial sequence
cc_rrna_kmer_001329|28S	AF301386.1	88456	N/A	100.000	31	0	0	1	31	1514	1484	Cyclospora cayetanensis small subunit ribosomal RNA gene, partial sequence; internal transcribed spacer 1, 5.8S ribosomal RNA gene and internal transcribed spacer 2, complete sequence; and large subunit ribosomal RNA gene, partial sequence
cc_rrna_kmer_001329|28S	EU252544.1	88456	N/A	100.000	31	0	0	1	31	53	23	Cyclospora cayetanensis 28S large subunit ribosomal RNA gene, partial sequence
cc_rrna_kmer_001329|28S	AF301391.1	88456	N/A	100.000	31	0	0	1	31	1516	1486	Cyclospora cayetanensis small subunit ribosomal RNA gene, partial sequence; internal transcribed spacer 1, 5.8S ribosomal RNA gene and internal transcribed spacer 2, complete sequence; and large subunit ribosomal RNA gene, partial sequence
cc_rrna_kmer_001330|28S	PQ742171.1	3384731	N/A	100.000	31	0	0	1	31	6348	6318	Goussia degiustii isolate EE9_EE10_II1 external transcribed spacer, partial sequence; small subunit ribosomal RNA gene, internal transcribed spacer 1, 5.8S ribosomal RNA gene, internal transcribed spacer 2, and large subunit ribosomal RNA gene, complete sequence; and external transcribed spacer, partial sequence
cc_rrna_kmer_001330|28S	XR_003297360.1	88456	N/A	100.000	31	0	0	1	31	2725	2695	PREDICTED: Cyclospora cayetanensis large subunit ribosomal RNA (LOC113146729), rRNA
cc_rrna_kmer_001331|28S	XR_003297360.1	88456	N/A	100.000	31	0	0	1	31	2564	2534	PREDICTED: Cyclospora cayetanensis large subunit ribosomal RNA (LOC113146729), rRNA
cc_rrna_kmer_001332|28S	XR_003297360.1	88456	N/A	100.000	31	0	0	1	31	2586	2556	PREDICTED: Cyclospora cayetanensis large subunit ribosomal RNA (LOC113146729), rRNA
cc_rrna_kmer_001333|28S	AY283845.1	241650	N/A	100.000	31	0	0	1	31	1238	1208	Atoxoplasma sp. MS-2003 large subunit ribosomal RNA gene, partial sequence
cc_rrna_kmer_001333|28S	OR101126.1	3051684	N/A	100.000	31	0	0	1	31	1172	1142	Isospora elliotae isolate 20384 large subunit ribosomal RNA gene, partial sequence
cc_rrna_kmer_001333|28S	AY283863.1	241650	N/A	100.000	31	0	0	1	31	1233	1203	Atoxoplasma sp. MS-2003 large subunit ribosomal RNA gene, partial sequence
cc_rrna_kmer_001333|28S	KT224382.1	1678287	N/A	100.000	31	0	0	1	31	1182	1152	Isospora sp. RY-2015c isolate RBF large subunit ribosomal RNA gene, partial sequence
cc_rrna_kmer_001333|28S	AY283844.1	241650	N/A	100.000	31	0	0	1	31	1238	1208	Atoxoplasma sp. MS-2003 large subunit ribosomal RNA gene, partial sequence
cc_rrna_kmer_001333|28S	AY283862.1	241650	N/A	100.000	31	0	0	1	31	1237	1207	Atoxoplasma sp. MS-2003 large subunit ribosomal RNA gene, partial sequence
cc_rrna_kmer_001333|28S	OR266355.1	1743397	N/A	100.000	31	0	0	1	31	621	591	Isospora sp. isolate 28S_Seq19 large subunit ribosomal RNA gene, partial sequence
cc_rrna_kmer_001333|28S	OA985032.1	2823481	N/A	100.000	31	0	0	1	31	681	651	Isospora sp. Hs2 partial 28S rRNA gene
cc_rrna_kmer_001333|28S	AY283839.1	241650	N/A	100.000	31	0	0	1	31	1247	1217	Atoxoplasma sp. MS-2003 large subunit ribosomal RNA gene, partial sequence
cc_rrna_kmer_001333|28S	AY283858.1	241650	N/A	100.000	31	0	0	1	31	1236	1206	Atoxoplasma sp. MS-2003 large subunit ribosomal RNA gene, partial sequence
cc_rrna_kmer_001333|28S	AY283864.1	241650	N/A	100.000	31	0	0	1	31	1242	1212	Atoxoplasma sp. MS-2003 large subunit ribosomal RNA gene, partial sequence
cc_rrna_kmer_001333|28S	AY283869.1	241650	N/A	100.000	31	0	0	1	31	1244	1214	Atoxoplasma sp. MS-2003 large subunit ribosomal RNA gene, partial sequence
cc_rrna_kmer_001333|28S	AY283868.1	241650	N/A	100.000	31	0	0	1	31	1236	1206	Atoxoplasma sp. MS-2003 large subunit ribosomal RNA gene, partial sequence
cc_rrna_kmer_001333|28S	OR266344.1	1743397	N/A	100.000	31	0	0	1	31	463	433	Isospora sp. isolate 28S_Seq08 large subunit ribosomal RNA gene, partial sequence
cc_rrna_kmer_001333|28S	MW775029.1	2820069	N/A	100.000	31	0	0	1	31	1203	1173	Isospora mayuri isolate 7-Bule-peafowl large subunit ribosomal RNA gene, partial sequence
cc_rrna_kmer_001333|28S	AY283859.1	241650	N/A	100.000	31	0	0	1	31	1238	1208	Atoxoplasma sp. MS-2003 large subunit ribosomal RNA gene, partial sequence
cc_rrna_kmer_001333|28S	KJ634022.1	1565085	N/A	100.000	31	0	0	1	31	767	737	Isospora streperae 28S ribosomal RNA gene, partial sequence
cc_rrna_kmer_001333|28S	OR266362.1	1743397	N/A	100.000	31	0	0	1	31	994	964	Isospora sp. isolate 28S_Seq26 large subunit ribosomal RNA gene, partial sequence
cc_rrna_kmer_001333|28S	OR266357.1	1743397	N/A	100.000	31	0	0	1	31	994	964	Isospora sp. isolate 28S_Seq21 large subunit ribosomal RNA gene, partial sequence
cc_rrna_kmer_001333|28S	AY283847.1	241650	N/A	100.000	31	0	0	1	31	1238	1208	Atoxoplasma sp. MS-2003 large subunit ribosomal RNA gene, partial sequence
cc_rrna_kmer_001333|28S	OA985031.1	2823479	N/A	100.000	31	0	0	1	31	676	646	Isospora sp. Pr2 partial 28S rRNA gene
cc_rrna_kmer_001333|28S	AY283850.1	241650	N/A	100.000	31	0	0	1	31	1233	1203	Atoxoplasma sp. MS-2003 large subunit ribosomal RNA gene, partial sequence
cc_rrna_kmer_001333|28S	OR266341.1	1743397	N/A	100.000	31	0	0	1	31	648	618	Isospora sp. isolate 28S_Seq05 large subunit ribosomal RNA gene, partial sequence
cc_rrna_kmer_001333|28S	OR266359.1	1743397	N/A	100.000	31	0	0	1	31	996	966	Isospora sp. isolate 28S_Seq23 large subunit ribosomal RNA gene, partial sequence
cc_rrna_kmer_001333|28S	OR266345.1	1743397	N/A	100.000	31	0	0	1	31	468	438	Isospora sp. isolate 28S_Seq09 large subunit ribosomal RNA gene, partial sequence
cc_rrna_kmer_001333|28S	KY801686.1	2153390	N/A	100.000	31	0	0	1	31	1166	1136	Isospora butcherae 28S ribosomal RNA gene, partial sequence
cc_rrna_kmer_001333|28S	OR266343.1	1743397	N/A	100.000	31	0	0	1	31	468	438	Isospora sp. isolate 28S_Seq07 large subunit ribosomal RNA gene, partial sequence
cc_rrna_kmer_001333|28S	OR266348.1	1743397	N/A	100.000	31	0	0	1	31	740	710	Isospora sp. isolate 28S_Seq12 large subunit ribosomal RNA gene, partial sequence
cc_rrna_kmer_001333|28S	AY283861.1	241650	N/A	100.000	31	0	0	1	31	1235	1205	Atoxoplasma sp. MS-2003 large subunit ribosomal RNA gene, partial sequence
cc_rrna_kmer_001333|28S	OR266350.1	1743397	N/A	100.000	31	0	0	1	31	995	965	Isospora sp. isolate 28S_Seq14 large subunit ribosomal RNA gene, partial sequence
cc_rrna_kmer_001333|28S	AY283843.1	241650	N/A	100.000	31	0	0	1	31	1240	1210	Atoxoplasma sp. MS-2003 large subunit ribosomal RNA gene, partial sequence
cc_rrna_kmer_001333|28S	OA985026.1	2823474	N/A	100.000	31	0	0	1	31	681	651	Isospora sp. Bclt1 partial 28S rRNA gene
cc_rrna_kmer_001333|28S	AY283866.1	241650	N/A	100.000	31	0	0	1	31	1236	1206	Atoxoplasma sp. MS-2003 large subunit ribosomal RNA gene, partial sequence
cc_rrna_kmer_001333|28S	OR266337.1	1743397	N/A	100.000	31	0	0	1	31	999	969	Isospora sp. isolate 28S_Seq01 large subunit ribosomal RNA gene, partial sequence
cc_rrna_kmer_001333|28S	XR_003297360.1	88456	N/A	100.000	31	0	0	1	31	577	547	PREDICTED: Cyclospora cayetanensis large subunit ribosomal RNA (LOC113146729), rRNA
cc_rrna_kmer_001333|28S	AY283848.1	241650	N/A	100.000	31	0	0	1	31	1238	1208	Atoxoplasma sp. MS-2003 large subunit ribosomal RNA gene, partial sequence
cc_rrna_kmer_001333|28S	AY283849.1	241650	N/A	100.000	31	0	0	1	31	1239	1209	Atoxoplasma sp. MS-2003 large subunit ribosomal RNA gene, partial sequence
cc_rrna_kmer_001333|28S	OR266358.1	1743397	N/A	100.000	31	0	0	1	31	994	964	Isospora sp. isolate 28S_Seq22 large subunit ribosomal RNA gene, partial sequence
cc_rrna_kmer_001333|28S	OR266339.1	1743397	N/A	100.000	31	0	0	1	31	758	728	Isospora sp. isolate 28S_Seq03 large subunit ribosomal RNA gene, partial sequence
cc_rrna_kmer_001333|28S	AY283853.1	241650	N/A	100.000	31	0	0	1	31	1237	1207	Atoxoplasma sp. MS-2003 large subunit ribosomal RNA gene, partial sequence
cc_rrna_kmer_001333|28S	OA985028.1	2823475;2823476	N/A;N/A	100.000	31	0	0	1	31	681	651	Isospora sp. Pc1 partial 28S rRNA gene
cc_rrna_kmer_001333|28S	AY283865.1	241650	N/A	100.000	31	0	0	1	31	1229	1199	Atoxoplasma sp. MS-2003 large subunit ribosomal RNA gene, partial sequence
cc_rrna_kmer_001333|28S	OR266349.1	1743397	N/A	100.000	31	0	0	1	31	755	725	Isospora sp. isolate 28S_Seq13 large subunit ribosomal RNA gene, partial sequence
cc_rrna_kmer_001333|28S	AY283860.1	241650	N/A	100.000	31	0	0	1	31	1238	1208	Atoxoplasma sp. MS-2003 large subunit ribosomal RNA gene, partial sequence
cc_rrna_kmer_001333|28S	AY283857.1	241650	N/A	100.000	31	0	0	1	31	1237	1207	Atoxoplasma sp. MS-2003 large subunit ribosomal RNA gene, partial sequence
cc_rrna_kmer_001333|28S	OR266361.1	1743397	N/A	100.000	31	0	0	1	31	995	965	Isospora sp. isolate 28S_Seq25 large subunit ribosomal RNA gene, partial sequence
cc_rrna_kmer_001333|28S	AY283852.1	241650	N/A	100.000	31	0	0	1	31	1234	1204	Atoxoplasma sp. MS-2003 large subunit ribosomal RNA gene, partial sequence
cc_rrna_kmer_001333|28S	OR266363.1	1743397	N/A	100.000	31	0	0	1	31	752	722	Isospora sp. isolate 28S_Seq27 large subunit ribosomal RNA gene, partial sequence
cc_rrna_kmer_001333|28S	OR266356.1	1743397	N/A	100.000	31	0	0	1	31	514	484	Isospora sp. isolate 28S_Seq20 large subunit ribosomal RNA gene, partial sequence
cc_rrna_kmer_001333|28S	OA985030.1	2823478	N/A	100.000	31	0	0	1	31	678	648	Isospora sp. Pr1 partial 28S rRNA gene
cc_rrna_kmer_001333|28S	AY283854.1	241650	N/A	100.000	31	0	0	1	31	1237	1207	Atoxoplasma sp. MS-2003 large subunit ribosomal RNA gene, partial sequence
cc_rrna_kmer_001333|28S	AY283841.1	241650	N/A	100.000	31	0	0	1	31	1240	1210	Atoxoplasma sp. MS-2003 large subunit ribosomal RNA gene, partial sequence
cc_rrna_kmer_001333|28S	AY283855.1	241650	N/A	100.000	31	0	0	1	31	1236	1206	Atoxoplasma sp. MS-2003 large subunit ribosomal RNA gene, partial sequence
cc_rrna_kmer_001333|28S	AY283840.1	241650	N/A	100.000	31	0	0	1	31	1241	1211	Atoxoplasma sp. MS-2003 large subunit ribosomal RNA gene, partial sequence
cc_rrna_kmer_001333|28S	OA985027.1	2823473	N/A	100.000	31	0	0	1	31	681	651	Isospora sp. Sgs1 partial 28S rRNA gene
cc_rrna_kmer_001333|28S	AY283867.1	241650	N/A	100.000	31	0	0	1	31	1238	1208	Atoxoplasma sp. MS-2003 large subunit ribosomal RNA gene, partial sequence
cc_rrna_kmer_001333|28S	OR266340.1	1743397	N/A	100.000	31	0	0	1	31	456	426	Isospora sp. isolate 28S_Seq04 large subunit ribosomal RNA gene, partial sequence
cc_rrna_kmer_001333|28S	AY283870.1	241650	N/A	100.000	31	0	0	1	31	1240	1210	Atoxoplasma sp. MS-2003 large subunit ribosomal RNA gene, partial sequence
cc_rrna_kmer_001333|28S	LC193129.1	1913026	N/A	100.000	31	0	0	1	31	609	579	Isospora lunaris gene for 28S ribosomal RNA, partial sequence
cc_rrna_kmer_001333|28S	OR266338.1	1743397	N/A	100.000	31	0	0	1	31	1104	1074	Isospora sp. isolate 28S_Seq02 large subunit ribosomal RNA gene, partial sequence
cc_rrna_kmer_001333|28S	OR266354.1	1743397	N/A	100.000	31	0	0	1	31	451	421	Isospora sp. isolate 28S_Seq18 large subunit ribosomal RNA gene, partial sequence
cc_rrna_kmer_001333|28S	OR266351.1	1743397	N/A	100.000	31	0	0	1	31	470	440	Isospora sp. isolate 28S_Seq15 large subunit ribosomal RNA gene, partial sequence
cc_rrna_kmer_001333|28S	EU252544.1	88456	N/A	100.000	31	0	0	1	31	1322	1292	Cyclospora cayetanensis 28S large subunit ribosomal RNA gene, partial sequence
cc_rrna_kmer_001333|28S	AY283846.1	241650	N/A	100.000	31	0	0	1	31	1241	1211	Atoxoplasma sp. MS-2003 large subunit ribosomal RNA gene, partial sequence
cc_rrna_kmer_001333|28S	OR266342.1	1743397	N/A	100.000	31	0	0	1	31	452	422	Isospora sp. isolate 28S_Seq06 large subunit ribosomal RNA gene, partial sequence
cc_rrna_kmer_001333|28S	OA985033.1	2823480	N/A	100.000	31	0	0	1	31	682	652	Isospora sp. Hs1 partial 28S rRNA gene
cc_rrna_kmer_001333|28S	OR266353.1	1743397	N/A	100.000	31	0	0	1	31	1002	972	Isospora sp. isolate 28S_Seq17 large subunit ribosomal RNA gene, partial sequence
cc_rrna_kmer_001333|28S	OR266347.1	1743397	N/A	100.000	31	0	0	1	31	468	438	Isospora sp. isolate 28S_Seq11 large subunit ribosomal RNA gene, partial sequence
cc_rrna_kmer_001333|28S	AY283851.1	241650	N/A	100.000	31	0	0	1	31	1237	1207	Atoxoplasma sp. MS-2003 large subunit ribosomal RNA gene, partial sequence
cc_rrna_kmer_001333|28S	MW775028.1	2820073	N/A	100.000	31	0	0	1	31	1198	1168	Isospora lacazei isolate 6-Bule-peafowl large subunit ribosomal RNA gene, partial sequence
cc_rrna_kmer_001333|28S	AY283856.1	241650	N/A	100.000	31	0	0	1	31	1238	1208	Atoxoplasma sp. MS-2003 large subunit ribosomal RNA gene, partial sequence
cc_rrna_kmer_001333|28S	OR266346.1	1743397	N/A	100.000	31	0	0	1	31	468	438	Isospora sp. isolate 28S_Seq10 large subunit ribosomal RNA gene, partial sequence
cc_rrna_kmer_001334|28S	EU252544.1	88456	N/A	100.000	31	0	0	1	31	1850	1820	Cyclospora cayetanensis 28S large subunit ribosomal RNA gene, partial sequence
cc_rrna_kmer_001335|28S	XR_003297360.1	88456	N/A	100.000	31	0	0	1	31	482	452	PREDICTED: Cyclospora cayetanensis large subunit ribosomal RNA (LOC113146729), rRNA
cc_rrna_kmer_001335|28S	EU252544.1	88456	N/A	100.000	31	0	0	1	31	1227	1197	Cyclospora cayetanensis 28S large subunit ribosomal RNA gene, partial sequence
cc_rrna_kmer_001336|28S	EU252544.1	88456	N/A	100.000	31	0	0	1	31	139	169	Cyclospora cayetanensis 28S large subunit ribosomal RNA gene, partial sequence
cc_rrna_kmer_001337|28S	EU252544.1	88456	N/A	100.000	31	0	0	1	31	303	273	Cyclospora cayetanensis 28S large subunit ribosomal RNA gene, partial sequence
cc_rrna_kmer_001338|28S	AF301386.1	88456	N/A	100.000	31	0	0	1	31	1469	1499	Cyclospora cayetanensis small subunit ribosomal RNA gene, partial sequence; internal transcribed spacer 1, 5.8S ribosomal RNA gene and internal transcribed spacer 2, complete sequence; and large subunit ribosomal RNA gene, partial sequence
cc_rrna_kmer_001338|28S	EU252544.1	88456	N/A	100.000	31	0	0	1	31	8	38	Cyclospora cayetanensis 28S large subunit ribosomal RNA gene, partial sequence
cc_rrna_kmer_001338|28S	AF301391.1	88456	N/A	100.000	31	0	0	1	31	1471	1501	Cyclospora cayetanensis small subunit ribosomal RNA gene, partial sequence; internal transcribed spacer 1, 5.8S ribosomal RNA gene and internal transcribed spacer 2, complete sequence; and large subunit ribosomal RNA gene, partial sequence
cc_rrna_kmer_001339|18S	OR135740.1	35084	N/A	100.000	31	0	0	1	31	118	88	Babesia sp. clone 8.3 small subunit ribosomal RNA gene, partial sequence
cc_rrna_kmer_001339|18S	KC414111.1	88456	N/A	100.000	31	0	0	1	31	259	229	Cyclospora cayetanensis isolate 1905 18S ribosomal RNA gene, partial sequence
cc_rrna_kmer_001339|18S	OP751799.1	2304328	N/A	100.000	31	0	0	1	31	258	228	Piroplasmida sp. clone 3 small subunit ribosomal RNA gene, partial sequence
cc_rrna_kmer_001339|18S	OR127035.1	2304328	N/A	100.000	31	0	0	1	31	45	15	Piroplasmida sp. clone 215 small subunit ribosomal RNA gene, partial sequence
cc_rrna_kmer_001339|18S	KP757839.1	1685121	N/A	100.000	31	0	0	1	31	131	101	Babesia sp. DMA-2015 strain Marsupial MT 18S ribosomal RNA gene, partial sequence
cc_rrna_kmer_001339|18S	OR135733.1	35084	N/A	100.000	31	0	0	1	31	157	127	Babesia sp. clone 8.1 small subunit ribosomal RNA gene, partial sequence
cc_rrna_kmer_001339|18S	XR_003297358.1	88456	N/A	100.000	31	0	0	1	31	307	277	PREDICTED: Cyclospora cayetanensis small subunit ribosomal RNA (LOC113146722), rRNA
cc_rrna_kmer_001339|18S	OR135734.1	35084	N/A	100.000	31	0	0	1	31	165	135	Babesia sp. clone 8.5 small subunit ribosomal RNA gene, partial sequence
cc_rrna_kmer_001339|18S	OR127024.1	2304328	N/A	100.000	31	0	0	1	31	71	41	Piroplasmida sp. clone 8 small subunit ribosomal RNA gene, partial sequence
cc_rrna_kmer_001339|18S	OP751800.1	2304328	N/A	100.000	31	0	0	1	31	253	223	Piroplasmida sp. clone 4 small subunit ribosomal RNA gene, partial sequence
cc_rrna_kmer_001339|18S	OP751797.1	2304328	N/A	100.000	31	0	0	1	31	258	228	Piroplasmida sp. clone 1 small subunit ribosomal RNA gene, partial sequence
cc_rrna_kmer_001339|18S	OR127027.1	2304328	N/A	100.000	31	0	0	1	31	85	55	Piroplasmida sp. clone 65 small subunit ribosomal RNA gene, partial sequence
cc_rrna_kmer_001339|18S	OQ787671.1	35084	N/A	100.000	31	0	0	1	31	109	79	Babesia sp. clone 33 small subunit ribosomal RNA gene, partial sequence
cc_rrna_kmer_001339|18S	OR135741.1	35084	N/A	100.000	31	0	0	1	31	121	91	Babesia sp. clone 8.6 small subunit ribosomal RNA gene, partial sequence
cc_rrna_kmer_001339|18S	KC414110.1	88456	N/A	100.000	31	0	0	1	31	259	229	Cyclospora cayetanensis isolate 2304 18S ribosomal RNA gene, partial sequence
cc_rrna_kmer_001339|18S	OR127028.1	2304328	N/A	100.000	31	0	0	1	31	147	117	Piroplasmida sp. clone 82 small subunit ribosomal RNA gene, partial sequence
cc_rrna_kmer_001339|18S	OP751798.1	2304328	N/A	100.000	31	0	0	1	31	219	189	Piroplasmida sp. clone 2 small subunit ribosomal RNA gene, partial sequence
cc_rrna_kmer_001340|28S	XR_003297360.1	88456	N/A	100.000	31	0	0	1	31	1440	1410	PREDICTED: Cyclospora cayetanensis large subunit ribosomal RNA (LOC113146729), rRNA
cc_rrna_kmer_001341|28S	XR_003297360.1	88456	N/A	100.000	31	0	0	1	31	485	455	PREDICTED: Cyclospora cayetanensis large subunit ribosomal RNA (LOC113146729), rRNA
cc_rrna_kmer_001341|28S	EU252544.1	88456	N/A	100.000	31	0	0	1	31	1230	1200	Cyclospora cayetanensis 28S large subunit ribosomal RNA gene, partial sequence
cc_rrna_kmer_001342|28S	XR_003297360.1	88456	N/A	100.000	31	0	0	1	31	761	731	PREDICTED: Cyclospora cayetanensis large subunit ribosomal RNA (LOC113146729), rRNA
cc_rrna_kmer_001342|28S	EU252544.1	88456	N/A	100.000	31	0	0	1	31	1506	1476	Cyclospora cayetanensis 28S large subunit ribosomal RNA gene, partial sequence
cc_rrna_kmer_001343|28S	XR_003297360.1	88456	N/A	100.000	31	0	0	1	31	583	553	PREDICTED: Cyclospora cayetanensis large subunit ribosomal RNA (LOC113146729), rRNA
cc_rrna_kmer_001343|28S	EU252544.1	88456	N/A	100.000	31	0	0	1	31	1328	1298	Cyclospora cayetanensis 28S large subunit ribosomal RNA gene, partial sequence
cc_rrna_kmer_001344|28S	LC856987.1	1962270	N/A	100.000	31	0	0	1	31	1573	1543	Sarcocystis bertrami CA20-44_fa13 gene for 28S ribosomal RNA, partial sequence, clone: b49-3
cc_rrna_kmer_001344|28S	LC856975.1	1962270	N/A	100.000	31	0	0	1	31	1582	1552	Sarcocystis bertrami CA20-44_9 gene for 28S ribosomal RNA, partial sequence, clone: b10-1
cc_rrna_kmer_001344|28S	LC856939.1	1962270	N/A	100.000	31	0	0	1	31	1572	1542	Sarcocystis bertrami CA20-2_5 gene for 28S ribosomal RNA, partial sequence, clone: b3-5
cc_rrna_kmer_001344|28S	LC856965.1	1962270	N/A	100.000	31	0	0	1	31	1571	1541	Sarcocystis bertrami CA20-44_6 gene for 28S ribosomal RNA, partial sequence, clone: b32-4
cc_rrna_kmer_001344|28S	LC857055.1	1962270	N/A	100.000	31	0	0	1	31	1578	1548	Sarcocystis bertrami CA20-54_8 gene for 28S ribosomal RNA, partial sequence, clone: b46-3
cc_rrna_kmer_001344|28S	KT901242.1	103879	N/A	100.000	31	0	0	1	31	1581	1551	Sarcocystis sinensis isolate Bb21.27 clone 1 28S ribosomal RNA gene, partial sequence
cc_rrna_kmer_001344|28S	LC856956.1	1962270	N/A	100.000	31	0	0	1	31	1572	1542	Sarcocystis bertrami CA20-44_4 gene for 28S ribosomal RNA, partial sequence, clone: b31-3
cc_rrna_kmer_001344|28S	LC857041.1	1962270	N/A	100.000	31	0	0	1	31	1597	1567	Sarcocystis bertrami CA20-53_10 gene for 28S ribosomal RNA, partial sequence, clone: b42-6
cc_rrna_kmer_001344|28S	KT901260.1	1749070	N/A	100.000	31	0	0	1	31	1570	1540	Sarcocystis bovini isolate B4.7 clone 5 28S ribosomal RNA gene, partial sequence
cc_rrna_kmer_001344|28S	LC856936.1	1962270	N/A	100.000	31	0	0	1	31	1579	1549	Sarcocystis bertrami CA20-2_4 gene for 28S ribosomal RNA, partial sequence, clone: b27-6
cc_rrna_kmer_001344|28S	LC856979.1	1962270	N/A	100.000	31	0	0	1	31	1575	1545	Sarcocystis bertrami CA20-44_10 gene for 28S ribosomal RNA, partial sequence, clone: b34-3
cc_rrna_kmer_001344|28S	LC856980.1	1962270	N/A	100.000	31	0	0	1	31	1572	1542	Sarcocystis bertrami CA20-44_10 gene for 28S ribosomal RNA, partial sequence, clone: b34-4
cc_rrna_kmer_001344|28S	LC856967.1	1962270	N/A	100.000	31	0	0	1	31	1578	1548	Sarcocystis bertrami CA20-44_6 gene for 28S ribosomal RNA, partial sequence, clone: b32-6
cc_rrna_kmer_001344|28S	LC856943.1	1962270	N/A	100.000	31	0	0	1	31	1581	1551	Sarcocystis bertrami CA20-17_3 gene for 28S ribosomal RNA, partial sequence, clone: b4-3
cc_rrna_kmer_001344|28S	LC856921.1	1962270	N/A	100.000	31	0	0	1	31	1570	1540	Sarcocystis bertrami CA20-2_1 gene for 28S ribosomal RNA, partial sequence, clone: b1-2
cc_rrna_kmer_001344|28S	LC857061.1	1962270	N/A	100.000	31	0	0	1	31	1570	1540	Sarcocystis bertrami FR21-3_1 gene for 28S ribosomal RNA, partial sequence, clone: b24-3
cc_rrna_kmer_001344|28S	LC856992.1	1962270	N/A	100.000	31	0	0	1	31	1597	1567	Sarcocystis bertrami CA20-44_fa17 gene for 28S ribosomal RNA, partial sequence, clone: b51-4
cc_rrna_kmer_001344|28S	KT901243.1	103879	N/A	100.000	31	0	0	1	31	1576	1546	Sarcocystis sinensis isolate Bb21.27 clone 2 28S ribosomal RNA gene, partial sequence
cc_rrna_kmer_001344|28S	LC857034.1	1962270	N/A	100.000	31	0	0	1	31	1577	1547	Sarcocystis bertrami CA20-53_6 gene for 28S ribosomal RNA, partial sequence, clone: b40-5
cc_rrna_kmer_001344|28S	KT901245.1	1749069	N/A	100.000	31	0	0	1	31	1572	1542	Sarcocystis bovifelis isolate B1.13 clone 1 28S ribosomal RNA gene, partial sequence
cc_rrna_kmer_001344|28S	KT901246.1	1749069	N/A	100.000	31	0	0	1	31	1570	1540	Sarcocystis bovifelis isolate B1.13 clone 2 28S ribosomal RNA gene, partial sequence
cc_rrna_kmer_001344|28S	LC857043.1	1962270	N/A	100.000	31	0	0	1	31	1568	1538	Sarcocystis bertrami CA20-54_1 gene for 28S ribosomal RNA, partial sequence, clone: b19-5
cc_rrna_kmer_001344|28S	LC856982.1	1962270	N/A	100.000	31	0	0	1	31	1565	1535	Sarcocystis bertrami CA20-44_10 gene for 28S ribosomal RNA, partial sequence, clone: b34-6
cc_rrna_kmer_001344|28S	KT901254.1	1749069	N/A	100.000	31	0	0	1	31	1569	1539	Sarcocystis bovifelis isolate B4.5 clone 4 28S ribosomal RNA gene, partial sequence
cc_rrna_kmer_001344|28S	KU247936.1	65408	N/A	100.000	31	0	0	1	31	1578	1548	Sarcocystis buffalonis isolate Bb18.1 clone 3 28S ribosomal RNA gene, partial sequence
cc_rrna_kmer_001344|28S	KT901264.1	61649	N/A	100.000	31	0	0	1	31	1585	1555	Sarcocystis hirsuta isolate B6.3 clone 1 28S ribosomal RNA gene, partial sequence
cc_rrna_kmer_001344|28S	LC857028.1	1962270	N/A	100.000	31	0	0	1	31	1573	1543	Sarcocystis bertrami CA20-53_3 gene for 28S ribosomal RNA, partial sequence, clone: b15-4
cc_rrna_kmer_001344|28S	LC857008.1	1962270	N/A	100.000	31	0	0	1	31	1581	1551	Sarcocystis bertrami CA20-51_1 gene for 28S ribosomal RNA, partial sequence, clone: b11-5
cc_rrna_kmer_001344|28S	LC857054.1	1962270	N/A	100.000	31	0	0	1	31	1577	1547	Sarcocystis bertrami CA20-54_8 gene for 28S ribosomal RNA, partial sequence, clone: b46-1
cc_rrna_kmer_001344|28S	LC856976.1	1962270	N/A	100.000	31	0	0	1	31	1581	1551	Sarcocystis bertrami CA20-44_9 gene for 28S ribosomal RNA, partial sequence, clone: b10-4
cc_rrna_kmer_001344|28S	KT901235.1	103879	N/A	100.000	31	0	0	1	31	1575	1545	Sarcocystis sinensis isolate Bb21.26 clone 3 28S ribosomal RNA gene, partial sequence
cc_rrna_kmer_001344|28S	LC857016.1	1962270	N/A	100.000	31	0	0	1	31	1572	1542	Sarcocystis bertrami CA20-52_2 gene for 28S ribosomal RNA, partial sequence, clone: b36-6
cc_rrna_kmer_001344|28S	LC857015.1	1962270	N/A	100.000	31	0	0	1	31	1575	1545	Sarcocystis bertrami CA20-52_2 gene for 28S ribosomal RNA, partial sequence, clone: b36-2
cc_rrna_kmer_001344|28S	LC856928.1	1962270	N/A	100.000	31	0	0	1	31	1572	1542	Sarcocystis bertrami CA20-2_3 gene for 28S ribosomal RNA, partial sequence, clone: b2-1
cc_rrna_kmer_001344|28S	LC857010.1	1962270	N/A	100.000	31	0	0	1	31	1573	1543	Sarcocystis bertrami CA20-51_2 gene for 28S ribosomal RNA, partial sequence, clone: b35-2
cc_rrna_kmer_001344|28S	KT901265.1	61649	N/A	100.000	31	0	0	1	31	1591	1561	Sarcocystis hirsuta isolate B6.3 clone 2 28S ribosomal RNA gene, partial sequence
cc_rrna_kmer_001344|28S	LC856984.1	1962270	N/A	100.000	31	0	0	1	31	1572	1542	Sarcocystis bertrami CA20-44_fa7 gene for 28S ribosomal RNA, partial sequence, clone: b48-4
cc_rrna_kmer_001344|28S	KT901244.1	103879	N/A	100.000	31	0	0	1	31	1581	1551	Sarcocystis sinensis isolate Bb21.27 clone 3 28S ribosomal RNA gene, partial sequence
cc_rrna_kmer_001344|28S	LC856999.1	1962270	N/A	100.000	31	0	0	1	31	1563	1533	Sarcocystis bertrami CA20-44_be23 gene for 28S ribosomal RNA, partial sequence, clone: b55-2
cc_rrna_kmer_001344|28S	OM971687.1	2925352	N/A	100.000	31	0	0	1	31	1608	1578	Sarcocystis asinus isolate YDDSa5 large subunit ribosomal RNA gene, partial sequence
cc_rrna_kmer_001344|28S	KT901236.1	103879	N/A	100.000	31	0	0	1	31	1575	1545	Sarcocystis sinensis isolate Bb21.26 clone 4 28S ribosomal RNA gene, partial sequence
cc_rrna_kmer_001344|28S	LC857040.1	1962270	N/A	100.000	31	0	0	1	31	1581	1551	Sarcocystis bertrami CA20-53_10 gene for 28S ribosomal RNA, partial sequence, clone: b42-4
cc_rrna_kmer_001344|28S	LC856977.1	1962270	N/A	100.000	31	0	0	1	31	1570	1540	Sarcocystis bertrami CA20-44_10 gene for 28S ribosomal RNA, partial sequence, clone: b34-1
cc_rrna_kmer_001344|28S	KT901233.1	103879	N/A	100.000	31	0	0	1	31	1575	1545	Sarcocystis sinensis isolate Bb21.26 clone 1 28S ribosomal RNA gene, partial sequence
cc_rrna_kmer_001344|28S	LC856971.1	1962270	N/A	100.000	31	0	0	1	31	1576	1546	Sarcocystis bertrami CA20-44_7 gene for 28S ribosomal RNA, partial sequence, clone: b9-4
cc_rrna_kmer_001344|28S	LC857057.1	1962270	N/A	100.000	31	0	0	1	31	1575	1545	Sarcocystis bertrami CA20-54_10 gene for 28S ribosomal RNA, partial sequence, clone: b47-7
cc_rrna_kmer_001344|28S	KU247935.1	65408	N/A	100.000	31	0	0	1	31	1584	1554	Sarcocystis buffalonis isolate Bb18.1 clone 2 28S ribosomal RNA gene, partial sequence
cc_rrna_kmer_001344|28S	KT901247.1	1749069	N/A	100.000	31	0	0	1	31	1575	1545	Sarcocystis bovifelis isolate B1.13 clone 3 28S ribosomal RNA gene, partial sequence
cc_rrna_kmer_001344|28S	LC856950.1	1962270	N/A	100.000	31	0	0	1	31	1585	1555	Sarcocystis bertrami CA20-17_5 gene for 28S ribosomal RNA, partial sequence, clone: b5-6
cc_rrna_kmer_001344|28S	LC856931.1	1962270	N/A	100.000	31	0	0	1	31	1572	1542	Sarcocystis bertrami CA20-2_3 gene for 28S ribosomal RNA, partial sequence, clone: b2-6
cc_rrna_kmer_001344|28S	LC857060.1	1962270	N/A	100.000	31	0	0	1	31	1580	1550	Sarcocystis bertrami FR21-3_1 gene for 28S ribosomal RNA, partial sequence, clone: b24-2
cc_rrna_kmer_001344|28S	XR_003297360.1	88456	N/A	100.000	31	0	0	1	31	812	782	PREDICTED: Cyclospora cayetanensis large subunit ribosomal RNA (LOC113146729), rRNA
cc_rrna_kmer_001344|28S	KT901255.1	1749069	N/A	100.000	31	0	0	1	31	1569	1539	Sarcocystis bovifelis isolate B4.5 clone 5 28S ribosomal RNA gene, partial sequence
cc_rrna_kmer_001344|28S	LC856933.1	1962270	N/A	100.000	31	0	0	1	31	1575	1545	Sarcocystis bertrami CA20-2_4 gene for 28S ribosomal RNA, partial sequence, clone: b27-3
cc_rrna_kmer_001344|28S	LC857031.1	1962270	N/A	100.000	31	0	0	1	31	1570	1540	Sarcocystis bertrami CA20-53_5 gene for 28S ribosomal RNA, partial sequence, clone: b16-1
cc_rrna_kmer_001344|28S	LC856949.1	1962270	N/A	100.000	31	0	0	1	31	1572	1542	Sarcocystis bertrami CA20-17_5 gene for 28S ribosomal RNA, partial sequence, clone: b5-5
cc_rrna_kmer_001344|28S	LC857026.1	1962270	N/A	100.000	31	0	0	1	31	1578	1548	Sarcocystis bertrami CA20-53_2 gene for 28S ribosomal RNA, partial sequence, clone: b38-5
cc_rrna_kmer_001344|28S	LC857005.1	1962270	N/A	100.000	31	0	0	1	31	1577	1547	Sarcocystis bertrami CA20-44_be29 gene for 28S ribosomal RNA, partial sequence, clone: b58-2
cc_rrna_kmer_001344|28S	LC856966.1	1962270	N/A	100.000	31	0	0	1	31	1580	1550	Sarcocystis bertrami CA20-44_6 gene for 28S ribosomal RNA, partial sequence, clone: b32-5
cc_rrna_kmer_001344|28S	LC857039.1	1962270	N/A	100.000	31	0	0	1	31	1581	1551	Sarcocystis bertrami CA20-53_10 gene for 28S ribosomal RNA, partial sequence, clone: b42-1
cc_rrna_kmer_001344|28S	OM971684.1	2925352	N/A	100.000	31	0	0	1	31	1609	1579	Sarcocystis asinus isolate YDDSa2 large subunit ribosomal RNA gene, partial sequence
cc_rrna_kmer_001344|28S	LC856925.1	1962270	N/A	100.000	31	0	0	1	31	1577	1547	Sarcocystis bertrami CA20-2_2 gene for 28S ribosomal RNA, partial sequence, clone: b26-3
cc_rrna_kmer_001344|28S	LC857045.1	1962270	N/A	100.000	31	0	0	1	31	1590	1560	Sarcocystis bertrami CA20-54_2 gene for 28S ribosomal RNA, partial sequence, clone: b43-3
cc_rrna_kmer_001344|28S	LC856953.1	1962270	N/A	100.000	31	0	0	1	31	1575	1545	Sarcocystis bertrami CA20-44_2 gene for 28S ribosomal RNA, partial sequence, clone: b30-4
cc_rrna_kmer_001344|28S	MH793420.1	65408	N/A	100.000	31	0	0	1	31	1584	1554	Sarcocystis buffalonis clone SB28S3 large subunit ribosomal RNA gene, partial sequence
cc_rrna_kmer_001344|28S	KT901263.1	1749070	N/A	100.000	31	0	0	1	31	1566	1536	Sarcocystis bovini isolate B7.2 clone 2 28S ribosomal RNA gene, partial sequence
cc_rrna_kmer_001344|28S	LC856929.1	1962270	N/A	100.000	31	0	0	1	31	1578	1548	Sarcocystis bertrami CA20-2_3 gene for 28S ribosomal RNA, partial sequence, clone: b2-3
cc_rrna_kmer_001344|28S	LC857000.1	1962270	N/A	100.000	31	0	0	1	31	1583	1553	Sarcocystis bertrami CA20-44_be23 gene for 28S ribosomal RNA, partial sequence, clone: b55-3
cc_rrna_kmer_001344|28S	KT901257.1	1749070	N/A	100.000	31	0	0	1	31	1571	1541	Sarcocystis bovini isolate B4.7 clone 2 28S ribosomal RNA gene, partial sequence
cc_rrna_kmer_001344|28S	MH793419.1	65408	N/A	100.000	31	0	0	1	31	1584	1554	Sarcocystis buffalonis clone SB28S2 large subunit ribosomal RNA gene, partial sequence
cc_rrna_kmer_001344|28S	LC856935.1	1962270	N/A	100.000	31	0	0	1	31	1578	1548	Sarcocystis bertrami CA20-2_4 gene for 28S ribosomal RNA, partial sequence, clone: b27-5
cc_rrna_kmer_001344|28S	KT901256.1	1749070	N/A	100.000	31	0	0	1	31	1570	1540	Sarcocystis bovini isolate B4.7 clone 1 28S ribosomal RNA gene, partial sequence
cc_rrna_kmer_001344|28S	LC856941.1	1962270	N/A	100.000	31	0	0	1	31	1577	1547	Sarcocystis bertrami CA20-17_2 gene for 28S ribosomal RNA, partial sequence, clone: b28-2
cc_rrna_kmer_001344|28S	LC856974.1	1962270	N/A	100.000	31	0	0	1	31	1573	1543	Sarcocystis bertrami CA20-44_8 gene for 28S ribosomal RNA, partial sequence, clone: b33-3
cc_rrna_kmer_001344|28S	MT707286.1	61649	N/A	100.000	31	0	0	1	31	1586	1556	Sarcocystis hirsuta isolate AR24 large subunit ribosomal RNA gene, partial sequence
cc_rrna_kmer_001344|28S	MH793418.1	65408	N/A	100.000	31	0	0	1	31	1584	1554	Sarcocystis buffalonis clone SB28S1 large subunit ribosomal RNA gene, partial sequence
cc_rrna_kmer_001344|28S	KT901237.1	103879	N/A	100.000	31	0	0	1	31	1573	1543	Sarcocystis sinensis isolate Bb21.26 clone 5 28S ribosomal RNA gene, partial sequence
cc_rrna_kmer_001344|28S	LC856988.1	1962270	N/A	100.000	31	0	0	1	31	1581	1551	Sarcocystis bertrami CA20-44_fa14 gene for 28S ribosomal RNA, partial sequence, clone: b50-1
cc_rrna_kmer_001344|28S	LC856924.1	1962270	N/A	100.000	31	0	0	1	31	1570	1540	Sarcocystis bertrami CA20-2_2 gene for 28S ribosomal RNA, partial sequence, clone: b26-2
cc_rrna_kmer_001344|28S	KU247934.1	65408	N/A	100.000	31	0	0	1	31	1584	1554	Sarcocystis buffalonis isolate Bb18.1 clone 1 28S ribosomal RNA gene, partial sequence
cc_rrna_kmer_001344|28S	LC857059.1	1962270	N/A	100.000	31	0	0	1	31	1569	1539	Sarcocystis bertrami FR21-3_1 gene for 28S ribosomal RNA, partial sequence, clone: b24-1
cc_rrna_kmer_001344|28S	LC856940.1	1962270	N/A	100.000	31	0	0	1	31	1572	1542	Sarcocystis bertrami CA20-2_5 gene for 28S ribosomal RNA, partial sequence, clone: b3-6
cc_rrna_kmer_001344|28S	KT901238.1	103879	N/A	100.000	31	0	0	1	31	1585	1555	Sarcocystis sinensis isolate Bb21.26 clone 6 28S ribosomal RNA gene, partial sequence
cc_rrna_kmer_001344|28S	MT707476.1	61649	N/A	100.000	31	0	0	1	31	1586	1556	Sarcocystis hirsuta isolate AR26 large subunit ribosomal RNA gene, partial sequence
cc_rrna_kmer_001344|28S	LC856968.1	1962270	N/A	100.000	31	0	0	1	31	1570	1540	Sarcocystis bertrami CA20-44_7 gene for 28S ribosomal RNA, partial sequence, clone: b9-1
cc_rrna_kmer_001344|28S	EU252544.1	88456	N/A	100.000	31	0	0	1	31	1557	1527	Cyclospora cayetanensis 28S large subunit ribosomal RNA gene, partial sequence
cc_rrna_kmer_001344|28S	LC856998.1	1962270	N/A	100.000	31	0	0	1	31	1573	1543	Sarcocystis bertrami CA20-44_be23 gene for 28S ribosomal RNA, partial sequence, clone: b55-1
cc_rrna_kmer_001344|28S	LC856922.1	1962270	N/A	100.000	31	0	0	1	31	1570	1540	Sarcocystis bertrami CA20-2_1 gene for 28S ribosomal RNA, partial sequence, clone: b1-4
cc_rrna_kmer_001344|28S	KT901234.1	103879	N/A	100.000	31	0	0	1	31	1576	1546	Sarcocystis sinensis isolate Bb21.26 clone 2 28S ribosomal RNA gene, partial sequence
cc_rrna_kmer_001344|28S	KT901258.1	1749070	N/A	100.000	31	0	0	1	31	1573	1543	Sarcocystis bovini isolate B4.7 clone 3 28S ribosomal RNA gene, partial sequence
cc_rrna_kmer_001344|28S	LC856996.1	1962270	N/A	100.000	31	0	0	1	31	1575	1545	Sarcocystis bertrami CA20-44_be15 gene for 28S ribosomal RNA, partial sequence, clone: b53-3
cc_rrna_kmer_001344|28S	KT901252.1	1749069	N/A	100.000	31	0	0	1	31	1568	1538	Sarcocystis bovifelis isolate B4.5 clone 2 28S ribosomal RNA gene, partial sequence
cc_rrna_kmer_001344|28S	KT901251.1	1749069	N/A	100.000	31	0	0	1	31	1572	1542	Sarcocystis bovifelis isolate B4.5 clone 1 28S ribosomal RNA gene, partial sequence
cc_rrna_kmer_001344|28S	KT901240.1	103879	N/A	100.000	31	0	0	1	31	1575	1545	Sarcocystis sinensis isolate Bb21.26 clone 8 28S ribosomal RNA gene, partial sequence
cc_rrna_kmer_001344|28S	LC856932.1	1962270	N/A	100.000	31	0	0	1	31	1573	1543	Sarcocystis bertrami CA20-2_4 gene for 28S ribosomal RNA, partial sequence, clone: b27-2
cc_rrna_kmer_001344|28S	KT901261.1	1749070	N/A	100.000	31	0	0	1	31	1563	1533	Sarcocystis bovini isolate B4.7 clone 6 28S ribosomal RNA gene, partial sequence
cc_rrna_kmer_001344|28S	KT901262.1	1749070	N/A	100.000	31	0	0	1	31	1566	1536	Sarcocystis bovini isolate B7.2 clone 1 28S ribosomal RNA gene, partial sequence
cc_rrna_kmer_001344|28S	LC856981.1	1962270	N/A	100.000	31	0	0	1	31	1575	1545	Sarcocystis bertrami CA20-44_10 gene for 28S ribosomal RNA, partial sequence, clone: b34-5
cc_rrna_kmer_001344|28S	LC857052.1	1962270	N/A	100.000	31	0	0	1	31	1578	1548	Sarcocystis bertrami CA20-54_7 gene for 28S ribosomal RNA, partial sequence, clone: b22-4
cc_rrna_kmer_001344|28S	LC857009.1	1962270	N/A	100.000	31	0	0	1	31	1579	1549	Sarcocystis bertrami CA20-51_2 gene for 28S ribosomal RNA, partial sequence, clone: b35-1
cc_rrna_kmer_001344|28S	OM971683.1	2925352	N/A	100.000	31	0	0	1	31	1605	1575	Sarcocystis asinus isolate YDDSa1 large subunit ribosomal RNA gene, partial sequence
cc_rrna_kmer_001344|28S	LC856952.1	1962270	N/A	100.000	31	0	0	1	31	1575	1545	Sarcocystis bertrami CA20-44_2 gene for 28S ribosomal RNA, partial sequence, clone: b30-3
cc_rrna_kmer_001346|28S	XR_003297360.1	88456	N/A	100.000	31	0	0	1	31	778	748	PREDICTED: Cyclospora cayetanensis large subunit ribosomal RNA (LOC113146729), rRNA
cc_rrna_kmer_001346|28S	EU252544.1	88456	N/A	100.000	31	0	0	1	31	1523	1493	Cyclospora cayetanensis 28S large subunit ribosomal RNA gene, partial sequence
cc_rrna_kmer_001347|18S	AF111183.1	88456	N/A	100.000	31	0	0	1	31	1715	1685	Cyclospora cayetanensis 18S ribosomal RNA gene, complete sequence
cc_rrna_kmer_001347|18S	XR_003297358.1	88456	N/A	100.000	31	0	0	1	31	1715	1685	PREDICTED: Cyclospora cayetanensis small subunit ribosomal RNA (LOC113146722), rRNA
cc_rrna_kmer_001347|18S	KX618190.1	88456	N/A	100.000	31	0	0	1	31	1715	1685	Cyclospora cayetanensis 18S small subunit ribosomal RNA gene, partial sequence
cc_rrna_kmer_001349|28S	XR_003297360.1	88456	N/A	100.000	31	0	0	1	31	1171	1201	PREDICTED: Cyclospora cayetanensis large subunit ribosomal RNA (LOC113146729), rRNA
cc_rrna_kmer_001350|28S	EU252544.1	88456	N/A	100.000	31	0	0	1	31	719	689	Cyclospora cayetanensis 28S large subunit ribosomal RNA gene, partial sequence
cc_rrna_kmer_001351|28S	EU252544.1	88456	N/A	100.000	31	0	0	1	31	615	585	Cyclospora cayetanensis 28S large subunit ribosomal RNA gene, partial sequence
cc_rrna_kmer_001352|28S	LC856927.1	1962270	N/A	100.000	31	0	0	1	31	1379	1349	Sarcocystis bertrami CA20-2_2 gene for 28S ribosomal RNA, partial sequence, clone: b26-6
cc_rrna_kmer_001352|28S	XR_003297360.1	88456	N/A	100.000	31	0	0	1	31	611	581	PREDICTED: Cyclospora cayetanensis large subunit ribosomal RNA (LOC113146729), rRNA
cc_rrna_kmer_001352|28S	LC857022.1	1962270	N/A	100.000	31	0	0	1	31	1382	1352	Sarcocystis bertrami CA20-53_1 gene for 28S ribosomal RNA, partial sequence, clone: b14-6
cc_rrna_kmer_001353|28S	EU252544.1	88456	N/A	100.000	31	0	0	1	31	170	200	Cyclospora cayetanensis 28S large subunit ribosomal RNA gene, partial sequence
cc_rrna_kmer_001354|28S	EU252544.1	88456	N/A	100.000	31	0	0	1	31	175	145	Cyclospora cayetanensis 28S large subunit ribosomal RNA gene, partial sequence
cc_rrna_kmer_001357|28S	EU252544.1	88456	N/A	100.000	31	0	0	1	31	677	647	Cyclospora cayetanensis 28S large subunit ribosomal RNA gene, partial sequence
cc_rrna_kmer_001358|28S	XR_011771226.1	125765	N/A	100.000	31	0	0	1	31	1029	1059	PREDICTED: Rutidosis leptorrhynchoides 28S ribosomal RNA (LOC139880400), rRNA
cc_rrna_kmer_001358|28S	AP038851.1	142759	N/A	100.000	31	0	0	1	31	5077829	5077799	Solanum cheesmaniae LA0166 DNA, chromosome 2, nearly complete sequence
cc_rrna_kmer_001358|28S	XR_003297360.1	88456	N/A	100.000	31	0	0	1	31	398	428	PREDICTED: Cyclospora cayetanensis large subunit ribosomal RNA (LOC113146729), rRNA
cc_rrna_kmer_001358|28S	EU252544.1	88456	N/A	100.000	31	0	0	1	31	1143	1173	Cyclospora cayetanensis 28S large subunit ribosomal RNA gene, partial sequence
cc_rrna_kmer_001358|28S	OZ288544.1	669661	N/A	100.000	31	0	0	1	31	126303	126273	Cochlearia groenlandica genome assembly, chromosome: 7
cc_rrna_kmer_001359|28S	XR_003297360.1	88456	N/A	100.000	31	0	0	1	31	189	159	PREDICTED: Cyclospora cayetanensis large subunit ribosomal RNA (LOC113146729), rRNA
cc_rrna_kmer_001359|28S	EU252544.1	88456	N/A	100.000	31	0	0	1	31	934	904	Cyclospora cayetanensis 28S large subunit ribosomal RNA gene, partial sequence
cc_rrna_kmer_001360|28S	PQ742171.1	3384731	N/A	100.000	31	0	0	1	31	6341	6311	Goussia degiustii isolate EE9_EE10_II1 external transcribed spacer, partial sequence; small subunit ribosomal RNA gene, internal transcribed spacer 1, 5.8S ribosomal RNA gene, internal transcribed spacer 2, and large subunit ribosomal RNA gene, complete sequence; and external transcribed spacer, partial sequence
cc_rrna_kmer_001360|28S	XR_003297360.1	88456	N/A	100.000	31	0	0	1	31	2718	2688	PREDICTED: Cyclospora cayetanensis large subunit ribosomal RNA (LOC113146729), rRNA
cc_rrna_kmer_001361|28S	XR_003297360.1	88456	N/A	100.000	31	0	0	1	31	1212	1242	PREDICTED: Cyclospora cayetanensis large subunit ribosomal RNA (LOC113146729), rRNA
cc_rrna_kmer_001362|28S	PQ742171.1	3384731	N/A	100.000	31	0	0	1	31	6324	6294	Goussia degiustii isolate EE9_EE10_II1 external transcribed spacer, partial sequence; small subunit ribosomal RNA gene, internal transcribed spacer 1, 5.8S ribosomal RNA gene, internal transcribed spacer 2, and large subunit ribosomal RNA gene, complete sequence; and external transcribed spacer, partial sequence
cc_rrna_kmer_001362|28S	XR_003297360.1	88456	N/A	100.000	31	0	0	1	31	2701	2671	PREDICTED: Cyclospora cayetanensis large subunit ribosomal RNA (LOC113146729), rRNA
cc_rrna_kmer_001363|28S	XR_003297360.1	88456	N/A	100.000	31	0	0	1	31	95	65	PREDICTED: Cyclospora cayetanensis large subunit ribosomal RNA (LOC113146729), rRNA
cc_rrna_kmer_001363|28S	EU252544.1	88456	N/A	100.000	31	0	0	1	31	840	810	Cyclospora cayetanensis 28S large subunit ribosomal RNA gene, partial sequence
cc_rrna_kmer_001364|28S	XR_003297360.1	88456	N/A	100.000	31	0	0	1	31	89	59	PREDICTED: Cyclospora cayetanensis large subunit ribosomal RNA (LOC113146729), rRNA
cc_rrna_kmer_001364|28S	EU252544.1	88456	N/A	100.000	31	0	0	1	31	834	804	Cyclospora cayetanensis 28S large subunit ribosomal RNA gene, partial sequence
cc_rrna_kmer_001365|28S	XR_003297360.1	88456	N/A	100.000	31	0	0	1	31	104	74	PREDICTED: Cyclospora cayetanensis large subunit ribosomal RNA (LOC113146729), rRNA
cc_rrna_kmer_001365|28S	EU252544.1	88456	N/A	100.000	31	0	0	1	31	849	819	Cyclospora cayetanensis 28S large subunit ribosomal RNA gene, partial sequence
cc_rrna_kmer_001366|28S	EU252544.1	88456	N/A	100.000	31	0	0	1	31	739	769	Cyclospora cayetanensis 28S large subunit ribosomal RNA gene, partial sequence
cc_rrna_kmer_001367|28S	XR_003297360.1	88456	N/A	100.000	31	0	0	1	31	1489	1459	PREDICTED: Cyclospora cayetanensis large subunit ribosomal RNA (LOC113146729), rRNA
cc_rrna_kmer_001368|28S	XR_003297360.1	88456	N/A	100.000	31	0	0	1	31	1165	1135	PREDICTED: Cyclospora cayetanensis large subunit ribosomal RNA (LOC113146729), rRNA
cc_rrna_kmer_001368|28S	EU252544.1	88456	N/A	100.000	31	0	0	1	31	1910	1880	Cyclospora cayetanensis 28S large subunit ribosomal RNA gene, partial sequence
cc_rrna_kmer_001369|28S	XR_003297360.1	88456	N/A	100.000	31	0	0	1	31	161	191	PREDICTED: Cyclospora cayetanensis large subunit ribosomal RNA (LOC113146729), rRNA
cc_rrna_kmer_001369|28S	EU252544.1	88456	N/A	100.000	31	0	0	1	31	906	936	Cyclospora cayetanensis 28S large subunit ribosomal RNA gene, partial sequence
cc_rrna_kmer_001371|28S	EU252544.1	88456	N/A	100.000	31	0	0	1	31	1861	1831	Cyclospora cayetanensis 28S large subunit ribosomal RNA gene, partial sequence
cc_rrna_kmer_001372|28S	XR_003297360.1	88456	N/A	100.000	31	0	0	1	31	989	959	PREDICTED: Cyclospora cayetanensis large subunit ribosomal RNA (LOC113146729), rRNA
cc_rrna_kmer_001373|28S	XR_003297360.1	88456	N/A	100.000	31	0	0	1	31	1925	1895	PREDICTED: Cyclospora cayetanensis large subunit ribosomal RNA (LOC113146729), rRNA
cc_rrna_kmer_001374|28S	XR_003297360.1	88456	N/A	100.000	31	0	0	1	31	2664	2634	PREDICTED: Cyclospora cayetanensis large subunit ribosomal RNA (LOC113146729), rRNA
cc_rrna_kmer_001375|28S	EU252544.1	88456	N/A	100.000	31	0	0	1	31	502	472	Cyclospora cayetanensis 28S large subunit ribosomal RNA gene, partial sequence
cc_rrna_kmer_001376|28S	XR_003297360.1	88456	N/A	100.000	31	0	0	1	31	1059	1089	PREDICTED: Cyclospora cayetanensis large subunit ribosomal RNA (LOC113146729), rRNA
cc_rrna_kmer_001376|28S	EU252544.1	88456	N/A	100.000	31	0	0	1	31	1804	1834	Cyclospora cayetanensis 28S large subunit ribosomal RNA gene, partial sequence
cc_rrna_kmer_001377|28S	XR_003297360.1	88456	N/A	100.000	31	0	0	1	31	1436	1406	PREDICTED: Cyclospora cayetanensis large subunit ribosomal RNA (LOC113146729), rRNA
cc_rrna_kmer_001378|28S	XR_003297360.1	88456	N/A	100.000	31	0	0	1	31	2596	2566	PREDICTED: Cyclospora cayetanensis large subunit ribosomal RNA (LOC113146729), rRNA
cc_rrna_kmer_001379|28S	XR_003297360.1	88456	N/A	100.000	31	0	0	1	31	2517	2547	PREDICTED: Cyclospora cayetanensis large subunit ribosomal RNA (LOC113146729), rRNA
cc_rrna_kmer_001380|28S	XR_003297360.1	88456	N/A	100.000	31	0	0	1	31	456	486	PREDICTED: Cyclospora cayetanensis large subunit ribosomal RNA (LOC113146729), rRNA
cc_rrna_kmer_001380|28S	EU252544.1	88456	N/A	100.000	31	0	0	1	31	1201	1231	Cyclospora cayetanensis 28S large subunit ribosomal RNA gene, partial sequence
cc_rrna_kmer_001381|28S	AY283845.1	241650	N/A	100.000	31	0	0	1	31	1346	1376	Atoxoplasma sp. MS-2003 large subunit ribosomal RNA gene, partial sequence
cc_rrna_kmer_001381|28S	OR101126.1	3051684	N/A	100.000	31	0	0	1	31	1280	1310	Isospora elliotae isolate 20384 large subunit ribosomal RNA gene, partial sequence
cc_rrna_kmer_001381|28S	AY283863.1	241650	N/A	100.000	31	0	0	1	31	1341	1371	Atoxoplasma sp. MS-2003 large subunit ribosomal RNA gene, partial sequence
cc_rrna_kmer_001381|28S	KT224382.1	1678287	N/A	100.000	31	0	0	1	31	1290	1320	Isospora sp. RY-2015c isolate RBF large subunit ribosomal RNA gene, partial sequence
cc_rrna_kmer_001381|28S	AY283844.1	241650	N/A	100.000	31	0	0	1	31	1346	1376	Atoxoplasma sp. MS-2003 large subunit ribosomal RNA gene, partial sequence
cc_rrna_kmer_001381|28S	AY283862.1	241650	N/A	100.000	31	0	0	1	31	1345	1375	Atoxoplasma sp. MS-2003 large subunit ribosomal RNA gene, partial sequence
cc_rrna_kmer_001381|28S	OA985032.1	2823481	N/A	100.000	31	0	0	1	31	789	819	Isospora sp. Hs2 partial 28S rRNA gene
cc_rrna_kmer_001381|28S	AY283839.1	241650	N/A	100.000	31	0	0	1	31	1355	1385	Atoxoplasma sp. MS-2003 large subunit ribosomal RNA gene, partial sequence
cc_rrna_kmer_001381|28S	AY283858.1	241650	N/A	100.000	31	0	0	1	31	1344	1374	Atoxoplasma sp. MS-2003 large subunit ribosomal RNA gene, partial sequence
cc_rrna_kmer_001381|28S	AY283864.1	241650	N/A	100.000	31	0	0	1	31	1350	1380	Atoxoplasma sp. MS-2003 large subunit ribosomal RNA gene, partial sequence
cc_rrna_kmer_001381|28S	AY283869.1	241650	N/A	100.000	31	0	0	1	31	1352	1382	Atoxoplasma sp. MS-2003 large subunit ribosomal RNA gene, partial sequence
cc_rrna_kmer_001381|28S	AY283868.1	241650	N/A	100.000	31	0	0	1	31	1344	1374	Atoxoplasma sp. MS-2003 large subunit ribosomal RNA gene, partial sequence
cc_rrna_kmer_001381|28S	MW775029.1	2820069	N/A	100.000	31	0	0	1	31	1311	1341	Isospora mayuri isolate 7-Bule-peafowl large subunit ribosomal RNA gene, partial sequence
cc_rrna_kmer_001381|28S	AY283859.1	241650	N/A	100.000	31	0	0	1	31	1346	1376	Atoxoplasma sp. MS-2003 large subunit ribosomal RNA gene, partial sequence
cc_rrna_kmer_001381|28S	KJ634022.1	1565085	N/A	100.000	31	0	0	1	31	875	905	Isospora streperae 28S ribosomal RNA gene, partial sequence
cc_rrna_kmer_001381|28S	AY283847.1	241650	N/A	100.000	31	0	0	1	31	1346	1376	Atoxoplasma sp. MS-2003 large subunit ribosomal RNA gene, partial sequence
cc_rrna_kmer_001381|28S	OA985031.1	2823479	N/A	100.000	31	0	0	1	31	784	814	Isospora sp. Pr2 partial 28S rRNA gene
cc_rrna_kmer_001381|28S	AY283850.1	241650	N/A	100.000	31	0	0	1	31	1341	1371	Atoxoplasma sp. MS-2003 large subunit ribosomal RNA gene, partial sequence
cc_rrna_kmer_001381|28S	KY801686.1	2153390	N/A	100.000	31	0	0	1	31	1274	1304	Isospora butcherae 28S ribosomal RNA gene, partial sequence
cc_rrna_kmer_001381|28S	OQ459343.1	3028803	N/A	100.000	31	0	0	1	31	1270	1300	Eimeria briceae isolate 201909 large subunit ribosomal RNA gene, partial sequence
cc_rrna_kmer_001381|28S	AY283861.1	241650	N/A	100.000	31	0	0	1	31	1343	1373	Atoxoplasma sp. MS-2003 large subunit ribosomal RNA gene, partial sequence
cc_rrna_kmer_001381|28S	AY283843.1	241650	N/A	100.000	31	0	0	1	31	1348	1378	Atoxoplasma sp. MS-2003 large subunit ribosomal RNA gene, partial sequence
cc_rrna_kmer_001381|28S	OA985026.1	2823474	N/A	100.000	31	0	0	1	31	789	819	Isospora sp. Bclt1 partial 28S rRNA gene
cc_rrna_kmer_001381|28S	AY283866.1	241650	N/A	100.000	31	0	0	1	31	1344	1374	Atoxoplasma sp. MS-2003 large subunit ribosomal RNA gene, partial sequence
cc_rrna_kmer_001381|28S	XR_003297360.1	88456	N/A	100.000	31	0	0	1	31	685	715	PREDICTED: Cyclospora cayetanensis large subunit ribosomal RNA (LOC113146729), rRNA
cc_rrna_kmer_001381|28S	AY283848.1	241650	N/A	100.000	31	0	0	1	31	1346	1376	Atoxoplasma sp. MS-2003 large subunit ribosomal RNA gene, partial sequence
cc_rrna_kmer_001381|28S	AY283849.1	241650	N/A	100.000	31	0	0	1	31	1347	1377	Atoxoplasma sp. MS-2003 large subunit ribosomal RNA gene, partial sequence
cc_rrna_kmer_001381|28S	AY283853.1	241650	N/A	100.000	31	0	0	1	31	1345	1375	Atoxoplasma sp. MS-2003 large subunit ribosomal RNA gene, partial sequence
cc_rrna_kmer_001381|28S	OA985028.1	2823475;2823476	N/A;N/A	100.000	31	0	0	1	31	789	819	Isospora sp. Pc1 partial 28S rRNA gene
cc_rrna_kmer_001381|28S	AY283865.1	241650	N/A	100.000	31	0	0	1	31	1337	1367	Atoxoplasma sp. MS-2003 large subunit ribosomal RNA gene, partial sequence
cc_rrna_kmer_001381|28S	AY283860.1	241650	N/A	100.000	31	0	0	1	31	1346	1376	Atoxoplasma sp. MS-2003 large subunit ribosomal RNA gene, partial sequence
cc_rrna_kmer_001381|28S	AY283857.1	241650	N/A	100.000	31	0	0	1	31	1345	1375	Atoxoplasma sp. MS-2003 large subunit ribosomal RNA gene, partial sequence
cc_rrna_kmer_001381|28S	AY283852.1	241650	N/A	100.000	31	0	0	1	31	1342	1372	Atoxoplasma sp. MS-2003 large subunit ribosomal RNA gene, partial sequence
cc_rrna_kmer_001381|28S	OA985030.1	2823478	N/A	100.000	31	0	0	1	31	786	816	Isospora sp. Pr1 partial 28S rRNA gene
cc_rrna_kmer_001381|28S	AY283854.1	241650	N/A	100.000	31	0	0	1	31	1345	1375	Atoxoplasma sp. MS-2003 large subunit ribosomal RNA gene, partial sequence
cc_rrna_kmer_001381|28S	AY283841.1	241650	N/A	100.000	31	0	0	1	31	1348	1378	Atoxoplasma sp. MS-2003 large subunit ribosomal RNA gene, partial sequence
cc_rrna_kmer_001381|28S	AY283855.1	241650	N/A	100.000	31	0	0	1	31	1344	1374	Atoxoplasma sp. MS-2003 large subunit ribosomal RNA gene, partial sequence
cc_rrna_kmer_001381|28S	MW775031.1	1469499	N/A	100.000	31	0	0	1	31	1319	1349	Eimeria hermani isolate 9-Whooper-swan large subunit ribosomal RNA gene, partial sequence
cc_rrna_kmer_001381|28S	AY283840.1	241650	N/A	100.000	31	0	0	1	31	1349	1379	Atoxoplasma sp. MS-2003 large subunit ribosomal RNA gene, partial sequence
cc_rrna_kmer_001381|28S	OA985027.1	2823473	N/A	100.000	31	0	0	1	31	789	819	Isospora sp. Sgs1 partial 28S rRNA gene
cc_rrna_kmer_001381|28S	AY283867.1	241650	N/A	100.000	31	0	0	1	31	1346	1376	Atoxoplasma sp. MS-2003 large subunit ribosomal RNA gene, partial sequence
cc_rrna_kmer_001381|28S	AY283870.1	241650	N/A	100.000	31	0	0	1	31	1348	1378	Atoxoplasma sp. MS-2003 large subunit ribosomal RNA gene, partial sequence
cc_rrna_kmer_001381|28S	OR266354.1	1743397	N/A	100.000	31	0	0	1	31	559	589	Isospora sp. isolate 28S_Seq18 large subunit ribosomal RNA gene, partial sequence
cc_rrna_kmer_001381|28S	KT726931.1	1743397	N/A	100.000	31	0	0	1	31	1347	1377	Isospora sp. 28S ribosomal RNA gene, partial sequence
cc_rrna_kmer_001381|28S	AY283846.1	241650	N/A	100.000	31	0	0	1	31	1349	1379	Atoxoplasma sp. MS-2003 large subunit ribosomal RNA gene, partial sequence
cc_rrna_kmer_001381|28S	OA985033.1	2823480	N/A	100.000	31	0	0	1	31	790	820	Isospora sp. Hs1 partial 28S rRNA gene
cc_rrna_kmer_001381|28S	AY283851.1	241650	N/A	100.000	31	0	0	1	31	1345	1375	Atoxoplasma sp. MS-2003 large subunit ribosomal RNA gene, partial sequence
cc_rrna_kmer_001381|28S	MW775028.1	2820073	N/A	100.000	31	0	0	1	31	1306	1336	Isospora lacazei isolate 6-Bule-peafowl large subunit ribosomal RNA gene, partial sequence
cc_rrna_kmer_001381|28S	AY283856.1	241650	N/A	100.000	31	0	0	1	31	1346	1376	Atoxoplasma sp. MS-2003 large subunit ribosomal RNA gene, partial sequence
cc_rrna_kmer_001382|28S	XR_003297360.1	88456	N/A	100.000	31	0	0	1	31	143	113	PREDICTED: Cyclospora cayetanensis large subunit ribosomal RNA (LOC113146729), rRNA
cc_rrna_kmer_001382|28S	EU252544.1	88456	N/A	100.000	31	0	0	1	31	888	858	Cyclospora cayetanensis 28S large subunit ribosomal RNA gene, partial sequence
cc_rrna_kmer_001383|28S	EU252544.1	88456	N/A	100.000	31	0	0	1	31	1848	1818	Cyclospora cayetanensis 28S large subunit ribosomal RNA gene, partial sequence
cc_rrna_kmer_001384|28S	EU252544.1	88456	N/A	100.000	31	0	0	1	31	527	497	Cyclospora cayetanensis 28S large subunit ribosomal RNA gene, partial sequence
cc_rrna_kmer_001385|28S	XR_003297360.1	88456	N/A	100.000	31	0	0	1	31	2567	2597	PREDICTED: Cyclospora cayetanensis large subunit ribosomal RNA (LOC113146729), rRNA
cc_rrna_kmer_001386|28S	XR_003297360.1	88456	N/A	100.000	31	0	0	1	31	2531	2561	PREDICTED: Cyclospora cayetanensis large subunit ribosomal RNA (LOC113146729), rRNA
cc_rrna_kmer_001387|28S	EU252544.1	88456	N/A	100.000	31	0	0	1	31	1858	1828	Cyclospora cayetanensis 28S large subunit ribosomal RNA gene, partial sequence
cc_rrna_kmer_001388|28S	XR_003297360.1	88456	N/A	100.000	31	0	0	1	31	190	160	PREDICTED: Cyclospora cayetanensis large subunit ribosomal RNA (LOC113146729), rRNA
cc_rrna_kmer_001388|28S	EU252544.1	88456	N/A	100.000	31	0	0	1	31	935	905	Cyclospora cayetanensis 28S large subunit ribosomal RNA gene, partial sequence
